date_time,ghi,air_temp,clearsky_ghi,clearsky_gti,cloud_opacity,gti,wind_speed_10m,is_solar,csi,gti_varh,cell_temp,temp_loss_pct,gti_net,gti_jumps,gti_def_pct,cloud_impact
2025-09-15 03:20:00-03:00,0,23,0,0,48.4,0,2.3,0,,,23.0,0.0,0.0,0,,
2025-09-15 03:25:00-03:00,0,23,0,0,45.8,0,2.3,0,,,23.0,0.0,0.0,0,,
2025-09-15 03:30:00-03:00,0,23,0,0,47.1,0,2.3,0,,,23.0,0.0,0.0,0,,
2025-09-15 03:35:00-03:00,0,23,0,0,48.4,0,2.3,0,,,23.0,0.0,0.0,0,,
2025-09-15 03:40:00-03:00,0,23,0,0,44.5,0,2.4,0,,,23.0,0.0,0.0,0,,
2025-09-15 03:45:00-03:00,0,23,0,0,44.5,0,2.4,0,,,23.0,0.0,0.0,0,,
2025-09-15 03:50:00-03:00,0,23,0,0,41.9,0,2.4,0,,0.0,23.0,0.0,0.0,0,,
2025-09-15 03:55:00-03:00,0,23,0,0,41.9,0,2.4,0,,0.0,23.0,0.0,0.0,0,,
2025-09-15 04:00:00-03:00,0,23,0,0,39.2,0,2.4,0,,0.0,23.0,0.0,0.0,0,,
2025-09-15 04:05:00-03:00,0,23,0,0,37.8,0,2.4,0,,0.0,23.0,0.0,0.0,0,,
2025-09-15 04:10:00-03:00,0,23,0,0,36.4,0,2.4,0,,0.0,23.0,0.0,0.0,0,,
2025-09-15 04:15:00-03:00,0,23,0,0,35.0,0,2.4,0,,0.0,23.0,0.0,0.0,0,,
2025-09-15 04:20:00-03:00,0,23,0,0,35.0,0,2.3,0,,0.0,23.0,0.0,0.0,0,,
2025-09-15 04:25:00-03:00,0,23,0,0,33.6,0,2.3,0,,0.0,23.0,0.0,0.0,0,,
2025-09-15 04:30:00-03:00,0,23,0,0,32.1,0,2.3,0,,0.0,23.0,0.0,0.0,0,,
2025-09-15 04:35:00-03:00,0,22,0,0,32.1,0,2.3,0,,0.0,22.0,0.0,0.0,0,,
2025-09-15 04:40:00-03:00,0,22,0,0,29.2,0,2.3,0,,0.0,22.0,0.0,0.0,0,,
2025-09-15 04:45:00-03:00,0,22,0,0,29.2,0,2.3,0,,0.0,22.0,0.0,0.0,0,,
2025-09-15 04:50:00-03:00,0,22,0,0,27.7,0,2.3,0,,0.0,22.0,0.0,0.0,0,,
2025-09-15 04:55:00-03:00,0,22,0,0,26.2,0,2.3,0,,0.0,22.0,0.0,0.0,0,,
2025-09-15 05:00:00-03:00,0,22,0,0,24.7,0,2.3,0,,0.0,22.0,0.0,0.0,0,,
2025-09-15 05:05:00-03:00,0,22,0,0,23.1,0,2.2,0,,0.0,22.0,0.0,0.0,0,,
2025-09-15 05:10:00-03:00,0,22,0,0,21.6,0,2.2,0,,0.0,22.0,0.0,0.0,0,,
2025-09-15 05:15:00-03:00,0,22,0,0,20.0,0,2.2,0,,0.0,22.0,0.0,0.0,0,,
2025-09-15 05:20:00-03:00,0,22,0,0,20.0,0,2.2,0,,0.0,22.0,0.0,0.0,0,,
2025-09-15 05:25:00-03:00,0,22,0,0,18.4,0,2.2,0,,0.0,22.0,0.0,0.0,0,,
2025-09-15 05:30:00-03:00,0,22,0,0,17.0,0,2.2,0,,0.0,22.0,0.0,0.0,0,,
2025-09-15 05:35:00-03:00,0,22,0,0,17.1,0,2.2,0,,0.0,22.0,0.0,0.0,0,,
2025-09-15 05:40:00-03:00,0,22,0,0,18.4,0,2.2,0,,0.0,22.0,0.0,0.0,0,,
2025-09-15 05:45:00-03:00,0,22,0,0,17.3,0,2.2,0,,0.0,22.0,0.0,0.0,0,,
2025-09-15 05:50:00-03:00,0,21,0,0,16.3,0,2.2,0,,0.28867513459481287,21.0,0.0,0.0,0,,
2025-09-15 05:55:00-03:00,0,21,0,0,20.4,0,2.3,0,,2.3011854652449344,21.0,0.0,0.0,0,,
2025-09-15 06:00:00-03:00,0,21,0,0,16.7,0,2.3,0,,5.201980974648606,21.0,0.0,0.0,0,,
2025-09-15 06:05:00-03:00,0,21,0,0,16.1,0,2.3,0,,8.784887160586779,21.0,0.0,0.0,0,,
2025-09-15 06:10:00-03:00,0,21,0,0,17.3,0,2.4,0,,12.922554865134998,21.0,0.0,0.0,0,,
2025-09-15 06:15:00-03:00,1,21,1,1,17.2,1,2.5,0,1.0,17.503895670289047,21.03125,0.0,1.0,0,0.0,0.0
2025-09-15 06:20:00-03:00,8,21,10,10,18.3,8,2.5,0,0.8,22.417525611571286,21.25,0.0,8.0,0,20.0,3.66
2025-09-15 06:25:00-03:00,17,21,21,21,18.8,17,2.6,1,0.8095238095238095,28.082130627964478,21.53125,0.0,17.0,0,19.047619047619047,3.580952380952381
2025-09-15 06:30:00-03:00,27,21,34,34,19.4,27,2.7,1,0.7941176470588235,34.341753895310305,21.84375,0.0,27.0,0,20.588235294117645,3.9941176470588227
2025-09-15 06:35:00-03:00,38,21,47,52,19.5,38,2.7,1,0.7307692307692307,41.19796994116005,22.1875,0.0,38.0,0,26.923076923076923,5.25
2025-09-15 06:40:00-03:00,50,21,63,69,20.4,50,2.8,1,0.7246376811594203,48.05575991081673,22.5625,0.0,50.0,0,27.536231884057973,5.6173913043478265
2025-09-15 06:45:00-03:00,62,21,79,86,21.3,63,2.9,1,0.7325581395348837,54.7387735826565,22.96875,0.0,63.0,0,26.744186046511626,5.696511627906976
2025-09-15 06:50:00-03:00,78,21,96,105,19.4,80,3.0,1,0.7619047619047619,61.11662968654623,23.5,0.0,80.0,0,23.809523809523807,4.619047619047618
2025-09-15 06:55:00-03:00,95,21,114,125,16.7,99,3.1,1,0.792,66.7225712570455,24.09375,0.0,99.0,0,20.8,3.4736000000000002
2025-09-15 07:00:00-03:00,115,21,133,145,14.0,121,3.1,1,0.8344827586206897,71.27045161023797,24.78125,0.0,121.0,0,16.551724137931036,2.317241379310345
2025-09-15 07:05:00-03:00,135,21,153,166,11.5,143,3.2,1,0.8614457831325302,74.74821372143587,25.46875,0.1875,142.731875,0,13.855421686746988,1.5933734939759037
2025-09-15 07:10:00-03:00,157,22,173,188,9.1,167,3.4,1,0.8882978723404256,76.98696269007125,27.21875,0.8875000000000001,165.517875,0,11.170212765957446,1.0164893617021276
2025-09-15 07:15:00-03:00,180,22,194,209,6.7,193,3.5,1,0.9234449760765551,78.1072979944896,28.03125,1.2125000000000001,190.659875,0,7.655502392344498,0.5129186602870813
2025-09-15 07:20:00-03:00,201,22,214,232,6.1,215,3.6,1,0.9267241379310345,77.91307316296134,28.71875,1.4875,211.801875,0,7.327586206896551,0.44698275862068954
2025-09-15 07:25:00-03:00,220,22,235,254,6.5,235,3.7,1,0.9251968503937008,76.98504380525459,29.34375,1.7375,230.916875,0,7.480314960629922,0.48622047244094496
2025-09-15 07:30:00-03:00,239,22,256,277,6.9,255,3.9,1,0.9205776173285198,75.41295403552121,29.96875,1.9875,249.93187500000002,0,7.9422382671480145,0.548014440433213
2025-09-15 07:35:00-03:00,257,22,278,299,7.3,274,4.0,1,0.9163879598662207,73.6853980025071,30.5625,2.225,267.9035,0,8.361204013377927,0.6103678929765887
2025-09-15 07:40:00-03:00,276,22,299,322,7.7,294,4.2,1,0.9130434782608695,72.0089956501648,31.1875,2.475,286.7235,0,8.695652173913043,0.6695652173913044
2025-09-15 07:45:00-03:00,295,22,320,344,8.0,313,4.3,1,0.9098837209302325,71.07118710394275,31.78125,2.7125000000000004,304.509875,0,9.011627906976743,0.7209302325581395
2025-09-15 07:50:00-03:00,313,22,342,367,8.3,333,4.4,1,0.9073569482288828,71.27725422388949,32.40625,2.9625000000000004,323.134875,0,9.264305177111716,0.7689373297002724
2025-09-15 07:55:00-03:00,332,22,363,389,8.6,352,4.6,1,0.9048843187660668,71.90207987888175,33.0,3.2,340.736,0,9.511568123393316,0.8179948586118251
2025-09-15 08:00:00-03:00,350,22,384,412,8.9,371,4.7,1,0.9004854368932039,72.78002348297106,33.59375,3.4375,358.246875,0,9.951456310679612,0.8856796116504856
2025-09-15 08:05:00-03:00,369,22,405,434,8.9,391,4.8,1,0.9009216589861752,73.71376870686846,34.21875,3.6875,376.581875,0,9.90783410138249,0.8817972350230415
2025-09-15 08:10:00-03:00,390,22,426,456,8.6,413,4.8,1,0.9057017543859649,74.65963170322105,34.90625,3.9625000000000004,396.63487499999997,0,9.429824561403509,0.8109649122807017
2025-09-15 08:15:00-03:00,410,23,447,478,8.3,435,4.9,1,0.9100418410041841,75.56013058044128,36.59375,4.6375,414.826875,0,8.99581589958159,0.746652719665272
2025-09-15 08:20:00-03:00,431,23,468,500,7.9,456,4.9,1,0.912,75.95692559243398,37.25,4.9,433.656,0,8.799999999999999,0.6951999999999999
2025-09-15 08:25:00-03:00,451,23,488,521,7.6,478,5.0,1,0.9174664107485605,75.74893738628633,37.9375,5.175000000000001,453.2635,0,8.253358925143955,0.6272552783109405
2025-09-15 08:30:00-03:00,471,23,508,543,7.3,499,5.0,1,0.9189686924493554,74.7255077945378,38.59375,5.4375,471.86687500000005,0,8.103130755064457,0.5915285451197054
2025-09-15 08:35:00-03:00,491,23,528,564,7.0,521,5.1,1,0.9237588652482269,72.94767738841078,39.28125,5.7125,491.23787500000003,0,7.624113475177305,0.5336879432624113
2025-09-15 08:40:00-03:00,512,24,548,585,6.7,542,5.1,1,0.9264957264957265,70.62893861369429,40.9375,6.375,507.4475,0,7.350427350427351,0.4924786324786325
2025-09-15 08:45:00-03:00,530,24,568,605,6.7,561,5.2,1,0.9272727272727272,68.19201943887235,41.53125,6.612500000000001,523.903875,0,7.2727272727272725,0.48727272727272725
2025-09-15 08:50:00-03:00,546,24,587,625,7.0,578,5.2,1,0.9248,65.65382123246353,42.0625,6.825,538.5515,0,7.5200000000000005,0.5264
2025-09-15 08:55:00-03:00,562,24,606,645,7.2,594,5.3,1,0.9209302325581395,62.87861080661483,42.5625,7.025,552.2715,0,7.906976744186046,0.5693023255813954
2025-09-15 09:00:00-03:00,577,25,624,665,7.5,610,5.3,1,0.9172932330827067,60.21602525050742,44.0625,7.625,563.4875,0,8.270676691729323,0.6203007518796992
2025-09-15 09:05:00-03:00,593,25,643,684,7.8,626,5.3,1,0.9152046783625731,58.09729300531578,44.5625,7.825,577.0155,0,8.47953216374269,0.6614035087719298
2025-09-15 09:10:00-03:00,607,25,660,702,8.0,642,5.3,1,0.9145299145299145,56.84448482082955,45.0625,8.025,590.4794999999999,0,8.547008547008547,0.6837606837606838
2025-09-15 09:15:00-03:00,622,25,678,721,8.2,657,5.2,1,0.9112343966712899,56.42929338132126,45.53125,8.2125,603.043875,0,8.876560332871012,0.727877947295423
2025-09-15 09:20:00-03:00,636,26,695,739,8.5,671,5.2,1,0.9079837618403248,56.60944080167965,46.96875,8.7875,612.0358749999999,0,9.201623815967523,0.7821380243572394
2025-09-15 09:25:00-03:00,649,26,712,756,8.8,685,5.1,1,0.906084656084656,56.953463193181356,47.40625,8.9625,623.606875,0,9.39153439153439,0.8264550264550264
2025-09-15 09:30:00-03:00,665,26,728,773,8.6,702,5.1,1,0.908150064683053,57.32066896773964,47.9375,9.175,637.5915,0,9.184993531694696,0.7899094437257438
2025-09-15 09:35:00-03:00,682,26,744,790,8.4,719,5.0,1,0.910126582278481,57.71061558773441,48.46875,9.387500000000001,651.503875,0,8.987341772151899,0.7549367088607595
2025-09-15 09:40:00-03:00,698,26,760,806,8.1,736,4.9,1,0.913151364764268,57.846911339459204,49.0,9.600000000000001,665.344,0,8.6848635235732,0.7034739454094293
2025-09-15 09:45:00-03:00,714,27,775,822,7.9,753,4.9,1,0.916058394160584,57.65171026925222,50.53125,10.2125,676.099875,0,8.394160583941606,0.6631386861313868
2025-09-15 09:50:00-03:00,729,27,789,838,7.6,769,4.8,1,0.9176610978520287,56.784214088926824,51.03125,10.412500000000001,688.927875,0,8.233890214797137,0.6257756563245824
2025-09-15 09:55:00-03:00,744,27,804,853,7.4,785,4.8,1,0.9202813599062134,55.299939722692656,51.53125,10.6125,701.691875,0,7.971864009378664,0.5899179366940213
2025-09-15 10:00:00-03:00,759,27,818,867,7.1,801,4.7,1,0.9238754325259516,53.085408598415405,52.03125,10.8125,714.391875,0,7.612456747404845,0.5404844290657439
2025-09-15 10:05:00-03:00,773,28,831,881,7.0,815,4.6,1,0.9250851305334846,50.575775732154646,53.46875,11.387500000000001,722.1918750000001,0,7.491486946651532,0.5244040862656072
2025-09-15 10:10:00-03:00,784,28,843,894,7.0,828,4.5,1,0.9261744966442953,47.930742333143264,53.875,11.55,732.366,0,7.38255033557047,0.5167785234899329
2025-09-15 10:15:00-03:00,796,28,856,907,7.0,839,4.4,1,0.9250275633958104,45.31999023777063,54.21875,11.6875,740.941875,0,7.497243660418963,0.5248070562293274
2025-09-15 10:20:00-03:00,807,28,867,919,7.0,851,4.3,1,0.926006528835691,42.80071862891587,54.59375,11.8375,750.262875,0,7.399347116430903,0.5179542981501633
2025-09-15 10:25:00-03:00,817,28,879,931,7.0,862,4.2,1,0.9258861439312567,40.27283842928911,54.9375,11.975000000000001,758.7755,0,7.411385606874328,0.5187969924812029
2025-09-15 10:30:00-03:00,827,29,889,943,7.0,872,4.1,1,0.9247083775185578,37.946034248016275,56.25,12.5,763.0,0,7.529162248144221,0.5270413573700955
2025-09-15 10:35:00-03:00,837,29,900,953,7.0,882,4.0,1,0.925498426023085,36.04153748444331,56.5625,12.625,770.6475,0,7.450157397691501,0.5215110178384051
2025-09-15 10:40:00-03:00,846,29,910,964,7.0,892,3.9,1,0.9253112033195021,34.16393189350941,56.875,12.75,778.2700000000001,0,7.468879668049793,0.5228215767634855
2025-09-15 10:45:00-03:00,855,29,919,973,7.0,901,3.8,1,0.9260020554984584,32.33864373760879,57.15625,12.8625,785.108875,0,7.399794450154163,0.5179856115107914
2025-09-15 10:50:00-03:00,863,29,928,982,7.0,909,3.7,1,0.9256619144602851,30.13706064370792,57.40625,12.9625,791.170875,0,7.433808553971486,0.5203665987780041
2025-09-15 10:55:00-03:00,870,29,936,991,7.0,917,3.6,1,0.9253279515640767,28.02096076911614,57.65625,13.0625,797.216875,0,7.467204843592332,0.5227043390514632
2025-09-15 11:00:00-03:00,878,30,944,999,7.0,925,3.5,1,0.9259259259259259,25.868402394124473,58.90625,13.5625,799.546875,0,7.4074074074074066,0.5185185185185185
2025-09-15 11:05:00-03:00,884,30,951,1007,7.0,931,3.4,1,0.9245283018867925,23.54621503393578,59.09375,13.637500000000001,804.0348749999999,0,7.547169811320755,0.5283018867924528
2025-09-15 11:10:00-03:00,889,30,957,1013,7.1,937,3.3,1,0.9249753208292202,21.216774381409053,59.28125,13.7125,808.5138750000001,0,7.502467917077986,0.532675222112537
2025-09-15 11:15:00-03:00,894,30,963,1020,7.2,941,3.2,1,0.9225490196078432,18.951293231640282,59.40625,13.762500000000001,811.494875,0,7.745098039215686,0.5576470588235294
2025-09-15 11:20:00-03:00,898,30,969,1025,7.3,946,3.1,1,0.9229268292682927,16.761020797729397,59.5625,13.825000000000001,815.2155,0,7.7073170731707314,0.5626341463414634
2025-09-15 11:25:00-03:00,902,30,974,1031,7.4,950,3.0,1,0.9214354995150339,14.519318374521069,59.6875,13.875,818.1875,0,7.856450048496605,0.5813773035887487
2025-09-15 11:30:00-03:00,905,30,978,1035,7.5,953,2.9,1,0.9207729468599034,12.307610358122796,59.78125,13.912500000000001,820.413875,0,7.922705314009662,0.5942028985507247
2025-09-15 11:35:00-03:00,908,31,982,1039,7.5,956,2.8,1,0.9201154956689124,10.447560248766882,60.875,14.350000000000001,818.8140000000001,0,7.988450433108758,0.5991337824831569
2025-09-15 11:40:00-03:00,910,31,985,1043,7.6,958,2.7,1,0.9185043144774688,8.42435142724919,60.9375,14.375,820.2874999999999,0,8.149568552253115,0.6193672099712367
2025-09-15 11:45:00-03:00,912,31,988,1045,7.7,960,2.7,1,0.9186602870813397,6.589707309459253,61.0,14.4,821.76,0,8.133971291866029,0.6263157894736843
2025-09-15 11:50:00-03:00,913,31,991,1048,7.8,961,2.6,1,0.9169847328244275,5.099019513602408,61.03125,14.412500000000001,822.495875,0,8.301526717557252,0.6475190839694656
2025-09-15 11:55:00-03:00,914,31,992,1050,7.9,961,2.5,1,0.9152380952380952,5.282188481265434,61.03125,14.412500000000001,822.495875,0,8.476190476190476,0.6696190476190477
2025-09-15 12:00:00-03:00,914,31,993,1051,8.0,962,2.4,1,0.9153187440532826,6.85510205923458,61.0625,14.425,823.2315,0,8.468125594671742,0.6774500475737394
2025-09-15 12:05:00-03:00,913,31,994,1051,8.2,959,2.3,1,0.9124643196955281,9.375580790095757,60.96875,14.387500000000001,821.023875,0,8.753568030447195,0.7177925784966699
2025-09-15 12:10:00-03:00,909,32,993,1051,8.5,955,2.3,1,0.9086584205518554,12.0151419618635,61.84375,14.7375,814.2568749999999,0,9.134157944814463,0.7764034253092293
2025-09-15 12:15:00-03:00,905,32,993,1050,8.8,951,2.2,1,0.9057142857142857,14.882112508893647,61.71875,14.6875,811.321875,0,9.428571428571429,0.8297142857142857
2025-09-15 12:20:00-03:00,900,32,991,1048,9.2,945,2.2,1,0.9017175572519084,17.509088549044375,61.53125,14.6125,806.9118749999999,0,9.82824427480916,0.9041984732824426
2025-09-15 12:25:00-03:00,895,32,989,1046,9.5,940,2.1,1,0.8986615678776291,20.12442357541,61.375,14.55,803.23,0,10.133843212237094,0.9627151051625239
2025-09-15 12:30:00-03:00,890,32,987,1043,9.8,933,2.1,1,0.8945349952061361,22.427492598204466,61.15625,14.4625,798.064875,0,10.546500479386385,1.0335570469798658
2025-09-15 12:35:00-03:00,884,32,984,1040,10.2,927,2.1,1,0.8913461538461539,24.27665670157549,60.96875,14.387500000000001,793.627875,0,10.865384615384615,1.1082692307692306
2025-09-15 12:40:00-03:00,877,32,980,1036,10.5,919,2.0,1,0.887065637065637,25.958445814243124,60.71875,14.287500000000001,787.6978750000001,0,11.293436293436294,1.1858108108108107
2025-09-15 12:45:00-03:00,870,32,976,1031,10.8,912,2.0,1,0.8845780795344326,27.327835736857978,60.5,14.200000000000001,782.496,0,11.54219204655674,1.2465567410281282
2025-09-15 12:50:00-03:00,863,32,971,1026,11.2,903,1.9,1,0.8801169590643275,28.452512271248363,60.21875,14.0875,775.789875,0,11.988304093567251,1.342690058479532
2025-09-15 12:55:00-03:00,855,32,966,1021,11.5,895,1.9,1,0.8765915768854065,29.653938365858636,59.96875,13.9875,769.811875,0,12.340842311459353,1.4191968658178258
2025-09-15 13:00:00-03:00,846,33,960,1015,11.8,886,1.9,1,0.8729064039408867,30.538599519397433,60.6875,14.275,759.5235,0,12.709359605911331,1.4997044334975371
2025-09-15 13:05:00-03:00,838,33,953,1008,12.1,877,1.9,1,0.8700396825396826,31.46089443718913,60.40625,14.162500000000001,752.794875,0,12.996031746031747,1.5725198412698413
2025-09-15 13:10:00-03:00,831,33,946,1000,12.2,869,1.8,1,0.869,32.33758953555095,60.15625,14.0625,746.796875,0,13.100000000000001,1.5982000000000003
2025-09-15 13:15:00-03:00,822,33,939,992,12.4,860,1.8,1,0.8669354838709677,33.352456635702836,59.875,13.950000000000001,740.0300000000001,0,13.306451612903224,1.6499999999999997
2025-09-15 13:20:00-03:00,814,33,931,984,12.6,850,1.8,1,0.8638211382113821,34.27197370765585,59.5625,13.825000000000001,732.4875000000001,0,13.617886178861788,1.7158536585365851
2025-09-15 13:25:00-03:00,805,33,922,975,12.8,841,1.8,1,0.8625641025641025,35.45419580247266,59.28125,13.7125,725.6778750000001,0,13.743589743589743,1.7591794871794872
2025-09-15 13:30:00-03:00,795,33,913,965,12.9,831,1.8,1,0.861139896373057,36.80991302583808,58.96875,13.5875,718.087875,0,13.8860103626943,1.7912953367875648
2025-09-15 13:35:00-03:00,785,33,904,955,13.1,820,1.8,1,0.8586387434554974,38.211036800031955,58.625,13.450000000000001,709.7099999999999,0,14.136125654450263,1.8518324607329846
2025-09-15 13:40:00-03:00,775,33,893,944,13.2,809,1.8,1,0.8569915254237288,40.024992192379756,58.28125,13.3125,701.301875,0,14.30084745762712,1.8877118644067798
2025-09-15 13:45:00-03:00,764,33,883,933,13.4,798,1.8,1,0.8553054662379421,42.24244598060461,57.9375,13.175,692.8634999999999,0,14.469453376205788,1.9389067524115757
2025-09-15 13:50:00-03:00,753,33,872,921,13.6,786,1.8,1,0.8534201954397395,44.92308241131037,57.5625,13.025,683.6235,0,14.65798045602606,1.993485342019544
2025-09-15 13:55:00-03:00,742,33,860,909,13.8,773,1.8,1,0.8503850385038504,47.95799930115663,57.15625,12.8625,673.572875,0,14.96149614961496,2.0646864686468644
2025-09-15 14:00:00-03:00,730,33,848,896,13.9,761,1.8,1,0.8493303571428571,50.98306314132926,56.78125,12.7125,664.257875,0,15.066964285714285,2.0943080357142856
2025-09-15 14:05:00-03:00,716,33,835,883,14.3,746,1.8,1,0.8448471121177803,53.92334626789502,56.3125,12.525,652.5635,0,15.51528878822197,2.2186862967157417
2025-09-15 14:10:00-03:00,700,33,822,869,14.9,729,1.8,1,0.8388952819332566,56.73616504701789,55.78125,12.3125,639.2418749999999,0,16.11047180667434,2.4004602991944766
2025-09-15 14:15:00-03:00,684,33,809,855,15.5,711,1.8,1,0.8315789473684211,59.41125288779049,55.21875,12.0875,625.057875,0,16.842105263157894,2.6105263157894734
2025-09-15 14:20:00-03:00,667,33,795,840,16.0,693,1.8,1,0.825,61.619556124413265,54.65625,11.8625,610.792875,0,17.5,2.8
2025-09-15 14:25:00-03:00,651,33,780,825,16.6,675,1.8,1,0.8181818181818182,63.500119303156936,54.09375,11.637500000000001,596.446875,0,18.181818181818183,3.0181818181818185
2025-09-15 14:30:00-03:00,634,33,765,809,17.2,657,1.8,1,0.8121137206427689,65.03984792557425,53.53125,11.412500000000001,582.019875,0,18.788627935723117,3.2316440049443758
2025-09-15 14:35:00-03:00,617,33,750,793,17.8,639,1.9,1,0.8058007566204287,65.66005196649196,52.96875,11.1875,567.511875,0,19.419924337957127,3.4567465321563686
2025-09-15 14:40:00-03:00,600,33,734,776,18.4,620,1.9,1,0.7989690721649485,65.84756271230934,52.375,10.950000000000001,552.11,0,20.103092783505154,3.698969072164948
2025-09-15 14:45:00-03:00,582,33,718,759,19.0,602,1.9,1,0.7931488801054019,65.71010715116945,51.8125,10.725000000000001,537.4354999999999,0,20.685111989459813,3.9301712779973643
2025-09-15 14:50:00-03:00,565,33,702,742,19.5,583,1.9,1,0.7857142857142857,65.41059130252098,51.21875,10.4875,521.8578749999999,0,21.428571428571427,4.178571428571428
2025-09-15 14:55:00-03:00,547,33,685,724,20.1,564,1.9,1,0.7790055248618785,65.10969764384333,50.625,10.25,506.19,0,22.099447513812155,4.441988950276244
2025-09-15 15:00:00-03:00,530,32,668,706,20.6,547,1.9,1,0.7747875354107648,64.8074069840783,49.09375,9.637500000000001,494.282875,0,22.521246458923514,4.639376770538244
2025-09-15 15:05:00-03:00,514,32,650,687,20.9,529,2.0,1,0.7700145560407569,64.50369968247732,48.53125,9.4125,479.207875,0,22.99854439592431,4.80669577874818
2025-09-15 15:10:00-03:00,498,32,632,668,21.3,512,2.0,1,0.7664670658682635,64.19855563370945,48.0,9.200000000000001,464.896,0,23.353293413173652,4.974251497005988
2025-09-15 15:15:00-03:00,481,32,614,649,21.6,495,2.0,1,0.7627118644067796,64.19855563370939,47.46875,8.9875,450.511875,0,23.728813559322035,5.125423728813559
2025-09-15 15:20:00-03:00,465,32,596,630,22.0,477,2.1,1,0.7571428571428571,64.48091096431412,46.90625,8.762500000000001,435.20287499999995,0,24.285714285714285,5.3428571428571425
2025-09-15 15:25:00-03:00,448,32,577,610,22.4,459,2.1,1,0.7524590163934426,65.15918735657786,46.34375,8.5375,419.812875,0,24.75409836065574,5.544918032786885
2025-09-15 15:30:00-03:00,430,32,558,590,22.8,441,2.1,1,0.747457627118644,66.19959489027312,45.78125,8.3125,404.341875,0,25.254237288135595,5.757966101694916
2025-09-15 15:35:00-03:00,413,32,538,569,23.3,423,2.1,1,0.7434094903339191,67.10795238067674,45.21875,8.0875,388.789875,0,25.65905096660808,5.978558875219683
2025-09-15 15:40:00-03:00,395,32,519,549,23.8,404,2.2,1,0.7358834244080146,67.85562882794808,44.625,7.8500000000000005,372.286,0,26.41165755919854,6.285974499089253
2025-09-15 15:45:00-03:00,376,32,499,528,24.6,384,2.2,1,0.7272727272727273,67.88018633570172,44.0,7.6000000000000005,354.816,0,27.27272727272727,6.709090909090909
2025-09-15 15:50:00-03:00,357,32,479,506,25.3,364,2.2,1,0.7193675889328063,67.3772733916775,43.375,7.3500000000000005,337.246,0,28.063241106719367,7.1
2025-09-15 15:55:00-03:00,339,32,458,485,26.1,344,2.3,1,0.709278350515464,66.39870389388453,42.75,7.1000000000000005,319.576,0,29.07216494845361,7.587835051546393
2025-09-15 16:00:00-03:00,320,32,438,463,26.9,325,2.3,1,0.7019438444924406,65.27302798107388,42.15625,6.862500000000001,302.696875,0,29.805615550755938,8.017710583153347
2025-09-15 16:05:00-03:00,303,32,417,442,27.3,307,2.3,1,0.6945701357466063,64.01911409646993,41.59375,6.6375,286.622875,0,30.542986425339368,8.338235294117647
2025-09-15 16:10:00-03:00,288,32,397,420,27.3,292,2.4,1,0.6952380952380952,62.52145086433678,41.125,6.45,273.166,0,30.476190476190478,8.32
2025-09-15 16:15:00-03:00,273,32,376,398,27.4,276,2.4,1,0.6934673366834171,61.131936304713015,40.625,6.25,258.75,0,30.65326633165829,8.398994974874372
2025-09-15 16:20:00-03:00,258,32,356,377,27.4,261,2.4,1,0.6923076923076923,59.9461248020898,40.15625,6.0625,245.176875,0,30.76923076923077,8.430769230769231
2025-09-15 16:25:00-03:00,242,32,335,355,27.7,244,2.5,1,0.6873239436619718,59.07179760873299,39.625,5.8500000000000005,229.726,0,31.26760563380282,8.66112676056338
2025-09-15 16:30:00-03:00,226,32,314,333,28.1,227,2.5,1,0.6816816816816816,58.47506591131957,39.09375,5.6375,214.202875,0,31.83183183183183,8.944744744744746
2025-09-15 16:35:00-03:00,210,32,294,311,28.5,211,2.5,1,0.6784565916398714,58.11137425824352,38.59375,5.4375,199.52687500000002,0,32.154340836012864,9.163987138263666
2025-09-15 16:40:00-03:00,194,32,273,289,28.9,194,2.6,1,0.671280276816609,57.77778749028515,38.0625,5.2250000000000005,183.8635,0,32.8719723183391,9.499999999999998
2025-09-15 16:45:00-03:00,178,32,252,267,29.3,178,2.6,1,0.6666666666666666,57.21748779080333,37.5625,5.025,169.0555,0,33.33333333333333,9.766666666666666
2025-09-15 16:50:00-03:00,163,32,232,246,29.7,162,2.6,1,0.6585365853658537,56.457278028825094,37.0625,4.825,154.1835,0,34.146341463414636,10.141463414634146
2025-09-15 16:55:00-03:00,148,32,212,225,30.1,147,2.7,1,0.6533333333333333,55.24017806567138,36.59375,4.6375,140.182875,0,34.66666666666667,10.434666666666669
2025-09-15 17:00:00-03:00,134,31,192,204,30.5,132,2.7,1,0.6470588235294118,53.81470735098846,35.125,4.05,126.654,0,35.294117647058826,10.764705882352942
2025-09-15 17:05:00-03:00,119,31,173,183,30.8,118,2.7,1,0.644808743169399,52.17300765024504,34.6875,3.875,113.42750000000001,0,35.51912568306011,10.939890710382516
2025-09-15 17:10:00-03:00,105,31,154,163,31.9,103,2.7,1,0.6319018404907976,50.28615087374223,34.21875,3.6875,99.201875,0,36.809815950920246,11.742331288343557
2025-09-15 17:15:00-03:00,91,31,135,143,33.0,89,2.7,1,0.6223776223776224,48.06781825207947,33.78125,3.5125,85.873875,0,37.76223776223776,12.461538461538462
2025-09-15 17:20:00-03:00,77,31,118,124,34.1,76,2.6,1,0.6129032258064516,45.43751953857045,33.375,3.35,73.45400000000001,0,38.70967741935484,13.2
2025-09-15 17:25:00-03:00,65,31,100,106,35.3,64,2.6,1,0.6037735849056604,42.60272789672288,33.0,3.2,61.952,0,39.62264150943396,13.986792452830187
2025-09-15 17:30:00-03:00,53,30,84,89,36.5,53,2.6,1,0.5955056179775281,39.58908251709348,31.65625,2.6625,51.588875,0,40.44943820224719,14.764044943820222
2025-09-15 17:35:00-03:00,43,30,69,73,37.7,42,2.5,1,0.5753424657534246,36.58147817481307,31.3125,2.5250000000000004,40.9395,0,42.465753424657535,16.009589041095893
2025-09-15 17:40:00-03:00,35,30,55,58,36.2,34,2.5,1,0.5862068965517241,33.34939007210769,31.0625,2.4250000000000003,33.1755,0,41.37931034482759,14.979310344827589
2025-09-15 17:45:00-03:00,27,30,42,44,34.7,27,2.5,1,0.6136363636363636,29.855586757018106,30.84375,2.3375,26.368875,0,38.63636363636363,13.406818181818183
2025-09-15 17:50:00-03:00,20,30,30,30,33.1,20,2.5,1,0.6666666666666666,26.160344729445153,30.625,2.25,19.55,0,33.33333333333333,11.033333333333333
2025-09-15 17:55:00-03:00,13,30,19,19,31.6,13,2.4,1,0.6842105263157895,22.414821936031817,30.40625,2.1625,12.718875,0,31.57894736842105,9.978947368421053
2025-09-15 18:00:00-03:00,7,29,9,9,30.0,6,2.4,0,0.6666666666666666,18.73903719915419,29.1875,1.675,5.8995,0,33.33333333333333,9.999999999999998
2025-09-15 18:05:00-03:00,1,29,1,1,29.2,1,2.4,0,1.0,15.228312945014078,29.03125,1.6125,0.983875,0,0.0,0.0
2025-09-15 18:10:00-03:00,0,29,0,0,29.2,0,2.4,0,,12.213690778139492,29.0,1.6,0.0,0,,
2025-09-15 18:15:00-03:00,0,29,0,0,29.2,0,2.4,0,,9.346446415928737,29.0,1.6,0.0,0,,
2025-09-15 18:20:00-03:00,0,29,0,0,29.2,0,2.4,0,,6.555127532661964,29.0,1.6,0.0,0,,
2025-09-15 18:25:00-03:00,0,29,0,0,29.2,0,2.4,0,,3.9619401430025696,29.0,1.6,0.0,0,,
2025-09-15 18:30:00-03:00,0,29,0,0,29.2,0,2.4,0,,1.729862492277777,29.0,1.6,0.0,0,,
2025-09-15 18:35:00-03:00,0,29,0,0,29.2,0,2.4,0,,0.28867513418796886,29.0,1.6,0.0,0,,
2025-09-15 18:40:00-03:00,0,28,0,0,29.2,0,2.4,0,,0.0,28.0,1.2000000000000002,0.0,0,,
2025-09-15 18:45:00-03:00,0,28,0,0,29.2,0,2.4,0,,0.0,28.0,1.2000000000000002,0.0,0,,
2025-09-15 18:50:00-03:00,0,28,0,0,29.2,0,2.4,0,,0.0,28.0,1.2000000000000002,0.0,0,,
2025-09-15 18:55:00-03:00,0,28,0,0,29.2,0,2.4,0,,0.0,28.0,1.2000000000000002,0.0,0,,
2025-09-15 19:00:00-03:00,0,28,0,0,29.2,0,2.4,0,,0.0,28.0,1.2000000000000002,0.0,0,,
2025-09-15 19:05:00-03:00,0,28,0,0,29.2,0,2.5,0,,0.0,28.0,1.2000000000000002,0.0,0,,
2025-09-15 19:10:00-03:00,0,28,0,0,29.2,0,2.5,0,,0.0,28.0,1.2000000000000002,0.0,0,,
2025-09-15 19:15:00-03:00,0,28,0,0,29.2,0,2.6,0,,0.0,28.0,1.2000000000000002,0.0,0,,
2025-09-15 19:20:00-03:00,0,28,0,0,29.2,0,2.7,0,,0.0,28.0,1.2000000000000002,0.0,0,,
2025-09-15 19:25:00-03:00,0,28,0,0,29.2,0,2.7,0,,0.0,28.0,1.2000000000000002,0.0,0,,
2025-09-15 19:30:00-03:00,0,28,0,0,29.2,0,2.8,0,,0.0,28.0,1.2000000000000002,0.0,0,,
2025-09-15 19:35:00-03:00,0,28,0,0,29.2,0,2.9,0,,0.0,28.0,1.2000000000000002,0.0,0,,
2025-09-15 19:40:00-03:00,0,28,0,0,29.2,0,2.9,0,,0.0,28.0,1.2000000000000002,0.0,0,,
2025-09-15 19:45:00-03:00,0,28,0,0,29.2,0,3.0,0,,0.0,28.0,1.2000000000000002,0.0,0,,
2025-09-15 19:50:00-03:00,0,28,0,0,29.2,0,3.1,0,,0.0,28.0,1.2000000000000002,0.0,0,,
2025-09-15 19:55:00-03:00,0,28,0,0,29.2,0,3.1,0,,0.0,28.0,1.2000000000000002,0.0,0,,
2025-09-15 20:00:00-03:00,0,28,0,0,29.2,0,3.2,0,,0.0,28.0,1.2000000000000002,0.0,0,,
2025-09-15 20:05:00-03:00,0,28,0,0,29.2,0,3.3,0,,0.0,28.0,1.2000000000000002,0.0,0,,
2025-09-15 20:10:00-03:00,0,28,0,0,29.2,0,3.3,0,,0.0,28.0,1.2000000000000002,0.0,0,,
2025-09-15 20:15:00-03:00,0,27,0,0,29.2,0,3.4,0,,0.0,27.0,0.8,0.0,0,,
2025-09-15 20:20:00-03:00,0,27,0,0,29.2,0,3.5,0,,0.0,27.0,0.8,0.0,0,,
2025-09-15 20:25:00-03:00,0,27,0,0,29.2,0,3.6,0,,0.0,27.0,0.8,0.0,0,,
2025-09-15 20:30:00-03:00,0,27,0,0,29.2,0,3.7,0,,0.0,27.0,0.8,0.0,0,,
2025-09-15 20:35:00-03:00,0,27,0,0,29.2,0,3.7,0,,0.0,27.0,0.8,0.0,0,,
2025-09-15 20:40:00-03:00,0,27,0,0,29.2,0,3.8,0,,0.0,27.0,0.8,0.0,0,,
2025-09-15 20:45:00-03:00,0,27,0,0,29.2,0,3.9,0,,0.0,27.0,0.8,0.0,0,,
2025-09-15 20:50:00-03:00,0,27,0,0,29.2,0,4.0,0,,0.0,27.0,0.8,0.0,0,,
2025-09-15 20:55:00-03:00,0,27,0,0,29.2,0,4.1,0,,0.0,27.0,0.8,0.0,0,,
2025-09-15 21:00:00-03:00,0,27,0,0,29.2,0,4.1,0,,0.0,27.0,0.8,0.0,0,,
2025-09-15 21:05:00-03:00,0,27,0,0,29.1,0,4.2,0,,0.0,27.0,0.8,0.0,0,,
2025-09-15 21:10:00-03:00,0,27,0,0,28.8,0,4.2,0,,0.0,27.0,0.8,0.0,0,,
2025-09-15 21:15:00-03:00,0,27,0,0,28.6,0,4.1,0,,0.0,27.0,0.8,0.0,0,,
2025-09-15 21:20:00-03:00,0,27,0,0,28.3,0,4.1,0,,0.0,27.0,0.8,0.0,0,,
2025-09-15 21:25:00-03:00,0,27,0,0,28.1,0,4.1,0,,0.0,27.0,0.8,0.0,0,,
2025-09-15 21:30:00-03:00,0,27,0,0,27.8,0,4.1,0,,0.0,27.0,0.8,0.0,0,,
2025-09-15 21:35:00-03:00,0,27,0,0,27.6,0,4.1,0,,0.0,27.0,0.8,0.0,0,,
2025-09-15 21:40:00-03:00,0,27,0,0,27.3,0,4.1,0,,0.0,27.0,0.8,0.0,0,,
2025-09-15 21:45:00-03:00,0,27,0,0,27.1,0,4.1,0,,0.0,27.0,0.8,0.0,0,,
2025-09-15 21:50:00-03:00,0,27,0,0,26.8,0,4.1,0,,0.0,27.0,0.8,0.0,0,,
2025-09-15 21:55:00-03:00,0,26,0,0,26.6,0,4.1,0,,0.0,26.0,0.4,0.0,0,,
2025-09-15 22:00:00-03:00,0,26,0,0,26.3,0,4.1,0,,0.0,26.0,0.4,0.0,0,,
2025-09-15 22:05:00-03:00,0,26,0,0,26.1,0,4.1,0,,0.0,26.0,0.4,0.0,0,,
2025-09-15 22:10:00-03:00,0,26,0,0,25.8,0,4.0,0,,0.0,26.0,0.4,0.0,0,,
2025-09-15 22:15:00-03:00,0,26,0,0,25.6,0,3.9,0,,0.0,26.0,0.4,0.0,0,,
2025-09-15 22:20:00-03:00,0,26,0,0,25.3,0,3.8,0,,0.0,26.0,0.4,0.0,0,,
2025-09-15 22:25:00-03:00,0,26,0,0,25.1,0,3.7,0,,0.0,26.0,0.4,0.0,0,,
2025-09-15 22:30:00-03:00,0,25,0,0,24.8,0,3.6,0,,0.0,25.0,0.0,0.0,0,,
2025-09-15 22:35:00-03:00,0,25,0,0,24.6,0,3.6,0,,0.0,25.0,0.0,0.0,0,,
2025-09-15 22:40:00-03:00,0,25,0,0,24.3,0,3.5,0,,0.0,25.0,0.0,0.0,0,,
2025-09-15 22:45:00-03:00,0,25,0,0,24.0,0,3.4,0,,0.0,25.0,0.0,0.0,0,,
2025-09-15 22:50:00-03:00,0,25,0,0,23.8,0,3.3,0,,0.0,25.0,0.0,0.0,0,,
2025-09-15 22:55:00-03:00,0,25,0,0,23.5,0,3.2,0,,0.0,25.0,0.0,0.0,0,,
2025-09-15 23:00:00-03:00,0,25,0,0,23.3,0,3.1,0,,0.0,25.0,0.0,0.0,0,,
2025-09-15 23:05:00-03:00,0,24,0,0,23.0,0,3.1,0,,0.0,24.0,0.0,0.0,0,,
2025-09-15 23:10:00-03:00,0,25,0,0,22.8,0,3.2,0,,0.0,25.0,0.0,0.0,0,,
2025-09-15 23:15:00-03:00,0,25,0,0,22.5,0,3.2,0,,0.0,25.0,0.0,0.0,0,,
2025-09-15 23:20:00-03:00,0,25,0,0,22.2,0,3.3,0,,0.0,25.0,0.0,0.0,0,,
2025-09-15 23:25:00-03:00,0,25,0,0,22.0,0,3.3,0,,0.0,25.0,0.0,0.0,0,,
2025-09-15 23:30:00-03:00,0,25,0,0,21.7,0,3.4,0,,0.0,25.0,0.0,0.0,0,,
2025-09-15 23:35:00-03:00,0,25,0,0,21.5,0,3.4,0,,0.0,25.0,0.0,0.0,0,,
2025-09-15 23:40:00-03:00,0,25,0,0,21.2,0,3.5,0,,0.0,25.0,0.0,0.0,0,,
2025-09-15 23:45:00-03:00,0,25,0,0,20.9,0,3.6,0,,0.0,25.0,0.0,0.0,0,,
2025-09-15 23:50:00-03:00,0,25,0,0,20.7,0,3.6,0,,0.0,25.0,0.0,0.0,0,,
2025-09-15 23:55:00-03:00,0,25,0,0,20.4,0,3.7,0,,0.0,25.0,0.0,0.0,0,,
2025-09-16 00:00:00-03:00,0,25,0,0,20.2,0,3.7,0,,0.0,25.0,0.0,0.0,0,,
2025-09-16 00:05:00-03:00,0,25,0,0,20.2,0,3.8,0,,0.0,25.0,0.0,0.0,0,,
2025-09-16 00:10:00-03:00,0,25,0,0,20.6,0,3.8,0,,0.0,25.0,0.0,0.0,0,,
2025-09-16 00:15:00-03:00,0,25,0,0,21.0,0,3.8,0,,0.0,25.0,0.0,0.0,0,,
2025-09-16 00:20:00-03:00,0,25,0,0,21.4,0,3.8,0,,0.0,25.0,0.0,0.0,0,,
2025-09-16 00:25:00-03:00,0,25,0,0,21.8,0,3.8,0,,0.0,25.0,0.0,0.0,0,,
2025-09-16 00:30:00-03:00,0,25,0,0,22.2,0,3.8,0,,0.0,25.0,0.0,0.0,0,,
2025-09-16 00:35:00-03:00,0,25,0,0,22.6,0,3.8,0,,0.0,25.0,0.0,0.0,0,,
2025-09-16 00:40:00-03:00,0,25,0,0,22.9,0,3.8,0,,0.0,25.0,0.0,0.0,0,,
2025-09-16 00:45:00-03:00,0,25,0,0,23.3,0,3.8,0,,0.0,25.0,0.0,0.0,0,,
2025-09-16 00:50:00-03:00,0,25,0,0,23.7,0,3.8,0,,0.0,25.0,0.0,0.0,0,,
2025-09-16 00:55:00-03:00,0,25,0,0,24.1,0,3.8,0,,0.0,25.0,0.0,0.0,0,,
2025-09-16 01:00:00-03:00,0,25,0,0,24.5,0,3.8,0,,0.0,25.0,0.0,0.0,0,,
2025-09-16 01:05:00-03:00,0,25,0,0,24.8,0,3.8,0,,0.0,25.0,0.0,0.0,0,,
2025-09-16 01:10:00-03:00,0,25,0,0,25.1,0,3.7,0,,0.0,25.0,0.0,0.0,0,,
2025-09-16 01:15:00-03:00,0,24,0,0,25.3,0,3.7,0,,0.0,24.0,0.0,0.0,0,,
2025-09-16 01:20:00-03:00,0,24,0,0,25.6,0,3.7,0,,0.0,24.0,0.0,0.0,0,,
2025-09-16 01:25:00-03:00,0,24,0,0,25.8,0,3.7,0,,0.0,24.0,0.0,0.0,0,,
2025-09-16 01:30:00-03:00,0,24,0,0,26.1,0,3.7,0,,0.0,24.0,0.0,0.0,0,,
2025-09-16 01:35:00-03:00,0,24,0,0,26.3,0,3.7,0,,0.0,24.0,0.0,0.0,0,,
2025-09-16 01:40:00-03:00,0,24,0,0,26.6,0,3.6,0,,0.0,24.0,0.0,0.0,0,,
2025-09-16 01:45:00-03:00,0,24,0,0,26.8,0,3.6,0,,0.0,24.0,0.0,0.0,0,,
2025-09-16 01:50:00-03:00,0,24,0,0,27.1,0,3.6,0,,0.0,24.0,0.0,0.0,0,,
2025-09-16 01:55:00-03:00,0,24,0,0,27.3,0,3.6,0,,0.0,24.0,0.0,0.0,0,,
2025-09-16 02:00:00-03:00,0,24,0,0,27.6,0,3.6,0,,0.0,24.0,0.0,0.0,0,,
2025-09-16 02:05:00-03:00,0,24,0,0,27.4,0,3.6,0,,0.0,24.0,0.0,0.0,0,,
2025-09-16 02:10:00-03:00,0,24,0,0,26.8,0,3.5,0,,0.0,24.0,0.0,0.0,0,,
2025-09-16 02:15:00-03:00,0,24,0,0,26.1,0,3.5,0,,0.0,24.0,0.0,0.0,0,,
2025-09-16 02:20:00-03:00,0,24,0,0,25.5,0,3.5,0,,0.0,24.0,0.0,0.0,0,,
2025-09-16 02:25:00-03:00,0,24,0,0,24.9,0,3.4,0,,0.0,24.0,0.0,0.0,0,,
2025-09-16 02:30:00-03:00,0,24,0,0,24.2,0,3.4,0,,0.0,24.0,0.0,0.0,0,,
2025-09-16 02:35:00-03:00,0,23,0,0,23.6,0,3.4,0,,0.0,23.0,0.0,0.0,0,,
2025-09-16 02:40:00-03:00,0,23,0,0,22.9,0,3.4,0,,0.0,23.0,0.0,0.0,0,,
2025-09-16 02:45:00-03:00,0,23,0,0,22.3,0,3.3,0,,0.0,23.0,0.0,0.0,0,,
2025-09-16 02:50:00-03:00,0,23,0,0,21.7,0,3.3,0,,0.0,23.0,0.0,0.0,0,,
2025-09-16 02:55:00-03:00,0,23,0,0,21.0,0,3.3,0,,0.0,23.0,0.0,0.0,0,,
2025-09-16 03:00:00-03:00,0,23,0,0,20.3,0,3.3,0,,0.0,23.0,0.0,0.0,0,,
2025-09-16 03:05:00-03:00,0,23,0,0,20.0,0,3.3,0,,0.0,23.0,0.0,0.0,0,,
2025-09-16 03:10:00-03:00,0,23,0,0,19.8,0,3.2,0,,0.0,23.0,0.0,0.0,0,,
2025-09-16 03:15:00-03:00,0,23,0,0,19.7,0,3.2,0,,0.0,23.0,0.0,0.0,0,,
2025-09-16 03:20:00-03:00,0,23,0,0,19.6,0,3.2,0,,0.0,23.0,0.0,0.0,0,,
2025-09-16 03:25:00-03:00,0,22,0,0,19.4,0,3.2,0,,0.0,22.0,0.0,0.0,0,,
2025-09-16 03:30:00-03:00,0,22,0,0,19.3,0,3.2,0,,0.0,22.0,0.0,0.0,0,,
2025-09-16 03:35:00-03:00,0,22,0,0,19.2,0,3.2,0,,0.0,22.0,0.0,0.0,0,,
2025-09-16 03:40:00-03:00,0,22,0,0,19.0,0,3.2,0,,0.0,22.0,0.0,0.0,0,,
2025-09-16 03:45:00-03:00,0,22,0,0,18.9,0,3.2,0,,0.0,22.0,0.0,0.0,0,,
2025-09-16 03:50:00-03:00,0,22,0,0,18.8,0,3.2,0,,0.0,22.0,0.0,0.0,0,,
2025-09-16 03:55:00-03:00,0,22,0,0,18.6,0,3.2,0,,0.0,22.0,0.0,0.0,0,,
2025-09-16 04:00:00-03:00,0,22,0,0,18.5,0,3.2,0,,0.0,22.0,0.0,0.0,0,,
2025-09-16 04:05:00-03:00,0,22,0,0,18.4,0,3.2,0,,0.0,22.0,0.0,0.0,0,,
2025-09-16 04:10:00-03:00,0,22,0,0,18.4,0,3.3,0,,0.0,22.0,0.0,0.0,0,,
2025-09-16 04:15:00-03:00,0,22,0,0,18.4,0,3.4,0,,0.0,22.0,0.0,0.0,0,,
2025-09-16 04:20:00-03:00,0,22,0,0,18.4,0,3.5,0,,0.0,22.0,0.0,0.0,0,,
2025-09-16 04:25:00-03:00,0,22,0,0,18.4,0,3.6,0,,0.0,22.0,0.0,0.0,0,,
2025-09-16 04:30:00-03:00,0,22,0,0,18.4,0,3.7,0,,0.0,22.0,0.0,0.0,0,,
2025-09-16 04:35:00-03:00,0,22,0,0,18.4,0,3.7,0,,0.0,22.0,0.0,0.0,0,,
2025-09-16 04:40:00-03:00,0,22,0,0,18.4,0,3.8,0,,0.0,22.0,0.0,0.0,0,,
2025-09-16 04:45:00-03:00,0,22,0,0,18.4,0,3.9,0,,0.0,22.0,0.0,0.0,0,,
2025-09-16 04:50:00-03:00,0,22,0,0,18.4,0,4.0,0,,0.0,22.0,0.0,0.0,0,,
2025-09-16 04:55:00-03:00,0,22,0,0,18.4,0,4.1,0,,0.0,22.0,0.0,0.0,0,,
2025-09-16 05:00:00-03:00,0,22,0,0,18.4,0,4.2,0,,0.0,22.0,0.0,0.0,0,,
2025-09-16 05:05:00-03:00,0,22,0,0,18.4,0,4.3,0,,0.0,22.0,0.0,0.0,0,,
2025-09-16 05:10:00-03:00,0,22,0,0,18.4,0,4.3,0,,0.0,22.0,0.0,0.0,0,,
2025-09-16 05:15:00-03:00,0,21,0,0,18.4,0,4.4,0,,0.0,21.0,0.0,0.0,0,,
2025-09-16 05:20:00-03:00,0,21,0,0,18.4,0,4.4,0,,0.0,21.0,0.0,0.0,0,,
2025-09-16 05:25:00-03:00,0,21,0,0,18.4,0,4.5,0,,0.0,21.0,0.0,0.0,0,,
2025-09-16 05:30:00-03:00,0,21,0,0,18.4,0,4.6,0,,0.0,21.0,0.0,0.0,0,,
2025-09-16 05:35:00-03:00,0,21,0,0,18.4,0,4.6,0,,0.0,21.0,0.0,0.0,0,,
2025-09-16 05:40:00-03:00,0,21,0,0,18.4,0,4.7,0,,0.0,21.0,0.0,0.0,0,,
2025-09-16 05:45:00-03:00,0,21,0,0,18.4,0,4.7,0,,0.0,21.0,0.0,0.0,0,,
2025-09-16 05:50:00-03:00,0,21,0,0,18.4,0,4.8,0,,0.5773502689862227,21.0,0.0,0.0,0,,
2025-09-16 05:55:00-03:00,0,21,0,0,18.4,0,4.9,0,,2.609713788975984,21.0,0.0,0.0,0,,
2025-09-16 06:00:00-03:00,0,21,0,0,18.4,0,4.9,0,,5.5507302276702095,21.0,0.0,0.0,0,,
2025-09-16 06:05:00-03:00,0,21,0,0,18.5,0,4.9,0,,9.156468155936295,21.0,0.0,0.0,0,,
2025-09-16 06:10:00-03:00,0,21,0,0,18.6,0,4.9,0,,13.300717683976984,21.0,0.0,0.0,0,,
2025-09-16 06:15:00-03:00,2,21,2,2,18.8,2,4.9,0,1.0,18.072245588355337,21.0625,0.0,2.0,0,0.0,0.0
2025-09-16 06:20:00-03:00,9,21,12,11,18.9,9,4.9,0,0.8181818181818182,23.27243134281054,21.28125,0.0,9.0,0,18.181818181818183,3.436363636363636
2025-09-16 06:25:00-03:00,18,21,23,22,19.0,18,4.9,1,0.8181818181818182,29.46325395018522,21.5625,0.0,18.0,0,18.181818181818183,3.454545454545455
2025-09-16 06:30:00-03:00,28,22,35,36,19.2,28,4.9,1,0.7777777777777778,36.209826223710174,22.875,0.0,28.0,0,22.22222222222222,4.266666666666667
2025-09-16 06:35:00-03:00,40,22,49,53,19.3,39,4.9,1,0.7358490566037735,43.508271592531386,23.21875,0.0,39.0,0,26.41509433962264,5.098113207547169
2025-09-16 06:40:00-03:00,52,22,64,70,19.4,52,4.9,1,0.7428571428571429,50.92240085748794,23.625,0.0,52.0,0,25.71428571428571,4.9885714285714275
2025-09-16 06:45:00-03:00,65,22,81,87,19.3,66,4.9,1,0.7586206896551724,58.37879181118017,24.0625,0.0,66.0,0,24.137931034482758,4.658620689655173
2025-09-16 06:50:00-03:00,82,22,98,106,16.3,85,4.8,1,0.8018867924528302,65.60626355906581,24.65625,0.0,85.0,0,19.81132075471698,3.229245283018868
2025-09-16 06:55:00-03:00,101,22,116,125,13.3,105,4.8,1,0.84,71.98674120343762,25.28125,0.1125,104.881875,0,16.0,2.128
2025-09-16 07:00:00-03:00,121,22,135,146,10.3,128,4.8,1,0.8767123287671232,77.20157597700407,26.0,0.4,127.488,0,12.32876712328767,1.2698630136986302
2025-09-16 07:05:00-03:00,143,22,155,166,7.3,152,4.9,1,0.9156626506024096,81.20606037990049,26.75,0.7000000000000001,150.936,0,8.433734939759036,0.6156626506024097
2025-09-16 07:10:00-03:00,167,22,175,188,4.1,179,5.0,1,0.9521276595744681,84.06720796211364,27.59375,1.0375,177.142875,0,4.787234042553192,0.19627659574468084
2025-09-16 07:15:00-03:00,193,22,195,209,1.0,207,5.1,1,0.9904306220095693,85.67004179178316,28.46875,1.3875000000000002,204.12787500000002,0,0.9569377990430622,0.009569377990430622
2025-09-16 07:20:00-03:00,215,22,215,231,0.2,231,5.3,1,1.0,85.93809435056075,29.21875,1.6875,227.101875,0,0.0,0.0
2025-09-16 07:25:00-03:00,236,23,236,253,0.1,253,5.4,1,1.0,85.56704796222388,30.90625,2.3625000000000003,247.022875,0,0.0,0.0
2025-09-16 07:30:00-03:00,257,23,257,275,0.0,275,5.5,1,1.0,84.46135031462336,31.59375,2.6375,267.746875,0,0.0,0.0
2025-09-16 07:35:00-03:00,278,23,278,298,0.0,298,5.6,1,1.0,83.05073294332854,32.3125,2.9250000000000003,289.2835,0,0.0,0.0
2025-09-16 07:40:00-03:00,299,23,299,320,0.0,320,5.8,1,1.0,81.52239885547624,33.0,3.2,309.76,0,0.0,0.0
2025-09-16 07:45:00-03:00,321,23,321,342,0.0,342,5.9,1,1.0,80.44586924626846,33.6875,3.475,330.1155,0,0.0,0.0
2025-09-16 07:50:00-03:00,342,23,342,365,0.0,365,6.0,1,1.0,79.97935339634107,34.40625,3.7625,351.26687499999997,0,0.0,0.0
2025-09-16 07:55:00-03:00,363,24,363,387,0.0,387,6.1,1,1.0,79.7657080568964,36.09375,4.4375,369.826875,0,0.0,0.0
2025-09-16 08:00:00-03:00,384,24,384,409,0.0,409,6.3,1,1.0,79.38871570832991,36.78125,4.7125,389.72587500000003,0,0.0,0.0
2025-09-16 08:05:00-03:00,405,24,405,431,0.0,431,6.3,1,1.0,78.87254774557897,37.46875,4.987500000000001,409.503875,0,0.0,0.0
2025-09-16 08:10:00-03:00,425,24,425,453,0.0,453,6.2,1,1.0,78.2708971031582,38.15625,5.2625,429.160875,0,0.0,0.0
2025-09-16 08:15:00-03:00,446,24,446,474,0.0,474,6.2,1,1.0,77.62902261084444,38.8125,5.525,447.81149999999997,0,0.0,0.0
2025-09-16 08:20:00-03:00,466,24,466,496,0.0,496,6.1,1,1.0,76.83492734821779,39.5,5.800000000000001,467.23199999999997,0,0.0,0.0
2025-09-16 08:25:00-03:00,486,25,486,517,0.0,517,6.0,1,1.0,75.83454877480732,41.15625,6.4625,483.588875,0,0.0,0.0
2025-09-16 08:30:00-03:00,506,25,506,538,0.0,538,6.0,1,1.0,74.18910113535928,41.8125,6.7250000000000005,501.8195,0,0.0,0.0
2025-09-16 08:35:00-03:00,526,25,526,558,0.0,558,5.9,1,1.0,71.94063208962221,42.4375,6.9750000000000005,519.0795,0,0.0,0.0
2025-09-16 08:40:00-03:00,545,25,545,579,0.0,579,5.9,1,1.0,69.2747603694322,43.09375,7.237500000000001,537.094875,0,0.0,0.0
2025-09-16 08:45:00-03:00,564,25,564,599,0.0,599,5.8,1,1.0,66.37428308121511,43.71875,7.487500000000001,554.149875,0,0.0,0.0
2025-09-16 08:50:00-03:00,582,26,583,618,0.2,617,5.8,1,0.9983818770226537,63.247469706243926,45.28125,8.1125,566.945875,0,0.16181229773462785,0.0003236245954692557
2025-09-16 08:55:00-03:00,596,26,602,638,0.9,632,5.7,1,0.9905956112852664,60.112709794083415,45.75,8.3,579.544,0,0.9404388714733543,0.00846394984326019
2025-09-16 09:00:00-03:00,610,26,620,657,1.6,646,5.6,1,0.9832572298325722,57.01647821357081,46.1875,8.475,591.2515,0,1.67427701674277,0.02678843226788432
2025-09-16 09:05:00-03:00,624,26,638,676,2.2,660,5.6,1,0.9763313609467456,54.69993906151207,46.625,8.65,602.91,0,2.366863905325444,0.05207100591715977
2025-09-16 09:10:00-03:00,638,26,655,694,2.7,674,5.6,1,0.9711815561959655,53.15179805390812,47.0625,8.825000000000001,614.5195,0,2.881844380403458,0.07780979827089338
2025-09-16 09:15:00-03:00,651,27,673,713,3.2,688,5.5,1,0.9649368863955119,52.672444063629236,48.5,9.4,623.328,0,3.506311360448808,0.11220196353436186
2025-09-16 09:20:00-03:00,664,27,690,730,3.7,701,5.5,1,0.9602739726027397,53.18321676482464,48.90625,9.5625,633.9668750000001,0,3.9726027397260277,0.14698630136986301
2025-09-16 09:25:00-03:00,676,27,706,748,4.2,714,5.5,1,0.9545454545454546,54.24265066822346,49.3125,9.725000000000001,644.5635,0,4.545454545454546,0.19090909090909094
2025-09-16 09:30:00-03:00,693,27,723,765,4.1,731,5.4,1,0.9555555555555556,55.39958155404605,49.84375,9.9375,658.3568750000001,0,4.444444444444445,0.1822222222222222
2025-09-16 09:35:00-03:00,709,27,738,781,3.9,748,5.4,1,0.9577464788732394,56.33019535817947,50.375,10.15,672.078,0,4.225352112676056,0.16478873239436617
2025-09-16 09:40:00-03:00,726,27,754,798,3.8,765,5.4,1,0.9586466165413534,57.018869816502516,50.90625,10.3625,685.7268750000001,0,4.135338345864661,0.1571428571428571
2025-09-16 09:45:00-03:00,741,28,769,813,3.6,782,5.3,1,0.9618696186961869,57.17669317496404,52.4375,10.975000000000001,696.1754999999999,0,3.8130381303813037,0.13726937269372694
2025-09-16 09:50:00-03:00,757,28,783,829,3.4,798,5.3,1,0.962605548854041,56.70711568839221,52.9375,11.175,708.8235,0,3.739445114595899,0.12714113389626056
2025-09-16 09:55:00-03:00,772,28,798,843,3.2,814,5.3,1,0.9655990510083037,55.4917411272439,53.4375,11.375,721.4075,0,3.4400948991696323,0.11008303677342823
2025-09-16 10:00:00-03:00,786,28,811,858,3.1,829,5.3,1,0.9662004662004662,53.38624269501102,53.90625,11.5625,733.146875,0,3.37995337995338,0.10477855477855477
2025-09-16 10:05:00-03:00,800,28,825,872,3.0,844,5.2,1,0.9678899082568807,51.09142132817437,54.375,11.75,744.83,0,3.211009174311927,0.0963302752293578
2025-09-16 10:10:00-03:00,812,28,837,885,3.0,857,5.1,1,0.9683615819209039,48.74858195295458,54.78125,11.912500000000001,754.9098749999999,0,3.1638418079096042,0.09491525423728814
2025-09-16 10:15:00-03:00,824,29,850,898,3.0,869,5.0,1,0.967706013363029,46.38075293075696,56.15625,12.4625,760.700875,0,3.229398663697105,0.09688195991091315
2025-09-16 10:20:00-03:00,835,29,861,910,3.0,881,4.9,1,0.9681318681318681,44.04027082733626,56.53125,12.6125,769.883875,0,3.1868131868131866,0.0956043956043956
2025-09-16 10:25:00-03:00,846,29,873,922,3.0,892,4.8,1,0.9674620390455532,41.75142893580389,56.875,12.75,778.2700000000001,0,3.2537960954446854,0.09761388286334056
2025-09-16 10:30:00-03:00,857,29,883,933,3.0,903,4.7,1,0.9678456591639871,39.699916036850645,57.21875,12.887500000000001,786.625875,0,3.215434083601286,0.09646302250803858
2025-09-16 10:35:00-03:00,867,29,894,944,3.0,914,4.6,1,0.9682203389830508,37.64024280989071,57.5625,13.025,794.9515,0,3.1779661016949152,0.09533898305084745
2025-09-16 10:40:00-03:00,876,29,904,954,3.0,924,4.5,1,0.9685534591194969,35.77994613542884,57.875,13.15,802.494,0,3.1446540880503147,0.09433962264150944
2025-09-16 10:45:00-03:00,886,30,913,964,3.0,933,4.4,1,0.9678423236514523,33.8449002469635,59.15625,13.662500000000001,805.528875,0,3.2157676348547715,0.09647302904564314
2025-09-16 10:50:00-03:00,894,30,922,973,3.0,942,4.3,1,0.9681397738951696,31.7055582546981,59.4375,13.775,812.2394999999999,0,3.1860226104830422,0.09558067831449125
2025-09-16 10:55:00-03:00,902,30,930,982,3.0,951,4.2,1,0.9684317718940937,29.52810679519965,59.71875,13.887500000000001,818.929875,0,3.1568228105906315,0.09470468431771895
2025-09-16 11:00:00-03:00,910,30,938,990,3.0,958,4.1,1,0.9676767676767677,27.17995584984676,59.9375,13.975000000000001,824.1195,0,3.2323232323232323,0.09696969696969697
2025-09-16 11:05:00-03:00,916,30,945,998,3.0,965,4.0,1,0.966933867735471,24.824688346780203,60.15625,14.0625,829.296875,0,3.306613226452906,0.09919839679358716
2025-09-16 11:10:00-03:00,922,30,952,1004,3.1,971,3.9,1,0.9671314741035857,22.528601350005864,60.34375,14.137500000000001,833.724875,0,3.286852589641434,0.10189243027888446
2025-09-16 11:15:00-03:00,927,30,958,1011,3.2,976,3.8,1,0.9653808110781404,20.195071405927525,60.5,14.200000000000001,837.408,0,3.4619188921859543,0.11078140454995054
2025-09-16 11:20:00-03:00,932,30,963,1017,3.3,981,3.8,1,0.9646017699115044,17.82235572633321,60.65625,14.262500000000001,841.084875,0,3.5398230088495577,0.1168141592920354
2025-09-16 11:25:00-03:00,936,31,968,1022,3.4,985,3.7,1,0.9637964774951077,15.482884000382239,61.78125,14.7125,840.0818750000001,0,3.6203522504892365,0.12309197651663403
2025-09-16 11:30:00-03:00,939,31,973,1027,3.5,989,3.6,1,0.9629990262901655,13.399457248151794,61.90625,14.762500000000001,842.998875,0,3.700097370983447,0.12950340798442064
2025-09-16 11:35:00-03:00,942,31,977,1031,3.5,992,3.5,1,0.962172647914646,11.381470853429711,62.0,14.8,845.184,0,3.7827352085354025,0.13239573229873908
2025-09-16 11:40:00-03:00,945,31,980,1034,3.6,994,3.5,1,0.9613152804642167,9.219133594975935,62.0625,14.825000000000001,846.6395,0,3.8684719535783367,0.13926499032882014
2025-09-16 11:45:00-03:00,947,31,983,1037,3.7,996,3.4,1,0.9604628736740598,7.221600594819948,62.125,14.850000000000001,848.0939999999999,0,3.953712632594021,0.14628736740597878
2025-09-16 11:50:00-03:00,948,31,985,1039,3.8,997,3.3,1,0.9595765158806545,6.383572667369605,62.15625,14.8625,848.820875,0,4.042348411934552,0.15360923965351295
2025-09-16 11:55:00-03:00,949,31,987,1041,3.9,998,3.2,1,0.9586935638808838,8.01702733388855,62.1875,14.875,849.5475,0,4.130643611911624,0.1610951008645533
2025-09-16 12:00:00-03:00,949,31,988,1042,4.0,999,3.1,1,0.9587332053742802,11.046389784554833,62.21875,14.887500000000001,850.273875,0,4.126679462571977,0.1650671785028791
2025-09-16 12:05:00-03:00,946,32,989,1043,4.3,995,3.1,1,0.9539789069990412,14.724490010190442,63.09375,15.2375,843.3868749999999,0,4.6021093000958775,0.19789069990412272
2025-09-16 12:10:00-03:00,940,32,988,1042,4.9,988,3.0,1,0.9481765834932822,18.679108407755596,62.875,15.15,838.318,0,5.182341650671785,0.25393474088291745
2025-09-16 12:15:00-03:00,933,32,987,1041,5.5,981,3.0,1,0.9423631123919308,22.58904937164799,62.65625,15.0625,833.2368749999999,0,5.763688760806916,0.3170028818443804
2025-09-16 12:20:00-03:00,926,32,986,1040,6.0,972,2.9,1,0.9346153846153846,26.35581127338698,62.375,14.950000000000001,826.686,0,6.538461538461539,0.39230769230769236
2025-09-16 12:25:00-03:00,919,32,984,1037,6.6,964,2.8,1,0.9296046287367405,29.779365440858804,62.125,14.850000000000001,820.8459999999999,0,7.03953712632594,0.464609450337512
2025-09-16 12:30:00-03:00,910,32,981,1034,7.2,955,2.8,1,0.9235976789168279,32.752515517542925,61.84375,14.7375,814.2568749999999,0,7.640232108317215,0.5500967117988395
2025-09-16 12:35:00-03:00,902,32,978,1031,7.8,945,2.7,1,0.9165858389912707,34.94367762643527,61.53125,14.6125,806.9118749999999,0,8.341416100872939,0.6506304558680892
2025-09-16 12:40:00-03:00,893,32,974,1027,8.4,935,2.7,1,0.9104186952288218,36.42135570671124,61.21875,14.4875,799.541875,0,8.95813047711782,0.752482960077897
2025-09-16 12:45:00-03:00,883,32,970,1022,9.0,924,2.6,1,0.9041095890410958,37.36632741174959,60.875,14.350000000000001,791.4060000000001,0,9.58904109589041,0.8630136986301369
2025-09-16 12:50:00-03:00,873,32,965,1017,9.5,913,2.6,1,0.8977384464110127,37.75358702604278,60.53125,14.2125,783.239875,0,10.22615535889872,0.9714847590953785
2025-09-16 12:55:00-03:00,862,33,960,1011,10.1,901,2.5,1,0.8911968348170128,37.84978283432709,61.15625,14.4625,770.692875,0,10.880316518298715,1.09891196834817
2025-09-16 13:00:00-03:00,852,33,954,1005,10.7,889,2.4,1,0.8845771144278607,37.629372795322624,60.78125,14.3125,761.761875,0,11.54228855721393,1.2350248756218902
2025-09-16 13:05:00-03:00,842,33,947,998,11.1,879,2.4,1,0.8807615230460922,37.32859818455444,60.46875,14.1875,754.291875,0,11.923847695390782,1.3235470941883767
2025-09-16 13:10:00-03:00,834,33,940,990,11.2,870,2.4,1,0.8787878787878788,37.06127195318,60.1875,14.075000000000001,747.5475,0,12.121212121212121,1.3575757575757574
2025-09-16 13:15:00-03:00,826,33,932,982,11.4,861,2.4,1,0.8767820773930753,36.802811980834655,59.90625,13.9625,740.782875,0,12.321792260692463,1.4046843177189408
2025-09-16 13:20:00-03:00,817,33,924,973,11.6,852,2.4,1,0.8756423432682425,36.84200501239095,59.625,13.850000000000001,733.9979999999999,0,12.435765673175746,1.4425488180883865
2025-09-16 13:25:00-03:00,807,33,915,964,11.8,842,2.4,1,0.8734439834024896,37.15650764813312,59.3125,13.725000000000001,726.4355,0,12.655601659751037,1.4933609958506224
2025-09-16 13:30:00-03:00,798,33,906,954,11.9,831,2.3,1,0.8710691823899371,37.88019391329473,58.96875,13.5875,718.087875,0,12.89308176100629,1.5342767295597486
2025-09-16 13:35:00-03:00,788,33,896,944,12.1,820,2.3,1,0.8686440677966102,39.13641642906024,58.625,13.450000000000001,709.7099999999999,0,13.135593220338984,1.589406779661017
2025-09-16 13:40:00-03:00,777,33,885,933,12.2,809,2.3,1,0.8670953912111469,40.86220377034784,58.28125,13.3125,701.301875,0,13.290460878885316,1.6214362272240084
2025-09-16 13:45:00-03:00,766,33,875,921,12.4,797,2.3,1,0.8653637350705755,42.9149970254771,57.90625,13.162500000000001,692.094875,0,13.463626492942455,1.6694896851248644
2025-09-16 13:50:00-03:00,755,33,863,909,12.6,785,2.3,1,0.8635863586358636,45.1059359125293,57.53125,13.012500000000001,682.851875,0,13.641364136413642,1.7188118811881188
2025-09-16 13:55:00-03:00,743,33,851,897,12.8,773,2.3,1,0.8617614269788183,47.40540820700186,57.15625,12.8625,673.572875,0,13.823857302118173,1.7694537346711263
2025-09-16 14:00:00-03:00,730,33,839,883,12.9,760,2.3,1,0.8607021517553793,49.75660455627428,56.75,12.700000000000001,663.48,0,13.929784824462061,1.796942242355606
2025-09-16 14:05:00-03:00,717,33,826,870,13.2,745,2.3,1,0.8563218390804598,52.13153527085822,56.28125,12.512500000000001,651.781875,0,14.367816091954023,1.8965517241379308
2025-09-16 14:10:00-03:00,702,33,813,856,13.6,729,2.3,1,0.8516355140186916,54.384364397397015,55.78125,12.3125,639.2418749999999,0,14.836448598130842,2.0177570093457944
2025-09-16 14:15:00-03:00,687,33,799,841,14.0,713,2.3,1,0.8478002378121284,56.52265568832013,55.28125,12.1125,626.637875,0,15.219976218787156,2.130796670630202
2025-09-16 14:20:00-03:00,671,33,785,826,14.5,696,2.4,1,0.8426150121065376,58.52809478180259,54.75,11.9,613.176,0,15.738498789346247,2.2820823244552058
2025-09-16 14:25:00-03:00,656,33,770,811,14.9,679,2.4,1,0.8372379778051788,60.11781362584065,54.21875,11.6875,599.6418749999999,0,16.276202219482123,2.4251541307028366
2025-09-16 14:30:00-03:00,640,33,755,795,15.3,662,2.4,1,0.8327044025157233,61.32198923417415,53.6875,11.475000000000001,586.0355,0,16.729559748427672,2.5596226415094336
2025-09-16 14:35:00-03:00,623,33,740,778,15.7,645,2.4,1,0.8290488431876607,62.00781964373132,53.15625,11.262500000000001,572.3568750000001,0,17.09511568123393,2.6839331619537274
2025-09-16 14:40:00-03:00,607,33,724,762,16.1,627,2.4,1,0.8228346456692913,62.11932554415274,52.59375,11.037500000000001,557.794875,0,17.716535433070867,2.85236220472441
2025-09-16 14:45:00-03:00,590,33,707,744,16.5,609,2.4,1,0.8185483870967742,61.68885759612492,52.03125,10.8125,543.151875,0,18.14516129032258,2.9939516129032255
2025-09-16 14:50:00-03:00,573,33,690,727,17.0,592,2.5,1,0.8143053645116919,60.765508059233774,51.5,10.600000000000001,529.248,0,18.56946354883081,3.156808803301238
2025-09-16 14:55:00-03:00,556,33,673,709,17.4,574,2.5,1,0.8095909732016925,59.55612326353741,50.9375,10.375,514.4475,0,19.040902679830747,3.31311706629055
2025-09-16 15:00:00-03:00,541,33,656,690,17.6,557,2.5,1,0.8072463768115942,58.25876185890997,50.40625,10.162500000000001,500.39487499999996,0,19.275362318840582,3.3924637681159426
2025-09-16 15:05:00-03:00,526,33,638,671,17.5,542,2.5,1,0.8077496274217586,56.92013277524369,49.9375,9.975000000000001,487.9355,0,19.225037257824145,3.3643815201192253
2025-09-16 15:10:00-03:00,513,33,620,653,17.3,528,2.6,1,0.8085758039816233,55.58960825059309,49.5,9.8,476.25600000000003,0,19.142419601837673,3.3116385911179176
2025-09-16 15:15:00-03:00,499,33,602,634,17.1,514,2.6,1,0.8107255520504731,54.77225575051541,49.0625,9.625,464.52750000000003,0,18.92744479495268,3.2365930599369084
2025-09-16 15:20:00-03:00,485,33,584,614,16.9,500,2.7,1,0.8143322475570033,54.65449328612894,48.625,9.450000000000001,452.75,0,18.566775244299674,3.1377850162866445
2025-09-16 15:25:00-03:00,471,33,565,595,16.7,485,2.7,1,0.8151260504201681,55.07426116094639,48.15625,9.262500000000001,440.07687500000003,0,18.487394957983195,3.0873949579831934
2025-09-16 15:30:00-03:00,456,33,546,575,16.4,470,2.7,1,0.8173913043478261,56.30840402316743,47.6875,9.075000000000001,427.3475,0,18.26086956521739,2.994782608695652
2025-09-16 15:35:00-03:00,442,33,527,554,16.2,455,2.8,1,0.8212996389891697,57.98824332255863,47.21875,8.887500000000001,414.561875,0,17.870036101083034,2.894945848375451
2025-09-16 15:40:00-03:00,426,33,507,534,16.1,438,2.8,1,0.8202247191011236,59.757274186342606,46.6875,8.675,400.00350000000003,0,17.97752808988764,2.8943820224719103
2025-09-16 15:45:00-03:00,408,33,488,513,16.3,420,2.9,1,0.8187134502923976,61.24485136059795,46.125,8.450000000000001,384.51,0,18.128654970760234,2.9549707602339184
2025-09-16 15:50:00-03:00,391,33,468,492,16.4,402,2.9,1,0.8170731707317073,62.39026730625043,45.5625,8.225,368.93550000000005,0,18.29268292682927,3.0
2025-09-16 15:55:00-03:00,373,33,448,471,16.6,383,3.0,1,0.8131634819532909,63.129016523882754,44.96875,7.987500000000001,352.407875,0,18.683651804670912,3.1014861995753717
2025-09-16 16:00:00-03:00,355,33,427,449,16.8,365,3.0,1,0.8129175946547884,63.6854842887361,44.40625,7.7625,336.666875,0,18.70824053452116,3.142984409799555
2025-09-16 16:05:00-03:00,338,33,407,428,16.8,347,3.1,1,0.8107476635514018,63.98455069212161,43.84375,7.5375000000000005,320.844875,0,18.925233644859812,3.1794392523364485
2025-09-16 16:10:00-03:00,322,33,387,407,16.6,330,3.1,1,0.8108108108108109,63.94671076905973,43.3125,7.325,305.8275,0,18.91891891891892,3.1405405405405404
2025-09-16 16:15:00-03:00,306,33,366,385,16.5,313,3.1,1,0.812987012987013,63.81982213207482,42.78125,7.112500000000001,290.737875,0,18.7012987012987,3.0857142857142854
2025-09-16 16:20:00-03:00,289,32,346,364,16.3,296,3.2,1,0.8131868131868132,63.60454290998292,41.25,6.5,276.76,0,18.681318681318682,3.0450549450549453
2025-09-16 16:25:00-03:00,272,32,325,342,16.4,278,3.2,1,0.8128654970760234,63.464855461805534,40.6875,6.275,260.5555,0,18.71345029239766,3.069005847953216
2025-09-16 16:30:00-03:00,254,32,305,320,16.5,260,3.2,1,0.8125,63.42706381539684,40.125,6.050000000000001,244.27,0,18.75,3.09375
2025-09-16 16:35:00-03:00,237,32,284,299,16.6,242,3.3,1,0.8093645484949833,63.239563757527876,39.5625,5.825,227.9035,0,19.063545150501675,3.164548494983278
2025-09-16 16:40:00-03:00,220,32,264,277,16.7,224,3.3,1,0.8086642599277978,63.2270439836397,39.0,5.6000000000000005,211.456,0,19.133574007220215,3.195306859205776
2025-09-16 16:45:00-03:00,203,32,244,256,16.8,207,3.4,1,0.80859375,63.36594056938201,38.46875,5.3875,195.847875,0,19.140625,3.215625
2025-09-16 16:50:00-03:00,186,32,224,235,16.8,189,3.4,1,0.8042553191489362,63.46724280359867,37.90625,5.1625000000000005,179.242875,0,19.574468085106382,3.2885106382978724
2025-09-16 16:55:00-03:00,170,32,204,214,16.9,172,3.4,1,0.8037383177570093,63.22752325506468,37.375,4.95,163.486,0,19.626168224299064,3.3168224299065416
2025-09-16 17:00:00-03:00,153,32,185,194,16.9,156,3.5,1,0.8041237113402062,62.56681277327556,36.875,4.75,148.59,0,19.587628865979383,3.3103092783505157
2025-09-16 17:05:00-03:00,137,32,166,174,17.5,138,3.5,1,0.7931034482758621,61.4563160942702,36.3125,4.525,131.7555,0,20.689655172413794,3.620689655172414
2025-09-16 17:10:00-03:00,119,31,148,155,19.6,119,3.4,1,0.7677419354838709,59.89005077488462,34.71875,3.8875,114.373875,0,23.225806451612904,4.5522580645161295
2025-09-16 17:15:00-03:00,102,31,130,137,21.7,101,3.3,1,0.7372262773722628,57.63593944017569,34.15625,3.6625,97.300875,0,26.277372262773724,5.7021897810218976
2025-09-16 17:20:00-03:00,86,31,113,119,23.8,85,3.3,1,0.7142857142857143,54.608454778847445,33.65625,3.4625000000000004,82.056875,0,28.57142857142857,6.8
2025-09-16 17:25:00-03:00,72,31,97,101,26.0,71,3.2,1,0.7029702970297029,51.16720955195265,33.21875,3.2875,68.665875,0,29.7029702970297,7.722772277227722
2025-09-16 17:30:00-03:00,59,31,82,85,28.1,58,3.2,1,0.6823529411764706,47.33984163535737,32.8125,3.125,56.1875,0,31.76470588235294,8.925882352941176
2025-09-16 17:35:00-03:00,47,31,67,70,30.3,46,3.1,1,0.6571428571428571,42.8728740969561,32.4375,2.975,44.631499999999996,0,34.285714285714285,10.38857142857143
2025-09-16 17:40:00-03:00,38,30,53,55,29.6,37,3.1,1,0.6727272727272727,38.335836545411226,31.15625,2.4625000000000004,36.088875,0,32.72727272727273,9.687272727272727
2025-09-16 17:45:00-03:00,29,30,41,42,28.8,29,3.0,1,0.6904761904761905,33.69234694146983,30.90625,2.3625000000000003,28.314875,0,30.952380952380953,8.914285714285715
2025-09-16 17:50:00-03:00,21,30,29,29,28.1,21,3.0,1,0.7241379310344828,29.124601701011436,30.65625,2.2625,20.524875,0,27.586206896551722,7.751724137931035
2025-09-16 17:55:00-03:00,14,30,19,18,27.3,13,3.0,1,0.7222222222222222,24.71090423029732,30.40625,2.1625,12.718875,0,27.77777777777778,7.583333333333334
2025-09-16 18:00:00-03:00,7,30,9,9,26.6,7,2.9,0,0.7777777777777778,20.45986462824723,30.21875,2.0875,6.853875,0,22.22222222222222,5.9111111111111105
2025-09-16 18:05:00-03:00,1,30,1,1,26.2,1,2.9,0,1.0,16.54104170257137,30.03125,2.0125,0.979875,0,0.0,0.0
2025-09-16 18:10:00-03:00,0,30,0,0,26.2,0,2.9,0,,13.135655847562443,30.0,2.0,0.0,0,,
2025-09-16 18:15:00-03:00,0,29,0,0,26.2,0,2.9,0,,9.91287806417996,29.0,1.6,0.0,0,,
2025-09-16 18:20:00-03:00,0,29,0,0,26.2,0,2.9,0,,6.829082195764948,29.0,1.6,0.0,0,,
2025-09-16 18:25:00-03:00,0,29,0,0,26.2,0,2.9,0,,4.070403151818383,29.0,1.6,0.0,0,,
2025-09-16 18:30:00-03:00,0,29,0,0,26.2,0,2.9,0,,2.01509455380087,29.0,1.6,0.0,0,,
2025-09-16 18:35:00-03:00,0,29,0,0,26.2,0,2.9,0,,0.2886751348584601,29.0,1.6,0.0,0,,
2025-09-16 18:40:00-03:00,0,29,0,0,26.2,0,2.9,0,,0.0,29.0,1.6,0.0,0,,
2025-09-16 18:45:00-03:00,0,29,0,0,26.2,0,2.9,0,,0.0,29.0,1.6,0.0,0,,
2025-09-16 18:50:00-03:00,0,28,0,0,26.2,0,2.9,0,,0.0,28.0,1.2000000000000002,0.0,0,,
2025-09-16 18:55:00-03:00,0,28,0,0,26.2,0,2.9,0,,0.0,28.0,1.2000000000000002,0.0,0,,
2025-09-16 19:00:00-03:00,0,28,0,0,26.2,0,2.9,0,,0.0,28.0,1.2000000000000002,0.0,0,,
2025-09-16 19:05:00-03:00,0,28,0,0,26.2,0,2.9,0,,0.0,28.0,1.2000000000000002,0.0,0,,
2025-09-16 19:10:00-03:00,0,28,0,0,26.2,0,2.9,0,,0.0,28.0,1.2000000000000002,0.0,0,,
2025-09-16 19:15:00-03:00,0,28,0,0,26.2,0,2.9,0,,0.0,28.0,1.2000000000000002,0.0,0,,
2025-09-16 19:20:00-03:00,0,27,0,0,26.2,0,2.9,0,,0.0,27.0,0.8,0.0,0,,
2025-09-16 19:25:00-03:00,0,27,0,0,26.2,0,2.9,0,,0.0,27.0,0.8,0.0,0,,
2025-09-16 19:30:00-03:00,0,27,0,0,26.2,0,2.9,0,,0.0,27.0,0.8,0.0,0,,
2025-09-16 19:35:00-03:00,0,27,0,0,26.2,0,2.9,0,,0.0,27.0,0.8,0.0,0,,
2025-09-16 19:40:00-03:00,0,27,0,0,26.2,0,2.8,0,,0.0,27.0,0.8,0.0,0,,
2025-09-16 19:45:00-03:00,0,27,0,0,26.2,0,2.8,0,,0.0,27.0,0.8,0.0,0,,
2025-09-16 19:50:00-03:00,0,26,0,0,26.2,0,2.8,0,,0.0,26.0,0.4,0.0,0,,
2025-09-16 19:55:00-03:00,0,26,0,0,26.2,0,2.8,0,,0.0,26.0,0.4,0.0,0,,
2025-09-16 20:00:00-03:00,0,26,0,0,26.2,0,2.8,0,,0.0,26.0,0.4,0.0,0,,
2025-09-16 20:05:00-03:00,0,26,0,0,26.3,0,2.8,0,,0.0,26.0,0.4,0.0,0,,
2025-09-16 20:10:00-03:00,0,26,0,0,26.6,0,2.8,0,,0.0,26.0,0.4,0.0,0,,
2025-09-16 20:15:00-03:00,0,26,0,0,26.8,0,2.9,0,,0.0,26.0,0.4,0.0,0,,
2025-09-16 20:20:00-03:00,0,26,0,0,27.1,0,2.9,0,,0.0,26.0,0.4,0.0,0,,
2025-09-16 20:25:00-03:00,0,26,0,0,27.3,0,2.9,0,,0.0,26.0,0.4,0.0,0,,
2025-09-16 20:30:00-03:00,0,26,0,0,27.6,0,2.9,0,,0.0,26.0,0.4,0.0,0,,
2025-09-16 20:35:00-03:00,0,26,0,0,27.8,0,2.9,0,,0.0,26.0,0.4,0.0,0,,
2025-09-16 20:40:00-03:00,0,26,0,0,28.1,0,2.9,0,,0.0,26.0,0.4,0.0,0,,
2025-09-16 20:45:00-03:00,0,26,0,0,28.3,0,3.0,0,,0.0,26.0,0.4,0.0,0,,
2025-09-16 20:50:00-03:00,0,26,0,0,28.6,0,3.0,0,,0.0,26.0,0.4,0.0,0,,
2025-09-16 20:55:00-03:00,0,26,0,0,28.8,0,3.0,0,,0.0,26.0,0.4,0.0,0,,
2025-09-16 21:00:00-03:00,0,26,0,0,29.1,0,3.0,0,,0.0,26.0,0.4,0.0,0,,
2025-09-16 21:05:00-03:00,0,26,0,0,29.3,0,3.1,0,,0.0,26.0,0.4,0.0,0,,
2025-09-16 21:10:00-03:00,0,26,0,0,29.4,0,3.1,0,,0.0,26.0,0.4,0.0,0,,
2025-09-16 21:15:00-03:00,0,26,0,0,29.5,0,3.1,0,,0.0,26.0,0.4,0.0,0,,
2025-09-16 21:20:00-03:00,0,26,0,0,29.6,0,3.2,0,,0.0,26.0,0.4,0.0,0,,
2025-09-16 21:25:00-03:00,0,26,0,0,29.7,0,3.2,0,,0.0,26.0,0.4,0.0,0,,
2025-09-16 21:30:00-03:00,0,26,0,0,29.9,0,3.3,0,,0.0,26.0,0.4,0.0,0,,
2025-09-16 21:35:00-03:00,0,26,0,0,30.0,0,3.3,0,,0.0,26.0,0.4,0.0,0,,
2025-09-16 21:40:00-03:00,0,26,0,0,30.1,0,3.4,0,,0.0,26.0,0.4,0.0,0,,
2025-09-16 21:45:00-03:00,0,26,0,0,30.2,0,3.4,0,,0.0,26.0,0.4,0.0,0,,
2025-09-16 21:50:00-03:00,0,26,0,0,30.4,0,3.5,0,,0.0,26.0,0.4,0.0,0,,
2025-09-16 21:55:00-03:00,0,26,0,0,30.5,0,3.5,0,,0.0,26.0,0.4,0.0,0,,
2025-09-16 22:00:00-03:00,0,26,0,0,30.6,0,3.6,0,,0.0,26.0,0.4,0.0,0,,
2025-09-16 22:05:00-03:00,0,26,0,0,30.7,0,3.6,0,,0.0,26.0,0.4,0.0,0,,
2025-09-16 22:10:00-03:00,0,26,0,0,30.7,0,3.7,0,,0.0,26.0,0.4,0.0,0,,
2025-09-16 22:15:00-03:00,0,26,0,0,30.7,0,3.7,0,,0.0,26.0,0.4,0.0,0,,
2025-09-16 22:20:00-03:00,0,26,0,0,30.7,0,3.7,0,,0.0,26.0,0.4,0.0,0,,
2025-09-16 22:25:00-03:00,0,26,0,0,30.7,0,3.7,0,,0.0,26.0,0.4,0.0,0,,
2025-09-16 22:30:00-03:00,0,26,0,0,30.7,0,3.8,0,,0.0,26.0,0.4,0.0,0,,
2025-09-16 22:35:00-03:00,0,26,0,0,30.7,0,3.8,0,,0.0,26.0,0.4,0.0,0,,
2025-09-16 22:40:00-03:00,0,26,0,0,30.7,0,3.8,0,,0.0,26.0,0.4,0.0,0,,
2025-09-16 22:45:00-03:00,0,26,0,0,30.7,0,3.8,0,,0.0,26.0,0.4,0.0,0,,
2025-09-16 22:50:00-03:00,0,26,0,0,30.7,0,3.9,0,,0.0,26.0,0.4,0.0,0,,
2025-09-16 22:55:00-03:00,0,26,0,0,30.7,0,3.9,0,,0.0,26.0,0.4,0.0,0,,
2025-09-16 23:00:00-03:00,0,26,0,0,30.7,0,3.9,0,,0.0,26.0,0.4,0.0,0,,
2025-09-16 23:05:00-03:00,0,26,0,0,30.7,0,3.9,0,,0.0,26.0,0.4,0.0,0,,
2025-09-16 23:10:00-03:00,0,26,0,0,30.7,0,3.8,0,,0.0,26.0,0.4,0.0,0,,
2025-09-16 23:15:00-03:00,0,26,0,0,30.7,0,3.8,0,,0.0,26.0,0.4,0.0,0,,
2025-09-16 23:20:00-03:00,0,26,0,0,30.7,0,3.7,0,,0.0,26.0,0.4,0.0,0,,
2025-09-16 23:25:00-03:00,0,26,0,0,30.7,0,3.7,0,,0.0,26.0,0.4,0.0,0,,
2025-09-16 23:30:00-03:00,0,25,0,0,30.7,0,3.6,0,,0.0,25.0,0.0,0.0,0,,
2025-09-16 23:35:00-03:00,0,25,0,0,30.7,0,3.5,0,,0.0,25.0,0.0,0.0,0,,
2025-09-16 23:40:00-03:00,0,25,0,0,30.7,0,3.5,0,,0.0,25.0,0.0,0.0,0,,
2025-09-16 23:45:00-03:00,0,25,0,0,30.7,0,3.4,0,,0.0,25.0,0.0,0.0,0,,
2025-09-16 23:50:00-03:00,0,25,0,0,30.7,0,3.3,0,,0.0,25.0,0.0,0.0,0,,
2025-09-16 23:55:00-03:00,0,25,0,0,30.7,0,3.3,0,,0.0,25.0,0.0,0.0,0,,
2025-09-17 00:00:00-03:00,0,25,0,0,30.7,0,3.2,0,,0.0,25.0,0.0,0.0,0,,
2025-09-17 00:05:00-03:00,0,25,0,0,30.7,0,3.2,0,,0.0,25.0,0.0,0.0,0,,
2025-09-17 00:10:00-03:00,0,25,0,0,30.9,0,3.1,0,,0.0,25.0,0.0,0.0,0,,
2025-09-17 00:15:00-03:00,0,24,0,0,31.0,0,3.1,0,,0.0,24.0,0.0,0.0,0,,
2025-09-17 00:20:00-03:00,0,24,0,0,31.1,0,3.1,0,,0.0,24.0,0.0,0.0,0,,
2025-09-17 00:25:00-03:00,0,24,0,0,31.2,0,3.1,0,,0.0,24.0,0.0,0.0,0,,
2025-09-17 00:30:00-03:00,0,24,0,0,31.3,0,3.1,0,,0.0,24.0,0.0,0.0,0,,
2025-09-17 00:35:00-03:00,0,24,0,0,31.5,0,3.0,0,,0.0,24.0,0.0,0.0,0,,
2025-09-17 00:40:00-03:00,0,24,0,0,31.6,0,3.0,0,,0.0,24.0,0.0,0.0,0,,
2025-09-17 00:45:00-03:00,0,24,0,0,31.7,0,3.0,0,,0.0,24.0,0.0,0.0,0,,
2025-09-17 00:50:00-03:00,0,24,0,0,31.8,0,3.0,0,,0.0,24.0,0.0,0.0,0,,
2025-09-17 00:55:00-03:00,0,24,0,0,31.9,0,2.9,0,,0.0,24.0,0.0,0.0,0,,
2025-09-17 01:00:00-03:00,0,24,0,0,32.1,0,2.9,0,,0.0,24.0,0.0,0.0,0,,
2025-09-17 01:05:00-03:00,0,24,0,0,31.9,0,2.9,0,,0.0,24.0,0.0,0.0,0,,
2025-09-17 01:10:00-03:00,0,24,0,0,31.4,0,3.0,0,,0.0,24.0,0.0,0.0,0,,
2025-09-17 01:15:00-03:00,0,24,0,0,30.9,0,3.0,0,,0.0,24.0,0.0,0.0,0,,
2025-09-17 01:20:00-03:00,0,24,0,0,30.4,0,3.0,0,,0.0,24.0,0.0,0.0,0,,
2025-09-17 01:25:00-03:00,0,24,0,0,29.9,0,3.1,0,,0.0,24.0,0.0,0.0,0,,
2025-09-17 01:30:00-03:00,0,24,0,0,29.4,0,3.1,0,,0.0,24.0,0.0,0.0,0,,
2025-09-17 01:35:00-03:00,0,24,0,0,28.9,0,3.2,0,,0.0,24.0,0.0,0.0,0,,
2025-09-17 01:40:00-03:00,0,23,0,0,28.5,0,3.2,0,,0.0,23.0,0.0,0.0,0,,
2025-09-17 01:45:00-03:00,0,23,0,0,28.0,0,3.2,0,,0.0,23.0,0.0,0.0,0,,
2025-09-17 01:50:00-03:00,0,23,0,0,27.5,0,3.3,0,,0.0,23.0,0.0,0.0,0,,
2025-09-17 01:55:00-03:00,0,23,0,0,27.0,0,3.3,0,,0.0,23.0,0.0,0.0,0,,
2025-09-17 02:00:00-03:00,0,23,0,0,26.5,0,3.3,0,,0.0,23.0,0.0,0.0,0,,
2025-09-17 02:05:00-03:00,0,23,0,0,26.0,0,3.4,0,,0.0,23.0,0.0,0.0,0,,
2025-09-17 02:10:00-03:00,0,23,0,0,25.6,0,3.4,0,,0.0,23.0,0.0,0.0,0,,
2025-09-17 02:15:00-03:00,0,23,0,0,25.3,0,3.5,0,,0.0,23.0,0.0,0.0,0,,
2025-09-17 02:20:00-03:00,0,23,0,0,24.9,0,3.5,0,,0.0,23.0,0.0,0.0,0,,
2025-09-17 02:25:00-03:00,0,23,0,0,24.5,0,3.6,0,,0.0,23.0,0.0,0.0,0,,
2025-09-17 02:30:00-03:00,0,23,0,0,24.1,0,3.6,0,,0.0,23.0,0.0,0.0,0,,
2025-09-17 02:35:00-03:00,0,23,0,0,23.7,0,3.6,0,,0.0,23.0,0.0,0.0,0,,
2025-09-17 02:40:00-03:00,0,23,0,0,23.3,0,3.7,0,,0.0,23.0,0.0,0.0,0,,
2025-09-17 02:45:00-03:00,0,23,0,0,22.9,0,3.7,0,,0.0,23.0,0.0,0.0,0,,
2025-09-17 02:50:00-03:00,0,23,0,0,22.6,0,3.8,0,,0.0,23.0,0.0,0.0,0,,
2025-09-17 02:55:00-03:00,0,23,0,0,22.2,0,3.8,0,,0.0,23.0,0.0,0.0,0,,
2025-09-17 03:00:00-03:00,0,23,0,0,21.8,0,3.9,0,,0.0,23.0,0.0,0.0,0,,
2025-09-17 03:05:00-03:00,0,23,0,0,21.6,0,3.9,0,,0.0,23.0,0.0,0.0,0,,
2025-09-17 03:10:00-03:00,0,23,0,0,21.6,0,3.8,0,,0.0,23.0,0.0,0.0,0,,
2025-09-17 03:15:00-03:00,0,23,0,0,21.6,0,3.7,0,,0.0,23.0,0.0,0.0,0,,
2025-09-17 03:20:00-03:00,0,23,0,0,21.6,0,3.7,0,,0.0,23.0,0.0,0.0,0,,
2025-09-17 03:25:00-03:00,0,23,0,0,21.6,0,3.6,0,,0.0,23.0,0.0,0.0,0,,
2025-09-17 03:30:00-03:00,0,23,0,0,21.6,0,3.5,0,,0.0,23.0,0.0,0.0,0,,
2025-09-17 03:35:00-03:00,0,23,0,0,21.6,0,3.5,0,,0.0,23.0,0.0,0.0,0,,
2025-09-17 03:40:00-03:00,0,23,0,0,21.6,0,3.4,0,,0.0,23.0,0.0,0.0,0,,
2025-09-17 03:45:00-03:00,0,23,0,0,21.6,0,3.4,0,,0.0,23.0,0.0,0.0,0,,
2025-09-17 03:50:00-03:00,0,23,0,0,21.6,0,3.3,0,,0.0,23.0,0.0,0.0,0,,
2025-09-17 03:55:00-03:00,0,23,0,0,21.6,0,3.3,0,,0.0,23.0,0.0,0.0,0,,
2025-09-17 04:00:00-03:00,0,23,0,0,21.6,0,3.2,0,,0.0,23.0,0.0,0.0,0,,
2025-09-17 04:05:00-03:00,0,23,0,0,21.5,0,3.2,0,,0.0,23.0,0.0,0.0,0,,
2025-09-17 04:10:00-03:00,0,22,0,0,21.4,0,3.1,0,,0.0,22.0,0.0,0.0,0,,
2025-09-17 04:15:00-03:00,0,22,0,0,21.3,0,3.1,0,,0.0,22.0,0.0,0.0,0,,
2025-09-17 04:20:00-03:00,0,22,0,0,21.1,0,3.0,0,,0.0,22.0,0.0,0.0,0,,
2025-09-17 04:25:00-03:00,0,22,0,0,21.0,0,3.0,0,,0.0,22.0,0.0,0.0,0,,
2025-09-17 04:30:00-03:00,0,22,0,0,20.9,0,3.0,0,,0.0,22.0,0.0,0.0,0,,
2025-09-17 04:35:00-03:00,0,22,0,0,20.7,0,2.9,0,,0.0,22.0,0.0,0.0,0,,
2025-09-17 04:40:00-03:00,0,22,0,0,20.6,0,2.9,0,,0.0,22.0,0.0,0.0,0,,
2025-09-17 04:45:00-03:00,0,22,0,0,20.5,0,2.8,0,,0.0,22.0,0.0,0.0,0,,
2025-09-17 04:50:00-03:00,0,22,0,0,20.3,0,2.8,0,,0.0,22.0,0.0,0.0,0,,
2025-09-17 04:55:00-03:00,0,22,0,0,20.2,0,2.8,0,,0.0,22.0,0.0,0.0,0,,
2025-09-17 05:00:00-03:00,0,22,0,0,20.1,0,2.7,0,,0.0,22.0,0.0,0.0,0,,
2025-09-17 05:05:00-03:00,0,22,0,0,20.0,0,2.7,0,,0.0,22.0,0.0,0.0,0,,
2025-09-17 05:10:00-03:00,0,22,0,0,19.8,0,2.7,0,,0.0,22.0,0.0,0.0,0,,
2025-09-17 05:15:00-03:00,0,22,0,0,19.7,0,2.7,0,,0.0,22.0,0.0,0.0,0,,
2025-09-17 05:20:00-03:00,0,22,0,0,19.6,0,2.7,0,,0.0,22.0,0.0,0.0,0,,
2025-09-17 05:25:00-03:00,0,22,0,0,19.4,0,2.7,0,,0.0,22.0,0.0,0.0,0,,
2025-09-17 05:30:00-03:00,0,22,0,0,19.3,0,2.7,0,,0.0,22.0,0.0,0.0,0,,
2025-09-17 05:35:00-03:00,0,22,0,0,19.2,0,2.7,0,,0.0,22.0,0.0,0.0,0,,
2025-09-17 05:40:00-03:00,0,22,0,0,19.0,0,2.7,0,,0.0,22.0,0.0,0.0,0,,
2025-09-17 05:45:00-03:00,0,22,0,0,18.9,0,2.7,0,,0.0,22.0,0.0,0.0,0,,
2025-09-17 05:50:00-03:00,0,22,0,0,18.8,0,2.7,0,,0.8660254038722631,22.0,0.0,0.0,0,,
2025-09-17 05:55:00-03:00,0,22,0,0,18.6,0,2.8,0,,2.937479851665283,22.0,0.0,0.0,0,,
2025-09-17 06:00:00-03:00,0,22,0,0,18.5,0,2.8,0,,5.664215156002113,22.0,0.0,0.0,0,,
2025-09-17 06:05:00-03:00,0,22,0,0,18.6,0,2.8,0,,8.952737857865856,22.0,0.0,0.0,0,,
2025-09-17 06:10:00-03:00,0,22,0,0,18.8,0,2.8,0,,12.716905951128382,22.0,0.0,0.0,0,,
2025-09-17 06:15:00-03:00,3,22,3,3,19.1,3,2.9,0,1.0,16.870945079601587,22.09375,0.0,3.0,0,0.0,0.0
2025-09-17 06:20:00-03:00,10,22,12,12,19.4,10,3.0,0,0.8333333333333334,21.3220258858986,22.3125,0.0,10.0,0,16.666666666666664,3.2333333333333325
2025-09-17 06:25:00-03:00,18,22,22,22,19.6,18,3.0,1,0.8181818181818182,26.681056723430693,22.5625,0.0,18.0,0,18.181818181818183,3.5636363636363644
2025-09-17 06:30:00-03:00,27,22,34,34,19.9,27,3.1,1,0.7941176470588235,32.750665040670455,22.84375,0.0,27.0,0,20.588235294117645,4.097058823529411
2025-09-17 06:35:00-03:00,37,22,47,49,20.2,37,3.1,1,0.7551020408163265,39.32951316836675,23.15625,0.0,37.0,0,24.489795918367346,4.946938775510204
2025-09-17 06:40:00-03:00,48,22,61,64,20.4,48,3.2,1,0.75,46.1994195162286,23.5,0.0,48.0,0,25.0,5.1
2025-09-17 06:45:00-03:00,61,23,76,80,19.9,60,3.2,1,0.75,53.10966356169539,24.875,0.0,60.0,0,25.0,4.975
2025-09-17 06:50:00-03:00,77,23,92,98,17.1,77,3.3,1,0.7857142857142857,59.96185656252102,25.40625,0.1625,76.874875,0,21.428571428571427,3.6642857142857146
2025-09-17 06:55:00-03:00,94,23,110,116,14.2,96,3.4,1,0.8275862068965517,66.07496890011835,26.0,0.4,95.616,0,17.24137931034483,2.4482758620689657
2025-09-17 07:00:00-03:00,114,23,128,136,11.4,117,3.4,1,0.8602941176470589,71.2006873477213,26.65625,0.6625000000000001,116.224875,0,13.970588235294118,1.5926470588235295
2025-09-17 07:05:00-03:00,135,23,147,156,8.5,140,3.5,1,0.8974358974358975,75.42465636566637,27.375,0.9500000000000001,138.67000000000002,0,10.256410256410255,0.8717948717948717
2025-09-17 07:10:00-03:00,157,23,166,176,5.5,165,3.7,1,0.9375,78.63624540190833,28.15625,1.2625000000000002,162.916875,0,6.25,0.34375
2025-09-17 07:15:00-03:00,182,23,186,197,2.6,191,3.8,1,0.9695431472081218,80.72075884858215,28.96875,1.5875000000000001,187.967875,0,3.0456852791878175,0.07918781725888326
2025-09-17 07:20:00-03:00,202,24,207,219,2.4,213,4.0,1,0.9726027397260274,81.55250214469595,30.65625,2.2625,208.180875,0,2.73972602739726,0.06575342465753424
2025-09-17 07:25:00-03:00,222,24,227,241,2.3,234,4.1,1,0.970954356846473,81.63926565672743,31.3125,2.5250000000000004,228.0915,0,2.904564315352697,0.06680497925311203
2025-09-17 07:30:00-03:00,242,24,248,263,2.3,256,4.3,1,0.973384030418251,81.16182861568873,32.0,2.8000000000000003,248.832,0,2.6615969581749046,0.0612167300380228
2025-09-17 07:35:00-03:00,263,24,269,285,2.2,278,4.4,1,0.9754385964912281,80.36106964912493,32.6875,3.075,269.4515,0,2.456140350877193,0.054035087719298255
2025-09-17 07:40:00-03:00,284,25,290,307,2.1,300,4.6,1,0.9771986970684039,79.54239388051133,34.375,3.75,288.75,0,2.2801302931596092,0.047882736156351795
2025-09-17 07:45:00-03:00,305,25,311,330,2.0,322,4.7,1,0.9757575757575757,79.07054770995002,35.0625,4.025,309.0395,0,2.4242424242424243,0.048484848484848485
2025-09-17 07:50:00-03:00,326,25,333,352,1.9,344,4.9,1,0.9772727272727273,79.32308311677926,35.75,4.3,329.20799999999997,0,2.272727272727273,0.04318181818181818
2025-09-17 07:55:00-03:00,347,25,354,374,1.9,366,5.0,1,0.9786096256684492,79.5748170915363,36.4375,4.575,349.25550000000004,0,2.13903743315508,0.04064171122994652
2025-09-17 08:00:00-03:00,368,26,375,397,1.9,388,5.2,1,0.9773299748110831,79.66306889302267,38.125,5.25,367.63,0,2.2670025188916876,0.04307304785894206
2025-09-17 08:05:00-03:00,389,26,396,419,1.8,410,5.2,1,0.9785202863961814,79.58771604622451,38.8125,5.525,387.34749999999997,0,2.1479713603818613,0.038663484486873505
2025-09-17 08:10:00-03:00,410,26,417,441,1.7,432,5.2,1,0.9795918367346939,79.51229178846783,39.5,5.800000000000001,406.94399999999996,0,2.0408163265306123,0.03469387755102041
2025-09-17 08:15:00-03:00,431,26,438,462,1.5,455,5.2,1,0.9848484848484849,79.29901218384265,40.21875,6.0875,427.301875,0,1.5151515151515151,0.022727272727272724
2025-09-17 08:20:00-03:00,452,26,458,484,1.4,477,5.1,1,0.9855371900826446,78.4315953651016,40.90625,6.362500000000001,446.650875,0,1.4462809917355373,0.020247933884297523
2025-09-17 08:25:00-03:00,473,27,478,505,1.2,499,5.1,1,0.9881188118811881,76.90765812835379,42.59375,7.0375000000000005,463.882875,0,1.188118811881188,0.014257425742574256
2025-09-17 08:30:00-03:00,493,27,499,527,1.1,520,5.1,1,0.9867172675521821,74.86938120770127,43.25,7.300000000000001,482.04,0,1.3282732447817838,0.014611005692599623
2025-09-17 08:35:00-03:00,514,27,518,548,0.9,542,5.1,1,0.9890510948905109,72.32308613353432,43.9375,7.575,500.94350000000003,0,1.094890510948905,0.009854014598540146
2025-09-17 08:40:00-03:00,534,27,538,568,0.8,563,5.0,1,0.9911971830985915,69.29558995981354,44.59375,7.8375,518.874875,0,0.8802816901408451,0.007042253521126762
2025-09-17 08:45:00-03:00,550,27,557,589,1.3,580,5.0,1,0.9847198641765704,65.83565396753605,45.125,8.05,533.31,0,1.5280135823429541,0.019864176570458403
2025-09-17 08:50:00-03:00,566,27,577,609,1.9,596,5.0,1,0.9786535303776683,62.20268677817741,45.625,8.25,546.83,0,2.134646962233169,0.040558292282430214
2025-09-17 08:55:00-03:00,581,28,595,628,2.4,612,5.0,1,0.9745222929936306,58.48050698283569,47.125,8.85,557.838,0,2.547770700636943,0.06114649681528663
2025-09-17 09:00:00-03:00,596,28,614,648,3.0,627,4.9,1,0.9675925925925926,55.046812034406734,47.59375,9.0375,570.334875,0,3.2407407407407405,0.09722222222222221
2025-09-17 09:05:00-03:00,609,28,632,667,3.6,641,4.9,1,0.9610194902548725,52.369534863486855,48.03125,9.2125,581.947875,0,3.8980509745127434,0.14032983508245878
2025-09-17 09:10:00-03:00,622,28,650,685,4.2,654,4.8,1,0.9547445255474453,50.84170323542046,48.4375,9.375,592.6875,0,4.525547445255475,0.19007299270072994
2025-09-17 09:15:00-03:00,635,28,667,704,4.9,666,4.8,1,0.9460227272727273,50.330649135730496,48.8125,9.525,602.5635,0,5.3977272727272725,0.26448863636363634
2025-09-17 09:20:00-03:00,646,29,684,722,5.5,678,4.7,1,0.9390581717451524,50.291574087934265,50.1875,10.075000000000001,609.6915,0,6.094182825484765,0.33518005540166207
2025-09-17 09:25:00-03:00,659,29,701,739,6.0,691,4.6,1,0.9350473612990527,50.45872901028207,50.59375,10.2375,620.258875,0,6.495263870094722,0.38971583220568334
2025-09-17 09:30:00-03:00,674,29,717,756,6.0,707,4.5,1,0.9351851851851852,50.87566543381101,51.09375,10.4375,633.206875,0,6.481481481481481,0.38888888888888884
2025-09-17 09:35:00-03:00,689,29,733,773,6.0,723,4.5,1,0.9353169469598965,51.284338090035476,51.59375,10.637500000000001,646.090875,0,6.468305304010349,0.38809831824062097
2025-09-17 09:40:00-03:00,704,29,749,789,6.0,738,4.4,1,0.935361216730038,51.5777583025365,52.0625,10.825000000000001,658.1115,0,6.4638783269961975,0.38783269961977185
2025-09-17 09:45:00-03:00,718,30,764,805,6.0,753,4.3,1,0.9354037267080745,51.492865054440934,53.53125,11.412500000000001,667.0638749999999,0,6.459627329192546,0.3875776397515528
2025-09-17 09:50:00-03:00,732,30,778,820,6.0,767,4.3,1,0.9353658536585366,50.763862116365814,53.96875,11.5875,678.123875,0,6.463414634146342,0.3878048780487805
2025-09-17 09:55:00-03:00,745,30,792,835,6.0,781,4.2,1,0.9353293413173652,49.39535924711153,54.40625,11.762500000000001,689.134875,0,6.467065868263473,0.38802395209580837
2025-09-17 10:00:00-03:00,758,30,806,849,6.0,794,4.1,1,0.9352179034157833,47.41715263104739,54.8125,11.925,699.3155,0,6.478209658421672,0.38869257950530034
2025-09-17 10:05:00-03:00,770,30,819,863,6.0,807,4.1,1,0.9351100811123986,45.278933492094204,55.21875,12.0875,709.4538749999999,0,6.488991888760139,0.3893395133256083
2025-09-17 10:10:00-03:00,781,30,832,876,6.1,819,4.0,1,0.934931506849315,43.27948285693002,55.59375,12.2375,718.774875,0,6.506849315068493,0.39691780821917805
2025-09-17 10:15:00-03:00,792,31,844,889,6.2,830,3.9,1,0.9336332958380202,41.143779676401394,56.9375,12.775,723.9675,0,6.636670416197974,0.4114735658042744
2025-09-17 10:20:00-03:00,802,31,856,902,6.3,841,3.8,1,0.9323725055432373,39.172017687331554,57.28125,12.912500000000001,732.4058749999999,0,6.762749445676275,0.4260532150776053
2025-09-17 10:25:00-03:00,812,31,867,913,6.4,851,3.7,1,0.932092004381161,37.090389182328714,57.59375,13.037500000000001,740.050875,0,6.790799561883899,0.4346111719605696
2025-09-17 10:30:00-03:00,821,31,878,925,6.5,860,3.6,1,0.9297297297297298,35.07481182047956,57.875,13.15,746.9100000000001,0,7.027027027027027,0.45675675675675675
2025-09-17 10:35:00-03:00,830,31,888,935,6.5,870,3.5,1,0.93048128342246,33.12464979802871,58.1875,13.275,754.5074999999999,0,6.951871657754011,0.4518716577540107
2025-09-17 10:40:00-03:00,839,31,898,946,6.6,878,3.4,1,0.9281183932346723,31.15066028775712,58.4375,13.375,760.5675,0,7.188160676532769,0.4744186046511627
2025-09-17 10:45:00-03:00,847,31,907,955,6.7,887,3.3,1,0.9287958115183246,29.054285658937157,58.71875,13.4875,767.3658750000001,0,7.12041884816754,0.4770680628272252
2025-09-17 10:50:00-03:00,854,31,916,964,6.8,894,3.2,1,0.9273858921161826,26.73211665030777,58.9375,13.575000000000001,772.6395,0,7.261410788381744,0.49377593360995853
2025-09-17 10:55:00-03:00,861,32,925,973,6.9,901,3.1,1,0.9260020554984584,24.265419964636987,60.15625,14.0625,774.296875,0,7.399794450154163,0.5105858170606372
2025-09-17 11:00:00-03:00,867,32,932,981,7.0,908,3.0,1,0.9255861365953109,21.677386625437208,60.375,14.15,779.518,0,7.44138634046891,0.5208970438328236
2025-09-17 11:05:00-03:00,872,32,939,989,7.1,913,2.9,1,0.923154701718908,18.846067027999013,60.53125,14.2125,783.239875,0,7.684529828109202,0.5456016177957533
2025-09-17 11:10:00-03:00,876,32,946,995,7.4,917,2.8,1,0.9216080402010051,16.155259955878453,60.65625,14.262500000000001,786.212875,0,7.839195979899498,0.5801005025125628
2025-09-17 11:15:00-03:00,879,32,952,1001,7.6,920,2.7,1,0.919080919080919,13.317509549673433,60.75,14.3,788.4399999999999,0,8.091908091908092,0.614985014985015
2025-09-17 11:20:00-03:00,882,32,957,1007,7.9,922,2.6,1,0.9155908639523337,10.752025883787681,60.8125,14.325000000000001,789.9235,0,8.440913604766633,0.6668321747765641
2025-09-17 11:25:00-03:00,884,33,962,1012,8.1,924,2.5,1,0.9130434782608695,8.184889995717825,61.875,14.75,787.71,0,8.695652173913043,0.7043478260869565
2025-09-17 11:30:00-03:00,885,33,966,1016,8.4,925,2.5,1,0.9104330708661418,5.836146507772208,61.90625,14.762500000000001,788.446875,0,8.956692913385826,0.7523622047244095
2025-09-17 11:35:00-03:00,886,33,970,1020,8.6,926,2.4,1,0.907843137254902,4.056420275824472,61.9375,14.775,789.1835,0,9.215686274509805,0.7925490196078432
2025-09-17 11:40:00-03:00,887,33,973,1024,8.9,926,2.3,1,0.904296875,3.146667308612266,61.9375,14.775,789.1835,0,9.5703125,0.8517578125
2025-09-17 11:45:00-03:00,887,33,976,1026,9.1,926,2.2,1,0.9025341130604289,3.941811612374847,61.9375,14.775,789.1835,0,9.746588693957115,0.8869395711500974
2025-09-17 11:50:00-03:00,886,33,978,1028,9.4,925,2.1,1,0.8998054474708171,5.759708536359966,61.90625,14.762500000000001,788.446875,0,10.019455252918288,0.9418287937743192
2025-09-17 11:55:00-03:00,885,34,979,1030,9.6,924,2.0,1,0.8970873786407767,8.061787906041781,62.875,15.15,784.014,0,10.29126213592233,0.9879611650485437
2025-09-17 12:00:00-03:00,884,34,980,1031,9.9,922,1.9,1,0.8942774005819593,10.466034530205725,62.8125,15.125,782.5475,0,10.572259941804074,1.0466537342386033
2025-09-17 12:05:00-03:00,881,34,981,1031,10.2,918,1.8,1,0.8903976721629486,12.999708621427144,62.6875,15.075000000000001,779.6115,0,10.96023278370514,1.117943743937924
2025-09-17 12:10:00-03:00,876,34,980,1031,10.6,913,1.8,1,0.8855480116391853,15.631165450244595,62.53125,15.012500000000001,775.9358749999999,0,11.445198836081474,1.2131910766246363
2025-09-17 12:15:00-03:00,871,34,980,1030,11.0,908,1.7,1,0.8815533980582524,18.228141746067887,62.375,14.950000000000001,772.254,0,11.844660194174757,1.3029126213592233
2025-09-17 12:20:00-03:00,866,34,978,1029,11.5,902,1.7,1,0.8765792031098154,20.619202582813696,62.1875,14.875,767.8275000000001,0,12.342079689018465,1.4193391642371236
2025-09-17 12:25:00-03:00,860,34,976,1027,11.9,896,1.7,1,0.872444011684518,22.912713157590584,62.0,14.8,763.3919999999999,0,12.755598831548198,1.5179162609542356
2025-09-17 12:30:00-03:00,854,34,974,1024,12.3,889,1.6,1,0.8681640625,24.924735189005126,61.78125,14.7125,758.205875,0,13.18359375,1.62158203125
2025-09-17 12:35:00-03:00,847,34,971,1021,12.7,881,1.6,1,0.8628795298726738,26.75633598142928,61.53125,14.6125,752.263875,0,13.712047012732615,1.741429970617042
2025-09-17 12:40:00-03:00,840,35,967,1017,13.1,873,1.6,1,0.8584070796460177,28.19198252673083,62.28125,14.912500000000001,742.813875,0,14.15929203539823,1.854867256637168
2025-09-17 12:45:00-03:00,833,35,963,1013,13.5,865,1.6,1,0.8538993089832182,29.165541103816505,62.03125,14.8125,736.8718749999999,0,14.610069101678183,1.9723593287265546
2025-09-17 12:50:00-03:00,825,35,958,1008,14.0,856,1.5,1,0.8492063492063492,29.793608222380804,61.75,14.700000000000001,730.168,0,15.079365079365079,2.111111111111111
2025-09-17 12:55:00-03:00,816,35,953,1002,14.4,847,1.5,1,0.845309381237525,30.157540893231047,61.46875,14.5875,723.443875,0,15.469061876247507,2.227544910179641
2025-09-17 13:00:00-03:00,807,35,947,996,14.8,837,1.5,1,0.8403614457831325,30.34348814370074,61.15625,14.4625,715.948875,0,15.963855421686745,2.3626506024096385
2025-09-17 13:05:00-03:00,800,35,941,989,15.0,829,1.5,1,0.8382204246713852,30.43161733022043,60.90625,14.3625,709.934875,0,16.177957532861477,2.4266936299292214
2025-09-17 13:10:00-03:00,793,35,934,982,15.1,822,1.6,1,0.8370672097759674,30.533017399444738,60.6875,14.275,704.6595,0,16.293279022403258,2.4602851323828916
2025-09-17 13:15:00-03:00,786,35,927,974,15.2,814,1.6,1,0.8357289527720739,30.76437825954912,60.4375,14.175,698.6155,0,16.427104722792606,2.496919917864476
2025-09-17 13:20:00-03:00,778,35,918,965,15.3,806,1.7,1,0.8352331606217617,31.0760309075878,60.1875,14.075000000000001,692.5554999999999,0,16.476683937823836,2.5209326424870473
2025-09-17 13:25:00-03:00,770,35,910,956,15.4,797,1.7,1,0.8336820083682008,31.727413822725147,59.90625,13.9625,685.718875,0,16.631799163179917,2.561297071129707
2025-09-17 13:30:00-03:00,761,35,901,946,15.5,788,1.8,1,0.8329809725158562,32.65928333381581,59.625,13.850000000000001,678.862,0,16.701902748414376,2.5887949260042284
2025-09-17 13:35:00-03:00,753,35,891,936,15.5,779,1.8,1,0.8322649572649573,34.108005813968944,59.34375,13.7375,671.984875,0,16.773504273504273,2.5998931623931623
2025-09-17 13:40:00-03:00,743,35,881,926,15.6,769,1.9,1,0.8304535637149028,35.69430393400352,59.03125,13.6125,664.3198749999999,0,16.954643628509718,2.644924406047516
2025-09-17 13:45:00-03:00,734,35,870,914,15.7,759,1.9,1,0.8304157549234136,37.3146936693316,58.71875,13.4875,656.629875,0,16.95842450765864,2.6624726477024065
2025-09-17 13:50:00-03:00,723,35,859,902,15.8,748,2.0,1,0.8292682926829268,39.116279645858846,58.375,13.350000000000001,648.142,0,17.073170731707318,2.6975609756097567
2025-09-17 13:55:00-03:00,713,35,847,890,15.9,737,2.1,1,0.8280898876404494,40.79327038974214,58.03125,13.2125,639.623875,0,17.191011235955056,2.7333707865168537
2025-09-17 14:00:00-03:00,702,35,835,877,16.0,725,2.2,1,0.8266818700114025,42.67308782174232,57.65625,13.0625,630.296875,0,17.33181299885975,2.77309007981756
2025-09-17 14:05:00-03:00,690,35,823,864,16.1,713,2.2,1,0.8252314814814815,44.45111376727504,57.28125,12.912500000000001,620.933875,0,17.47685185185185,2.8137731481481483
2025-09-17 14:10:00-03:00,678,35,809,850,16.2,700,2.3,1,0.8235294117647058,46.156765156330955,56.875,12.75,610.75,0,17.647058823529413,2.8588235294117648
2025-09-17 14:15:00-03:00,665,35,796,836,16.4,686,2.3,1,0.8205741626794258,47.794065816505395,56.4375,12.575000000000001,599.7355,0,17.942583732057415,2.942583732057416
2025-09-17 14:20:00-03:00,652,35,782,821,16.6,673,2.4,1,0.8197320341047503,49.24305827097371,56.03125,12.412500000000001,589.4638749999999,0,18.026796589524967,2.992448233861145
2025-09-17 14:25:00-03:00,639,35,767,805,16.8,658,2.5,1,0.8173913043478261,50.68164152707088,55.5625,12.225000000000001,577.5595000000001,0,18.26086956521739,3.0678260869565217
2025-09-17 14:30:00-03:00,625,35,752,790,16.9,644,2.5,1,0.8151898734177215,51.98623069446286,55.125,12.05,566.3979999999999,0,18.48101265822785,3.1232911392405067
2025-09-17 14:35:00-03:00,611,35,737,773,17.1,629,2.6,1,0.8137128072445019,52.90550466862743,54.65625,11.8625,554.384875,0,18.628719275549805,3.185510996119017
2025-09-17 14:40:00-03:00,596,35,721,757,17.2,614,2.7,1,0.8110964332892999,53.401495269041234,54.1875,11.675,542.3155,0,18.890356671070013,3.249141347424042
2025-09-17 14:45:00-03:00,582,35,705,739,17.4,599,2.7,1,0.8105548037889039,53.31552733064911,53.71875,11.4875,530.1898749999999,0,18.944519621109606,3.296346414073071
2025-09-17 14:50:00-03:00,567,35,688,722,17.6,583,2.8,1,0.8074792243767313,52.8395943140413,53.21875,11.287500000000001,517.1938749999999,0,19.252077562326868,3.388365650969529
2025-09-17 14:55:00-03:00,552,35,671,704,17.8,567,2.9,1,0.8053977272727273,51.85549560309074,52.71875,11.0875,504.133875,0,19.460227272727273,3.463920454545455
2025-09-17 15:00:00-03:00,538,34,653,686,17.7,553,2.9,1,0.8061224489795918,50.971471521731154,51.28125,10.512500000000001,494.86587499999996,0,19.387755102040817,3.4316326530612247
2025-09-17 15:05:00-03:00,525,34,636,667,17.4,539,3.0,1,0.808095952023988,49.911740284041024,50.84375,10.3375,483.280875,0,19.1904047976012,3.339130434782609
2025-09-17 15:10:00-03:00,513,34,618,648,16.9,527,3.0,1,0.8132716049382716,49.0036331367972,50.46875,10.1875,473.31187500000004,0,18.67283950617284,3.1557098765432094
2025-09-17 15:15:00-03:00,501,34,599,629,16.4,515,3.1,1,0.8187599364069952,48.27972471112037,50.09375,10.037500000000001,463.306875,0,18.124006359300477,2.972337042925278
2025-09-17 15:20:00-03:00,489,34,581,609,15.9,503,3.1,1,0.825944170771757,48.20057525118558,49.71875,9.887500000000001,453.265875,0,17.4055829228243,2.767487684729064
2025-09-17 15:25:00-03:00,476,34,562,589,15.3,489,3.1,1,0.830220713073005,49.04813652902062,49.28125,9.7125,441.505875,0,16.97792869269949,2.5976230899830224
2025-09-17 15:30:00-03:00,463,34,543,569,14.8,476,3.2,1,0.836555360281195,50.59524471606535,48.875,9.55,430.542,0,16.34446397188049,2.4189806678383126
2025-09-17 15:35:00-03:00,449,34,523,549,14.2,462,3.2,1,0.8415300546448088,52.61200174173646,48.4375,9.375,418.6875,0,15.846994535519126,2.2502732240437155
2025-09-17 15:40:00-03:00,435,34,503,528,13.7,448,3.2,1,0.8484848484848485,54.9691373463857,48.0,9.200000000000001,406.784,0,15.151515151515152,2.0757575757575757
2025-09-17 15:45:00-03:00,418,34,484,507,13.5,431,3.3,1,0.8500986193293886,57.25454858203921,47.46875,8.9875,392.263875,0,14.990138067061142,2.023668639053254
2025-09-17 15:50:00-03:00,402,34,463,486,13.3,413,3.3,1,0.8497942386831275,59.47261911369115,46.90625,8.762500000000001,376.81087499999995,0,15.020576131687244,1.9977366255144036
2025-09-17 15:55:00-03:00,385,34,443,464,13.2,396,3.3,1,0.853448275862069,61.454836829144135,46.375,8.55,362.142,0,14.655172413793101,1.9344827586206892
2025-09-17 16:00:00-03:00,368,34,422,442,13.0,378,3.4,1,0.8552036199095022,63.337240708810675,45.8125,8.325000000000001,346.5315,0,14.479638009049776,1.8823529411764708
2025-09-17 16:05:00-03:00,350,34,402,421,12.9,360,3.4,1,0.8551068883610451,64.99388083084679,45.25,8.1,330.84000000000003,0,14.489311163895488,1.869121140142518
2025-09-17 16:10:00-03:00,332,34,382,400,12.9,342,3.4,1,0.855,66.26547846626785,44.6875,7.875,315.0675,0,14.499999999999998,1.8704999999999998
2025-09-17 16:15:00-03:00,315,34,361,378,12.9,323,3.5,1,0.8544973544973545,67.03165240572697,44.09375,7.6375,298.330875,0,14.550264550264549,1.8769841269841268
2025-09-17 16:20:00-03:00,297,34,341,357,13.0,304,3.5,1,0.8515406162464986,67.50667755971479,43.5,7.4,281.50399999999996,0,14.84593837535014,1.9299719887955182
2025-09-17 16:25:00-03:00,278,34,320,335,13.2,285,3.5,1,0.8507462686567164,67.96807405619849,42.90625,7.1625000000000005,264.58687499999996,0,14.925373134328357,1.970149253731343
2025-09-17 16:30:00-03:00,259,34,300,314,13.5,265,3.5,1,0.8439490445859873,68.09279541830095,42.28125,6.9125000000000005,246.681875,0,15.605095541401273,2.106687898089172
2025-09-17 16:35:00-03:00,241,34,279,292,13.8,246,3.6,1,0.8424657534246576,67.88158138191022,41.6875,6.675000000000001,229.5795,0,15.753424657534246,2.173972602739726
2025-09-17 16:40:00-03:00,223,34,259,271,14.1,227,3.6,1,0.8376383763837638,67.35928092900447,41.09375,6.4375,212.386875,0,16.236162361623617,2.28929889298893
2025-09-17 16:45:00-03:00,205,34,239,250,14.4,209,3.6,1,0.836,66.81787775647034,40.53125,6.2125,196.015875,0,16.400000000000002,2.3616
2025-09-17 16:50:00-03:00,187,34,219,229,14.6,190,3.6,1,0.8296943231441049,66.26181998616265,39.9375,5.9750000000000005,178.6475,0,17.03056768558952,2.48646288209607
2025-09-17 16:55:00-03:00,170,34,200,208,14.9,172,3.7,1,0.8269230769230769,65.44301245196253,39.375,5.75,162.11,0,17.307692307692307,2.5788461538461536
2025-09-17 17:00:00-03:00,153,33,181,188,15.2,155,3.7,1,0.824468085106383,64.16715859708995,37.84375,5.1375,147.036875,0,17.5531914893617,2.6680851063829785
2025-09-17 17:05:00-03:00,137,33,162,169,15.8,138,3.7,1,0.8165680473372781,62.59604741127839,37.3125,4.925000000000001,131.2035,0,18.34319526627219,2.898224852071006
2025-09-17 17:10:00-03:00,119,33,145,151,17.9,119,3.6,1,0.7880794701986755,60.60371775774547,36.71875,4.6875,113.421875,0,21.192052980132452,3.7933774834437086
2025-09-17 17:15:00-03:00,102,33,127,133,20.1,101,3.6,1,0.7593984962406015,57.981906791268855,36.15625,4.4625,96.492875,0,24.06015037593985,4.83609022556391
2025-09-17 17:20:00-03:00,86,33,111,115,22.2,85,3.5,1,0.7391304347826086,54.66502676771531,35.65625,4.2625,81.376875,0,26.08695652173913,5.791304347826086
2025-09-17 17:25:00-03:00,72,32,95,99,24.4,71,3.5,1,0.7171717171717171,51.043653331775054,34.21875,3.6875,68.381875,0,28.28282828282828,6.9010101010101
2025-09-17 17:30:00-03:00,59,32,80,83,26.6,58,3.4,1,0.6987951807228916,47.06636191849031,33.8125,3.5250000000000004,55.9555,0,30.120481927710845,8.012048192771084
2025-09-17 17:35:00-03:00,47,32,66,68,28.8,46,3.4,1,0.6764705882352942,42.773186163125025,33.4375,3.375,44.447500000000005,0,32.35294117647059,9.31764705882353
2025-09-17 17:40:00-03:00,38,32,53,54,28.1,37,3.3,1,0.6851851851851852,38.25146065739376,33.15625,3.2625,35.792875,0,31.48148148148148,8.846296296296297
2025-09-17 17:45:00-03:00,29,31,40,41,27.3,29,3.3,1,0.7073170731707317,33.62313417150541,31.90625,2.7625,28.198875,0,29.268292682926827,7.990243902439024
2025-09-17 17:50:00-03:00,21,31,29,29,26.6,21,3.2,1,0.7241379310344828,29.07083824666126,31.65625,2.6625,20.440875,0,27.586206896551722,7.337931034482758
2025-09-17 17:55:00-03:00,14,31,19,18,25.8,14,3.2,1,0.7777777777777778,24.673627191553905,31.4375,2.575,13.6395,0,22.22222222222222,5.733333333333333
2025-09-17 18:00:00-03:00,7,31,9,9,25.1,7,3.2,0,0.7777777777777778,20.441157234628886,31.21875,2.4875000000000003,6.825875,0,22.22222222222222,5.577777777777778
2025-09-17 18:05:00-03:00,1,30,1,1,24.8,1,3.1,0,1.0,16.54447632805616,30.03125,2.0125,0.979875,0,0.0,0.0
2025-09-17 18:10:00-03:00,0,30,0,0,25.1,0,3.0,0,,13.166474873935535,30.0,2.0,0.0,0,,
2025-09-17 18:15:00-03:00,0,30,0,0,25.3,0,2.8,0,,9.981801622767303,30.0,2.0,0.0,0,,
2025-09-17 18:20:00-03:00,0,30,0,0,25.6,0,2.7,0,,6.960385743397199,30.0,2.0,0.0,0,,
2025-09-17 18:25:00-03:00,0,30,0,0,25.8,0,2.6,0,,4.323999271147911,30.0,2.0,0.0,0,,
2025-09-17 18:30:00-03:00,0,29,0,0,26.1,0,2.5,0,,2.0150945537429457,29.0,1.6,0.0,0,,
2025-09-17 18:35:00-03:00,0,29,0,0,26.3,0,2.4,0,,0.28867513445390625,29.0,1.6,0.0,0,,
2025-09-17 18:40:00-03:00,0,29,0,0,26.6,0,2.3,0,,0.0,29.0,1.6,0.0,0,,
2025-09-17 18:45:00-03:00,0,29,0,0,26.8,0,2.2,0,,0.0,29.0,1.6,0.0,0,,
2025-09-17 18:50:00-03:00,0,29,0,0,27.1,0,2.2,0,,0.0,29.0,1.6,0.0,0,,
2025-09-17 18:55:00-03:00,0,29,0,0,27.3,0,2.1,0,,0.0,29.0,1.6,0.0,0,,
2025-09-17 19:00:00-03:00,0,28,0,0,27.6,0,2.0,0,,0.0,28.0,1.2000000000000002,0.0,0,,
2025-09-17 19:05:00-03:00,0,28,0,0,27.8,0,2.0,0,,0.0,28.0,1.2000000000000002,0.0,0,,
2025-09-17 19:10:00-03:00,0,28,0,0,28.1,0,2.0,0,,0.0,28.0,1.2000000000000002,0.0,0,,
2025-09-17 19:15:00-03:00,0,28,0,0,28.3,0,2.0,0,,0.0,28.0,1.2000000000000002,0.0,0,,
2025-09-17 19:20:00-03:00,0,28,0,0,28.6,0,2.0,0,,0.0,28.0,1.2000000000000002,0.0,0,,
2025-09-17 19:25:00-03:00,0,28,0,0,28.8,0,2.0,0,,0.0,28.0,1.2000000000000002,0.0,0,,
2025-09-17 19:30:00-03:00,0,28,0,0,29.1,0,2.0,0,,0.0,28.0,1.2000000000000002,0.0,0,,
2025-09-17 19:35:00-03:00,0,28,0,0,29.3,0,2.1,0,,0.0,28.0,1.2000000000000002,0.0,0,,
2025-09-17 19:40:00-03:00,0,28,0,0,29.6,0,2.1,0,,0.0,28.0,1.2000000000000002,0.0,0,,
2025-09-17 19:45:00-03:00,0,27,0,0,29.8,0,2.1,0,,0.0,27.0,0.8,0.0,0,,
2025-09-17 19:50:00-03:00,0,27,0,0,30.1,0,2.1,0,,0.0,27.0,0.8,0.0,0,,
2025-09-17 19:55:00-03:00,0,27,0,0,30.3,0,2.1,0,,0.0,27.0,0.8,0.0,0,,
2025-09-17 20:00:00-03:00,0,27,0,0,30.5,0,2.1,0,,0.0,27.0,0.8,0.0,0,,
2025-09-17 20:05:00-03:00,0,27,0,0,30.8,0,2.1,0,,0.0,27.0,0.8,0.0,0,,
2025-09-17 20:10:00-03:00,0,27,0,0,31.0,0,2.0,0,,0.0,27.0,0.8,0.0,0,,
2025-09-17 20:15:00-03:00,0,27,0,0,31.3,0,1.9,0,,0.0,27.0,0.8,0.0,0,,
2025-09-17 20:20:00-03:00,0,27,0,0,31.5,0,1.9,0,,0.0,27.0,0.8,0.0,0,,
2025-09-17 20:25:00-03:00,0,27,0,0,31.8,0,1.8,0,,0.0,27.0,0.8,0.0,0,,
2025-09-17 20:30:00-03:00,0,27,0,0,32.0,0,1.7,0,,0.0,27.0,0.8,0.0,0,,
2025-09-17 20:35:00-03:00,0,26,0,0,32.2,0,1.7,0,,0.0,26.0,0.4,0.0,0,,
2025-09-17 20:40:00-03:00,0,26,0,0,32.5,0,1.6,0,,0.0,26.0,0.4,0.0,0,,
2025-09-17 20:45:00-03:00,0,26,0,0,32.7,0,1.5,0,,0.0,26.0,0.4,0.0,0,,
2025-09-17 20:50:00-03:00,0,26,0,0,33.0,0,1.5,0,,0.0,26.0,0.4,0.0,0,,
2025-09-17 20:55:00-03:00,0,26,0,0,33.2,0,1.4,0,,0.0,26.0,0.4,0.0,0,,
2025-09-17 21:00:00-03:00,0,26,0,0,33.4,0,1.3,0,,0.0,26.0,0.4,0.0,0,,
2025-09-17 21:05:00-03:00,0,26,0,0,33.6,0,1.3,0,,0.0,26.0,0.4,0.0,0,,
2025-09-17 21:10:00-03:00,0,26,0,0,33.6,0,1.3,0,,0.0,26.0,0.4,0.0,0,,
2025-09-17 21:15:00-03:00,0,26,0,0,33.6,0,1.2,0,,0.0,26.0,0.4,0.0,0,,
2025-09-17 21:20:00-03:00,0,26,0,0,33.6,0,1.2,0,,0.0,26.0,0.4,0.0,0,,
2025-09-17 21:25:00-03:00,0,26,0,0,33.6,0,1.2,0,,0.0,26.0,0.4,0.0,0,,
2025-09-17 21:30:00-03:00,0,26,0,0,33.6,0,1.1,0,,0.0,26.0,0.4,0.0,0,,
2025-09-17 21:35:00-03:00,0,26,0,0,33.6,0,1.1,0,,0.0,26.0,0.4,0.0,0,,
2025-09-17 21:40:00-03:00,0,26,0,0,33.6,0,1.1,0,,0.0,26.0,0.4,0.0,0,,
2025-09-17 21:45:00-03:00,0,26,0,0,33.6,0,1.0,0,,0.0,26.0,0.4,0.0,0,,
2025-09-17 21:50:00-03:00,0,26,0,0,33.6,0,1.0,0,,0.0,26.0,0.4,0.0,0,,
2025-09-17 21:55:00-03:00,0,26,0,0,33.6,0,1.0,0,,0.0,26.0,0.4,0.0,0,,
2025-09-17 22:00:00-03:00,0,26,0,0,33.6,0,1.0,0,,0.0,26.0,0.4,0.0,0,,
2025-09-17 22:05:00-03:00,0,26,0,0,33.4,0,1.0,0,,0.0,26.0,0.4,0.0,0,,
2025-09-17 22:10:00-03:00,0,26,0,0,33.2,0,1.0,0,,0.0,26.0,0.4,0.0,0,,
2025-09-17 22:15:00-03:00,0,26,0,0,33.0,0,1.1,0,,0.0,26.0,0.4,0.0,0,,
2025-09-17 22:20:00-03:00,0,26,0,0,32.7,0,1.2,0,,0.0,26.0,0.4,0.0,0,,
2025-09-17 22:25:00-03:00,0,26,0,0,32.5,0,1.3,0,,0.0,26.0,0.4,0.0,0,,
2025-09-17 22:30:00-03:00,0,26,0,0,32.2,0,1.3,0,,0.0,26.0,0.4,0.0,0,,
2025-09-17 22:35:00-03:00,0,26,0,0,32.0,0,1.4,0,,0.0,26.0,0.4,0.0,0,,
2025-09-17 22:40:00-03:00,0,26,0,0,31.8,0,1.5,0,,0.0,26.0,0.4,0.0,0,,
2025-09-17 22:45:00-03:00,0,26,0,0,31.5,0,1.5,0,,0.0,26.0,0.4,0.0,0,,
2025-09-17 22:50:00-03:00,0,26,0,0,31.3,0,1.6,0,,0.0,26.0,0.4,0.0,0,,
2025-09-17 22:55:00-03:00,0,26,0,0,31.0,0,1.7,0,,0.0,26.0,0.4,0.0,0,,
2025-09-17 23:00:00-03:00,0,26,0,0,30.8,0,1.8,0,,0.0,26.0,0.4,0.0,0,,
2025-09-17 23:05:00-03:00,0,26,0,0,30.6,0,1.8,0,,0.0,26.0,0.4,0.0,0,,
2025-09-17 23:10:00-03:00,0,26,0,0,30.5,0,1.9,0,,0.0,26.0,0.4,0.0,0,,
2025-09-17 23:15:00-03:00,0,26,0,0,30.4,0,1.9,0,,0.0,26.0,0.4,0.0,0,,
2025-09-17 23:20:00-03:00,0,26,0,0,30.2,0,1.9,0,,0.0,26.0,0.4,0.0,0,,
2025-09-17 23:25:00-03:00,0,26,0,0,30.1,0,1.9,0,,0.0,26.0,0.4,0.0,0,,
2025-09-17 23:30:00-03:00,0,25,0,0,30.0,0,2.0,0,,0.0,25.0,0.0,0.0,0,,
2025-09-17 23:35:00-03:00,0,25,0,0,29.9,0,2.0,0,,0.0,25.0,0.0,0.0,0,,
2025-09-17 23:40:00-03:00,0,25,0,0,29.7,0,2.0,0,,0.0,25.0,0.0,0.0,0,,
2025-09-17 23:45:00-03:00,0,25,0,0,29.6,0,2.1,0,,0.0,25.0,0.0,0.0,0,,
2025-09-17 23:50:00-03:00,0,25,0,0,29.5,0,2.1,0,,0.0,25.0,0.0,0.0,0,,
2025-09-17 23:55:00-03:00,0,25,0,0,29.4,0,2.1,0,,0.0,25.0,0.0,0.0,0,,
2025-09-18 00:00:00-03:00,0,25,0,0,29.3,0,2.2,0,,0.0,25.0,0.0,0.0,0,,
2025-09-18 00:05:00-03:00,0,24,0,0,28.9,0,2.2,0,,0.0,24.0,0.0,0.0,0,,
2025-09-18 00:10:00-03:00,0,24,0,0,28.5,0,2.2,0,,0.0,24.0,0.0,0.0,0,,
2025-09-18 00:15:00-03:00,0,24,0,0,28.0,0,2.2,0,,0.0,24.0,0.0,0.0,0,,
2025-09-18 00:20:00-03:00,0,24,0,0,27.5,0,2.2,0,,0.0,24.0,0.0,0.0,0,,
2025-09-18 00:25:00-03:00,0,24,0,0,27.0,0,2.2,0,,0.0,24.0,0.0,0.0,0,,
2025-09-18 00:30:00-03:00,0,24,0,0,26.5,0,2.2,0,,0.0,24.0,0.0,0.0,0,,
2025-09-18 00:35:00-03:00,0,24,0,0,25.9,0,2.3,0,,0.0,24.0,0.0,0.0,0,,
2025-09-18 00:40:00-03:00,0,24,0,0,25.4,0,2.3,0,,0.0,24.0,0.0,0.0,0,,
2025-09-18 00:45:00-03:00,0,24,0,0,24.9,0,2.3,0,,0.0,24.0,0.0,0.0,0,,
2025-09-18 00:50:00-03:00,0,24,0,0,24.4,0,2.3,0,,0.0,24.0,0.0,0.0,0,,
2025-09-18 00:55:00-03:00,0,24,0,0,23.9,0,2.3,0,,0.0,24.0,0.0,0.0,0,,
2025-09-18 01:00:00-03:00,0,24,0,0,23.4,0,2.3,0,,0.0,24.0,0.0,0.0,0,,
2025-09-18 01:05:00-03:00,0,24,0,0,23.0,0,2.3,0,,0.0,24.0,0.0,0.0,0,,
2025-09-18 01:10:00-03:00,0,24,0,0,22.8,0,2.4,0,,0.0,24.0,0.0,0.0,0,,
2025-09-18 01:15:00-03:00,0,24,0,0,22.5,0,2.4,0,,0.0,24.0,0.0,0.0,0,,
2025-09-18 01:20:00-03:00,0,24,0,0,22.2,0,2.4,0,,0.0,24.0,0.0,0.0,0,,
2025-09-18 01:25:00-03:00,0,24,0,0,22.0,0,2.5,0,,0.0,24.0,0.0,0.0,0,,
2025-09-18 01:30:00-03:00,0,24,0,0,21.7,0,2.5,0,,0.0,24.0,0.0,0.0,0,,
2025-09-18 01:35:00-03:00,0,24,0,0,21.5,0,2.5,0,,0.0,24.0,0.0,0.0,0,,
2025-09-18 01:40:00-03:00,0,24,0,0,21.2,0,2.6,0,,0.0,24.0,0.0,0.0,0,,
2025-09-18 01:45:00-03:00,0,24,0,0,20.9,0,2.6,0,,0.0,24.0,0.0,0.0,0,,
2025-09-18 01:50:00-03:00,0,24,0,0,20.7,0,2.6,0,,0.0,24.0,0.0,0.0,0,,
2025-09-18 01:55:00-03:00,0,24,0,0,20.4,0,2.7,0,,0.0,24.0,0.0,0.0,0,,
2025-09-18 02:00:00-03:00,0,24,0,0,20.2,0,2.7,0,,0.0,24.0,0.0,0.0,0,,
2025-09-18 02:05:00-03:00,0,24,0,0,19.9,0,2.7,0,,0.0,24.0,0.0,0.0,0,,
2025-09-18 02:10:00-03:00,0,24,0,0,19.6,0,2.8,0,,0.0,24.0,0.0,0.0,0,,
2025-09-18 02:15:00-03:00,0,24,0,0,19.4,0,2.8,0,,0.0,24.0,0.0,0.0,0,,
2025-09-18 02:20:00-03:00,0,24,0,0,19.1,0,2.8,0,,0.0,24.0,0.0,0.0,0,,
2025-09-18 02:25:00-03:00,0,24,0,0,18.8,0,2.9,0,,0.0,24.0,0.0,0.0,0,,
2025-09-18 02:30:00-03:00,0,24,0,0,18.6,0,2.9,0,,0.0,24.0,0.0,0.0,0,,
2025-09-18 02:35:00-03:00,0,24,0,0,18.3,0,2.9,0,,0.0,24.0,0.0,0.0,0,,
2025-09-18 02:40:00-03:00,0,24,0,0,18.0,0,3.0,0,,0.0,24.0,0.0,0.0,0,,
2025-09-18 02:45:00-03:00,0,24,0,0,17.8,0,3.0,0,,0.0,24.0,0.0,0.0,0,,
2025-09-18 02:50:00-03:00,0,24,0,0,17.5,0,3.0,0,,0.0,24.0,0.0,0.0,0,,
2025-09-18 02:55:00-03:00,0,24,0,0,17.2,0,3.1,0,,0.0,24.0,0.0,0.0,0,,
2025-09-18 03:00:00-03:00,0,24,0,0,17.0,0,3.1,0,,0.0,24.0,0.0,0.0,0,,
2025-09-18 03:05:00-03:00,0,24,0,0,16.8,0,3.1,0,,0.0,24.0,0.0,0.0,0,,
2025-09-18 03:10:00-03:00,0,24,0,0,16.8,0,3.1,0,,0.0,24.0,0.0,0.0,0,,
2025-09-18 03:15:00-03:00,0,24,0,0,16.8,0,3.0,0,,0.0,24.0,0.0,0.0,0,,
2025-09-18 03:20:00-03:00,0,24,0,0,16.8,0,3.0,0,,0.0,24.0,0.0,0.0,0,,
2025-09-18 03:25:00-03:00,0,24,0,0,16.8,0,2.9,0,,0.0,24.0,0.0,0.0,0,,
2025-09-18 03:30:00-03:00,0,24,0,0,16.8,0,2.9,0,,0.0,24.0,0.0,0.0,0,,
2025-09-18 03:35:00-03:00,0,24,0,0,16.8,0,2.9,0,,0.0,24.0,0.0,0.0,0,,
2025-09-18 03:40:00-03:00,0,24,0,0,16.8,0,2.8,0,,0.0,24.0,0.0,0.0,0,,
2025-09-18 03:45:00-03:00,0,24,0,0,16.8,0,2.8,0,,0.0,24.0,0.0,0.0,0,,
2025-09-18 03:50:00-03:00,0,24,0,0,16.8,0,2.7,0,,0.0,24.0,0.0,0.0,0,,
2025-09-18 03:55:00-03:00,0,24,0,0,16.8,0,2.7,0,,0.0,24.0,0.0,0.0,0,,
2025-09-18 04:00:00-03:00,0,24,0,0,16.8,0,2.7,0,,0.0,24.0,0.0,0.0,0,,
2025-09-18 04:05:00-03:00,0,24,0,0,16.8,0,2.7,0,,0.0,24.0,0.0,0.0,0,,
2025-09-18 04:10:00-03:00,0,24,0,0,16.8,0,2.9,0,,0.0,24.0,0.0,0.0,0,,
2025-09-18 04:15:00-03:00,0,24,0,0,16.8,0,3.1,0,,0.0,24.0,0.0,0.0,0,,
2025-09-18 04:20:00-03:00,0,24,0,0,16.8,0,3.2,0,,0.0,24.0,0.0,0.0,0,,
2025-09-18 04:25:00-03:00,0,24,0,0,16.8,0,3.4,0,,0.0,24.0,0.0,0.0,0,,
2025-09-18 04:30:00-03:00,0,24,0,0,16.8,0,3.6,0,,0.0,24.0,0.0,0.0,0,,
2025-09-18 04:35:00-03:00,0,24,0,0,16.8,0,3.7,0,,0.0,24.0,0.0,0.0,0,,
2025-09-18 04:40:00-03:00,0,24,0,0,16.8,0,3.9,0,,0.0,24.0,0.0,0.0,0,,
2025-09-18 04:45:00-03:00,0,24,0,0,16.8,0,4.1,0,,0.0,24.0,0.0,0.0,0,,
2025-09-18 04:50:00-03:00,0,24,0,0,16.8,0,4.3,0,,0.0,24.0,0.0,0.0,0,,
2025-09-18 04:55:00-03:00,0,24,0,0,16.8,0,4.4,0,,0.0,24.0,0.0,0.0,0,,
2025-09-18 05:00:00-03:00,0,24,0,0,16.8,0,4.6,0,,0.0,24.0,0.0,0.0,0,,
2025-09-18 05:05:00-03:00,0,24,0,0,16.9,0,4.7,0,,0.0,24.0,0.0,0.0,0,,
2025-09-18 05:10:00-03:00,0,24,0,0,17.0,0,4.7,0,,0.0,24.0,0.0,0.0,0,,
2025-09-18 05:15:00-03:00,0,24,0,0,17.2,0,4.7,0,,0.0,24.0,0.0,0.0,0,,
2025-09-18 05:20:00-03:00,0,24,0,0,17.3,0,4.8,0,,0.0,24.0,0.0,0.0,0,,
2025-09-18 05:25:00-03:00,0,24,0,0,17.4,0,4.8,0,,0.0,24.0,0.0,0.0,0,,
2025-09-18 05:30:00-03:00,0,23,0,0,17.6,0,4.8,0,,0.0,23.0,0.0,0.0,0,,
2025-09-18 05:35:00-03:00,0,23,0,0,17.7,0,4.8,0,,0.0,23.0,0.0,0.0,0,,
2025-09-18 05:40:00-03:00,0,23,0,0,17.8,0,4.9,0,,0.0,23.0,0.0,0.0,0,,
2025-09-18 05:45:00-03:00,0,23,0,0,18.0,0,4.9,0,,0.0,23.0,0.0,0.0,0,,
2025-09-18 05:50:00-03:00,0,23,0,0,18.1,0,4.9,0,,1.1547005383439828,23.0,0.0,0.0,0,,
2025-09-18 05:55:00-03:00,0,23,0,0,18.2,0,4.9,0,,3.550501458382853,23.0,0.0,0.0,0,,
2025-09-18 06:00:00-03:00,0,23,0,0,18.4,0,5.0,0,,6.89971453075981,23.0,0.0,0.0,0,,
2025-09-18 06:05:00-03:00,0,23,0,0,18.5,0,5.0,0,,10.701175239900893,23.0,0.0,0.0,0,,
2025-09-18 06:10:00-03:00,0,23,0,0,18.6,0,5.0,0,,15.138752200288279,23.0,0.0,0.0,0,,
2025-09-18 06:15:00-03:00,4,23,5,5,18.8,4,5.0,0,0.8,20.231987873989212,23.125,0.0,4.0,0,20.0,3.76
2025-09-18 06:20:00-03:00,13,23,15,15,18.9,12,5.1,1,0.8,25.75216966440213,23.375,0.0,12.0,0,20.0,3.78
2025-09-18 06:25:00-03:00,22,23,27,26,19.0,22,5.1,1,0.8461538461538461,32.22882203396329,23.6875,0.0,22.0,0,15.384615384615385,2.9230769230769234
2025-09-18 06:30:00-03:00,33,23,40,41,19.2,32,5.1,1,0.7804878048780488,39.215797682549976,24.0,0.0,32.0,0,21.951219512195124,4.214634146341464
2025-09-18 06:35:00-03:00,44,23,55,59,19.3,44,5.1,1,0.7457627118644068,46.51580050874753,24.375,0.0,44.0,0,25.423728813559322,4.90677966101695
2025-09-18 06:40:00-03:00,57,23,71,76,19.4,58,5.2,1,0.7631578947368421,53.897981634216315,24.8125,0.0,58.0,0,23.684210526315788,4.594736842105262
2025-09-18 06:45:00-03:00,72,23,88,94,18.3,73,5.2,1,0.776595744680851,61.083152465728254,25.28125,0.1125,72.917875,0,22.340425531914892,4.0882978723404255
2025-09-18 06:50:00-03:00,90,23,106,113,15.3,93,5.2,1,0.8230088495575221,67.90635262825275,25.90625,0.36250000000000004,92.662875,0,17.699115044247787,2.7079646017699117
2025-09-18 06:55:00-03:00,109,23,124,133,12.3,114,5.2,1,0.8571428571428571,73.5932720903859,26.5625,0.625,113.28750000000001,0,14.285714285714285,1.7571428571428571
2025-09-18 07:00:00-03:00,131,23,144,154,9.3,137,5.3,1,0.8896103896103896,78.22500568968583,27.28125,0.9125000000000001,135.749875,0,11.03896103896104,1.0266233766233768
2025-09-18 07:05:00-03:00,153,23,164,175,6.3,162,5.3,1,0.9257142857142857,81.61383572543346,28.0625,1.225,160.0155,0,7.428571428571429,0.46799999999999997
2025-09-18 07:10:00-03:00,178,23,184,196,3.3,189,5.3,1,0.9642857142857143,83.94275646913326,28.90625,1.5625,186.046875,0,3.571428571428571,0.11785714285714284
2025-09-18 07:15:00-03:00,203,24,205,218,0.7,216,5.4,1,0.9908256880733946,85.1120473614661,30.75,2.3000000000000003,211.03199999999998,0,0.9174311926605505,0.006422018348623854
2025-09-18 07:20:00-03:00,224,24,225,240,0.7,238,5.4,1,0.9916666666666667,85.06290007809986,31.4375,2.575,231.8715,0,0.8333333333333334,0.005833333333333334
2025-09-18 07:25:00-03:00,245,24,246,262,0.6,260,5.5,1,0.9923664122137404,84.52698152696824,32.125,2.85,252.59,0,0.7633587786259541,0.0045801526717557245
2025-09-18 07:30:00-03:00,266,24,267,284,0.6,282,5.5,1,0.9929577464788732,83.44091540507078,32.8125,3.125,273.1875,0,0.7042253521126761,0.004225352112676057
2025-09-18 07:35:00-03:00,287,24,289,306,0.5,305,5.6,1,0.9967320261437909,82.10027128733712,33.53125,3.4125,294.591875,0,0.32679738562091504,0.0016339869281045752
2025-09-18 07:40:00-03:00,308,25,310,329,0.5,327,5.6,1,0.993920972644377,80.86858025665511,35.21875,4.0875,313.633875,0,0.60790273556231,0.00303951367781155
2025-09-18 07:45:00-03:00,330,25,331,351,0.5,349,5.6,1,0.9943019943019943,80.02954000072137,35.90625,4.3625,333.774875,0,0.5698005698005698,0.002849002849002849
2025-09-18 07:50:00-03:00,351,25,352,373,0.4,372,5.7,1,0.9973190348525469,79.8663182316461,36.625,4.65,354.702,0,0.2680965147453083,0.0010723860589812334
2025-09-18 07:55:00-03:00,372,25,373,396,0.3,394,5.7,1,0.9949494949494949,79.67756993982007,37.3125,4.925000000000001,374.5955,0,0.5050505050505051,0.0015151515151515152
2025-09-18 08:00:00-03:00,393,25,394,418,0.4,416,5.8,1,0.9952153110047847,79.32537520563588,38.0,5.2,394.368,0,0.4784688995215311,0.0019138755980861245
2025-09-18 08:05:00-03:00,414,26,415,440,0.4,438,5.8,1,0.9954545454545455,78.83407008432557,39.6875,5.875,412.26750000000004,0,0.45454545454545453,0.0018181818181818182
2025-09-18 08:10:00-03:00,434,26,436,462,0.4,459,5.8,1,0.9935064935064936,78.39391596677514,40.34375,6.1375,430.82887500000004,0,0.6493506493506493,0.002597402597402598
2025-09-18 08:15:00-03:00,455,26,457,483,0.4,481,5.7,1,0.9958592132505176,77.75305703821304,41.03125,6.4125000000000005,450.155875,0,0.4140786749482402,0.0016563146997929609
2025-09-18 08:20:00-03:00,476,26,477,505,0.4,503,5.7,1,0.996039603960396,76.42286663986289,41.71875,6.6875,469.361875,0,0.39603960396039606,0.0015841584158415845
2025-09-18 08:25:00-03:00,496,27,498,526,0.3,524,5.7,1,0.9961977186311787,74.59156463804221,43.375,7.3500000000000005,485.486,0,0.38022813688212925,0.0011406844106463877
2025-09-18 08:30:00-03:00,516,27,518,547,0.3,545,5.7,1,0.9963436928702011,72.2836898489661,44.03125,7.612500000000001,503.511875,0,0.3656307129798903,0.0010968921389396709
2025-09-18 08:35:00-03:00,536,27,538,568,0.3,566,5.7,1,0.9964788732394366,69.53149493487454,44.6875,7.875,521.4275,0,0.35211267605633806,0.0010563380281690142
2025-09-18 08:40:00-03:00,555,27,557,588,0.4,586,5.6,1,0.9965986394557823,66.51514978946402,45.3125,8.125,538.3874999999999,0,0.3401360544217687,0.001360544217687075
2025-09-18 08:45:00-03:00,570,27,576,609,1.1,602,5.6,1,0.9885057471264368,63.1133540112164,45.8125,8.325000000000001,551.8835,0,1.1494252873563218,0.01264367816091954
2025-09-18 08:50:00-03:00,585,28,595,629,1.7,617,5.6,1,0.9809220985691574,59.68604730105604,47.28125,8.9125,562.009875,0,1.9077901430842605,0.03243243243243243
2025-09-18 08:55:00-03:00,599,28,614,648,2.4,632,5.6,1,0.9753086419753086,56.33739002785947,47.75,9.1,574.488,0,2.4691358024691357,0.059259259259259255
2025-09-18 09:00:00-03:00,613,28,633,668,3.1,646,5.6,1,0.9670658682634731,53.5356012954019,48.1875,9.275,586.0835,0,3.293413173652695,0.10209580838323355
2025-09-18 09:05:00-03:00,627,28,651,687,3.7,660,5.5,1,0.9606986899563319,51.626866390794554,48.625,9.450000000000001,597.63,0,3.9301310043668125,0.14541484716157208
2025-09-18 09:10:00-03:00,640,28,668,705,4.2,673,5.5,1,0.9546099290780142,50.93549099030898,49.03125,9.6125,608.307875,0,4.539007092198582,0.19063829787234046
2025-09-18 09:15:00-03:00,653,29,686,723,4.8,686,5.5,1,0.9488243430152143,51.248651127847594,50.4375,10.175,616.1995,0,5.117565698478561,0.24564315352697094
2025-09-18 09:20:00-03:00,665,29,703,741,5.4,698,5.6,1,0.941970310391363,51.827438035589935,50.8125,10.325000000000001,625.9314999999999,0,5.802968960863698,0.3133603238866397
2025-09-18 09:25:00-03:00,679,29,719,758,5.6,713,5.6,1,0.9406332453825857,52.5261839466715,51.28125,10.512500000000001,638.045875,0,5.936675461741425,0.33245382585751976
2025-09-18 09:30:00-03:00,695,29,735,775,5.5,729,5.6,1,0.9406451612903226,53.34017475059303,51.78125,10.7125,650.905875,0,5.935483870967742,0.32645161290322583
2025-09-18 09:35:00-03:00,710,29,751,792,5.5,746,5.6,1,0.9419191919191919,53.97024994186543,52.3125,10.925,664.4994999999999,0,5.808080808080808,0.3194444444444444
2025-09-18 09:40:00-03:00,725,29,767,808,5.4,762,5.6,1,0.943069306930693,54.42279769628204,52.8125,11.125,677.2275000000001,0,5.693069306930694,0.3074257425742575
2025-09-18 09:45:00-03:00,740,30,782,824,5.3,777,5.6,1,0.9429611650485437,54.54515782747136,54.28125,11.7125,685.993875,0,5.703883495145631,0.30230582524271843
2025-09-18 09:50:00-03:00,755,30,796,839,5.2,792,5.6,1,0.9439809296781884,54.04459438110052,54.75,11.9,697.752,0,5.601907032181168,0.29129916567342073
2025-09-18 09:55:00-03:00,769,30,810,854,5.1,807,5.6,1,0.9449648711943794,52.897556797559155,55.21875,12.0875,709.4538749999999,0,5.50351288056206,0.2806791569086651
2025-09-18 10:00:00-03:00,782,30,824,868,5.0,821,5.6,1,0.945852534562212,51.42772215507964,55.65625,12.262500000000001,720.324875,0,5.414746543778802,0.27073732718894006
2025-09-18 10:05:00-03:00,796,30,837,882,5.0,835,5.6,1,0.9467120181405896,49.741985801881654,56.09375,12.4375,731.146875,0,5.328798185941043,0.26643990929705214
2025-09-18 10:10:00-03:00,808,30,850,895,4.9,849,5.6,1,0.9486033519553073,48.13703607850893,56.53125,12.6125,741.9198749999999,0,5.139664804469274,0.25184357541899444
2025-09-18 10:15:00-03:00,821,31,862,908,4.8,861,5.5,1,0.948237885462555,46.592690283758,57.90625,13.162500000000001,747.670875,0,5.176211453744493,0.24845814977973565
2025-09-18 10:20:00-03:00,832,31,874,920,4.7,874,5.5,1,0.95,44.931935056017565,58.3125,13.325000000000001,757.5395,0,5.0,0.235
2025-09-18 10:25:00-03:00,844,31,885,932,4.6,886,5.4,1,0.9506437768240343,43.278082492663664,58.6875,13.475000000000001,766.6115,0,4.935622317596566,0.22703862660944205
2025-09-18 10:30:00-03:00,855,31,895,943,4.5,897,5.4,1,0.9512195121951219,41.63004451186628,59.03125,13.6125,774.8958749999999,0,4.878048780487805,0.2195121951219512
2025-09-18 10:35:00-03:00,865,31,906,953,4.5,908,5.4,1,0.9527806925498427,39.83479140223974,59.375,13.75,783.1500000000001,0,4.72193074501574,0.2124868835257083
2025-09-18 10:40:00-03:00,875,31,915,964,4.4,919,5.3,1,0.9533195020746889,38.04024981595071,59.71875,13.887500000000001,791.373875,0,4.668049792531121,0.20539419087136931
2025-09-18 10:45:00-03:00,885,31,925,973,4.3,929,5.3,1,0.9547790339157246,36.149835491464216,60.03125,14.012500000000001,798.8238749999999,0,4.522096608427543,0.19445015416238437
2025-09-18 10:50:00-03:00,894,32,933,982,4.2,939,5.2,1,0.9562118126272913,34.001336872102804,61.34375,14.537500000000001,802.492875,0,4.378818737270876,0.18391038696537682
2025-09-18 10:55:00-03:00,903,32,942,991,4.1,948,5.2,1,0.9566094853683148,31.796107061112384,61.625,14.65,809.118,0,4.339051463168516,0.17790110998990916
2025-09-18 11:00:00-03:00,911,32,949,999,4.0,956,5.2,1,0.9569569569569569,29.548496346902695,61.875,14.75,814.99,0,4.3043043043043046,0.17217217217217218
2025-09-18 11:05:00-03:00,918,32,956,1006,4.0,964,5.1,1,0.9582504970178927,27.12429303643782,62.125,14.850000000000001,820.8459999999999,0,4.174950298210735,0.16699801192842942
2025-09-18 11:10:00-03:00,924,32,963,1013,4.0,970,5.1,1,0.9575518262586377,24.684678108749992,62.3125,14.925,825.2275,0,4.244817374136229,0.16979269496544916
2025-09-18 11:15:00-03:00,930,32,969,1019,4.0,976,5.0,1,0.957801766437684,22.29485604483389,62.5,15.0,829.6,0,4.2198233562316,0.16879293424926398
2025-09-18 11:20:00-03:00,935,32,974,1025,4.0,981,4.9,1,0.9570731707317073,19.965690268008284,62.65625,15.0625,833.2368749999999,0,4.2926829268292686,0.17170731707317075
2025-09-18 11:25:00-03:00,940,32,979,1030,4.0,986,4.9,1,0.9572815533980582,17.778093431519924,62.8125,15.125,836.8675,0,4.271844660194175,0.170873786407767
2025-09-18 11:30:00-03:00,944,32,983,1034,4.0,990,4.8,1,0.9574468085106383,15.6464247053391,62.9375,15.175,839.7674999999999,0,4.25531914893617,0.1702127659574468
2025-09-18 11:35:00-03:00,947,32,987,1038,4.0,994,4.8,1,0.9576107899807321,13.581125494457503,63.0625,15.225000000000001,842.6635,0,4.238921001926782,0.16955684007707128
2025-09-18 11:40:00-03:00,951,33,990,1041,4.0,997,4.7,1,0.9577329490874159,11.59806671451672,64.15625,15.662500000000001,840.844875,0,4.226705091258405,0.1690682036503362
2025-09-18 11:45:00-03:00,953,33,993,1044,4.0,1000,4.7,1,0.9578544061302682,9.365879401792585,64.25,15.700000000000001,843.0,0,4.21455938697318,0.1685823754789272
2025-09-18 11:50:00-03:00,955,33,995,1046,4.0,1002,4.6,1,0.9579349904397706,7.341765125004915,64.3125,15.725000000000001,844.4355,0,4.2065009560229445,0.1682600382409178
2025-09-18 11:55:00-03:00,957,33,996,1048,4.0,1003,4.6,1,0.9570610687022901,6.107000453960751,64.34375,15.7375,845.152875,0,4.293893129770993,0.1717557251908397
2025-09-18 12:00:00-03:00,958,33,997,1049,4.0,1004,4.5,1,0.9571020019065777,6.626393506902047,64.375,15.75,845.87,0,4.28979980934223,0.1715919923736892
2025-09-18 12:05:00-03:00,956,33,998,1049,4.2,1003,4.4,1,0.9561487130600572,8.564815269769984,64.34375,15.7375,845.152875,0,4.38512869399428,0.18417540514775976
2025-09-18 12:10:00-03:00,953,33,997,1049,4.5,999,4.4,1,0.9523355576739753,11.293266966963397,64.21875,15.6875,842.281875,0,4.7664442326024785,0.21448999046711154
2025-09-18 12:15:00-03:00,948,33,997,1048,4.8,994,4.3,1,0.9484732824427481,14.202805954068703,64.0625,15.625,838.6875,0,5.152671755725191,0.24732824427480915
2025-09-18 12:20:00-03:00,944,33,995,1046,5.2,989,4.2,1,0.9455066921606119,17.129630539608286,63.90625,15.5625,835.086875,0,5.449330783938815,0.2833652007648184
2025-09-18 12:25:00-03:00,939,33,993,1044,5.5,983,4.2,1,0.9415708812260536,20.008331597926386,63.71875,15.4875,830.757875,0,5.842911877394636,0.321360153256705
2025-09-18 12:30:00-03:00,933,33,991,1041,5.8,977,4.1,1,0.9385206532180596,22.498989876298886,63.53125,15.412500000000001,826.4198749999999,0,6.147934678194044,0.3565802113352546
2025-09-18 12:35:00-03:00,927,33,988,1038,6.2,970,4.0,1,0.9344894026974951,24.718260946953542,63.3125,15.325000000000001,821.3475,0,6.551059730250482,0.40616570327552987
2025-09-18 12:40:00-03:00,920,33,984,1034,6.5,963,4.0,1,0.9313346228239845,26.63672561548111,63.09375,15.2375,816.262875,0,6.866537717601548,0.4463249516441006
2025-09-18 12:45:00-03:00,913,33,980,1030,6.8,955,3.9,1,0.9271844660194175,28.451314077324465,62.84375,15.137500000000001,810.436875,0,7.281553398058252,0.4951456310679611
2025-09-18 12:50:00-03:00,905,34,975,1025,7.2,946,3.8,1,0.9229268292682927,30.314512975949317,63.5625,15.425,800.0795,0,7.7073170731707314,0.5549268292682927
2025-09-18 12:55:00-03:00,897,34,970,1019,7.5,938,3.8,1,0.9205103042198234,32.077911781188966,63.3125,15.325000000000001,794.2515,0,7.948969578017665,0.5961727183513248
2025-09-18 13:00:00-03:00,888,34,964,1013,7.8,928,3.7,1,0.9160908193484699,33.892879380875975,63.0,15.200000000000001,786.944,0,8.390918065153011,0.6544916090819349
2025-09-18 13:05:00-03:00,879,34,957,1006,8.2,918,3.7,1,0.9125248508946322,35.61015772687181,62.6875,15.075000000000001,779.6115,0,8.747514910536779,0.7172962226640158
2025-09-18 13:10:00-03:00,870,34,950,999,8.5,908,3.6,1,0.908908908908909,37.232581853996216,62.375,14.950000000000001,772.254,0,9.10910910910911,0.7742742742742743
2025-09-18 13:15:00-03:00,860,34,943,991,8.8,897,3.6,1,0.905146316851665,38.78954482690133,62.03125,14.8125,764.1318749999999,0,9.485368314833503,0.8347124117053483
2025-09-18 13:20:00-03:00,849,34,935,982,9.2,886,3.6,1,0.9022403258655805,40.28308916563744,61.6875,14.675,755.9794999999999,0,9.775967413441954,0.8993890020366596
2025-09-18 13:25:00-03:00,838,34,926,973,9.5,874,3.6,1,0.8982528263103803,41.88801810309852,61.3125,14.525,747.0515,0,10.174717368961973,0.9665981500513874
2025-09-18 13:30:00-03:00,827,34,917,964,9.8,862,3.5,1,0.8941908713692946,43.32715573681127,60.9375,14.375,738.0875,0,10.58091286307054,1.036929460580913
2025-09-18 13:35:00-03:00,815,34,908,954,10.2,850,3.5,1,0.8909853249475891,44.904865768605404,60.5625,14.225000000000001,729.0875,0,10.90146750524109,1.111949685534591
2025-09-18 13:40:00-03:00,803,34,898,943,10.5,837,3.5,1,0.887592788971368,46.20204311367966,60.15625,14.0625,719.296875,0,11.240721102863201,1.180275715800636
2025-09-18 13:45:00-03:00,791,34,887,932,10.8,824,3.5,1,0.8841201716738197,47.158019337948666,59.75,13.9,709.4639999999999,0,11.587982832618025,1.251502145922747
2025-09-18 13:50:00-03:00,778,34,876,920,11.2,810,3.4,1,0.8804347826086957,47.86241329122661,59.3125,13.725000000000001,698.8275,0,11.956521739130435,1.3391304347826087
2025-09-18 13:55:00-03:00,765,34,864,908,11.5,796,3.4,1,0.8766519823788547,48.4094750304822,58.875,13.55,688.142,0,12.334801762114537,1.418502202643172
2025-09-18 14:00:00-03:00,751,34,852,895,11.8,781,3.4,1,0.8726256983240224,48.882899656091524,58.40625,13.3625,676.638875,0,12.737430167597767,1.5030167597765365
2025-09-18 14:05:00-03:00,739,34,840,882,12.0,768,3.4,1,0.8707482993197279,49.23313432182821,58.0,13.200000000000001,666.624,0,12.925170068027212,1.5510204081632653
2025-09-18 14:10:00-03:00,726,34,827,868,12.1,755,3.4,1,0.869815668202765,49.549485518531974,57.59375,13.037500000000001,656.566875,0,13.018433179723502,1.5752304147465437
2025-09-18 14:15:00-03:00,714,34,813,854,12.2,742,3.5,1,0.8688524590163934,49.91834241128839,57.1875,12.875,646.4675,0,13.114754098360656,1.6
2025-09-18 14:20:00-03:00,701,34,799,839,12.3,728,3.5,1,0.867699642431466,50.28886255394381,56.75,12.700000000000001,635.544,0,13.230035756853397,1.627294398092968
2025-09-18 14:25:00-03:00,688,34,785,824,12.4,714,3.5,1,0.866504854368932,50.91607771320131,56.3125,12.525,624.5715,0,13.349514563106796,1.6553398058252426
2025-09-18 14:30:00-03:00,674,34,770,809,12.5,700,3.5,1,0.865265760197775,51.745882576647396,55.875,12.350000000000001,613.55,0,13.473423980222496,1.6841779975278122
2025-09-18 14:35:00-03:00,660,34,755,793,12.5,685,3.6,1,0.8638083228247163,52.595079848235564,55.40625,12.162500000000001,601.686875,0,13.619167717528374,1.7023959646910467
2025-09-18 14:40:00-03:00,646,34,739,776,12.6,670,3.6,1,0.8634020618556701,53.03915077705714,54.9375,11.975000000000001,589.7675,0,13.65979381443299,1.7211340206185566
2025-09-18 14:45:00-03:00,631,34,723,759,12.7,655,3.6,1,0.8629776021080369,52.953596037788174,54.46875,11.787500000000001,577.791875,0,13.70223978919631,1.7401844532279314
2025-09-18 14:50:00-03:00,616,34,706,742,12.8,639,3.6,1,0.8611859838274932,52.499062040682915,53.96875,11.5875,564.955875,0,13.881401617250674,1.7768194070080865
2025-09-18 14:55:00-03:00,601,34,689,724,12.9,623,3.7,1,0.8604972375690608,51.96582501699522,53.46875,11.387500000000001,552.055875,0,13.950276243093922,1.799585635359116
2025-09-18 15:00:00-03:00,587,34,672,706,12.6,609,3.7,1,0.8626062322946175,51.35143325136825,53.03125,11.2125,540.715875,0,13.739376770538245,1.7311614730878189
2025-09-18 15:05:00-03:00,575,34,655,687,12.2,596,3.7,1,0.8675400291120815,50.65293374494477,52.625,11.05,530.1419999999999,0,13.24599708879185,1.6160116448326056
2025-09-18 15:10:00-03:00,562,34,637,669,11.7,584,3.8,1,0.8729446935724963,50.17756349991482,52.25,10.9,520.344,0,12.705530642750373,1.4865470852017935
2025-09-18 15:15:00-03:00,550,34,619,650,11.2,571,3.8,1,0.8784615384615385,50.07358222020647,51.84375,10.7375,509.688875,0,12.153846153846153,1.361230769230769
2025-09-18 15:20:00-03:00,536,34,601,631,10.7,557,3.9,1,0.8827258320126783,50.613433957496646,51.40625,10.5625,498.166875,0,11.727416798732172,1.2548335974643423
2025-09-18 15:25:00-03:00,523,34,582,612,10.2,543,3.9,1,0.8872549019607843,52.032259806837885,50.96875,10.387500000000001,486.595875,0,11.27450980392157,1.15
2025-09-18 15:30:00-03:00,509,34,564,592,9.7,529,4.0,1,0.893581081081081,54.21338311792731,50.53125,10.2125,474.975875,0,10.641891891891891,1.0322635135135134
2025-09-18 15:35:00-03:00,494,34,544,572,9.2,514,4.0,1,0.8986013986013986,56.87859212765855,50.0625,10.025,462.47150000000005,0,10.13986013986014,0.9328671328671327
2025-09-18 15:40:00-03:00,479,34,525,552,8.8,498,4.1,1,0.9021739130434783,59.553388321794095,49.5625,9.825000000000001,449.0715,0,9.782608695652174,0.8608695652173914
2025-09-18 15:45:00-03:00,461,34,505,531,8.8,480,4.1,1,0.903954802259887,62.09444175584542,49.0,9.600000000000001,433.92,0,9.6045197740113,0.8451977401129944
2025-09-18 15:50:00-03:00,443,33,486,510,8.8,461,4.2,1,0.903921568627451,64.46017093030443,47.40625,8.9625,419.68287499999997,0,9.607843137254903,0.8454901960784315
2025-09-18 15:55:00-03:00,425,33,465,489,8.8,442,4.2,1,0.9038854805725971,66.63667886155075,46.8125,8.725,403.4355,0,9.611451942740286,0.8458077709611453
2025-09-18 16:00:00-03:00,406,33,445,468,8.8,422,4.3,1,0.9017094017094017,68.62943974709776,46.1875,8.475,386.2355,0,9.82905982905983,0.864957264957265
2025-09-18 16:05:00-03:00,387,33,425,446,8.8,403,4.3,1,0.9035874439461884,70.27090436304753,45.59375,8.2375,369.80287500000003,0,9.641255605381167,0.8484304932735428
2025-09-18 16:10:00-03:00,368,33,404,425,8.9,383,4.4,1,0.9011764705882352,71.40468323492102,44.96875,7.987500000000001,352.407875,0,9.88235294117647,0.8795294117647058
2025-09-18 16:15:00-03:00,349,33,384,404,9.0,363,4.4,1,0.8985148514851485,72.20819016755233,44.34375,7.737500000000001,334.912875,0,10.14851485148515,0.9133663366336634
2025-09-18 16:20:00-03:00,330,33,363,382,9.1,343,4.4,1,0.8979057591623036,72.73504219863413,43.71875,7.487500000000001,317.317875,0,10.209424083769633,0.9290575916230366
2025-09-18 16:25:00-03:00,311,33,343,360,9.4,322,4.5,1,0.8944444444444445,73.0981075906491,43.0625,7.2250000000000005,298.7355,0,10.555555555555555,0.9922222222222223
2025-09-18 16:30:00-03:00,291,33,322,339,9.8,301,4.5,1,0.887905604719764,73.27346040689514,42.40625,6.9625,280.042875,0,11.209439528023598,1.0985250737463128
2025-09-18 16:35:00-03:00,271,33,301,317,10.1,281,4.6,1,0.886435331230284,73.26100082871599,41.78125,6.7125,262.137875,0,11.35646687697161,1.1470031545741326
2025-09-18 16:40:00-03:00,251,33,281,295,10.5,260,4.6,1,0.8813559322033898,73.06052907755218,41.125,6.45,243.23,0,11.864406779661017,1.2457627118644068
2025-09-18 16:45:00-03:00,232,33,260,273,10.8,240,4.6,1,0.8791208791208791,73.22547164047965,40.5,6.2,225.11999999999998,0,12.087912087912088,1.3054945054945057
2025-09-18 16:50:00-03:00,213,33,240,252,11.2,220,4.7,1,0.873015873015873,73.40341004382327,39.875,5.95,206.91,0,12.698412698412698,1.422222222222222
2025-09-18 16:55:00-03:00,194,33,219,231,11.6,200,4.7,1,0.8658008658008658,73.28953581929117,39.25,5.7,188.6,0,13.41991341991342,1.5567099567099567
2025-09-18 17:00:00-03:00,176,33,199,210,11.9,181,4.7,1,0.861904761904762,72.9384859129519,38.65625,5.4625,171.112875,0,13.80952380952381,1.6433333333333335
2025-09-18 17:05:00-03:00,157,33,180,189,12.8,161,4.7,1,0.8518518518518519,72.15891553308087,38.03125,5.2125,152.607875,0,14.814814814814813,1.8962962962962961
2025-09-18 17:10:00-03:00,136,32,160,168,15.5,138,4.7,1,0.8214285714285714,70.52250876440445,36.3125,4.525,131.7555,0,17.857142857142858,2.767857142857143
2025-09-18 17:15:00-03:00,116,32,142,149,18.2,117,4.6,1,0.785234899328859,67.99526498666926,35.65625,4.2625,112.012875,0,21.476510067114095,3.908724832214765
2025-09-18 17:20:00-03:00,98,32,123,129,20.9,98,4.6,1,0.7596899224806202,64.66533894295627,35.0625,4.025,94.0555,0,24.031007751937985,5.022480620155038
2025-09-18 17:25:00-03:00,81,32,106,111,23.6,80,4.5,1,0.7207207207207207,60.618529020485646,34.5,3.8000000000000003,76.96,0,27.927927927927925,6.59099099099099
2025-09-18 17:30:00-03:00,65,32,89,93,26.3,64,4.5,1,0.6881720430107527,55.95263148144519,34.0,3.6,61.696,0,31.182795698924732,8.201075268817204
2025-09-18 17:35:00-03:00,52,31,73,76,29.0,51,4.4,1,0.6710526315789473,50.58266561389921,32.59375,3.0375,49.450874999999996,0,32.89473684210527,9.539473684210527
2025-09-18 17:40:00-03:00,41,31,58,61,28.8,41,4.4,1,0.6721311475409836,44.78703816820559,32.28125,2.9125,39.805875,0,32.78688524590164,9.442622950819672
2025-09-18 17:45:00-03:00,32,31,44,46,28.6,31,4.3,1,0.6739130434782609,38.970462785275174,31.96875,2.7875,30.135875000000002,0,32.608695652173914,9.32608695652174
2025-09-18 17:50:00-03:00,23,31,32,31,28.3,22,4.3,1,0.7096774193548387,33.211329757237934,31.6875,2.6750000000000003,21.4115,0,29.03225806451613,8.216129032258065
2025-09-18 17:55:00-03:00,15,31,20,20,28.1,14,4.2,1,0.7,27.64863413802868,31.4375,2.575,13.6395,0,30.0,8.43
2025-09-18 18:00:00-03:00,7,31,10,10,27.8,7,4.2,0,0.7,22.60782245961007,31.21875,2.4875000000000003,6.825875,0,30.0,8.34
2025-09-18 18:05:00-03:00,1,30,2,2,27.7,1,4.1,0,0.5,18.21317372045093,30.03125,2.0125,0.979875,0,50.0,13.85
2025-09-18 18:10:00-03:00,0,30,0,0,27.7,0,4.1,0,,14.304057487569718,30.0,2.0,0.0,0,,
2025-09-18 18:15:00-03:00,0,30,0,0,27.7,0,4.1,0,,10.541045316536888,30.0,2.0,0.0,0,,
2025-09-18 18:20:00-03:00,0,30,0,0,27.7,0,4.0,0,,7.190060479483083,30.0,2.0,0.0,0,,
2025-09-18 18:25:00-03:00,0,30,0,0,27.7,0,4.0,0,,4.323999271349316,30.0,2.0,0.0,0,,
2025-09-18 18:30:00-03:00,0,29,0,0,27.7,0,4.0,0,,2.015094554175785,29.0,1.6,0.0,0,,
2025-09-18 18:35:00-03:00,0,29,0,0,27.7,0,3.9,0,,0.2886751374776526,29.0,1.6,0.0,0,,
2025-09-18 18:40:00-03:00,0,29,0,0,27.7,0,3.9,0,,0.0,29.0,1.6,0.0,0,,
2025-09-18 18:45:00-03:00,0,29,0,0,27.7,0,3.9,0,,0.0,29.0,1.6,0.0,0,,
2025-09-18 18:50:00-03:00,0,29,0,0,27.7,0,3.9,0,,0.0,29.0,1.6,0.0,0,,
2025-09-18 18:55:00-03:00,0,28,0,0,27.7,0,3.8,0,,0.0,28.0,1.2000000000000002,0.0,0,,
2025-09-18 19:00:00-03:00,0,28,0,0,27.7,0,3.8,0,,0.0,28.0,1.2000000000000002,0.0,0,,
2025-09-18 19:05:00-03:00,0,28,0,0,27.7,0,3.8,0,,0.0,28.0,1.2000000000000002,0.0,0,,
2025-09-18 19:10:00-03:00,0,28,0,0,27.7,0,3.8,0,,0.0,28.0,1.2000000000000002,0.0,0,,
2025-09-18 19:15:00-03:00,0,28,0,0,27.7,0,3.7,0,,0.0,28.0,1.2000000000000002,0.0,0,,
2025-09-18 19:20:00-03:00,0,28,0,0,27.7,0,3.7,0,,0.0,28.0,1.2000000000000002,0.0,0,,
2025-09-18 19:25:00-03:00,0,28,0,0,27.7,0,3.7,0,,0.0,28.0,1.2000000000000002,0.0,0,,
2025-09-18 19:30:00-03:00,0,28,0,0,27.7,0,3.7,0,,0.0,28.0,1.2000000000000002,0.0,0,,
2025-09-18 19:35:00-03:00,0,27,0,0,27.7,0,3.6,0,,0.0,27.0,0.8,0.0,0,,
2025-09-18 19:40:00-03:00,0,27,0,0,27.7,0,3.6,0,,0.0,27.0,0.8,0.0,0,,
2025-09-18 19:45:00-03:00,0,27,0,0,27.7,0,3.6,0,,0.0,27.0,0.8,0.0,0,,
2025-09-18 19:50:00-03:00,0,27,0,0,27.7,0,3.6,0,,0.0,27.0,0.8,0.0,0,,
2025-09-18 19:55:00-03:00,0,27,0,0,27.7,0,3.5,0,,0.0,27.0,0.8,0.0,0,,
2025-09-18 20:00:00-03:00,0,27,0,0,27.7,0,3.5,0,,0.0,27.0,0.8,0.0,0,,
2025-09-18 20:05:00-03:00,0,27,0,0,27.8,0,3.5,0,,0.0,27.0,0.8,0.0,0,,
2025-09-18 20:10:00-03:00,0,27,0,0,27.9,0,3.5,0,,0.0,27.0,0.8,0.0,0,,
2025-09-18 20:15:00-03:00,0,27,0,0,28.0,0,3.6,0,,0.0,27.0,0.8,0.0,0,,
2025-09-18 20:20:00-03:00,0,27,0,0,28.1,0,3.6,0,,0.0,27.0,0.8,0.0,0,,
2025-09-18 20:25:00-03:00,0,27,0,0,28.3,0,3.6,0,,0.0,27.0,0.8,0.0,0,,
2025-09-18 20:30:00-03:00,0,27,0,0,28.4,0,3.6,0,,0.0,27.0,0.8,0.0,0,,
2025-09-18 20:35:00-03:00,0,27,0,0,28.5,0,3.7,0,,0.0,27.0,0.8,0.0,0,,
2025-09-18 20:40:00-03:00,0,27,0,0,28.6,0,3.7,0,,0.0,27.0,0.8,0.0,0,,
2025-09-18 20:45:00-03:00,0,27,0,0,28.8,0,3.7,0,,0.0,27.0,0.8,0.0,0,,
2025-09-18 20:50:00-03:00,0,26,0,0,28.9,0,3.7,0,,0.0,26.0,0.4,0.0,0,,
2025-09-18 20:55:00-03:00,0,26,0,0,29.0,0,3.8,0,,0.0,26.0,0.4,0.0,0,,
2025-09-18 21:00:00-03:00,0,26,0,0,29.1,0,3.8,0,,0.0,26.0,0.4,0.0,0,,
2025-09-18 21:05:00-03:00,0,26,0,0,29.2,0,3.8,0,,0.0,26.0,0.4,0.0,0,,
2025-09-18 21:10:00-03:00,0,26,0,0,29.2,0,3.8,0,,0.0,26.0,0.4,0.0,0,,
2025-09-18 21:15:00-03:00,0,26,0,0,29.2,0,3.8,0,,0.0,26.0,0.4,0.0,0,,
2025-09-18 21:20:00-03:00,0,26,0,0,29.2,0,3.8,0,,0.0,26.0,0.4,0.0,0,,
2025-09-18 21:25:00-03:00,0,26,0,0,29.2,0,3.8,0,,0.0,26.0,0.4,0.0,0,,
2025-09-18 21:30:00-03:00,0,26,0,0,29.2,0,3.8,0,,0.0,26.0,0.4,0.0,0,,
2025-09-18 21:35:00-03:00,0,26,0,0,29.2,0,3.8,0,,0.0,26.0,0.4,0.0,0,,
2025-09-18 21:40:00-03:00,0,26,0,0,29.2,0,3.8,0,,0.0,26.0,0.4,0.0,0,,
2025-09-18 21:45:00-03:00,0,26,0,0,29.2,0,3.8,0,,0.0,26.0,0.4,0.0,0,,
2025-09-18 21:50:00-03:00,0,26,0,0,29.2,0,3.8,0,,0.0,26.0,0.4,0.0,0,,
2025-09-18 21:55:00-03:00,0,26,0,0,29.2,0,3.8,0,,0.0,26.0,0.4,0.0,0,,
2025-09-18 22:00:00-03:00,0,26,0,0,29.2,0,3.8,0,,0.0,26.0,0.4,0.0,0,,
2025-09-18 22:05:00-03:00,0,26,0,0,29.3,0,3.8,0,,0.0,26.0,0.4,0.0,0,,
2025-09-18 22:10:00-03:00,0,26,0,0,29.4,0,3.9,0,,0.0,26.0,0.4,0.0,0,,
2025-09-18 22:15:00-03:00,0,26,0,0,29.5,0,4.0,0,,0.0,26.0,0.4,0.0,0,,
2025-09-18 22:20:00-03:00,0,26,0,0,29.6,0,4.1,0,,0.0,26.0,0.4,0.0,0,,
2025-09-18 22:25:00-03:00,0,26,0,0,29.7,0,4.2,0,,0.0,26.0,0.4,0.0,0,,
2025-09-18 22:30:00-03:00,0,26,0,0,29.9,0,4.3,0,,0.0,26.0,0.4,0.0,0,,
2025-09-18 22:35:00-03:00,0,26,0,0,30.0,0,4.4,0,,0.0,26.0,0.4,0.0,0,,
2025-09-18 22:40:00-03:00,0,26,0,0,30.1,0,4.5,0,,0.0,26.0,0.4,0.0,0,,
2025-09-18 22:45:00-03:00,0,26,0,0,30.2,0,4.6,0,,0.0,26.0,0.4,0.0,0,,
2025-09-18 22:50:00-03:00,0,26,0,0,30.4,0,4.7,0,,0.0,26.0,0.4,0.0,0,,
2025-09-18 22:55:00-03:00,0,26,0,0,30.5,0,4.8,0,,0.0,26.0,0.4,0.0,0,,
2025-09-18 23:00:00-03:00,0,26,0,0,30.6,0,4.9,0,,0.0,26.0,0.4,0.0,0,,
2025-09-18 23:05:00-03:00,0,26,0,0,30.7,0,4.9,0,,0.0,26.0,0.4,0.0,0,,
2025-09-18 23:10:00-03:00,0,26,0,0,30.7,0,4.9,0,,0.0,26.0,0.4,0.0,0,,
2025-09-18 23:15:00-03:00,0,26,0,0,30.7,0,4.9,0,,0.0,26.0,0.4,0.0,0,,
2025-09-18 23:20:00-03:00,0,26,0,0,30.7,0,5.0,0,,0.0,26.0,0.4,0.0,0,,
2025-09-18 23:25:00-03:00,0,26,0,0,30.7,0,5.0,0,,0.0,26.0,0.4,0.0,0,,
2025-09-18 23:30:00-03:00,0,26,0,0,30.7,0,5.0,0,,0.0,26.0,0.4,0.0,0,,
2025-09-18 23:35:00-03:00,0,26,0,0,30.7,0,5.0,0,,0.0,26.0,0.4,0.0,0,,
2025-09-18 23:40:00-03:00,0,26,0,0,30.7,0,5.0,0,,0.0,26.0,0.4,0.0,0,,
2025-09-18 23:45:00-03:00,0,26,0,0,30.7,0,5.0,0,,0.0,26.0,0.4,0.0,0,,
2025-09-18 23:50:00-03:00,0,26,0,0,30.7,0,5.0,0,,0.0,26.0,0.4,0.0,0,,
2025-09-18 23:55:00-03:00,0,26,0,0,30.7,0,5.0,0,,0.0,26.0,0.4,0.0,0,,
2025-09-19 00:00:00-03:00,0,25,0,0,30.7,0,5.0,0,,0.0,25.0,0.0,0.0,0,,
2025-09-19 00:05:00-03:00,0,25,0,0,30.8,0,5.0,0,,0.0,25.0,0.0,0.0,0,,
2025-09-19 00:10:00-03:00,0,25,0,0,31.0,0,5.0,0,,0.0,25.0,0.0,0.0,0,,
2025-09-19 00:15:00-03:00,0,25,0,0,31.3,0,4.9,0,,0.0,25.0,0.0,0.0,0,,
2025-09-19 00:20:00-03:00,0,25,0,0,31.5,0,4.9,0,,0.0,25.0,0.0,0.0,0,,
2025-09-19 00:25:00-03:00,0,25,0,0,31.8,0,4.9,0,,0.0,25.0,0.0,0.0,0,,
2025-09-19 00:30:00-03:00,0,25,0,0,32.0,0,4.8,0,,0.0,25.0,0.0,0.0,0,,
2025-09-19 00:35:00-03:00,0,25,0,0,32.2,0,4.8,0,,0.0,25.0,0.0,0.0,0,,
2025-09-19 00:40:00-03:00,0,25,0,0,32.5,0,4.8,0,,0.0,25.0,0.0,0.0,0,,
2025-09-19 00:45:00-03:00,0,25,0,0,32.7,0,4.8,0,,0.0,25.0,0.0,0.0,0,,
2025-09-19 00:50:00-03:00,0,25,0,0,33.0,0,4.7,0,,0.0,25.0,0.0,0.0,0,,
2025-09-19 00:55:00-03:00,0,25,0,0,33.2,0,4.7,0,,0.0,25.0,0.0,0.0,0,,
2025-09-19 01:00:00-03:00,0,25,0,0,33.4,0,4.7,0,,0.0,25.0,0.0,0.0,0,,
2025-09-19 01:05:00-03:00,0,25,0,0,33.7,0,4.7,0,,0.0,25.0,0.0,0.0,0,,
2025-09-19 01:10:00-03:00,0,25,0,0,34.1,0,4.6,0,,0.0,25.0,0.0,0.0,0,,
2025-09-19 01:15:00-03:00,0,25,0,0,34.5,0,4.6,0,,0.0,25.0,0.0,0.0,0,,
2025-09-19 01:20:00-03:00,0,25,0,0,34.8,0,4.6,0,,0.0,25.0,0.0,0.0,0,,
2025-09-19 01:25:00-03:00,0,25,0,0,35.2,0,4.6,0,,0.0,25.0,0.0,0.0,0,,
2025-09-19 01:30:00-03:00,0,25,0,0,35.5,0,4.6,0,,0.0,25.0,0.0,0.0,0,,
2025-09-19 01:35:00-03:00,0,25,0,0,35.9,0,4.6,0,,0.0,25.0,0.0,0.0,0,,
2025-09-19 01:40:00-03:00,0,25,0,0,36.2,0,4.6,0,,0.0,25.0,0.0,0.0,0,,
2025-09-19 01:45:00-03:00,0,25,0,0,36.6,0,4.6,0,,0.0,25.0,0.0,0.0,0,,
2025-09-19 01:50:00-03:00,0,25,0,0,36.9,0,4.6,0,,0.0,25.0,0.0,0.0,0,,
2025-09-19 01:55:00-03:00,0,25,0,0,37.3,0,4.6,0,,0.0,25.0,0.0,0.0,0,,
2025-09-19 02:00:00-03:00,0,24,0,0,37.6,0,4.7,0,,0.0,24.0,0.0,0.0,0,,
2025-09-19 02:05:00-03:00,0,24,0,0,37.9,0,4.7,0,,0.0,24.0,0.0,0.0,0,,
2025-09-19 02:10:00-03:00,0,24,0,0,38.1,0,4.7,0,,0.0,24.0,0.0,0.0,0,,
2025-09-19 02:15:00-03:00,0,24,0,0,38.4,0,4.8,0,,0.0,24.0,0.0,0.0,0,,
2025-09-19 02:20:00-03:00,0,24,0,0,38.6,0,4.8,0,,0.0,24.0,0.0,0.0,0,,
2025-09-19 02:25:00-03:00,0,24,0,0,38.8,0,4.9,0,,0.0,24.0,0.0,0.0,0,,
2025-09-19 02:30:00-03:00,0,24,0,0,39.1,0,4.9,0,,0.0,24.0,0.0,0.0,0,,
2025-09-19 02:35:00-03:00,0,24,0,0,39.3,0,5.0,0,,0.0,24.0,0.0,0.0,0,,
2025-09-19 02:40:00-03:00,0,24,0,0,39.5,0,5.0,0,,0.0,24.0,0.0,0.0,0,,
2025-09-19 02:45:00-03:00,0,24,0,0,39.7,0,5.1,0,,0.0,24.0,0.0,0.0,0,,
2025-09-19 02:50:00-03:00,0,24,0,0,40.0,0,5.2,0,,0.0,24.0,0.0,0.0,0,,
2025-09-19 02:55:00-03:00,0,23,0,0,40.2,0,5.2,0,,0.0,23.0,0.0,0.0,0,,
2025-09-19 03:00:00-03:00,0,23,0,0,40.4,0,5.3,0,,0.0,23.0,0.0,0.0,0,,
2025-09-19 03:05:00-03:00,0,23,0,0,40.5,0,5.3,0,,0.0,23.0,0.0,0.0,0,,
2025-09-19 03:10:00-03:00,0,23,0,0,40.5,0,5.3,0,,0.0,23.0,0.0,0.0,0,,
2025-09-19 03:15:00-03:00,0,23,0,0,40.5,0,5.3,0,,0.0,23.0,0.0,0.0,0,,
2025-09-19 03:20:00-03:00,0,23,0,0,40.5,0,5.3,0,,0.0,23.0,0.0,0.0,0,,
2025-09-19 03:25:00-03:00,0,23,0,0,40.5,0,5.3,0,,0.0,23.0,0.0,0.0,0,,
2025-09-19 03:30:00-03:00,0,23,0,0,40.5,0,5.3,0,,0.0,23.0,0.0,0.0,0,,
2025-09-19 03:35:00-03:00,0,23,0,0,40.5,0,5.3,0,,0.0,23.0,0.0,0.0,0,,
2025-09-19 03:40:00-03:00,0,23,0,0,40.5,0,5.3,0,,0.0,23.0,0.0,0.0,0,,
2025-09-19 03:45:00-03:00,0,23,0,0,40.5,0,5.3,0,,0.0,23.0,0.0,0.0,0,,
2025-09-19 03:50:00-03:00,0,23,0,0,40.5,0,5.3,0,,0.0,23.0,0.0,0.0,0,,
2025-09-19 03:55:00-03:00,0,22,0,0,40.5,0,5.3,0,,0.0,22.0,0.0,0.0,0,,
2025-09-19 04:00:00-03:00,0,22,0,0,40.5,0,5.3,0,,0.0,22.0,0.0,0.0,0,,
2025-09-19 04:05:00-03:00,0,22,0,0,40.5,0,5.4,0,,0.0,22.0,0.0,0.0,0,,
2025-09-19 04:10:00-03:00,0,22,0,0,40.4,0,5.5,0,,0.0,22.0,0.0,0.0,0,,
2025-09-19 04:15:00-03:00,0,22,0,0,40.2,0,5.5,0,,0.0,22.0,0.0,0.0,0,,
2025-09-19 04:20:00-03:00,0,22,0,0,40.1,0,5.6,0,,0.0,22.0,0.0,0.0,0,,
2025-09-19 04:25:00-03:00,0,22,0,0,40.0,0,5.7,0,,0.0,22.0,0.0,0.0,0,,
2025-09-19 04:30:00-03:00,0,22,0,0,39.9,0,5.8,0,,0.0,22.0,0.0,0.0,0,,
2025-09-19 04:35:00-03:00,0,22,0,0,39.8,0,5.8,0,,0.0,22.0,0.0,0.0,0,,
2025-09-19 04:40:00-03:00,0,22,0,0,39.7,0,5.9,0,,0.0,22.0,0.0,0.0,0,,
2025-09-19 04:45:00-03:00,0,22,0,0,39.6,0,6.0,0,,0.0,22.0,0.0,0.0,0,,
2025-09-19 04:50:00-03:00,0,22,0,0,39.5,0,6.1,0,,0.0,22.0,0.0,0.0,0,,
2025-09-19 04:55:00-03:00,0,22,0,0,39.3,0,6.1,0,,0.0,22.0,0.0,0.0,0,,
2025-09-19 05:00:00-03:00,0,22,0,0,39.2,0,6.2,0,,0.0,22.0,0.0,0.0,0,,
2025-09-19 05:05:00-03:00,0,22,0,0,39.2,0,6.3,0,,0.0,22.0,0.0,0.0,0,,
2025-09-19 05:10:00-03:00,0,22,0,0,39.3,0,6.3,0,,0.0,22.0,0.0,0.0,0,,
2025-09-19 05:15:00-03:00,0,22,0,0,39.5,0,6.3,0,,0.0,22.0,0.0,0.0,0,,
2025-09-19 05:20:00-03:00,0,22,0,0,39.6,0,6.3,0,,0.0,22.0,0.0,0.0,0,,
2025-09-19 05:25:00-03:00,0,22,0,0,39.7,0,6.4,0,,0.0,22.0,0.0,0.0,0,,
2025-09-19 05:30:00-03:00,0,22,0,0,39.8,0,6.4,0,,0.0,22.0,0.0,0.0,0,,
2025-09-19 05:35:00-03:00,0,22,0,0,39.9,0,6.4,0,,0.0,22.0,0.0,0.0,0,,
2025-09-19 05:40:00-03:00,0,22,0,0,40.0,0,6.5,0,,0.0,22.0,0.0,0.0,0,,
2025-09-19 05:45:00-03:00,0,22,0,0,40.1,0,6.5,0,,0.0,22.0,0.0,0.0,0,,
2025-09-19 05:50:00-03:00,0,22,0,0,40.2,0,6.5,0,,1.1547005390996714,22.0,0.0,0.0,0,,
2025-09-19 05:55:00-03:00,0,22,0,0,40.4,0,6.6,0,,3.2787192624043437,22.0,0.0,0.0,0,,
2025-09-19 06:00:00-03:00,0,22,0,0,40.5,0,6.6,0,,6.04277680514584,22.0,0.0,0.0,0,,
2025-09-19 06:05:00-03:00,0,22,0,0,40.4,0,6.6,0,,9.350093177390972,22.0,0.0,0.0,0,,
2025-09-19 06:10:00-03:00,0,22,0,0,40.2,0,6.6,0,,12.913171570208556,22.0,0.0,0.0,0,,
2025-09-19 06:15:00-03:00,4,22,7,7,40.0,4,6.6,0,0.5714285714285714,16.93369422192428,22.125,0.0,4.0,0,42.857142857142854,17.142857142857142
2025-09-19 06:20:00-03:00,11,22,19,18,39.7,11,6.6,1,0.6111111111111112,21.28646603749093,22.34375,0.0,11.0,0,38.88888888888889,15.438888888888892
2025-09-19 06:25:00-03:00,19,22,32,30,39.5,19,6.6,1,0.6333333333333333,26.38339124022791,22.59375,0.0,19.0,0,36.666666666666664,14.483333333333333
2025-09-19 06:30:00-03:00,28,22,46,48,39.3,28,6.6,1,0.5833333333333334,32.08357929857018,22.875,0.0,28.0,0,41.66666666666667,16.375
2025-09-19 06:35:00-03:00,38,22,62,67,39.1,37,6.5,1,0.5522388059701493,38.2253089251846,23.15625,0.0,37.0,0,44.776119402985074,17.507462686567166
2025-09-19 06:40:00-03:00,48,22,79,85,38.8,48,6.5,1,0.5647058823529412,44.447790278118276,23.5,0.0,48.0,0,43.529411764705884,16.889411764705883
2025-09-19 06:45:00-03:00,61,22,97,104,37.0,60,6.5,1,0.5769230769230769,50.570083382715744,23.875,0.0,60.0,0,42.30769230769231,15.653846153846153
2025-09-19 06:50:00-03:00,77,22,116,124,34.0,76,6.5,1,0.6129032258064516,56.51783038578712,24.375,0.0,76.0,0,38.70967741935484,13.161290322580646
2025-09-19 06:55:00-03:00,94,22,135,145,30.9,94,6.5,1,0.6482758620689655,61.62029378428842,24.9375,0.0,94.0,0,35.172413793103445,10.868275862068963
2025-09-19 07:00:00-03:00,112,22,155,166,27.9,114,6.5,1,0.6867469879518072,65.99925389845615,25.5625,0.225,113.7435,0,31.32530120481928,8.739759036144578
2025-09-19 07:05:00-03:00,132,22,176,188,24.9,135,6.5,1,0.7180851063829787,69.57680517372965,26.21875,0.48750000000000004,134.34187500000002,0,28.191489361702125,7.019680851063828
2025-09-19 07:10:00-03:00,154,22,197,210,22.0,158,6.6,1,0.7523809523809524,72.1398053445723,26.9375,0.775,156.7755,0,24.761904761904763,5.447619047619048
2025-09-19 07:15:00-03:00,175,22,218,232,19.7,181,6.7,1,0.7801724137931034,73.86858724667337,27.65625,1.0625,179.076875,0,21.982758620689655,4.330603448275862
2025-09-19 07:20:00-03:00,193,22,239,254,19.1,200,6.8,1,0.7874015748031497,74.65856625433331,28.25,1.3,197.4,0,21.25984251968504,4.060629921259843
2025-09-19 07:25:00-03:00,212,23,260,277,18.5,220,6.8,1,0.7942238267148014,74.89629193395125,29.875,1.9500000000000002,215.71,0,20.577617328519857,3.8068592057761736
2025-09-19 07:30:00-03:00,231,23,282,299,17.9,240,6.9,1,0.802675585284281,74.76974756889449,30.5,2.2,234.72,0,19.732441471571907,3.532107023411371
2025-09-19 07:35:00-03:00,251,23,303,322,17.3,260,7.0,1,0.8074534161490683,74.38882288151873,31.125,2.45,253.63,0,19.25465838509317,3.3310559006211182
2025-09-19 07:40:00-03:00,270,23,324,344,16.8,281,7.1,1,0.8168604651162791,73.91820827882975,31.78125,2.7125000000000004,273.377875,0,18.313953488372093,3.0767441860465117
2025-09-19 07:45:00-03:00,290,23,346,367,16.2,302,7.2,1,0.8228882833787466,73.85489458760564,32.4375,2.975,293.0155,0,17.71117166212534,2.869209809264305
2025-09-19 07:50:00-03:00,310,23,367,389,15.6,323,7.2,1,0.8303341902313625,74.24340599227764,33.09375,3.2375000000000003,312.542875,0,16.966580976863753,2.646786632390745
2025-09-19 07:55:00-03:00,330,23,388,411,15.0,344,7.3,1,0.8369829683698297,74.62202737595484,33.75,3.5,331.96,0,16.30170316301703,2.4452554744525545
2025-09-19 08:00:00-03:00,349,24,409,433,14.7,364,7.4,1,0.8406466512702079,74.93734756853083,35.375,4.15,348.894,0,15.935334872979215,2.3424942263279447
2025-09-19 08:05:00-03:00,368,24,430,455,14.3,384,7.4,1,0.843956043956044,75.16446613724901,36.0,4.4,367.104,0,15.604395604395604,2.2314285714285713
2025-09-19 08:10:00-03:00,388,24,451,477,13.8,405,7.4,1,0.8490566037735849,75.27822132636528,36.65625,4.6625000000000005,386.116875,0,15.09433962264151,2.0830188679245283
2025-09-19 08:15:00-03:00,408,24,471,498,13.4,426,7.4,1,0.8554216867469879,75.14027286389894,37.3125,4.925000000000001,405.0195,0,14.457831325301203,1.9373493975903613
2025-09-19 08:20:00-03:00,428,24,492,520,12.9,448,7.4,1,0.8615384615384616,74.53263470698033,38.0,5.2,424.70399999999995,0,13.846153846153847,1.7861538461538462
2025-09-19 08:25:00-03:00,449,24,512,541,12.4,469,7.4,1,0.866913123844732,73.55867581651583,38.65625,5.4625,443.380875,0,13.308687615526802,1.6502772643253234
2025-09-19 08:30:00-03:00,468,25,532,562,11.9,490,7.4,1,0.8718861209964412,72.18473774723296,40.3125,6.125,459.9875,0,12.811387900355871,1.5245551601423488
2025-09-19 08:35:00-03:00,488,25,552,582,11.5,511,7.4,1,0.8780068728522337,70.35989732450963,40.96875,6.3875,478.359875,0,12.199312714776632,1.4029209621993126
2025-09-19 08:40:00-03:00,507,25,571,602,11.2,530,7.3,1,0.8803986710963455,68.16535154692222,41.5625,6.625,494.8875,0,11.960132890365449,1.33953488372093
2025-09-19 08:45:00-03:00,523,25,590,622,11.2,547,7.3,1,0.8794212218649518,65.72855105844585,42.09375,6.8375,509.598875,0,12.057877813504824,1.3504823151125402
2025-09-19 08:50:00-03:00,540,25,608,642,11.3,564,7.3,1,0.8785046728971962,63.18994933507982,42.625,7.050000000000001,524.2379999999999,0,12.149532710280374,1.3728971962616823
2025-09-19 08:55:00-03:00,555,25,627,661,11.4,580,7.3,1,0.8774583963691377,60.74886206691002,43.125,7.25,537.95,0,12.254160363086234,1.3969742813918307
2025-09-19 09:00:00-03:00,571,26,645,680,11.5,596,7.3,1,0.8764705882352941,58.701801634632076,44.625,7.8500000000000005,549.2139999999999,0,12.352941176470589,1.4205882352941177
2025-09-19 09:05:00-03:00,586,26,663,698,11.6,612,7.3,1,0.8767908309455588,57.20053771732968,45.125,8.05,562.734,0,12.320916905444127,1.4292263610315186
2025-09-19 09:10:00-03:00,600,26,680,717,11.7,627,7.2,1,0.8744769874476988,56.52855272096904,45.59375,8.2375,575.350875,0,12.552301255230125,1.4686192468619246
2025-09-19 09:15:00-03:00,615,26,697,734,11.8,642,7.2,1,0.8746594005449592,56.31055662909802,46.0625,8.425,587.9114999999999,0,12.534059945504087,1.4790190735694824
2025-09-19 09:20:00-03:00,628,26,714,752,12.0,656,7.1,1,0.8723404255319149,56.284989117881466,46.5,8.6,599.5840000000001,0,12.76595744680851,1.531914893617021
2025-09-19 09:25:00-03:00,643,27,730,769,11.9,672,7.1,1,0.8738621586475943,56.475457260010536,48.0,9.200000000000001,610.176,0,12.613784135240572,1.501040312093628
2025-09-19 09:30:00-03:00,659,27,746,786,11.6,688,7.0,1,0.8753180661577609,56.7410385395388,48.5,9.4,623.328,0,12.46819338422392,1.4463104325699745
2025-09-19 09:35:00-03:00,675,27,762,802,11.4,705,7.0,1,0.8790523690773068,56.94149043828477,49.03125,9.6125,637.231875,0,12.094763092269327,1.3788029925187033
2025-09-19 09:40:00-03:00,691,27,777,818,11.1,721,7.0,1,0.8814180929095354,56.96623135816013,49.53125,9.8125,650.251875,0,11.858190709046456,1.3162591687041567
2025-09-19 09:45:00-03:00,706,27,792,834,10.9,737,6.9,1,0.8836930455635491,56.573363472091145,50.03125,10.012500000000001,663.207875,0,11.630695443645084,1.2677458033573143
2025-09-19 09:50:00-03:00,721,28,807,849,10.6,753,6.9,1,0.8869257950530035,55.81272799335703,51.53125,10.6125,673.0878749999999,0,11.307420494699647,1.1985865724381626
2025-09-19 09:55:00-03:00,736,28,821,864,10.4,769,6.8,1,0.8900462962962963,54.55793417843097,52.03125,10.8125,685.851875,0,10.99537037037037,1.1435185185185184
2025-09-19 10:00:00-03:00,750,28,835,878,10.1,784,6.8,1,0.8929384965831435,53.02486552209406,52.5,11.0,697.76,0,10.70615034168565,1.0813211845102506
2025-09-19 10:05:00-03:00,764,28,848,892,9.9,798,6.7,1,0.8946188340807175,51.303833514983054,52.9375,11.175,708.8235,0,10.538116591928251,1.043273542600897
2025-09-19 10:10:00-03:00,776,28,860,905,9.8,811,6.7,1,0.8961325966850828,49.6651667457034,53.34375,11.3375,719.052875,0,10.386740331491714,1.017900552486188
2025-09-19 10:15:00-03:00,789,28,873,918,9.6,824,6.6,1,0.8976034858387799,47.93176968832105,53.75,11.5,729.24,0,10.239651416122005,0.9830065359477125
2025-09-19 10:20:00-03:00,801,29,884,930,9.4,837,6.5,1,0.9,46.097640115759795,55.15625,12.0625,736.036875,0,10.0,0.94
2025-09-19 10:25:00-03:00,813,29,895,942,9.2,849,6.5,1,0.9012738853503185,44.44429608560714,55.53125,12.2125,745.315875,0,9.872611464968154,0.90828025477707
2025-09-19 10:30:00-03:00,824,29,906,953,9.1,861,6.4,1,0.9034627492130115,42.84609525718204,55.90625,12.3625,754.5588750000001,0,9.653725078698844,0.8784889821615949
2025-09-19 10:35:00-03:00,835,29,917,964,8.9,873,6.3,1,0.9056016597510373,41.436698710196694,56.28125,12.512500000000001,763.7658749999999,0,9.439834024896266,0.8401452282157676
2025-09-19 10:40:00-03:00,845,29,926,974,8.8,884,6.3,1,0.9075975359342916,39.91430213784415,56.625,12.65,772.174,0,9.240246406570842,0.8131416837782343
2025-09-19 10:45:00-03:00,855,29,936,984,8.6,894,6.2,1,0.9085365853658537,38.12499379035655,56.9375,12.775,779.7914999999999,0,9.146341463414634,0.7865853658536586
2025-09-19 10:50:00-03:00,865,29,945,993,8.4,905,6.2,1,0.9113796576032226,36.21024465785023,57.28125,12.912500000000001,788.1418749999999,0,8.862034239677746,0.7444108761329307
2025-09-19 10:55:00-03:00,874,30,953,1002,8.2,914,6.1,1,0.9121756487025948,34.31626524850271,58.5625,13.425,791.2955000000001,0,8.78243512974052,0.7201596806387226
2025-09-19 11:00:00-03:00,883,30,961,1010,8.1,924,6.0,1,0.9148514851485149,32.2894109671511,58.875,13.55,798.798,0,8.514851485148515,0.6897029702970298
2025-09-19 11:05:00-03:00,891,30,968,1017,8.0,932,6.0,1,0.9164208456243854,30.152516353096374,59.125,13.65,804.7819999999999,0,8.357915437561456,0.6686332350049164
2025-09-19 11:10:00-03:00,898,30,975,1025,7.9,939,5.9,1,0.9160975609756098,28.079297884677565,59.34375,13.7375,810.004875,0,8.390243902439025,0.6628292682926831
2025-09-19 11:15:00-03:00,905,30,981,1031,7.8,946,5.9,1,0.9175557710960233,25.94516361773407,59.5625,13.825000000000001,815.2155,0,8.244422890397672,0.6430649854510184
2025-09-19 11:20:00-03:00,911,30,987,1037,7.7,953,5.8,1,0.9189971070395371,23.613683757633538,59.78125,13.912500000000001,820.413875,0,8.100289296046286,0.623722275795564
2025-09-19 11:25:00-03:00,916,30,992,1043,7.6,959,5.8,1,0.9194630872483222,21.44902342905291,59.96875,13.9875,824.859875,0,8.053691275167784,0.6120805369127515
2025-09-19 11:30:00-03:00,921,31,997,1047,7.5,964,5.7,1,0.9207258834765998,19.27315608440894,61.125,14.450000000000001,824.7019999999999,0,7.927411652340019,0.5945558739255015
2025-09-19 11:35:00-03:00,926,31,1001,1052,7.5,969,5.7,1,0.9211026615969582,17.228192187807764,61.28125,14.512500000000001,828.373875,0,7.889733840304182,0.5917300380228137
2025-09-19 11:40:00-03:00,930,31,1004,1055,7.4,973,5.6,1,0.9222748815165877,15.16050490881934,61.40625,14.5625,831.306875,0,7.772511848341232,0.5751658767772512
2025-09-19 11:45:00-03:00,933,31,1006,1058,7.3,976,5.6,1,0.9224952741020794,12.8520131661799,61.5,14.600000000000001,833.504,0,7.750472589792061,0.5657844990548204
2025-09-19 11:50:00-03:00,936,31,1009,1060,7.2,979,5.5,1,0.9235849056603773,10.425783888820215,61.59375,14.637500000000001,835.6988749999999,0,7.641509433962264,0.550188679245283
2025-09-19 11:55:00-03:00,938,31,1010,1061,7.1,982,5.5,1,0.9255419415645617,8.15753973602728,61.6875,14.675,837.8915,0,7.445805843543826,0.5286522148916116
2025-09-19 12:00:00-03:00,940,31,1011,1062,7.0,983,5.4,1,0.9256120527306968,6.1711695271431335,61.71875,14.6875,838.621875,0,7.43879472693032,0.5207156308851224
2025-09-19 12:05:00-03:00,940,31,1011,1063,7.0,984,5.4,1,0.9256820319849483,4.783177592165397,61.75,14.700000000000001,839.352,0,7.431796801505174,0.5202257761053621
2025-09-19 12:10:00-03:00,939,31,1011,1063,7.1,983,5.3,1,0.9247412982126059,4.783177592165398,61.71875,14.6875,838.621875,0,7.525870178739416,0.5343367826904986
2025-09-19 12:15:00-03:00,938,32,1011,1062,7.2,981,5.3,1,0.923728813559322,5.977229519324079,62.65625,15.0625,833.2368749999999,0,7.627118644067797,0.5491525423728814
2025-09-19 12:20:00-03:00,936,32,1010,1060,7.3,979,5.2,1,0.9235849056603773,7.652985157282775,62.59375,15.037500000000001,831.782875,0,7.641509433962264,0.5578301886792453
2025-09-19 12:25:00-03:00,933,32,1008,1059,7.4,976,5.2,1,0.9216241737488197,9.547330263006893,62.5,15.0,829.6,0,7.837582625118037,0.5799811142587348
2025-09-19 12:30:00-03:00,930,32,1005,1056,7.5,973,5.1,1,0.9214015151515151,11.483849001018992,62.40625,14.9625,827.4148749999999,0,7.859848484848484,0.5894886363636364
2025-09-19 12:35:00-03:00,927,32,1003,1053,7.5,969,5.1,1,0.9202279202279202,13.351597339441247,62.28125,14.912500000000001,824.497875,0,7.977207977207977,0.5982905982905983
2025-09-19 12:40:00-03:00,923,32,1000,1050,7.6,965,5.1,1,0.919047619047619,15.138752200272265,62.15625,14.8625,821.576875,0,8.095238095238095,0.6152380952380951
2025-09-19 12:45:00-03:00,919,32,996,1046,7.7,961,5.0,1,0.9187380497131931,16.881718640051496,62.03125,14.8125,818.6518749999999,0,8.126195028680689,0.625717017208413
2025-09-19 12:50:00-03:00,914,32,992,1042,7.8,956,5.0,1,0.9174664107485605,18.889431067664603,61.875,14.75,814.99,0,8.253358925143955,0.6437619961612284
2025-09-19 12:55:00-03:00,909,32,987,1037,7.9,950,4.9,1,0.9161041465766635,20.965339361548885,61.6875,14.675,810.5875,0,8.389585342333655,0.6627772420443588
2025-09-19 13:00:00-03:00,903,32,982,1031,8.0,944,4.9,1,0.915615906886518,23.062990160666107,61.5,14.600000000000001,806.1759999999999,0,8.438409311348206,0.6750727449078565
2025-09-19 13:05:00-03:00,897,32,976,1025,8.1,937,4.9,1,0.9141463414634147,25.197853443920494,61.28125,14.512500000000001,801.017875,0,8.585365853658537,0.6954146341463415
2025-09-19 13:10:00-03:00,889,32,969,1018,8.2,930,4.8,1,0.9135559921414538,27.331162145834824,61.0625,14.425,795.8475,0,8.644400785854616,0.7088408644400785
2025-09-19 13:15:00-03:00,881,32,962,1011,8.4,921,4.8,1,0.9109792284866469,29.476749954469067,60.78125,14.3125,789.1818750000001,0,8.902077151335313,0.7477744807121662
2025-09-19 13:20:00-03:00,873,33,955,1003,8.6,912,4.8,1,0.909272183449651,31.465710052220786,61.5,14.600000000000001,778.848,0,9.072781655034895,0.7802592223330009
2025-09-19 13:25:00-03:00,864,33,947,995,8.8,903,4.7,1,0.907537688442211,33.42687632139138,61.21875,14.4875,772.177875,0,9.246231155778894,0.8136683417085427
2025-09-19 13:30:00-03:00,855,33,939,986,8.9,893,4.7,1,0.9056795131845842,35.331760971297285,60.90625,14.3625,764.742875,0,9.432048681541582,0.8394523326572009
2025-09-19 13:35:00-03:00,845,33,930,977,9.1,883,4.7,1,0.9037871033776868,37.03837076722572,60.59375,14.2375,757.282875,0,9.621289662231321,0.8755373592630502
2025-09-19 13:40:00-03:00,835,33,920,967,9.2,872,4.6,1,0.9017580144777663,38.70126456315699,60.25,14.100000000000001,749.048,0,9.824198552223372,0.9038262668045501
2025-09-19 13:45:00-03:00,824,33,910,956,9.4,861,4.6,1,0.9006276150627615,40.027263436081086,59.90625,13.9625,740.782875,0,9.937238493723848,0.9341004184100418
2025-09-19 13:50:00-03:00,813,33,900,945,9.6,849,4.6,1,0.8984126984126984,41.34958136169601,59.53125,13.8125,731.731875,0,10.158730158730158,0.9752380952380952
2025-09-19 13:55:00-03:00,802,33,889,934,9.8,837,4.6,1,0.8961456102783726,42.714964378047256,59.15625,13.662500000000001,722.644875,0,10.385438972162742,1.0177730192719487
2025-09-19 14:00:00-03:00,790,33,877,922,9.9,825,4.5,1,0.8947939262472885,43.85375143760459,58.78125,13.512500000000001,713.5218749999999,0,10.52060737527115,1.0415401301518437
2025-09-19 14:05:00-03:00,778,33,865,909,10.0,812,4.5,1,0.8932893289328933,44.969602527872894,58.375,13.350000000000001,703.5980000000001,0,10.671067106710671,1.0671067106710672
2025-09-19 14:10:00-03:00,766,33,853,896,10.1,800,4.5,1,0.8928571428571429,46.10749955431616,58.0,13.200000000000001,694.4,0,10.714285714285714,1.082142857142857
2025-09-19 14:15:00-03:00,754,33,840,883,10.2,787,4.4,1,0.8912797281993206,47.29685427427712,57.59375,13.037500000000001,684.394875,0,10.87202718006795,1.1089467723669308
2025-09-19 14:20:00-03:00,741,33,826,868,10.3,773,4.4,1,0.8905529953917051,48.43638439575302,57.15625,12.8625,673.572875,0,10.944700460829493,1.127304147465438
2025-09-19 14:25:00-03:00,728,33,812,854,10.4,760,4.4,1,0.8899297423887588,49.727362749903094,56.75,12.700000000000001,663.48,0,11.00702576112412,1.1447306791569085
2025-09-19 14:30:00-03:00,714,33,798,839,10.5,746,4.3,1,0.8891537544696066,51.06583688699884,56.3125,12.525,652.5635,0,11.084624553039331,1.16388557806913
2025-09-19 14:35:00-03:00,701,33,783,823,10.5,731,4.3,1,0.8882138517618469,51.9236035542653,55.84375,12.3375,640.812875,0,11.178614823815309,1.1737545565006073
2025-09-19 14:40:00-03:00,686,33,768,807,10.6,716,4.3,1,0.8872366790582404,52.45105943985856,55.375,12.15,629.0060000000001,0,11.27633209417596,1.1952912019826516
2025-09-19 14:45:00-03:00,672,33,752,791,10.7,701,4.2,1,0.8862199747155499,52.36555657253619,54.90625,11.9625,617.142875,0,11.378002528445007,1.2174462705436158
2025-09-19 14:50:00-03:00,657,33,736,774,10.8,685,4.2,1,0.8850129198966409,51.96057654752806,54.40625,11.762500000000001,604.426875,0,11.498708010335918,1.2418604651162792
2025-09-19 14:55:00-03:00,641,33,719,757,10.9,669,4.2,1,0.8837516512549538,51.39412476739054,53.90625,11.5625,591.646875,0,11.624834874504623,1.267107001321004
2025-09-19 15:00:00-03:00,628,33,703,739,10.6,656,4.1,1,0.8876860622462788,50.65390588906509,53.5,11.4,581.216,0,11.231393775372124,1.1905277401894452
2025-09-19 15:05:00-03:00,616,33,685,721,10.1,643,4.1,1,0.8918169209431346,49.8770457923263,53.09375,11.2375,570.742875,0,10.818307905686545,1.0926490984743409
2025-09-19 15:10:00-03:00,604,33,668,703,9.6,631,4.1,1,0.8975817923186344,49.373959521067704,52.71875,11.0875,561.037875,0,10.241820768136558,0.9832147937411095
2025-09-19 15:15:00-03:00,591,33,650,684,9.0,618,4.1,1,0.9035087719298246,49.29564489953242,52.3125,10.925,550.4834999999999,0,9.649122807017543,0.8684210526315789
2025-09-19 15:20:00-03:00,578,33,631,665,8.4,605,4.1,1,0.9097744360902256,50.0651091231746,51.90625,10.762500000000001,539.886875,0,9.022556390977442,0.7578947368421052
2025-09-19 15:25:00-03:00,565,33,613,645,7.8,591,4.1,1,0.9162790697674419,51.890327235490915,51.46875,10.5875,528.4278750000001,0,8.372093023255815,0.6530232558139535
2025-09-19 15:30:00-03:00,551,33,594,625,7.3,577,4.1,1,0.9232,54.60907905423629,51.03125,10.412500000000001,516.9198749999999,0,7.68,0.56064
2025-09-19 15:35:00-03:00,536,33,575,605,6.7,562,4.1,1,0.9289256198347108,57.45591195153182,50.5625,10.225000000000001,504.5355,0,7.107438016528926,0.476198347107438
2025-09-19 15:40:00-03:00,521,33,555,585,6.1,546,4.1,1,0.9333333333333333,60.42595017495265,50.0625,10.025,491.2635,0,6.666666666666667,0.4066666666666666
2025-09-19 15:45:00-03:00,502,33,535,564,6.1,527,4.1,1,0.9343971631205674,63.2000191791338,49.46875,9.787500000000001,475.419875,0,6.560283687943262,0.400177304964539
2025-09-19 15:50:00-03:00,484,33,515,543,6.1,507,4.1,1,0.9337016574585635,65.74168918555563,48.84375,9.5375,458.644875,0,6.629834254143646,0.4044198895027624
2025-09-19 15:55:00-03:00,465,33,495,522,6.1,487,4.1,1,0.9329501915708812,67.8944702528096,48.21875,9.2875,441.76987499999996,0,6.704980842911877,0.4090038314176245
2025-09-19 16:00:00-03:00,446,33,474,500,6.0,468,4.1,1,0.936,69.7924954722428,47.625,9.05,425.646,0,6.4,0.38400000000000006
2025-09-19 16:05:00-03:00,427,33,454,478,5.9,448,4.1,1,0.9372384937238494,71.26880400457894,47.0,8.8,408.576,0,6.2761506276150625,0.37029288702928875
2025-09-19 16:10:00-03:00,408,33,433,456,5.8,428,4.1,1,0.9385964912280702,72.44810054603221,46.375,8.55,391.406,0,6.140350877192982,0.3561403508771929
2025-09-19 16:15:00-03:00,389,32,412,434,5.6,408,4.1,1,0.9400921658986175,73.16870294675086,44.75,7.9,375.76800000000003,0,5.990783410138248,0.33548387096774185
2025-09-19 16:20:00-03:00,369,32,391,412,5.4,388,4.1,1,0.941747572815534,73.78757389023505,44.125,7.65,358.318,0,5.825242718446602,0.31456310679611654
2025-09-19 16:25:00-03:00,349,32,369,390,5.4,367,4.1,1,0.941025641025641,74.41631460095813,43.46875,7.3875,339.887875,0,5.897435897435897,0.31846153846153846
2025-09-19 16:30:00-03:00,329,32,348,367,5.4,346,4.2,1,0.9427792915531336,75.02984254767051,42.8125,7.125,321.34749999999997,0,5.722070844686648,0.30899182561307903
2025-09-19 16:35:00-03:00,309,32,327,345,5.5,324,4.2,1,0.9391304347826087,75.44353698447792,42.125,6.8500000000000005,301.806,0,6.086956521739131,0.3347826086956522
2025-09-19 16:40:00-03:00,289,32,305,322,5.5,303,4.2,1,0.9409937888198758,76.04842954568299,41.46875,6.5875,283.039875,0,5.900621118012422,0.32453416149068326
2025-09-19 16:45:00-03:00,268,32,284,300,5.5,282,4.2,1,0.94,77.34040262882665,40.8125,6.325,264.1635,0,6.0,0.33
2025-09-19 16:50:00-03:00,248,32,262,277,5.5,261,4.2,1,0.9422382671480144,78.8513657382615,40.15625,6.0625,245.176875,0,5.776173285198556,0.3176895306859206
2025-09-19 16:55:00-03:00,228,32,241,255,5.5,240,4.2,1,0.9411764705882353,80.1615792501623,39.5,5.800000000000001,226.07999999999998,0,5.88235294117647,0.32352941176470584
2025-09-19 17:00:00-03:00,208,32,220,233,5.5,219,4.2,1,0.9399141630901288,81.2183737982088,38.84375,5.5375000000000005,206.87287500000002,0,6.008583690987124,0.33047210300429186
2025-09-19 17:05:00-03:00,187,32,199,211,6.2,196,4.2,1,0.9289099526066351,81.58969780480976,38.125,5.25,185.71,0,7.109004739336493,0.44075829383886256
2025-09-19 17:10:00-03:00,162,31,179,189,9.3,169,4.2,1,0.8941798941798942,81.37045849172146,36.28125,4.5125,161.373875,0,10.582010582010582,0.9841269841269842
2025-09-19 17:15:00-03:00,139,31,158,168,12.3,144,4.2,1,0.8571428571428571,79.86674508015513,35.5,4.2,137.952,0,14.285714285714285,1.7571428571428571
2025-09-19 17:20:00-03:00,117,31,138,147,15.4,121,4.2,1,0.8231292517006803,77.15995782081961,34.78125,3.9125,116.26587500000001,0,17.687074829931973,2.723809523809524
2025-09-19 17:25:00-03:00,97,31,119,126,18.4,99,4.2,1,0.7857142857142857,73.1985158816376,34.09375,3.6375,95.39887499999999,0,21.428571428571427,3.942857142857142
2025-09-19 17:30:00-03:00,79,31,100,107,21.5,80,4.1,1,0.7476635514018691,68.16735200071626,33.5,3.4000000000000004,77.28,0,25.233644859813083,5.425233644859812
2025-09-19 17:35:00-03:00,62,30,83,88,24.6,62,4.1,1,0.7045454545454546,61.98215774551258,31.9375,2.7750000000000004,60.2795,0,29.545454545454547,7.2681818181818185
2025-09-19 17:40:00-03:00,50,30,66,70,24.7,49,4.1,1,0.7,55.18639215232003,31.53125,2.6125000000000003,47.719875,0,30.0,7.41
2025-09-19 17:45:00-03:00,38,30,50,53,24.7,37,4.1,1,0.6981132075471698,48.162288780828,31.15625,2.4625000000000004,36.088875,0,30.18867924528302,7.456603773584906
2025-09-19 17:50:00-03:00,27,30,36,35,24.7,27,4.1,1,0.7714285714285715,41.07162996376734,30.84375,2.3375,26.368875,0,22.857142857142858,5.645714285714286
2025-09-19 17:55:00-03:00,17,30,23,22,24.7,17,4.1,1,0.7727272727272727,34.13642416169752,30.53125,2.2125,16.623875,0,22.727272727272727,5.613636363636363
2025-09-19 18:00:00-03:00,9,29,12,11,24.7,9,4.0,0,0.8181818181818182,27.77670705010493,29.28125,1.7125000000000001,8.845875,0,18.181818181818183,4.490909090909091
2025-09-19 18:05:00-03:00,2,29,2,2,24.7,1,4.0,0,0.5,21.978639768250414,29.03125,1.6125,0.983875,0,50.0,12.35
2025-09-19 18:10:00-03:00,0,29,0,0,24.7,0,4.0,0,,17.153495977332177,29.0,1.6,0.0,0,,
2025-09-19 18:15:00-03:00,0,29,0,0,24.7,0,3.9,0,,12.716905951198788,29.0,1.6,0.0,0,,
2025-09-19 18:20:00-03:00,0,29,0,0,24.7,0,3.9,0,,8.826612652146782,29.0,1.6,0.0,0,,
2025-09-19 18:25:00-03:00,0,28,0,0,24.7,0,3.9,0,,5.310795181185053,28.0,1.2000000000000002,0.0,0,,
2025-09-19 18:30:00-03:00,0,28,0,0,24.7,0,3.8,0,,2.587850401187547,28.0,1.2000000000000002,0.0,0,,
2025-09-19 18:35:00-03:00,0,28,0,0,24.7,0,3.8,0,,0.2886751379877683,28.0,1.2000000000000002,0.0,0,,
2025-09-19 18:40:00-03:00,0,28,0,0,24.7,0,3.8,0,,0.0,28.0,1.2000000000000002,0.0,0,,
2025-09-19 18:45:00-03:00,0,28,0,0,24.7,0,3.7,0,,0.0,28.0,1.2000000000000002,0.0,0,,
2025-09-19 18:50:00-03:00,0,27,0,0,24.7,0,3.7,0,,0.0,27.0,0.8,0.0,0,,
2025-09-19 18:55:00-03:00,0,27,0,0,24.7,0,3.7,0,,0.0,27.0,0.8,0.0,0,,
2025-09-19 19:00:00-03:00,0,27,0,0,24.7,0,3.6,0,,0.0,27.0,0.8,0.0,0,,
2025-09-19 19:05:00-03:00,0,27,0,0,24.7,0,3.6,0,,0.0,27.0,0.8,0.0,0,,
2025-09-19 19:10:00-03:00,0,27,0,0,24.7,0,3.7,0,,0.0,27.0,0.8,0.0,0,,
2025-09-19 19:15:00-03:00,0,27,0,0,24.7,0,3.7,0,,0.0,27.0,0.8,0.0,0,,
2025-09-19 19:20:00-03:00,0,27,0,0,24.7,0,3.8,0,,0.0,27.0,0.8,0.0,0,,
2025-09-19 19:25:00-03:00,0,27,0,0,24.7,0,3.8,0,,0.0,27.0,0.8,0.0,0,,
2025-09-19 19:30:00-03:00,0,27,0,0,24.7,0,3.9,0,,0.0,27.0,0.8,0.0,0,,
2025-09-19 19:35:00-03:00,0,27,0,0,24.7,0,3.9,0,,0.0,27.0,0.8,0.0,0,,
2025-09-19 19:40:00-03:00,0,27,0,0,24.7,0,4.0,0,,0.0,27.0,0.8,0.0,0,,
2025-09-19 19:45:00-03:00,0,27,0,0,24.7,0,4.0,0,,0.0,27.0,0.8,0.0,0,,
2025-09-19 19:50:00-03:00,0,26,0,0,24.7,0,4.1,0,,0.0,26.0,0.4,0.0,0,,
2025-09-19 19:55:00-03:00,0,26,0,0,24.7,0,4.1,0,,0.0,26.0,0.4,0.0,0,,
2025-09-19 20:00:00-03:00,0,26,0,0,24.7,0,4.2,0,,0.0,26.0,0.4,0.0,0,,
2025-09-19 20:05:00-03:00,0,26,0,0,24.7,0,4.2,0,,0.0,26.0,0.4,0.0,0,,
2025-09-19 20:10:00-03:00,0,26,0,0,24.7,0,4.3,0,,0.0,26.0,0.4,0.0,0,,
2025-09-19 20:15:00-03:00,0,26,0,0,24.7,0,4.4,0,,0.0,26.0,0.4,0.0,0,,
2025-09-19 20:20:00-03:00,0,26,0,0,24.7,0,4.4,0,,0.0,26.0,0.4,0.0,0,,
2025-09-19 20:25:00-03:00,0,26,0,0,24.7,0,4.5,0,,0.0,26.0,0.4,0.0,0,,
2025-09-19 20:30:00-03:00,0,26,0,0,24.7,0,4.6,0,,0.0,26.0,0.4,0.0,0,,
2025-09-19 20:35:00-03:00,0,26,0,0,24.7,0,4.6,0,,0.0,26.0,0.4,0.0,0,,
2025-09-19 20:40:00-03:00,0,26,0,0,24.7,0,4.7,0,,0.0,26.0,0.4,0.0,0,,
2025-09-19 20:45:00-03:00,0,26,0,0,24.7,0,4.8,0,,0.0,26.0,0.4,0.0,0,,
2025-09-19 20:50:00-03:00,0,26,0,0,24.7,0,4.8,0,,0.0,26.0,0.4,0.0,0,,
2025-09-19 20:55:00-03:00,0,26,0,0,24.7,0,4.9,0,,0.0,26.0,0.4,0.0,0,,
2025-09-19 21:00:00-03:00,0,26,0,0,24.7,0,5.0,0,,0.0,26.0,0.4,0.0,0,,
2025-09-19 21:05:00-03:00,0,26,0,0,24.6,0,5.0,0,,0.0,26.0,0.4,0.0,0,,
2025-09-19 21:10:00-03:00,0,26,0,0,24.5,0,5.0,0,,0.0,26.0,0.4,0.0,0,,
2025-09-19 21:15:00-03:00,0,26,0,0,24.4,0,5.0,0,,0.0,26.0,0.4,0.0,0,,
2025-09-19 21:20:00-03:00,0,26,0,0,24.2,0,5.0,0,,0.0,26.0,0.4,0.0,0,,
2025-09-19 21:25:00-03:00,0,26,0,0,24.1,0,4.9,0,,0.0,26.0,0.4,0.0,0,,
2025-09-19 21:30:00-03:00,0,26,0,0,24.0,0,4.9,0,,0.0,26.0,0.4,0.0,0,,
2025-09-19 21:35:00-03:00,0,26,0,0,23.8,0,4.9,0,,0.0,26.0,0.4,0.0,0,,
2025-09-19 21:40:00-03:00,0,26,0,0,23.7,0,4.9,0,,0.0,26.0,0.4,0.0,0,,
2025-09-19 21:45:00-03:00,0,26,0,0,23.6,0,4.9,0,,0.0,26.0,0.4,0.0,0,,
2025-09-19 21:50:00-03:00,0,26,0,0,23.5,0,4.9,0,,0.0,26.0,0.4,0.0,0,,
2025-09-19 21:55:00-03:00,0,25,0,0,23.3,0,4.9,0,,0.0,25.0,0.0,0.0,0,,
2025-09-19 22:00:00-03:00,0,25,0,0,23.2,0,4.8,0,,0.0,25.0,0.0,0.0,0,,
2025-09-19 22:05:00-03:00,0,25,0,0,23.1,0,4.8,0,,0.0,25.0,0.0,0.0,0,,
2025-09-19 22:10:00-03:00,0,25,0,0,23.1,0,4.8,0,,0.0,25.0,0.0,0.0,0,,
2025-09-19 22:15:00-03:00,0,25,0,0,23.1,0,4.8,0,,0.0,25.0,0.0,0.0,0,,
2025-09-19 22:20:00-03:00,0,25,0,0,23.1,0,4.8,0,,0.0,25.0,0.0,0.0,0,,
2025-09-19 22:25:00-03:00,0,25,0,0,23.1,0,4.8,0,,0.0,25.0,0.0,0.0,0,,
2025-09-19 22:30:00-03:00,0,25,0,0,23.1,0,4.8,0,,0.0,25.0,0.0,0.0,0,,
2025-09-19 22:35:00-03:00,0,25,0,0,23.1,0,4.8,0,,0.0,25.0,0.0,0.0,0,,
2025-09-19 22:40:00-03:00,0,25,0,0,23.1,0,4.7,0,,0.0,25.0,0.0,0.0,0,,
2025-09-19 22:45:00-03:00,0,25,0,0,23.1,0,4.7,0,,0.0,25.0,0.0,0.0,0,,
2025-09-19 22:50:00-03:00,0,25,0,0,23.1,0,4.7,0,,0.0,25.0,0.0,0.0,0,,
2025-09-19 22:55:00-03:00,0,25,0,0,23.1,0,4.7,0,,0.0,25.0,0.0,0.0,0,,
2025-09-19 23:00:00-03:00,0,25,0,0,23.1,0,4.7,0,,0.0,25.0,0.0,0.0,0,,
2025-09-19 23:05:00-03:00,0,25,0,0,23.1,0,4.7,0,,0.0,25.0,0.0,0.0,0,,
2025-09-19 23:10:00-03:00,0,25,0,0,22.9,0,4.7,0,,0.0,25.0,0.0,0.0,0,,
2025-09-19 23:15:00-03:00,0,25,0,0,22.8,0,4.7,0,,0.0,25.0,0.0,0.0,0,,
2025-09-19 23:20:00-03:00,0,25,0,0,22.7,0,4.7,0,,0.0,25.0,0.0,0.0,0,,
2025-09-19 23:25:00-03:00,0,25,0,0,22.6,0,4.6,0,,0.0,25.0,0.0,0.0,0,,
2025-09-19 23:30:00-03:00,0,25,0,0,22.4,0,4.6,0,,0.0,25.0,0.0,0.0,0,,
2025-09-19 23:35:00-03:00,0,25,0,0,22.3,0,4.6,0,,0.0,25.0,0.0,0.0,0,,
2025-09-19 23:40:00-03:00,0,25,0,0,22.2,0,4.6,0,,0.0,25.0,0.0,0.0,0,,
2025-09-19 23:45:00-03:00,0,25,0,0,22.0,0,4.6,0,,0.0,25.0,0.0,0.0,0,,
2025-09-19 23:50:00-03:00,0,24,0,0,21.9,0,4.6,0,,0.0,24.0,0.0,0.0,0,,
2025-09-19 23:55:00-03:00,0,24,0,0,21.8,0,4.6,0,,0.0,24.0,0.0,0.0,0,,
2025-09-20 00:00:00-03:00,0,24,0,0,21.7,0,4.6,0,,0.0,24.0,0.0,0.0,0,,
2025-09-20 00:05:00-03:00,0,24,0,0,21.6,0,4.6,0,,0.0,24.0,0.0,0.0,0,,
2025-09-20 00:10:00-03:00,0,24,0,0,21.6,0,4.6,0,,0.0,24.0,0.0,0.0,0,,
2025-09-20 00:15:00-03:00,0,24,0,0,21.6,0,4.5,0,,0.0,24.0,0.0,0.0,0,,
2025-09-20 00:20:00-03:00,0,24,0,0,21.6,0,4.5,0,,0.0,24.0,0.0,0.0,0,,
2025-09-20 00:25:00-03:00,0,24,0,0,21.6,0,4.5,0,,0.0,24.0,0.0,0.0,0,,
2025-09-20 00:30:00-03:00,0,24,0,0,21.6,0,4.5,0,,0.0,24.0,0.0,0.0,0,,
2025-09-20 00:35:00-03:00,0,24,0,0,21.6,0,4.5,0,,0.0,24.0,0.0,0.0,0,,
2025-09-20 00:40:00-03:00,0,24,0,0,21.6,0,4.4,0,,0.0,24.0,0.0,0.0,0,,
2025-09-20 00:45:00-03:00,0,24,0,0,21.6,0,4.4,0,,0.0,24.0,0.0,0.0,0,,
2025-09-20 00:50:00-03:00,0,24,0,0,21.6,0,4.4,0,,0.0,24.0,0.0,0.0,0,,
2025-09-20 00:55:00-03:00,0,24,0,0,21.6,0,4.4,0,,0.0,24.0,0.0,0.0,0,,
2025-09-20 01:00:00-03:00,0,24,0,0,21.6,0,4.4,0,,0.0,24.0,0.0,0.0,0,,
2025-09-20 01:05:00-03:00,0,24,0,0,21.6,0,4.4,0,,0.0,24.0,0.0,0.0,0,,
2025-09-20 01:10:00-03:00,0,23,0,0,21.6,0,4.3,0,,0.0,23.0,0.0,0.0,0,,
2025-09-20 01:15:00-03:00,0,23,0,0,21.6,0,4.3,0,,0.0,23.0,0.0,0.0,0,,
2025-09-20 01:20:00-03:00,0,23,0,0,21.6,0,4.3,0,,0.0,23.0,0.0,0.0,0,,
2025-09-20 01:25:00-03:00,0,23,0,0,21.6,0,4.3,0,,0.0,23.0,0.0,0.0,0,,
2025-09-20 01:30:00-03:00,0,23,0,0,21.6,0,4.3,0,,0.0,23.0,0.0,0.0,0,,
2025-09-20 01:35:00-03:00,0,23,0,0,21.6,0,4.3,0,,0.0,23.0,0.0,0.0,0,,
2025-09-20 01:40:00-03:00,0,23,0,0,21.6,0,4.3,0,,0.0,23.0,0.0,0.0,0,,
2025-09-20 01:45:00-03:00,0,23,0,0,21.6,0,4.2,0,,0.0,23.0,0.0,0.0,0,,
2025-09-20 01:50:00-03:00,0,23,0,0,21.6,0,4.2,0,,0.0,23.0,0.0,0.0,0,,
2025-09-20 01:55:00-03:00,0,23,0,0,21.6,0,4.2,0,,0.0,23.0,0.0,0.0,0,,
2025-09-20 02:00:00-03:00,0,23,0,0,21.6,0,4.2,0,,0.0,23.0,0.0,0.0,0,,
2025-09-20 02:05:00-03:00,0,23,0,0,21.5,0,4.2,0,,0.0,23.0,0.0,0.0,0,,
2025-09-20 02:10:00-03:00,0,23,0,0,21.4,0,4.2,0,,0.0,23.0,0.0,0.0,0,,
2025-09-20 02:15:00-03:00,0,23,0,0,21.3,0,4.2,0,,0.0,23.0,0.0,0.0,0,,
2025-09-20 02:20:00-03:00,0,23,0,0,21.1,0,4.1,0,,0.0,23.0,0.0,0.0,0,,
2025-09-20 02:25:00-03:00,0,23,0,0,21.0,0,4.1,0,,0.0,23.0,0.0,0.0,0,,
2025-09-20 02:30:00-03:00,0,22,0,0,20.9,0,4.1,0,,0.0,22.0,0.0,0.0,0,,
2025-09-20 02:35:00-03:00,0,22,0,0,20.7,0,4.1,0,,0.0,22.0,0.0,0.0,0,,
2025-09-20 02:40:00-03:00,0,22,0,0,20.6,0,4.1,0,,0.0,22.0,0.0,0.0,0,,
2025-09-20 02:45:00-03:00,0,22,0,0,20.5,0,4.1,0,,0.0,22.0,0.0,0.0,0,,
2025-09-20 02:50:00-03:00,0,22,0,0,20.3,0,4.1,0,,0.0,22.0,0.0,0.0,0,,
2025-09-20 02:55:00-03:00,0,22,0,0,20.2,0,4.1,0,,0.0,22.0,0.0,0.0,0,,
2025-09-20 03:00:00-03:00,0,22,0,0,20.1,0,4.1,0,,0.0,22.0,0.0,0.0,0,,
2025-09-20 03:05:00-03:00,0,22,0,0,20.0,0,4.1,0,,0.0,22.0,0.0,0.0,0,,
2025-09-20 03:10:00-03:00,0,22,0,0,20.0,0,4.1,0,,0.0,22.0,0.0,0.0,0,,
2025-09-20 03:15:00-03:00,0,22,0,0,20.0,0,4.2,0,,0.0,22.0,0.0,0.0,0,,
2025-09-20 03:20:00-03:00,0,22,0,0,20.0,0,4.2,0,,0.0,22.0,0.0,0.0,0,,
2025-09-20 03:25:00-03:00,0,22,0,0,20.0,0,4.2,0,,0.0,22.0,0.0,0.0,0,,
2025-09-20 03:30:00-03:00,0,22,0,0,20.0,0,4.3,0,,0.0,22.0,0.0,0.0,0,,
2025-09-20 03:35:00-03:00,0,22,0,0,20.0,0,4.3,0,,0.0,22.0,0.0,0.0,0,,
2025-09-20 03:40:00-03:00,0,22,0,0,20.0,0,4.4,0,,0.0,22.0,0.0,0.0,0,,
2025-09-20 03:45:00-03:00,0,22,0,0,20.0,0,4.4,0,,0.0,22.0,0.0,0.0,0,,
2025-09-20 03:50:00-03:00,0,22,0,0,20.0,0,4.5,0,,0.0,22.0,0.0,0.0,0,,
2025-09-20 03:55:00-03:00,0,22,0,0,20.0,0,4.5,0,,0.0,22.0,0.0,0.0,0,,
2025-09-20 04:00:00-03:00,0,22,0,0,20.0,0,4.5,0,,0.0,22.0,0.0,0.0,0,,
2025-09-20 04:05:00-03:00,0,21,0,0,20.0,0,4.6,0,,0.0,21.0,0.0,0.0,0,,
2025-09-20 04:10:00-03:00,0,21,0,0,20.0,0,4.6,0,,0.0,21.0,0.0,0.0,0,,
2025-09-20 04:15:00-03:00,0,21,0,0,20.0,0,4.7,0,,0.0,21.0,0.0,0.0,0,,
2025-09-20 04:20:00-03:00,0,21,0,0,20.0,0,4.7,0,,0.0,21.0,0.0,0.0,0,,
2025-09-20 04:25:00-03:00,0,21,0,0,20.0,0,4.8,0,,0.0,21.0,0.0,0.0,0,,
2025-09-20 04:30:00-03:00,0,21,0,0,20.0,0,4.8,0,,0.0,21.0,0.0,0.0,0,,
2025-09-20 04:35:00-03:00,0,21,0,0,20.0,0,4.8,0,,0.0,21.0,0.0,0.0,0,,
2025-09-20 04:40:00-03:00,0,21,0,0,20.0,0,4.9,0,,0.0,21.0,0.0,0.0,0,,
2025-09-20 04:45:00-03:00,0,21,0,0,20.0,0,4.9,0,,0.0,21.0,0.0,0.0,0,,
2025-09-20 04:50:00-03:00,0,21,0,0,20.0,0,5.0,0,,0.0,21.0,0.0,0.0,0,,
2025-09-20 04:55:00-03:00,0,21,0,0,20.0,0,5.0,0,,0.0,21.0,0.0,0.0,0,,
2025-09-20 05:00:00-03:00,0,21,0,0,20.0,0,5.1,0,,0.0,21.0,0.0,0.0,0,,
2025-09-20 05:05:00-03:00,0,21,0,0,20.0,0,5.1,0,,0.0,21.0,0.0,0.0,0,,
2025-09-20 05:10:00-03:00,0,21,0,0,19.8,0,5.1,0,,0.0,21.0,0.0,0.0,0,,
2025-09-20 05:15:00-03:00,0,21,0,0,19.7,0,5.2,0,,0.0,21.0,0.0,0.0,0,,
2025-09-20 05:20:00-03:00,0,21,0,0,19.6,0,5.2,0,,0.0,21.0,0.0,0.0,0,,
2025-09-20 05:25:00-03:00,0,21,0,0,19.4,0,5.3,0,,0.0,21.0,0.0,0.0,0,,
2025-09-20 05:30:00-03:00,0,21,0,0,19.3,0,5.3,0,,0.0,21.0,0.0,0.0,0,,
2025-09-20 05:35:00-03:00,0,21,0,0,19.2,0,5.4,0,,0.0,21.0,0.0,0.0,0,,
2025-09-20 05:40:00-03:00,0,21,0,0,19.0,0,5.4,0,,0.0,21.0,0.0,0.0,0,,
2025-09-20 05:45:00-03:00,0,21,0,0,18.9,0,5.4,0,,0.0,21.0,0.0,0.0,0,,
2025-09-20 05:50:00-03:00,0,21,0,0,18.8,0,5.5,0,,2.020725942648056,21.0,0.0,0.0,0,,
2025-09-20 05:55:00-03:00,0,21,0,0,18.6,0,5.5,0,,4.608950449329905,21.0,0.0,0.0,0,,
2025-09-20 06:00:00-03:00,0,20,0,0,18.5,0,5.6,0,,8.061787906188835,20.0,0.0,0.0,0,,
2025-09-20 06:05:00-03:00,0,21,0,0,18.5,0,5.6,0,,12.1390304640857,21.0,0.0,0.0,0,,
2025-09-20 06:10:00-03:00,0,21,0,0,18.6,0,5.6,0,,16.90615810348734,21.0,0.0,0.0,0,,
2025-09-20 06:15:00-03:00,7,21,8,8,18.8,7,5.6,0,0.875,21.957948792030408,21.21875,0.0,7.0,0,12.5,2.35
2025-09-20 06:20:00-03:00,16,21,19,18,18.9,15,5.7,1,0.8333333333333334,27.74928336506411,21.46875,0.0,15.0,0,16.666666666666664,3.1499999999999995
2025-09-20 06:25:00-03:00,26,21,32,30,19.0,25,5.7,1,0.8333333333333334,34.31140812141933,21.78125,0.0,25.0,0,16.666666666666664,3.166666666666666
2025-09-20 06:30:00-03:00,37,21,45,47,19.2,36,5.7,1,0.7659574468085106,41.242079129342365,22.125,0.0,36.0,0,23.404255319148938,4.493617021276596
2025-09-20 06:35:00-03:00,49,21,60,63,19.3,49,5.7,1,0.7777777777777778,48.53302530706651,22.53125,0.0,49.0,0,22.22222222222222,4.288888888888889
2025-09-20 06:40:00-03:00,62,22,76,81,19.4,62,5.7,1,0.7654320987654321,55.740402081831085,23.9375,0.0,62.0,0,23.456790123456788,4.550617283950617
2025-09-20 06:45:00-03:00,78,22,94,99,17.2,79,5.8,1,0.797979797979798,62.75565892630287,24.46875,0.0,79.0,0,20.2020202020202,3.4747474747474745
2025-09-20 06:50:00-03:00,96,22,112,118,14.2,99,5.8,1,0.8389830508474576,69.28132154594914,25.09375,0.037500000000000006,98.962875,0,16.101694915254235,2.2864406779661013
2025-09-20 06:55:00-03:00,116,22,131,138,11.2,120,5.8,1,0.8695652173913043,74.7960357886606,25.75,0.30000000000000004,119.64,0,13.043478260869565,1.4608695652173913
2025-09-20 07:00:00-03:00,138,22,150,158,8.2,144,5.8,1,0.9113924050632911,79.1777344735577,26.5,0.6000000000000001,143.136,0,8.860759493670885,0.7265822784810125
2025-09-20 07:05:00-03:00,162,22,170,179,5.1,169,5.8,1,0.9441340782122905,82.5100085756451,27.28125,0.9125000000000001,167.457875,0,5.58659217877095,0.2849162011173184
2025-09-20 07:10:00-03:00,187,23,191,201,2.0,197,5.9,1,0.9800995024875622,84.69070286351746,29.15625,1.6625,193.724875,0,1.9900497512437811,0.03980099502487562
2025-09-20 07:15:00-03:00,211,23,212,223,0.3,222,5.9,1,0.9955156950672646,85.64987749642671,29.9375,1.975,217.6155,0,0.4484304932735426,0.0013452914798206279
2025-09-20 07:20:00-03:00,233,23,233,245,0.1,245,5.9,1,1.0,85.73620571087977,30.65625,2.2625,239.456875,0,0.0,0.0
2025-09-20 07:25:00-03:00,254,23,254,267,0.0,267,5.9,1,1.0,85.12570918140783,31.34375,2.5375,260.224875,0,0.0,0.0
2025-09-20 07:30:00-03:00,276,23,276,290,0.0,290,5.9,1,1.0,84.04850691804529,32.0625,2.825,281.8075,0,0.0,0.0
2025-09-20 07:35:00-03:00,297,23,297,312,0.0,312,6.0,1,1.0,82.81098411992348,32.75,3.1,302.328,0,0.0,0.0
2025-09-20 07:40:00-03:00,318,24,318,335,0.0,335,6.0,1,1.0,81.63272331089156,34.46875,3.7875,322.311875,0,0.0,0.0
2025-09-20 07:45:00-03:00,340,24,340,358,0.0,358,6.0,1,1.0,81.10090049196161,35.1875,4.075,343.4115,0,0.0,0.0
2025-09-20 07:50:00-03:00,361,24,361,380,0.0,380,6.0,1,1.0,80.86183502516684,35.875,4.3500000000000005,363.47,0,0.0,0.0
2025-09-20 07:55:00-03:00,383,24,383,403,0.0,403,6.0,1,1.0,80.52342967902943,36.59375,4.6375,384.31087499999995,0,0.0,0.0
2025-09-20 08:00:00-03:00,404,24,404,425,0.0,425,6.1,1,1.0,79.97097011170283,37.28125,4.9125000000000005,404.121875,0,0.0,0.0
2025-09-20 08:05:00-03:00,425,24,425,447,0.0,447,6.1,1,1.0,79.39367771181031,37.96875,5.1875,423.811875,0,0.0,0.0
2025-09-20 08:10:00-03:00,446,24,446,469,0.0,469,6.1,1,1.0,78.67520498091224,38.65625,5.4625,443.380875,0,0.0,0.0
2025-09-20 08:15:00-03:00,467,25,467,491,0.0,491,6.1,1,1.0,78.00636143445637,40.34375,6.1375,460.86487500000004,0,0.0,0.0
2025-09-20 08:20:00-03:00,487,25,487,512,0.0,512,6.1,1,1.0,77.30160333905391,41.0,6.4,479.23199999999997,0,0.0,0.0
2025-09-20 08:25:00-03:00,508,25,508,533,0.0,533,6.2,1,1.0,75.79877667518808,41.65625,6.6625000000000005,497.48887499999995,0,0.0,0.0
2025-09-20 08:30:00-03:00,528,25,528,554,0.0,554,6.2,1,1.0,73.7142311822372,42.3125,6.925000000000001,515.6355,0,0.0,0.0
2025-09-20 08:35:00-03:00,548,25,548,575,0.0,575,6.2,1,1.0,71.09447406391453,42.96875,7.1875,533.671875,0,0.0,0.0
2025-09-20 08:40:00-03:00,567,25,567,596,0.0,596,6.2,1,1.0,67.99392798202322,43.625,7.45,551.598,0,0.0,0.0
2025-09-20 08:45:00-03:00,586,26,587,616,0.0,616,6.3,1,1.0,64.490074406609,45.25,8.1,566.104,0,0.0,0.0
2025-09-20 08:50:00-03:00,601,26,606,636,0.8,631,6.3,1,0.9921383647798742,60.6874756186968,45.71875,8.2875,578.705875,0,0.7861635220125787,0.00628930817610063
2025-09-20 08:55:00-03:00,615,26,624,655,1.5,645,6.3,1,0.9847328244274809,56.654455012182844,46.15625,8.4625,590.416875,0,1.5267175572519083,0.022900763358778622
2025-09-20 09:00:00-03:00,629,26,643,675,2.2,659,6.3,1,0.9762962962962963,53.125637251081216,46.59375,8.637500000000001,602.078875,0,2.3703703703703702,0.05214814814814815
2025-09-20 09:05:00-03:00,642,26,661,694,2.9,672,6.3,1,0.968299711815562,50.32681073531258,47.0,8.8,612.864,0,3.170028818443804,0.09193083573487032
2025-09-20 09:10:00-03:00,654,26,679,712,3.7,684,6.3,1,0.9606741573033708,48.49179874426811,47.375,8.950000000000001,622.782,0,3.932584269662921,0.1455056179775281
2025-09-20 09:15:00-03:00,665,27,696,730,4.5,695,6.2,1,0.952054794520548,47.82322245583859,48.71875,9.4875,629.061875,0,4.794520547945205,0.21575342465753422
2025-09-20 09:20:00-03:00,675,27,713,748,5.2,706,6.2,1,0.9438502673796791,47.990766157289244,49.0625,9.625,638.0475,0,5.614973262032086,0.29197860962566846
2025-09-20 09:25:00-03:00,690,27,729,765,5.4,721,6.2,1,0.9424836601307189,48.44889528715179,49.53125,9.8125,650.251875,0,5.751633986928105,0.31058823529411766
2025-09-20 09:30:00-03:00,705,27,745,782,5.5,736,6.1,1,0.9411764705882353,48.912413990971146,50.0,10.0,662.4,0,5.88235294117647,0.32352941176470584
2025-09-20 09:35:00-03:00,719,27,761,798,5.5,751,6.1,1,0.9411027568922306,49.26820537228781,50.46875,10.1875,674.491875,0,5.889724310776942,0.32393483709273185
2025-09-20 09:40:00-03:00,733,27,776,814,5.6,766,6.1,1,0.941031941031941,49.548568153483885,50.9375,10.375,686.5275,0,5.896805896805897,0.3302211302211302
2025-09-20 09:45:00-03:00,746,28,791,830,5.7,779,6.0,1,0.9385542168674699,49.59747060999063,52.34375,10.9375,693.796875,0,6.144578313253012,0.35024096385542175
2025-09-20 09:50:00-03:00,759,28,806,845,5.8,793,6.0,1,0.9384615384615385,49.2249013111318,52.78125,11.1125,704.877875,0,6.153846153846154,0.35692307692307695
2025-09-20 09:55:00-03:00,772,28,820,860,5.9,806,5.9,1,0.9372093023255814,48.2238310256205,53.1875,11.275,715.1235,0,6.279069767441861,0.3704651162790698
2025-09-20 10:00:00-03:00,784,28,833,874,6.0,818,5.9,1,0.9359267734553776,47.23338251959206,53.5625,11.425,724.5435,0,6.407322654462242,0.38443935926773454
2025-09-20 10:05:00-03:00,796,28,846,887,6.0,831,5.9,1,0.9368658399098083,46.19613980986914,53.96875,11.5875,734.7078750000001,0,6.313416009019165,0.3788049605411499
2025-09-20 10:10:00-03:00,808,28,859,900,5.9,844,5.8,1,0.9377777777777778,45.213550529844014,54.375,11.75,744.83,0,6.222222222222222,0.36711111111111117
2025-09-20 10:15:00-03:00,821,29,871,913,5.8,857,5.8,1,0.9386637458926615,44.2551144108195,55.78125,12.3125,751.481875,0,6.133625410733845,0.35575027382256297
2025-09-20 10:20:00-03:00,832,29,883,925,5.7,869,5.8,1,0.9394594594594594,43.10628162056029,56.15625,12.4625,760.700875,0,6.054054054054054,0.3450810810810811
2025-09-20 10:25:00-03:00,843,29,894,937,5.6,881,5.7,1,0.9402347918890075,41.879607390125116,56.53125,12.6125,769.883875,0,5.9765208110992525,0.33468516542155813
2025-09-20 10:30:00-03:00,854,29,904,948,5.5,892,5.7,1,0.9409282700421941,40.526833609643376,56.875,12.75,778.2700000000001,0,5.9071729957805905,0.3248945147679325
2025-09-20 10:35:00-03:00,864,29,914,958,5.5,903,5.7,1,0.94258872651357,38.966963474508646,57.21875,12.887500000000001,786.625875,0,5.741127348643007,0.3157620041753654
2025-09-20 10:40:00-03:00,874,29,924,968,5.4,913,5.6,1,0.9431818181818182,37.18707823798757,57.53125,13.012500000000001,794.195875,0,5.681818181818182,0.3068181818181818
2025-09-20 10:45:00-03:00,884,30,933,978,5.3,923,5.6,1,0.943762781186094,35.33176097129505,58.84375,13.537500000000001,798.048875,0,5.623721881390593,0.29805725971370145
2025-09-20 10:50:00-03:00,893,30,942,987,5.2,932,5.6,1,0.9442755825734549,33.42687632138892,59.125,13.65,804.7819999999999,0,5.572441742654509,0.28976697061803447
2025-09-20 10:55:00-03:00,901,30,950,995,5.1,941,5.5,1,0.9457286432160804,31.344010108732384,59.40625,13.762500000000001,811.494875,0,5.427135678391959,0.2767839195979899
2025-09-20 11:00:00-03:00,909,30,957,1003,5.0,950,5.5,1,0.9471585244267199,29.252298536974802,59.6875,13.875,818.1875,0,5.284147557328016,0.2642073778664008
2025-09-20 11:05:00-03:00,916,30,964,1010,5.0,957,5.5,1,0.9475247524752475,27.022998061683207,59.90625,13.9625,823.378875,0,5.247524752475248,0.2623762376237624
2025-09-20 11:10:00-03:00,922,30,971,1017,5.0,964,5.4,1,0.9478859390363815,24.824688346773755,60.125,14.05,828.5579999999999,0,5.2114060963618485,0.2605703048180924
2025-09-20 11:15:00-03:00,928,31,977,1024,5.0,970,5.4,1,0.947265625,22.528601349998556,61.3125,14.525,829.1075,0,5.2734375,0.263671875
2025-09-20 11:20:00-03:00,933,31,982,1029,5.0,975,5.4,1,0.9475218658892128,20.305992547339248,61.46875,14.5875,832.771875,0,5.247813411078718,0.2623906705539359
2025-09-20 11:25:00-03:00,938,31,987,1035,5.0,980,5.3,1,0.9468599033816425,18.029437208627925,61.625,14.65,836.4300000000001,0,5.314009661835748,0.2657004830917874
2025-09-20 11:30:00-03:00,942,31,992,1039,5.0,984,5.3,1,0.9470644850818094,15.877132402690766,61.75,14.700000000000001,839.352,0,5.2935514918190565,0.2646775745909528
2025-09-20 11:35:00-03:00,946,31,996,1043,5.0,988,5.3,1,0.947267497603068,13.947955210161966,61.875,14.75,842.27,0,5.273250239693192,0.2636625119846596
2025-09-20 11:40:00-03:00,949,31,999,1047,5.0,991,5.2,1,0.9465138490926457,12.056370125592585,61.96875,14.787500000000001,844.455875,0,5.348615090735435,0.26743075453677173
2025-09-20 11:45:00-03:00,952,32,1002,1050,5.0,994,5.2,1,0.9466666666666667,10.273163037112376,63.0625,15.225000000000001,842.6635,0,5.333333333333334,0.2666666666666667
2025-09-20 11:50:00-03:00,954,32,1004,1052,5.0,996,5.2,1,0.9467680608365019,8.586017526706069,63.125,15.25,844.11,0,5.323193916349809,0.26615969581749044
2025-09-20 11:55:00-03:00,955,32,1006,1054,5.0,998,5.2,1,0.9468690702087287,6.868350779003953,63.1875,15.275,845.5555,0,5.313092979127135,0.26565464895635676
2025-09-20 12:00:00-03:00,956,32,1007,1055,5.0,999,5.1,1,0.9469194312796209,5.299371031785877,63.21875,15.287500000000001,846.277875,0,5.308056872037914,0.26540284360189575
2025-09-20 12:05:00-03:00,957,32,1007,1055,5.0,1000,5.1,1,0.9478672985781991,3.8484550224475167,63.25,15.3,847.0,0,5.213270142180095,0.2606635071090047
2025-09-20 12:10:00-03:00,957,32,1008,1056,5.0,1000,5.0,1,0.946969696969697,3.01511344564404,63.25,15.3,847.0,0,5.303030303030303,0.26515151515151514
2025-09-20 12:15:00-03:00,957,32,1007,1056,5.0,1000,5.0,1,0.946969696969697,3.203927513903221,63.25,15.3,847.0,0,5.303030303030303,0.26515151515151514
2025-09-20 12:20:00-03:00,956,32,1007,1055,5.0,999,5.0,1,0.9469194312796209,4.2497771776649635,63.21875,15.287500000000001,846.277875,0,5.308056872037914,0.26540284360189575
2025-09-20 12:25:00-03:00,955,32,1005,1053,5.0,998,4.9,1,0.9477682811016145,5.738625112430377,63.1875,15.275,845.5555,0,5.223171889838556,0.26115859449192785
2025-09-20 12:30:00-03:00,953,32,1003,1051,5.0,996,4.9,1,0.9476688867745005,7.5010100329458105,63.125,15.25,844.11,0,5.233111322549953,0.26165556612749763
2025-09-20 12:35:00-03:00,951,32,1001,1049,5.0,993,4.9,1,0.9466158245948523,9.32697294097241,63.03125,15.2125,841.9398749999999,0,5.338417540514776,0.2669208770257388
2025-09-20 12:40:00-03:00,948,33,998,1045,5.0,990,4.8,1,0.9473684210526315,11.235765405242237,63.9375,15.575000000000001,835.8074999999999,0,5.263157894736842,0.2631578947368421
2025-09-20 12:45:00-03:00,944,33,994,1042,5.0,987,4.8,1,0.9472168905950096,13.309827765630082,63.84375,15.537500000000001,833.644875,0,5.278310940499041,0.263915547024952
2025-09-20 12:50:00-03:00,940,33,990,1037,5.0,983,4.7,1,0.9479267116682739,15.359085752438105,63.71875,15.4875,830.757875,0,5.207328833172613,0.26036644165863065
2025-09-20 12:55:00-03:00,936,33,985,1032,5.0,978,4.7,1,0.9476744186046512,17.500432895057035,63.5625,15.425,827.1435,0,5.232558139534884,0.2616279069767442
2025-09-20 13:00:00-03:00,931,33,980,1027,5.0,973,4.7,1,0.9474196689386563,19.557994567807995,63.40625,15.3625,823.522875,0,5.258033106134373,0.26290165530671866
2025-09-20 13:05:00-03:00,925,33,974,1021,5.0,967,4.6,1,0.9471106758080313,21.657807046418057,63.21875,15.287500000000001,819.169875,0,5.288932419196866,0.2644466209598433
2025-09-20 13:10:00-03:00,919,33,967,1014,5.0,960,4.6,1,0.9467455621301775,23.756338866982855,63.0,15.200000000000001,814.0799999999999,0,5.325443786982249,0.26627218934911245
2025-09-20 13:15:00-03:00,912,33,960,1006,5.0,953,4.6,1,0.9473161033797217,25.870745148618223,62.78125,15.1125,808.977875,0,5.2683896620278325,0.2634194831013916
2025-09-20 13:20:00-03:00,905,33,952,998,5.0,945,4.6,1,0.9468937875751503,27.83215384906642,62.53125,15.012500000000001,803.1318749999999,0,5.31062124248497,0.2655310621242485
2025-09-20 13:25:00-03:00,897,33,944,989,5.0,937,4.5,1,0.9474216380182002,29.76880612623137,62.28125,14.912500000000001,797.2698750000001,0,5.25783619817998,0.262891809908999
2025-09-20 13:30:00-03:00,888,33,935,980,5.0,928,4.5,1,0.9469387755102041,31.649955718279426,62.0,14.8,790.656,0,5.3061224489795915,0.2653061224489796
2025-09-20 13:35:00-03:00,880,33,926,970,5.0,919,4.5,1,0.9474226804123711,33.483940067196606,61.71875,14.6875,784.021875,0,5.257731958762887,0.26288659793814434
2025-09-20 13:40:00-03:00,870,33,916,960,5.0,909,4.5,1,0.946875,35.243202654309485,61.40625,14.5625,776.626875,0,5.3125,0.265625
2025-09-20 13:45:00-03:00,860,33,906,949,5.0,899,4.4,1,0.9473129610115911,37.07843856016624,61.09375,14.4375,769.206875,0,5.268703898840886,0.2634351949420443
2025-09-20 13:50:00-03:00,850,33,895,938,5.0,888,4.4,1,0.9466950959488273,38.83873027914804,60.75,14.3,761.016,0,5.330490405117271,0.26652452025586354
2025-09-20 13:55:00-03:00,839,33,883,926,5.0,877,4.4,1,0.9470842332613391,40.526833609643234,60.40625,14.162500000000001,752.794875,0,5.291576673866091,0.26457883369330454
2025-09-20 14:00:00-03:00,828,33,872,913,5.0,865,4.4,1,0.9474260679079957,42.17091845852843,60.03125,14.012500000000001,743.791875,0,5.257393209200438,0.26286966046002186
2025-09-20 14:05:00-03:00,816,33,859,901,5.0,853,4.4,1,0.946725860155383,43.92003753378648,59.65625,13.8625,734.752875,0,5.3274139844617086,0.2663706992230854
2025-09-20 14:10:00-03:00,804,33,847,887,5.0,840,4.3,1,0.9470124013528749,45.62188137950475,59.25,13.700000000000001,724.92,0,5.2987598647125145,0.2649379932356257
2025-09-20 14:15:00-03:00,792,33,834,873,5.0,827,4.3,1,0.9473081328751431,47.279552246247306,58.84375,13.537500000000001,715.0448749999999,0,5.2691867124856815,0.2634593356242841
2025-09-20 14:20:00-03:00,779,33,820,859,5.0,814,4.3,1,0.9476135040745053,48.77188708361165,58.4375,13.375,705.1274999999999,0,5.238649592549476,0.2619324796274738
2025-09-20 14:25:00-03:00,766,33,806,845,5.0,800,4.3,1,0.9467455621301775,50.42268308704519,58.0,13.200000000000001,694.4,0,5.325443786982249,0.26627218934911245
2025-09-20 14:30:00-03:00,752,33,791,829,5.0,785,4.3,1,0.9469240048250904,51.93257575204679,57.53125,13.012500000000001,682.851875,0,5.307599517490953,0.26537997587454765
2025-09-20 14:35:00-03:00,738,33,776,814,5.0,770,4.3,1,0.9459459459459459,52.90872643839594,57.0625,12.825000000000001,671.2475000000001,0,5.405405405405405,0.27027027027027023
2025-09-20 14:40:00-03:00,723,33,761,798,5.0,755,4.3,1,0.9461152882205514,53.07884358539994,56.59375,12.637500000000001,659.586875,0,5.3884711779448615,0.26942355889724307
2025-09-20 14:45:00-03:00,708,33,745,781,5.0,740,4.3,1,0.9475032010243278,52.90872643839654,56.125,12.450000000000001,647.87,0,5.249679897567221,0.26248399487836105
2025-09-20 14:50:00-03:00,693,33,729,764,5.0,723,4.3,1,0.9463350785340314,52.39506106726287,55.59375,12.2375,634.522875,0,5.366492146596859,0.2683246073298429
2025-09-20 14:55:00-03:00,677,33,713,747,5.0,707,4.3,1,0.9464524765729585,51.52757425971772,55.09375,12.037500000000001,621.894875,0,5.35475234270415,0.2677376171352075
2025-09-20 15:00:00-03:00,665,34,696,729,4.5,694,4.3,1,0.9519890260631001,50.594346312485634,55.6875,12.275,608.8115,0,4.801097393689986,0.21604938271604937
2025-09-20 15:05:00-03:00,653,33,678,711,3.8,683,4.2,1,0.960618846694796,49.902328845879644,54.34375,11.7375,602.832875,0,3.938115330520394,0.14964838255977497
2025-09-20 15:10:00-03:00,641,33,661,693,3.1,670,4.2,1,0.9668109668109668,49.88919540523521,53.9375,11.575000000000001,592.4475,0,3.318903318903319,0.10288600288600289
2025-09-20 15:15:00-03:00,628,33,643,674,2.4,657,4.2,1,0.9747774480712166,50.951551556950335,53.53125,11.412500000000001,582.019875,0,2.522255192878338,0.060534124629080116
2025-09-20 15:20:00-03:00,615,33,625,655,1.7,644,4.2,1,0.983206106870229,52.77912810606448,53.125,11.25,571.55,0,1.6793893129770994,0.02854961832061069
2025-09-20 15:25:00-03:00,601,33,607,636,1.0,630,4.1,1,0.9905660377358491,55.66839046505425,52.6875,11.075000000000001,560.2275,0,0.9433962264150944,0.009433962264150943
2025-09-20 15:30:00-03:00,586,33,588,617,0.3,615,4.1,1,0.9967585089141004,59.268457040824764,52.21875,10.887500000000001,548.041875,0,0.3241491085899514,0.0009724473257698542
2025-09-20 15:35:00-03:00,569,33,569,597,0.0,597,4.1,1,1.0,62.96824596572574,51.65625,10.662500000000001,533.344875,0,0.0,0.0
2025-09-20 15:40:00-03:00,550,33,550,576,0.0,576,4.1,1,1.0,66.44318602909674,51.0,10.4,516.096,0,0.0,0.0
2025-09-20 15:45:00-03:00,530,33,530,556,0.0,556,4.1,1,1.0,69.72603313662647,50.375,10.15,499.566,0,0.0,0.0
2025-09-20 15:50:00-03:00,510,32,510,535,0.0,535,4.0,1,1.0,72.61495588501106,48.71875,9.4875,484.241875,0,0.0,0.0
2025-09-20 15:55:00-03:00,490,32,490,514,0.0,514,4.0,1,1.0,74.91004706656835,48.0625,9.225,466.5835,0,0.0,0.0
2025-09-20 16:00:00-03:00,470,32,470,493,0.0,493,4.0,1,1.0,76.6945930692705,47.40625,8.9625,448.814875,0,0.0,0.0
2025-09-20 16:05:00-03:00,449,32,449,471,0.0,471,4.0,1,1.0,77.75773370871605,46.71875,8.6875,430.08187499999997,0,0.0,0.0
2025-09-20 16:10:00-03:00,428,32,428,449,0.0,449,3.9,1,1.0,78.5390753933153,46.03125,8.4125,411.227875,0,0.0,0.0
2025-09-20 16:15:00-03:00,407,32,407,427,0.0,427,3.9,1,1.0,79.25333374118384,45.34375,8.137500000000001,392.252875,0,0.0,0.0
2025-09-20 16:20:00-03:00,386,32,386,405,0.0,405,3.9,1,1.0,79.85668982052489,44.65625,7.862500000000001,373.156875,0,0.0,0.0
2025-09-20 16:25:00-03:00,364,32,364,382,0.0,382,3.9,1,1.0,80.29542988618176,43.9375,7.575,353.06350000000003,0,0.0,0.0
2025-09-20 16:30:00-03:00,343,31,343,360,0.0,360,3.8,1,1.0,80.68494658894764,42.25,6.9,335.16,0,0.0,0.0
2025-09-20 16:35:00-03:00,321,31,321,337,0.0,337,3.8,1,1.0,80.83578565477684,41.53125,6.612500000000001,314.715875,0,0.0,0.0
2025-09-20 16:40:00-03:00,300,31,300,315,0.0,315,3.8,1,1.0,81.16406877804305,40.84375,6.3375,295.036875,0,0.0,0.0
2025-09-20 16:45:00-03:00,278,31,278,292,0.0,292,3.8,1,1.0,82.18806962010781,40.125,6.050000000000001,274.334,0,0.0,0.0
2025-09-20 16:50:00-03:00,257,31,257,270,0.0,270,3.7,1,1.0,83.46855695410673,39.4375,5.775,254.4075,0,0.0,0.0
2025-09-20 16:55:00-03:00,236,31,236,247,0.1,247,3.7,1,1.0,84.75575425178457,38.71875,5.487500000000001,233.445875,0,0.0,0.0
2025-09-20 17:00:00-03:00,214,31,215,225,0.2,225,3.7,1,1.0,85.70823481528826,38.03125,5.2125,213.271875,0,0.0,0.0
2025-09-20 17:05:00-03:00,192,31,194,203,1.0,201,3.7,1,0.9901477832512315,85.93068912405198,37.28125,4.9125000000000005,191.125875,0,0.9852216748768473,0.009852216748768473
2025-09-20 17:10:00-03:00,166,31,173,181,4.1,173,3.6,1,0.9558011049723757,85.25163288226271,36.40625,4.5625,165.106875,0,4.41988950276243,0.18121546961325963
2025-09-20 17:15:00-03:00,141,30,153,160,7.3,147,3.6,1,0.91875,83.29079217180794,34.59375,3.8375000000000004,141.35887499999998,0,8.125,0.593125
2025-09-20 17:20:00-03:00,119,30,133,139,10.4,122,3.6,1,0.8776978417266187,80.15874401726573,33.8125,3.5250000000000004,117.6995,0,12.23021582733813,1.2719424460431654
2025-09-20 17:25:00-03:00,98,30,114,119,13.6,100,3.6,1,0.8403361344537815,75.68169988161628,33.125,3.25,96.75,0,15.966386554621847,2.1714285714285713
2025-09-20 17:30:00-03:00,80,30,95,100,16.7,80,3.6,1,0.8,70.23655915850114,32.5,3.0,77.6,0,20.0,3.34
2025-09-20 17:35:00-03:00,63,30,78,82,19.9,63,3.5,1,0.7682926829268293,63.61025979758757,31.96875,2.7875,61.243875,0,23.170731707317074,4.610975609756097
2025-09-20 17:40:00-03:00,50,30,62,65,20.0,49,3.5,1,0.7538461538461538,56.25240735590618,31.53125,2.6125000000000003,47.719875,0,24.615384615384617,4.923076923076923
2025-09-20 17:45:00-03:00,38,30,47,49,20.0,37,3.5,1,0.7551020408163265,48.80472840978654,31.15625,2.4625000000000004,36.088875,0,24.489795918367346,4.8979591836734695
2025-09-20 17:50:00-03:00,27,30,34,33,20.0,27,3.5,1,0.8181818181818182,41.3297896819359,30.84375,2.3375,26.368875,0,18.181818181818183,3.6363636363636367
2025-09-20 17:55:00-03:00,17,29,22,21,20.0,17,3.4,1,0.8095238095238095,34.31670677145359,29.53125,1.8125,16.691875,0,19.047619047619047,3.8095238095238098
2025-09-20 18:00:00-03:00,9,29,11,10,20.0,9,3.4,0,0.9,27.83174555444998,29.28125,1.7125000000000001,8.845875,0,10.0,2.0
2025-09-20 18:05:00-03:00,2,29,2,2,20.0,2,3.4,0,1.0,22.10306437006092,29.0625,1.625,1.9675,0,0.0,0.0
2025-09-20 18:10:00-03:00,0,29,0,0,20.0,0,3.4,0,,17.09930886433655,29.0,1.6,0.0,0,,
2025-09-20 18:15:00-03:00,0,29,0,0,20.0,0,3.4,0,,12.673044646322584,29.0,1.6,0.0,0,,
2025-09-20 18:20:00-03:00,0,29,0,0,20.0,0,3.4,0,,8.79522942325515,29.0,1.6,0.0,0,,
2025-09-20 18:25:00-03:00,0,29,0,0,20.0,0,3.4,0,,5.2972262611902945,29.0,1.6,0.0,0,,
2025-09-20 18:30:00-03:00,0,29,0,0,20.0,0,3.3,0,,2.6097137893354505,29.0,1.6,0.0,0,,
2025-09-20 18:35:00-03:00,0,29,0,0,20.0,0,3.3,0,,0.5773502706128376,29.0,1.6,0.0,0,,
2025-09-20 18:40:00-03:00,0,28,0,0,20.0,0,3.3,0,,0.0,28.0,1.2000000000000002,0.0,0,,
2025-09-20 18:45:00-03:00,0,28,0,0,20.0,0,3.3,0,,0.0,28.0,1.2000000000000002,0.0,0,,
2025-09-20 18:50:00-03:00,0,28,0,0,20.0,0,3.3,0,,0.0,28.0,1.2000000000000002,0.0,0,,
2025-09-20 18:55:00-03:00,0,28,0,0,20.0,0,3.3,0,,0.0,28.0,1.2000000000000002,0.0,0,,
2025-09-20 19:00:00-03:00,0,28,0,0,20.0,0,3.3,0,,0.0,28.0,1.2000000000000002,0.0,0,,
2025-09-20 19:05:00-03:00,0,28,0,0,20.0,0,3.3,0,,0.0,28.0,1.2000000000000002,0.0,0,,
2025-09-20 19:10:00-03:00,0,28,0,0,20.0,0,3.3,0,,0.0,28.0,1.2000000000000002,0.0,0,,
2025-09-20 19:15:00-03:00,0,28,0,0,20.0,0,3.3,0,,0.0,28.0,1.2000000000000002,0.0,0,,
2025-09-20 19:20:00-03:00,0,28,0,0,20.0,0,3.3,0,,0.0,28.0,1.2000000000000002,0.0,0,,
2025-09-20 19:25:00-03:00,0,27,0,0,20.0,0,3.3,0,,0.0,27.0,0.8,0.0,0,,
2025-09-20 19:30:00-03:00,0,27,0,0,20.0,0,3.2,0,,0.0,27.0,0.8,0.0,0,,
2025-09-20 19:35:00-03:00,0,27,0,0,20.0,0,3.2,0,,0.0,27.0,0.8,0.0,0,,
2025-09-20 19:40:00-03:00,0,27,0,0,20.0,0,3.2,0,,0.0,27.0,0.8,0.0,0,,
2025-09-20 19:45:00-03:00,0,27,0,0,20.0,0,3.2,0,,0.0,27.0,0.8,0.0,0,,
2025-09-20 19:50:00-03:00,0,27,0,0,20.0,0,3.2,0,,0.0,27.0,0.8,0.0,0,,
2025-09-20 19:55:00-03:00,0,27,0,0,20.0,0,3.2,0,,0.0,27.0,0.8,0.0,0,,
2025-09-20 20:00:00-03:00,0,27,0,0,20.0,0,3.2,0,,0.0,27.0,0.8,0.0,0,,
2025-09-20 20:05:00-03:00,0,27,0,0,20.0,0,3.2,0,,0.0,27.0,0.8,0.0,0,,
2025-09-20 20:10:00-03:00,0,26,0,0,20.0,0,3.2,0,,0.0,26.0,0.4,0.0,0,,
2025-09-20 20:15:00-03:00,0,26,0,0,20.0,0,3.2,0,,0.0,26.0,0.4,0.0,0,,
2025-09-20 20:20:00-03:00,0,26,0,0,20.0,0,3.2,0,,0.0,26.0,0.4,0.0,0,,
2025-09-20 20:25:00-03:00,0,26,0,0,20.0,0,3.2,0,,0.0,26.0,0.4,0.0,0,,
2025-09-20 20:30:00-03:00,0,26,0,0,20.0,0,3.2,0,,0.0,26.0,0.4,0.0,0,,
2025-09-20 20:35:00-03:00,0,26,0,0,20.0,0,3.2,0,,0.0,26.0,0.4,0.0,0,,
2025-09-20 20:40:00-03:00,0,26,0,0,20.0,0,3.2,0,,0.0,26.0,0.4,0.0,0,,
2025-09-20 20:45:00-03:00,0,26,0,0,20.0,0,3.3,0,,0.0,26.0,0.4,0.0,0,,
2025-09-20 20:50:00-03:00,0,26,0,0,20.0,0,3.3,0,,0.0,26.0,0.4,0.0,0,,
2025-09-20 20:55:00-03:00,0,26,0,0,20.0,0,3.3,0,,0.0,26.0,0.4,0.0,0,,
2025-09-20 21:00:00-03:00,0,25,0,0,20.0,0,3.3,0,,0.0,25.0,0.0,0.0,0,,
2025-09-20 21:05:00-03:00,0,25,0,0,20.0,0,3.3,0,,0.0,25.0,0.0,0.0,0,,
2025-09-20 21:10:00-03:00,0,25,0,0,20.0,0,3.3,0,,0.0,25.0,0.0,0.0,0,,
2025-09-20 21:15:00-03:00,0,25,0,0,20.0,0,3.4,0,,0.0,25.0,0.0,0.0,0,,
2025-09-20 21:20:00-03:00,0,25,0,0,20.0,0,3.4,0,,0.0,25.0,0.0,0.0,0,,
2025-09-20 21:25:00-03:00,0,25,0,0,20.0,0,3.4,0,,0.0,25.0,0.0,0.0,0,,
2025-09-20 21:30:00-03:00,0,25,0,0,20.0,0,3.5,0,,0.0,25.0,0.0,0.0,0,,
2025-09-20 21:35:00-03:00,0,25,0,0,20.0,0,3.5,0,,0.0,25.0,0.0,0.0,0,,
2025-09-20 21:40:00-03:00,0,25,0,0,20.0,0,3.5,0,,0.0,25.0,0.0,0.0,0,,
2025-09-20 21:45:00-03:00,0,25,0,0,20.0,0,3.6,0,,0.0,25.0,0.0,0.0,0,,
2025-09-20 21:50:00-03:00,0,25,0,0,20.0,0,3.6,0,,0.0,25.0,0.0,0.0,0,,
2025-09-20 21:55:00-03:00,0,25,0,0,20.0,0,3.6,0,,0.0,25.0,0.0,0.0,0,,
2025-09-20 22:00:00-03:00,0,25,0,0,20.0,0,3.7,0,,0.0,25.0,0.0,0.0,0,,
2025-09-20 22:05:00-03:00,0,25,0,0,20.0,0,3.7,0,,0.0,25.0,0.0,0.0,0,,
2025-09-20 22:10:00-03:00,0,25,0,0,20.0,0,3.8,0,,0.0,25.0,0.0,0.0,0,,
2025-09-20 22:15:00-03:00,0,25,0,0,20.0,0,3.8,0,,0.0,25.0,0.0,0.0,0,,
2025-09-20 22:20:00-03:00,0,25,0,0,20.0,0,3.8,0,,0.0,25.0,0.0,0.0,0,,
2025-09-20 22:25:00-03:00,0,25,0,0,20.0,0,3.9,0,,0.0,25.0,0.0,0.0,0,,
2025-09-20 22:30:00-03:00,0,25,0,0,20.0,0,3.9,0,,0.0,25.0,0.0,0.0,0,,
2025-09-20 22:35:00-03:00,0,25,0,0,20.0,0,3.9,0,,0.0,25.0,0.0,0.0,0,,
2025-09-20 22:40:00-03:00,0,25,0,0,20.0,0,4.0,0,,0.0,25.0,0.0,0.0,0,,
2025-09-20 22:45:00-03:00,0,25,0,0,20.0,0,4.0,0,,0.0,25.0,0.0,0.0,0,,
2025-09-20 22:50:00-03:00,0,25,0,0,20.0,0,4.0,0,,0.0,25.0,0.0,0.0,0,,
2025-09-20 22:55:00-03:00,0,25,0,0,20.0,0,4.1,0,,0.0,25.0,0.0,0.0,0,,
2025-09-20 23:00:00-03:00,0,25,0,0,20.0,0,4.1,0,,0.0,25.0,0.0,0.0,0,,
2025-09-20 23:05:00-03:00,0,25,0,0,20.0,0,4.2,0,,0.0,25.0,0.0,0.0,0,,
2025-09-20 23:10:00-03:00,0,25,0,0,20.0,0,4.2,0,,0.0,25.0,0.0,0.0,0,,
2025-09-20 23:15:00-03:00,0,24,0,0,20.0,0,4.2,0,,0.0,24.0,0.0,0.0,0,,
2025-09-20 23:20:00-03:00,0,24,0,0,20.0,0,4.3,0,,0.0,24.0,0.0,0.0,0,,
2025-09-20 23:25:00-03:00,0,24,0,0,20.0,0,4.3,0,,0.0,24.0,0.0,0.0,0,,
2025-09-20 23:30:00-03:00,0,24,0,0,20.0,0,4.3,0,,0.0,24.0,0.0,0.0,0,,
2025-09-20 23:35:00-03:00,0,24,0,0,20.0,0,4.4,0,,0.0,24.0,0.0,0.0,0,,
2025-09-20 23:40:00-03:00,0,24,0,0,20.0,0,4.4,0,,0.0,24.0,0.0,0.0,0,,
2025-09-20 23:45:00-03:00,0,24,0,0,20.0,0,4.4,0,,0.0,24.0,0.0,0.0,0,,
2025-09-20 23:50:00-03:00,0,24,0,0,20.0,0,4.5,0,,0.0,24.0,0.0,0.0,0,,
2025-09-20 23:55:00-03:00,0,24,0,0,20.0,0,4.5,0,,0.0,24.0,0.0,0.0,0,,
2025-09-21 00:00:00-03:00,0,24,0,0,20.0,0,4.6,0,,0.0,24.0,0.0,0.0,0,,
2025-09-21 00:05:00-03:00,0,24,0,0,20.0,0,4.6,0,,0.0,24.0,0.0,0.0,0,,
2025-09-21 00:10:00-03:00,0,24,0,0,20.0,0,4.5,0,,0.0,24.0,0.0,0.0,0,,
2025-09-21 00:15:00-03:00,0,24,0,0,20.0,0,4.5,0,,0.0,24.0,0.0,0.0,0,,
2025-09-21 00:20:00-03:00,0,24,0,0,20.0,0,4.5,0,,0.0,24.0,0.0,0.0,0,,
2025-09-21 00:25:00-03:00,0,24,0,0,20.0,0,4.5,0,,0.0,24.0,0.0,0.0,0,,
2025-09-21 00:30:00-03:00,0,24,0,0,20.0,0,4.5,0,,0.0,24.0,0.0,0.0,0,,
2025-09-21 00:35:00-03:00,0,24,0,0,20.0,0,4.4,0,,0.0,24.0,0.0,0.0,0,,
2025-09-21 00:40:00-03:00,0,24,0,0,20.0,0,4.4,0,,0.0,24.0,0.0,0.0,0,,
2025-09-21 00:45:00-03:00,0,24,0,0,20.0,0,4.4,0,,0.0,24.0,0.0,0.0,0,,
2025-09-21 00:50:00-03:00,0,24,0,0,20.0,0,4.4,0,,0.0,24.0,0.0,0.0,0,,
2025-09-21 00:55:00-03:00,0,24,0,0,20.0,0,4.4,0,,0.0,24.0,0.0,0.0,0,,
2025-09-21 01:00:00-03:00,0,24,0,0,20.0,0,4.3,0,,0.0,24.0,0.0,0.0,0,,
2025-09-21 01:05:00-03:00,0,24,0,0,20.0,0,4.3,0,,0.0,24.0,0.0,0.0,0,,
2025-09-21 01:10:00-03:00,0,24,0,0,20.0,0,4.3,0,,0.0,24.0,0.0,0.0,0,,
2025-09-21 01:15:00-03:00,0,24,0,0,20.0,0,4.3,0,,0.0,24.0,0.0,0.0,0,,
2025-09-21 01:20:00-03:00,0,24,0,0,20.0,0,4.3,0,,0.0,24.0,0.0,0.0,0,,
2025-09-21 01:25:00-03:00,0,24,0,0,20.0,0,4.3,0,,0.0,24.0,0.0,0.0,0,,
2025-09-21 01:30:00-03:00,0,24,0,0,20.0,0,4.2,0,,0.0,24.0,0.0,0.0,0,,
2025-09-21 01:35:00-03:00,0,23,0,0,20.0,0,4.2,0,,0.0,23.0,0.0,0.0,0,,
2025-09-21 01:40:00-03:00,0,23,0,0,20.0,0,4.2,0,,0.0,23.0,0.0,0.0,0,,
2025-09-21 01:45:00-03:00,0,23,0,0,20.0,0,4.2,0,,0.0,23.0,0.0,0.0,0,,
2025-09-21 01:50:00-03:00,0,23,0,0,20.0,0,4.2,0,,0.0,23.0,0.0,0.0,0,,
2025-09-21 01:55:00-03:00,0,23,0,0,20.0,0,4.2,0,,0.0,23.0,0.0,0.0,0,,
2025-09-21 02:00:00-03:00,0,23,0,0,20.0,0,4.2,0,,0.0,23.0,0.0,0.0,0,,
2025-09-21 02:05:00-03:00,0,23,0,0,20.0,0,4.1,0,,0.0,23.0,0.0,0.0,0,,
2025-09-21 02:10:00-03:00,0,23,0,0,20.0,0,4.1,0,,0.0,23.0,0.0,0.0,0,,
2025-09-21 02:15:00-03:00,0,23,0,0,20.0,0,4.1,0,,0.0,23.0,0.0,0.0,0,,
2025-09-21 02:20:00-03:00,0,23,0,0,20.0,0,4.1,0,,0.0,23.0,0.0,0.0,0,,
2025-09-21 02:25:00-03:00,0,23,0,0,20.0,0,4.1,0,,0.0,23.0,0.0,0.0,0,,
2025-09-21 02:30:00-03:00,0,23,0,0,20.0,0,4.1,0,,0.0,23.0,0.0,0.0,0,,
2025-09-21 02:35:00-03:00,0,23,0,0,20.0,0,4.1,0,,0.0,23.0,0.0,0.0,0,,
2025-09-21 02:40:00-03:00,0,23,0,0,20.0,0,4.1,0,,0.0,23.0,0.0,0.0,0,,
2025-09-21 02:45:00-03:00,0,23,0,0,20.0,0,4.1,0,,0.0,23.0,0.0,0.0,0,,
2025-09-21 02:50:00-03:00,0,23,0,0,20.0,0,4.0,0,,0.0,23.0,0.0,0.0,0,,
2025-09-21 02:55:00-03:00,0,23,0,0,20.0,0,4.0,0,,0.0,23.0,0.0,0.0,0,,
2025-09-21 03:00:00-03:00,0,23,0,0,20.0,0,4.0,0,,0.0,23.0,0.0,0.0,0,,
2025-09-21 03:05:00-03:00,0,23,0,0,20.0,0,4.0,0,,0.0,23.0,0.0,0.0,0,,
2025-09-21 03:10:00-03:00,0,23,0,0,19.8,0,4.0,0,,0.0,23.0,0.0,0.0,0,,
2025-09-21 03:15:00-03:00,0,23,0,0,19.7,0,4.0,0,,0.0,23.0,0.0,0.0,0,,
2025-09-21 03:20:00-03:00,0,23,0,0,19.6,0,4.0,0,,0.0,23.0,0.0,0.0,0,,
2025-09-21 03:25:00-03:00,0,23,0,0,19.4,0,4.0,0,,0.0,23.0,0.0,0.0,0,,
2025-09-21 03:30:00-03:00,0,23,0,0,19.3,0,3.9,0,,0.0,23.0,0.0,0.0,0,,
2025-09-21 03:35:00-03:00,0,23,0,0,19.2,0,3.9,0,,0.0,23.0,0.0,0.0,0,,
2025-09-21 03:40:00-03:00,0,23,0,0,19.0,0,3.9,0,,0.0,23.0,0.0,0.0,0,,
2025-09-21 03:45:00-03:00,0,23,0,0,18.9,0,3.9,0,,0.0,23.0,0.0,0.0,0,,
2025-09-21 03:50:00-03:00,0,23,0,0,18.8,0,3.9,0,,0.0,23.0,0.0,0.0,0,,
2025-09-21 03:55:00-03:00,0,22,0,0,18.6,0,3.9,0,,0.0,22.0,0.0,0.0,0,,
2025-09-21 04:00:00-03:00,0,22,0,0,18.5,0,3.9,0,,0.0,22.0,0.0,0.0,0,,
2025-09-21 04:05:00-03:00,0,22,0,0,18.4,0,3.8,0,,0.0,22.0,0.0,0.0,0,,
2025-09-21 04:10:00-03:00,0,22,0,0,18.4,0,3.8,0,,0.0,22.0,0.0,0.0,0,,
2025-09-21 04:15:00-03:00,0,22,0,0,18.4,0,3.8,0,,0.0,22.0,0.0,0.0,0,,
2025-09-21 04:20:00-03:00,0,22,0,0,18.4,0,3.8,0,,0.0,22.0,0.0,0.0,0,,
2025-09-21 04:25:00-03:00,0,22,0,0,18.4,0,3.8,0,,0.0,22.0,0.0,0.0,0,,
2025-09-21 04:30:00-03:00,0,22,0,0,18.4,0,3.8,0,,0.0,22.0,0.0,0.0,0,,
2025-09-21 04:35:00-03:00,0,22,0,0,18.4,0,3.7,0,,0.0,22.0,0.0,0.0,0,,
2025-09-21 04:40:00-03:00,0,22,0,0,18.4,0,3.7,0,,0.0,22.0,0.0,0.0,0,,
2025-09-21 04:45:00-03:00,0,22,0,0,18.4,0,3.7,0,,0.0,22.0,0.0,0.0,0,,
2025-09-21 04:50:00-03:00,0,22,0,0,18.4,0,3.7,0,,0.0,22.0,0.0,0.0,0,,
2025-09-21 04:55:00-03:00,0,22,0,0,18.4,0,3.7,0,,0.0,22.0,0.0,0.0,0,,
2025-09-21 05:00:00-03:00,0,22,0,0,18.4,0,3.7,0,,0.0,22.0,0.0,0.0,0,,
2025-09-21 05:05:00-03:00,0,22,0,0,18.4,0,3.7,0,,0.0,22.0,0.0,0.0,0,,
2025-09-21 05:10:00-03:00,0,22,0,0,18.2,0,3.6,0,,0.0,22.0,0.0,0.0,0,,
2025-09-21 05:15:00-03:00,0,22,0,0,18.1,0,3.6,0,,0.0,22.0,0.0,0.0,0,,
2025-09-21 05:20:00-03:00,0,22,0,0,18.0,0,3.6,0,,0.0,22.0,0.0,0.0,0,,
2025-09-21 05:25:00-03:00,0,22,0,0,17.8,0,3.6,0,,0.0,22.0,0.0,0.0,0,,
2025-09-21 05:30:00-03:00,0,22,0,0,17.7,0,3.6,0,,0.0,22.0,0.0,0.0,0,,
2025-09-21 05:35:00-03:00,0,22,0,0,17.6,0,3.6,0,,0.0,22.0,0.0,0.0,0,,
2025-09-21 05:40:00-03:00,0,22,0,0,17.4,0,3.6,0,,0.0,22.0,0.0,0.0,0,,
2025-09-21 05:45:00-03:00,0,22,0,0,17.3,0,3.5,0,,0.288675137441592,22.0,0.0,0.0,0,,
2025-09-21 05:50:00-03:00,0,22,0,0,17.2,0,3.5,0,,2.0150945541706506,22.0,0.0,0.0,0,,
2025-09-21 05:55:00-03:00,0,22,0,0,17.0,0,3.5,0,,4.581749037656178,22.0,0.0,0.0,0,,
2025-09-21 06:00:00-03:00,0,22,0,0,16.9,0,3.5,0,,7.7864489904206025,22.0,0.0,0.0,0,,
2025-09-21 06:05:00-03:00,0,22,0,0,16.8,0,3.5,0,,11.521718621873525,22.0,0.0,0.0,0,,
2025-09-21 06:10:00-03:00,1,22,1,1,16.8,1,3.6,0,1.0,15.494622723220836,22.03125,0.0,1.0,0,0.0,0.0
2025-09-21 06:15:00-03:00,7,22,9,8,16.8,7,3.6,0,0.875,19.88356257333346,22.21875,0.0,7.0,0,12.5,2.1
2025-09-21 06:20:00-03:00,15,22,18,18,16.8,15,3.7,1,0.8333333333333334,25.09783885423418,22.46875,0.0,15.0,0,16.666666666666664,2.8
2025-09-21 06:25:00-03:00,24,23,29,28,16.8,24,3.7,1,0.8571428571428571,30.982277436513417,23.75,0.0,24.0,0,14.285714285714285,2.4
2025-09-21 06:30:00-03:00,34,23,41,42,16.8,34,3.8,1,0.8095238095238095,37.19563350067723,24.0625,0.0,34.0,0,19.047619047619047,3.2
2025-09-21 06:35:00-03:00,45,23,54,55,16.8,44,3.8,1,0.8,43.77724260044817,24.375,0.0,44.0,0,20.0,3.36
2025-09-21 06:40:00-03:00,57,23,68,70,16.8,56,3.9,1,0.8,50.49122335975955,24.75,0.0,56.0,0,20.0,3.36
2025-09-21 06:45:00-03:00,72,23,83,86,13.9,72,3.9,1,0.8372093023255814,56.52165045094159,25.25,0.1,71.928,0,16.27906976744186,2.262790697674419
2025-09-21 06:50:00-03:00,89,23,99,102,10.7,90,3.9,1,0.8823529411764706,61.75464649431475,25.8125,0.325,89.7075,0,11.76470588235294,1.2588235294117645
2025-09-21 06:55:00-03:00,108,24,116,120,7.5,109,4.0,1,0.9083333333333333,66.3755956430605,27.40625,0.9625,107.950875,0,9.166666666666666,0.6875
2025-09-21 07:00:00-03:00,128,24,134,138,4.3,131,4.0,1,0.9492753623188406,70.27327609649821,28.09375,1.2375,129.378875,0,5.072463768115942,0.21811594202898552
2025-09-21 07:05:00-03:00,151,24,152,157,1.1,155,4.1,1,0.9872611464968153,73.49103222967483,28.84375,1.5375,152.616875,0,1.2738853503184715,0.014012738853503189
2025-09-21 07:10:00-03:00,171,24,171,177,0.0,177,4.1,1,1.0,75.61921152403262,29.53125,1.8125,173.791875,0,0.0,0.0
2025-09-21 07:15:00-03:00,191,24,191,197,0.0,197,4.2,1,1.0,76.8269898124191,30.15625,2.0625,192.936875,0,0.0,0.0
2025-09-21 07:20:00-03:00,211,25,211,218,0.0,218,4.2,1,1.0,77.4754604355347,31.8125,2.725,212.0595,0,0.0,0.0
2025-09-21 07:25:00-03:00,231,25,231,239,0.0,239,4.3,1,1.0,77.72733032073698,32.46875,2.9875000000000003,231.85987500000002,0,0.0,0.0
2025-09-21 07:30:00-03:00,251,25,251,261,0.0,261,4.3,1,1.0,77.63824424662111,33.15625,3.2625,252.484875,0,0.0,0.0
2025-09-21 07:35:00-03:00,272,25,272,282,0.0,282,4.4,1,1.0,77.48587359036213,33.8125,3.5250000000000004,272.0595,0,0.0,0.0
2025-09-21 07:40:00-03:00,293,25,293,304,0.0,304,4.4,1,1.0,77.76284849503347,34.5,3.8000000000000003,292.448,0,0.0,0.0
2025-09-21 07:45:00-03:00,314,26,314,326,0.0,326,4.5,1,1.0,78.18897077923472,36.1875,4.4750000000000005,311.4115,0,0.0,0.0
2025-09-21 07:50:00-03:00,335,26,335,348,0.0,348,4.5,1,1.0,78.44048120014249,36.875,4.75,331.47,0,0.0,0.0
2025-09-21 07:55:00-03:00,356,26,356,370,0.0,370,4.6,1,1.0,78.49068657355879,37.5625,5.025,351.40749999999997,0,0.0,0.0
2025-09-21 08:00:00-03:00,377,26,377,391,0.0,391,4.6,1,1.0,78.33997392871804,38.21875,5.2875000000000005,370.325875,0,0.0,0.0
2025-09-21 08:05:00-03:00,397,26,397,413,0.0,413,4.7,1,1.0,78.15190142901419,38.90625,5.5625,390.02687499999996,0,0.0,0.0
2025-09-21 08:10:00-03:00,418,27,418,435,0.0,435,4.7,1,1.0,77.78700522464392,40.59375,6.237500000000001,407.866875,0,0.0,0.0
2025-09-21 08:15:00-03:00,439,27,439,457,0.0,457,4.8,1,1.0,77.27219696788082,41.28125,6.5125,427.23787500000003,0,0.0,0.0
2025-09-21 08:20:00-03:00,459,27,459,478,0.0,478,4.8,1,1.0,76.79385036932284,41.9375,6.775,445.6155,0,0.0,0.0
2025-09-21 08:25:00-03:00,480,27,480,499,0.0,499,4.8,1,1.0,76.24059802939131,42.59375,7.0375000000000005,463.882875,0,0.0,0.0
2025-09-21 08:30:00-03:00,500,27,500,520,0.0,520,4.9,1,1.0,75.52643526767835,43.25,7.300000000000001,482.04,0,0.0,0.0
2025-09-21 08:35:00-03:00,520,28,520,541,0.0,541,4.9,1,1.0,74.69432658671445,44.90625,7.9625,497.922875,0,0.0,0.0
2025-09-21 08:40:00-03:00,539,28,539,561,0.0,561,5.0,1,1.0,73.52978163900035,45.53125,8.2125,514.927875,0,0.0,0.0
2025-09-21 08:45:00-03:00,559,28,559,582,0.0,582,5.0,1,1.0,71.3766683719479,46.1875,8.475,532.6755,0,0.0,0.0
2025-09-21 08:50:00-03:00,578,28,578,602,0.0,602,5.1,1,1.0,68.27151675479459,46.8125,8.725,549.4755,0,0.0,0.0
2025-09-21 08:55:00-03:00,597,28,597,621,0.0,621,5.1,1,1.0,64.22805013576689,47.40625,8.9625,565.3428749999999,0,0.0,0.0
2025-09-21 09:00:00-03:00,615,29,615,641,0.0,641,5.2,1,1.0,60.20187000015263,49.03125,9.6125,579.383875,0,0.0,0.0
2025-09-21 09:05:00-03:00,632,29,632,658,0.0,658,5.2,1,1.0,56.246750747905985,49.5625,9.825000000000001,593.3515,0,0.0,0.0
2025-09-21 09:10:00-03:00,643,29,646,673,0.5,669,5.1,1,0.9940564635958395,52.45084278723239,49.90625,9.9625,602.350875,0,0.5943536404160475,0.0029717682020802376
2025-09-21 09:15:00-03:00,652,29,660,687,1.3,678,5.1,1,0.9868995633187773,49.0011595410115,50.1875,10.075000000000001,609.6915,0,1.3100436681222707,0.01703056768558952
2025-09-21 09:20:00-03:00,661,29,674,701,2.0,686,5.0,1,0.978601997146933,46.0599082881756,50.4375,10.175,616.1995,0,2.1398002853067046,0.042796005706134094
2025-09-21 09:25:00-03:00,674,29,688,715,2.0,700,5.0,1,0.9790209790209791,43.87680756873965,50.875,10.350000000000001,627.55,0,2.097902097902098,0.04195804195804196
2025-09-21 09:30:00-03:00,687,29,701,728,2.0,713,4.9,1,0.9793956043956044,42.37816762094639,51.28125,10.512500000000001,638.045875,0,2.0604395604395602,0.0412087912087912
2025-09-21 09:35:00-03:00,699,30,713,741,2.0,725,4.9,1,0.9784075573549258,41.80718728987662,52.65625,11.0625,644.796875,0,2.1592442645074224,0.043184885290148446
2025-09-21 09:40:00-03:00,711,30,726,754,2.0,738,4.8,1,0.9787798408488063,41.99025861055998,53.0625,11.225000000000001,655.1595,0,2.122015915119363,0.042440318302387266
2025-09-21 09:45:00-03:00,723,30,737,766,2.0,749,4.8,1,0.9778067885117493,42.09971928215467,53.40625,11.3625,663.8948750000001,0,2.219321148825065,0.0443864229765013
2025-09-21 09:50:00-03:00,734,30,749,778,2.0,761,4.7,1,0.9781491002570694,41.815250226621735,53.78125,11.512500000000001,673.389875,0,2.185089974293059,0.043701799485861184
2025-09-21 09:55:00-03:00,745,30,760,789,2.0,772,4.7,1,0.9784537389100126,40.75676184835405,54.125,11.65,682.062,0,2.1546261089987326,0.043092522179974654
2025-09-21 10:00:00-03:00,755,30,770,799,2.0,782,4.6,1,0.9787234042553191,39.88164307730113,54.4375,11.775,689.9195,0,2.127659574468085,0.0425531914893617
2025-09-21 10:05:00-03:00,766,30,782,811,2.1,793,4.6,1,0.9778051787916153,38.988246092035155,54.78125,11.912500000000001,698.533875,0,2.219482120838471,0.0466091245376079
2025-09-21 10:10:00-03:00,776,30,794,824,2.2,804,4.5,1,0.9757281553398058,37.87419366078017,55.125,12.05,707.1179999999999,0,2.4271844660194173,0.05339805825242719
2025-09-21 10:15:00-03:00,787,31,806,837,2.4,815,4.5,1,0.973715651135006,36.80991302583324,56.46875,12.5875,712.411875,0,2.6284348864994027,0.06308243727598567
2025-09-21 10:20:00-03:00,797,31,818,849,2.6,825,4.4,1,0.9717314487632509,35.57695457693622,56.78125,12.7125,720.1218749999999,0,2.8268551236749118,0.07349823321554771
2025-09-21 10:25:00-03:00,806,31,829,860,2.8,835,4.4,1,0.9709302325581395,34.291420430643825,57.09375,12.8375,727.806875,0,2.9069767441860463,0.08139534883720928
2025-09-21 10:30:00-03:00,815,31,840,871,2.9,844,4.3,1,0.9690011481056258,32.777024473447426,57.375,12.950000000000001,734.702,0,3.0998851894374284,0.08989667049368542
2025-09-21 10:35:00-03:00,823,31,850,882,3.1,852,4.3,1,0.9659863945578231,30.967602817170718,57.625,13.05,740.814,0,3.4013605442176873,0.1054421768707483
2025-09-21 10:40:00-03:00,831,31,859,892,3.2,860,4.2,1,0.9641255605381166,29.004179427144937,57.875,13.15,746.9100000000001,0,3.587443946188341,0.11479820627802692
2025-09-21 10:45:00-03:00,839,31,868,901,3.4,868,4.2,1,0.9633740288568258,26.910063454980698,58.125,13.25,752.9899999999999,0,3.662597114317425,0.12452830188679245
2025-09-21 10:50:00-03:00,845,32,877,910,3.6,875,4.1,1,0.9615384615384616,24.857624889580023,59.34375,13.7375,754.796875,0,3.8461538461538463,0.13846153846153847
2025-09-21 10:55:00-03:00,852,32,885,918,3.8,881,4.1,1,0.9596949891067538,22.72146895591673,59.53125,13.8125,759.311875,0,4.030501089324619,0.1531590413943355
2025-09-21 11:00:00-03:00,857,32,892,926,3.9,887,4.0,1,0.9578833693304536,20.56530617767065,59.71875,13.887500000000001,763.8178750000001,0,4.211663066954643,0.1642548596112311
2025-09-21 11:05:00-03:00,862,32,898,933,4.0,892,3.9,1,0.9560557341907824,18.397134164158604,59.875,13.950000000000001,767.566,0,4.394426580921758,0.1757770632368703
2025-09-21 11:10:00-03:00,866,32,904,938,4.1,896,3.9,1,0.9552238805970149,16.084059490578348,60.0,14.0,770.56,0,4.477611940298507,0.18358208955223876
2025-09-21 11:15:00-03:00,870,32,908,943,4.2,900,3.8,1,0.9544008483563097,13.784873132249356,60.125,14.05,773.55,0,4.559915164369035,0.19151643690349945
2025-09-21 11:20:00-03:00,873,32,912,947,4.3,903,3.8,1,0.9535374868004224,11.594146903662901,60.21875,14.0875,775.789875,0,4.646251319957761,0.1997888067581837
2025-09-21 11:25:00-03:00,876,32,916,950,4.4,905,3.7,1,0.9526315789473684,9.52031321101517,60.28125,14.1125,777.281875,0,4.736842105263158,0.20842105263157898
2025-09-21 11:30:00-03:00,878,33,919,953,4.5,907,3.7,1,0.9517313746065058,7.4605020547247145,61.34375,14.537500000000001,775.144875,0,4.826862539349422,0.217208814270724
2025-09-21 11:35:00-03:00,879,33,921,955,4.5,908,3.6,1,0.9507853403141361,5.632024233715058,61.375,14.55,775.8860000000001,0,4.9214659685863875,0.22146596858638745
2025-09-21 11:40:00-03:00,880,33,923,957,4.6,909,3.6,1,0.9498432601880877,4.119429204289287,61.40625,14.5625,776.626875,0,5.015673981191222,0.2307210031347962
2025-09-21 11:45:00-03:00,881,33,924,958,4.7,909,3.5,1,0.9488517745302714,3.9186809777672567,61.40625,14.5625,776.626875,0,5.11482254697286,0.24039665970772442
2025-09-21 11:50:00-03:00,881,33,925,959,4.8,909,3.5,1,0.9478623566214807,5.5650424049734895,61.40625,14.5625,776.626875,0,5.213764337851929,0.25026068821689257
2025-09-21 11:55:00-03:00,880,33,925,959,4.9,908,3.4,1,0.9468196037539103,8.173775508298837,61.375,14.55,775.8860000000001,0,5.318039624608968,0.2605839416058394
2025-09-21 12:00:00-03:00,879,33,925,958,5.0,907,3.4,1,0.9467640918580376,11.062837051851966,61.34375,14.537500000000001,775.144875,0,5.323590814196242,0.26617954070981215
2025-09-21 12:05:00-03:00,876,33,923,956,5.1,903,3.3,1,0.944560669456067,14.125787722720125,61.21875,14.4875,772.177875,0,5.543933054393305,0.28274058577405853
2025-09-21 12:10:00-03:00,871,34,919,952,5.2,897,3.3,1,0.9422268907563025,17.1640921870497,62.03125,14.8125,764.1318749999999,0,5.777310924369748,0.3004201680672269
2025-09-21 12:15:00-03:00,865,34,915,947,5.4,891,3.3,1,0.9408658922914467,20.16052999542572,61.84375,14.7375,759.6888749999999,0,5.913410770855332,0.319324181626188
2025-09-21 12:20:00-03:00,859,34,910,942,5.6,884,3.3,1,0.9384288747346072,22.987974458322153,61.625,14.65,754.494,0,6.1571125265392785,0.3447983014861996
2025-09-21 12:25:00-03:00,852,34,904,936,5.8,877,3.2,1,0.936965811965812,25.617672640477448,61.40625,14.5625,749.286875,0,6.303418803418803,0.3655982905982906
2025-09-21 12:30:00-03:00,845,34,898,929,5.9,869,3.2,1,0.9354144241119483,28.092245236430855,61.15625,14.4625,743.320875,0,6.458557588805166,0.3810548977395048
2025-09-21 12:35:00-03:00,838,34,892,922,6.1,861,3.2,1,0.9338394793926247,30.0121187643728,60.90625,14.3625,737.338875,0,6.616052060737528,0.4035791757049892
2025-09-21 12:40:00-03:00,830,34,885,914,6.2,852,3.2,1,0.9321663019693655,31.589579217695785,60.625,14.25,730.59,0,6.783369803063458,0.42056892778993443
2025-09-21 12:45:00-03:00,821,34,877,906,6.4,843,3.1,1,0.9304635761589404,32.981629413773035,60.34375,14.137500000000001,723.820875,0,6.95364238410596,0.44503311258278144
2025-09-21 12:50:00-03:00,812,34,869,897,6.6,833,3.1,1,0.9286510590858417,33.95942320243415,60.03125,14.012500000000001,716.2758749999999,0,7.1348940914158305,0.4709030100334448
2025-09-21 12:55:00-03:00,802,34,860,888,6.8,822,3.1,1,0.9256756756756757,34.75487757353107,59.6875,13.875,707.9475,0,7.4324324324324325,0.5054054054054054
2025-09-21 13:00:00-03:00,792,34,851,878,6.9,812,3.1,1,0.9248291571753986,35.437525052094415,59.375,13.75,700.35,0,7.517084282460136,0.5186788154897495
2025-09-21 13:05:00-03:00,783,34,842,869,7.0,802,3.0,1,0.9228998849252014,36.06265591321316,59.0625,13.625,692.7275,0,7.710011507479862,0.5397008055235903
2025-09-21 13:10:00-03:00,775,34,834,860,7.1,792,3.0,1,0.9209302325581395,36.55496069639288,58.75,13.5,685.08,0,7.906976744186046,0.5613953488372093
2025-09-21 13:15:00-03:00,765,34,825,850,7.2,783,3.0,1,0.9211764705882353,37.141314903042556,58.46875,13.387500000000001,678.175875,0,7.882352941176471,0.567529411764706
2025-09-21 13:20:00-03:00,756,34,815,840,7.3,773,3.0,1,0.9202380952380952,37.745158228528986,58.15625,13.262500000000001,670.480875,0,7.976190476190475,0.5822619047619046
2025-09-21 13:25:00-03:00,746,34,805,830,7.4,762,2.9,1,0.9180722891566265,38.59659272133632,57.8125,13.125,661.9875000000001,0,8.19277108433735,0.6062650602409639
2025-09-21 13:30:00-03:00,736,34,795,818,7.5,751,2.9,1,0.9180929095354523,39.770554053177776,57.46875,12.9875,653.463875,0,8.190709046454767,0.6143031784841075
2025-09-21 13:35:00-03:00,725,34,784,807,7.5,740,2.9,1,0.9169764560099133,41.048659225877444,57.125,12.850000000000001,644.91,0,8.302354399008674,0.6226765799256505
2025-09-21 13:40:00-03:00,714,34,772,795,7.6,728,2.9,1,0.9157232704402516,42.3523281174661,56.75,12.700000000000001,635.544,0,8.427672955974842,0.6405031446540879
2025-09-21 13:45:00-03:00,702,34,760,782,7.7,716,2.8,1,0.9156010230179028,43.46463208660669,56.375,12.55,626.142,0,8.439897698209718,0.6498721227621483
2025-09-21 13:50:00-03:00,690,34,748,769,7.8,703,2.8,1,0.9141742522756827,44.19378812786671,55.96875,12.387500000000001,615.915875,0,8.58257477243173,0.669440832249675
2025-09-21 13:55:00-03:00,677,35,735,756,7.9,690,2.8,1,0.9126984126984127,44.7657201100305,56.5625,12.625,602.8875,0,8.73015873015873,0.6896825396825396
2025-09-21 14:00:00-03:00,664,35,722,742,8.0,677,2.8,1,0.9123989218328841,45.263872810643406,56.15625,12.4625,592.628875,0,8.76010781671159,0.7008086253369272
2025-09-21 14:05:00-03:00,652,35,709,729,8.0,664,2.8,1,0.9108367626886146,45.779031192999824,55.75,12.3,582.328,0,8.916323731138547,0.7133058984910838
2025-09-21 14:10:00-03:00,641,35,697,716,8.1,652,2.7,1,0.9106145251396648,46.09443534416012,55.375,12.15,572.782,0,8.938547486033519,0.724022346368715
2025-09-21 14:15:00-03:00,629,35,685,703,8.2,640,2.7,1,0.9103840682788051,46.60439568291514,55.0,12.0,563.2,0,8.961593172119487,0.7348506401137979
2025-09-21 14:20:00-03:00,617,35,672,690,8.3,627,2.7,1,0.908695652173913,47.08985607808332,54.59375,11.8375,552.778875,0,9.130434782608695,0.7578260869565218
2025-09-21 14:25:00-03:00,604,35,659,676,8.4,614,2.7,1,0.908284023668639,47.80516011199441,54.1875,11.675,542.3155,0,9.171597633136095,0.770414201183432
2025-09-21 14:30:00-03:00,591,35,645,662,8.5,600,2.6,1,0.9063444108761329,48.69540454953162,53.75,11.5,531.0,0,9.365558912386707,0.7960725075528701
2025-09-21 14:35:00-03:00,578,35,631,648,8.5,587,2.6,1,0.9058641975308642,49.28050508891254,53.34375,11.3375,520.448875,0,9.41358024691358,0.8001543209876543
2025-09-21 14:40:00-03:00,564,35,617,633,8.6,572,2.6,1,0.9036334913112164,49.599227144518274,52.875,11.15,508.222,0,9.636650868878357,0.8287519747235388
2025-09-21 14:45:00-03:00,550,35,602,618,8.7,558,2.6,1,0.9029126213592233,49.52585795380856,52.4375,10.975000000000001,496.7595,0,9.70873786407767,0.8446601941747572
2025-09-21 14:50:00-03:00,536,35,587,602,8.8,543,2.6,1,0.9019933554817275,49.058638383064064,51.96875,10.787500000000001,484.42387499999995,0,9.800664451827243,0.8624584717607975
2025-09-21 14:55:00-03:00,521,35,572,586,8.9,528,2.6,1,0.9010238907849829,48.48703356818914,51.5,10.600000000000001,472.032,0,9.897610921501707,0.8808873720136519
2025-09-21 15:00:00-03:00,509,35,556,570,8.6,516,2.5,1,0.9052631578947369,47.807299429984376,51.125,10.450000000000001,462.078,0,9.473684210526317,0.8147368421052632
2025-09-21 15:05:00-03:00,497,35,540,554,8.1,504,2.5,1,0.9097472924187726,47.185963500976506,50.75,10.3,452.088,0,9.025270758122744,0.7310469314079423
2025-09-21 15:10:00-03:00,485,35,525,537,7.5,492,2.6,1,0.9162011173184358,46.61739823480266,50.375,10.15,442.06199999999995,0,8.379888268156424,0.6284916201117319
2025-09-21 15:15:00-03:00,473,35,508,520,7.0,480,2.6,1,0.9230769230769231,46.42320148766162,50.0,10.0,432.0,0,7.6923076923076925,0.5384615384615384
2025-09-21 15:20:00-03:00,460,35,492,503,6.5,467,2.6,1,0.9284294234592445,47.04414432372999,49.59375,9.8375,421.058875,0,7.157057654075547,0.4652087475149105
2025-09-21 15:25:00-03:00,447,35,475,486,5.9,454,2.6,1,0.934156378600823,48.39319699246957,49.1875,9.675,410.0755,0,6.584362139917696,0.38847736625514406
2025-09-21 15:30:00-03:00,434,34,458,469,5.4,441,2.6,1,0.9402985074626866,50.52894460034489,47.78125,9.1125,400.813875,0,5.970149253731343,0.32238805970149254
2025-09-21 15:35:00-03:00,420,34,441,451,4.8,427,2.6,1,0.9467849223946785,52.874565690606,47.34375,8.9375,388.836875,0,5.321507760532151,0.25543237250554324
2025-09-21 15:40:00-03:00,406,34,424,433,4.3,413,2.7,1,0.953810623556582,55.12217834461089,46.90625,8.762500000000001,376.81087499999995,0,4.618937644341801,0.19861431870669743
2025-09-21 15:45:00-03:00,389,34,407,415,4.4,395,2.7,1,0.9518072289156626,57.3037494145913,46.34375,8.5375,361.276875,0,4.819277108433735,0.2120481927710844
2025-09-21 15:50:00-03:00,372,34,389,397,4.4,378,2.7,1,0.9521410579345088,59.13332393837343,45.8125,8.325000000000001,346.5315,0,4.785894206549118,0.2105793450881612
2025-09-21 15:55:00-03:00,355,34,372,379,4.5,360,2.7,1,0.9498680738786279,60.65469828663784,45.25,8.1,330.84000000000003,0,5.013192612137203,0.22559366754617416
2025-09-21 16:00:00-03:00,338,34,354,361,4.6,342,2.7,1,0.9473684210526315,61.92150456241682,44.6875,7.875,315.0675,0,5.263157894736842,0.24210526315789468
2025-09-21 16:05:00-03:00,321,34,336,343,4.6,325,2.8,1,0.9475218658892128,62.813576992129434,44.15625,7.6625000000000005,300.096875,0,5.247813411078718,0.241399416909621
2025-09-21 16:10:00-03:00,304,33,319,325,4.7,307,2.8,1,0.9446153846153846,63.224168278801514,42.59375,7.0375000000000005,285.394875,0,5.538461538461538,0.2603076923076923
2025-09-21 16:15:00-03:00,287,33,301,306,4.8,290,2.8,1,0.9477124183006536,63.07300964323283,42.0625,6.825,270.2075,0,5.228758169934641,0.25098039215686274
2025-09-21 16:20:00-03:00,270,33,283,288,4.8,273,2.8,1,0.9479166666666666,62.93479068677923,41.53125,6.612500000000001,254.947875,0,5.208333333333334,0.25000000000000006
2025-09-21 16:25:00-03:00,253,33,266,270,5.0,255,2.8,1,0.9444444444444444,62.532900431409,40.96875,6.3875,238.711875,0,5.555555555555555,0.2777777777777778
2025-09-21 16:30:00-03:00,235,33,249,253,5.3,237,2.9,1,0.9367588932806324,61.921443390121865,40.40625,6.1625000000000005,222.39487499999998,0,6.324110671936759,0.33517786561264823
2025-09-21 16:35:00-03:00,218,33,231,235,5.6,220,2.9,1,0.9361702127659575,61.30994283890702,39.875,5.95,206.91,0,6.382978723404255,0.35744680851063826
2025-09-21 16:40:00-03:00,202,33,214,218,5.9,203,2.9,1,0.9311926605504587,60.44700909963953,39.34375,5.737500000000001,191.352875,0,6.8807339449541285,0.40596330275229364
2025-09-21 16:45:00-03:00,186,33,198,200,6.1,186,2.9,1,0.93,59.95377006874197,38.8125,5.525,175.7235,0,7.000000000000001,0.42700000000000005
2025-09-21 16:50:00-03:00,170,33,181,184,6.4,170,2.9,1,0.9239130434782609,59.39518396965323,38.3125,5.325,160.9475,0,7.608695652173914,0.4869565217391305
2025-09-21 16:55:00-03:00,154,32,165,167,6.7,155,3.0,1,0.9281437125748503,58.52188142961329,36.84375,4.7375,147.656875,0,7.18562874251497,0.481437125748503
2025-09-21 17:00:00-03:00,139,32,150,151,7.0,139,3.0,1,0.9205298013245033,57.443186688856706,36.34375,4.5375000000000005,132.692875,0,7.9470198675496695,0.5562913907284769
2025-09-21 17:05:00-03:00,124,32,135,136,7.8,124,3.0,1,0.9117647058823529,56.15313208028048,35.875,4.3500000000000005,118.60600000000001,0,8.823529411764707,0.6882352941176471
2025-09-21 17:10:00-03:00,107,32,120,121,10.8,106,3.0,1,0.8760330578512396,54.37412486235223,35.3125,4.125,101.6275,0,12.396694214876034,1.3388429752066116
2025-09-21 17:15:00-03:00,91,32,106,107,13.9,90,3.0,1,0.8411214953271028,52.0259259379227,34.8125,3.9250000000000003,86.4675,0,15.887850467289718,2.208411214953271
2025-09-21 17:20:00-03:00,77,32,92,93,16.9,76,3.1,1,0.8172043010752689,49.31800027896944,34.375,3.75,73.15,0,18.27956989247312,3.089247311827957
2025-09-21 17:25:00-03:00,64,32,80,80,19.9,63,3.1,1,0.7875,46.04312866184274,33.96875,3.5875000000000004,60.739875,0,21.25,4.22875
2025-09-21 17:30:00-03:00,52,32,67,67,23.0,51,3.1,1,0.7611940298507462,42.32871007922437,33.59375,3.4375,49.246874999999996,0,23.88059701492537,5.492537313432836
2025-09-21 17:35:00-03:00,41,31,56,56,26.0,41,3.1,1,0.7321428571428571,38.397048497699565,32.28125,2.9125,39.805875,0,26.785714285714285,6.964285714285714
2025-09-21 17:40:00-03:00,33,31,45,45,26.2,33,3.1,1,0.7333333333333333,34.14530004485094,32.03125,2.8125,32.071875,0,26.666666666666668,6.986666666666666
2025-09-21 17:45:00-03:00,26,31,35,35,26.2,25,3.2,1,0.7142857142857143,29.98825527680557,31.78125,2.7125000000000004,24.321875000000002,0,28.57142857142857,7.485714285714284
2025-09-21 17:50:00-03:00,19,31,26,25,26.2,19,3.2,1,0.76,25.88830904976154,31.59375,2.6375,18.498874999999998,0,24.0,6.287999999999999
2025-09-21 17:55:00-03:00,12,31,17,17,26.2,12,3.2,1,0.7058823529411765,21.860958697023083,31.375,2.5500000000000003,11.694,0,29.411764705882355,7.705882352941177
2025-09-21 18:00:00-03:00,6,31,9,8,26.2,6,3.2,0,0.75,18.07224558840175,31.1875,2.475,5.8515,0,25.0,6.55
2025-09-21 18:05:00-03:00,1,31,2,2,26.1,1,3.2,0,0.5,14.68739925824693,31.03125,2.4125,0.975875,0,50.0,13.05
2025-09-21 18:10:00-03:00,0,31,0,0,26.0,0,3.2,0,,11.630680430404341,31.0,2.4000000000000004,0.0,0,,
2025-09-21 18:15:00-03:00,0,30,0,0,25.9,0,3.2,0,,8.719101288217537,30.0,2.0,0.0,0,,
2025-09-21 18:20:00-03:00,0,30,0,0,25.8,0,3.2,0,,6.1913918737879525,30.0,2.0,0.0,0,,
2025-09-21 18:25:00-03:00,0,30,0,0,25.6,0,3.1,0,,3.704010930218042,30.0,2.0,0.0,0,,
2025-09-21 18:30:00-03:00,0,30,0,0,25.5,0,3.1,0,,1.7298624927734174,30.0,2.0,0.0,0,,
2025-09-21 18:35:00-03:00,0,30,0,0,25.4,0,3.1,0,,0.2886751371602417,30.0,2.0,0.0,0,,
2025-09-21 18:40:00-03:00,0,30,0,0,25.3,0,3.1,0,,0.0,30.0,2.0,0.0,0,,
2025-09-21 18:45:00-03:00,0,30,0,0,25.1,0,3.0,0,,0.0,30.0,2.0,0.0,0,,
2025-09-21 18:50:00-03:00,0,30,0,0,25.0,0,3.0,0,,0.0,30.0,2.0,0.0,0,,
2025-09-21 18:55:00-03:00,0,30,0,0,24.9,0,3.0,0,,0.0,30.0,2.0,0.0,0,,
2025-09-21 19:00:00-03:00,0,30,0,0,24.7,0,3.0,0,,0.0,30.0,2.0,0.0,0,,
2025-09-21 19:05:00-03:00,0,29,0,0,24.7,0,3.0,0,,0.0,29.0,1.6,0.0,0,,
2025-09-21 19:10:00-03:00,0,29,0,0,24.7,0,2.9,0,,0.0,29.0,1.6,0.0,0,,
2025-09-21 19:15:00-03:00,0,29,0,0,24.7,0,2.9,0,,0.0,29.0,1.6,0.0,0,,
2025-09-21 19:20:00-03:00,0,29,0,0,24.7,0,2.9,0,,0.0,29.0,1.6,0.0,0,,
2025-09-21 19:25:00-03:00,0,29,0,0,24.7,0,2.9,0,,0.0,29.0,1.6,0.0,0,,
2025-09-21 19:30:00-03:00,0,29,0,0,24.7,0,2.9,0,,0.0,29.0,1.6,0.0,0,,
2025-09-21 19:35:00-03:00,0,29,0,0,24.7,0,2.8,0,,0.0,29.0,1.6,0.0,0,,
2025-09-21 19:40:00-03:00,0,29,0,0,24.7,0,2.8,0,,0.0,29.0,1.6,0.0,0,,
2025-09-21 19:45:00-03:00,0,29,0,0,24.7,0,2.8,0,,0.0,29.0,1.6,0.0,0,,
2025-09-21 19:50:00-03:00,0,29,0,0,24.7,0,2.8,0,,0.0,29.0,1.6,0.0,0,,
2025-09-21 19:55:00-03:00,0,28,0,0,24.7,0,2.8,0,,0.0,28.0,1.2000000000000002,0.0,0,,
2025-09-21 20:00:00-03:00,0,28,0,0,24.7,0,2.7,0,,0.0,28.0,1.2000000000000002,0.0,0,,
2025-09-21 20:05:00-03:00,0,28,0,0,24.7,0,2.7,0,,0.0,28.0,1.2000000000000002,0.0,0,,
2025-09-21 20:10:00-03:00,0,28,0,0,24.7,0,2.7,0,,0.0,28.0,1.2000000000000002,0.0,0,,
2025-09-21 20:15:00-03:00,0,28,0,0,24.7,0,2.7,0,,0.0,28.0,1.2000000000000002,0.0,0,,
2025-09-21 20:20:00-03:00,0,28,0,0,24.7,0,2.7,0,,0.0,28.0,1.2000000000000002,0.0,0,,
2025-09-21 20:25:00-03:00,0,28,0,0,24.7,0,2.7,0,,0.0,28.0,1.2000000000000002,0.0,0,,
2025-09-21 20:30:00-03:00,0,28,0,0,24.7,0,2.6,0,,0.0,28.0,1.2000000000000002,0.0,0,,
2025-09-21 20:35:00-03:00,0,28,0,0,24.7,0,2.6,0,,0.0,28.0,1.2000000000000002,0.0,0,,
2025-09-21 20:40:00-03:00,0,28,0,0,24.7,0,2.6,0,,0.0,28.0,1.2000000000000002,0.0,0,,
2025-09-21 20:45:00-03:00,0,27,0,0,24.7,0,2.6,0,,0.0,27.0,0.8,0.0,0,,
2025-09-21 20:50:00-03:00,0,27,0,0,24.7,0,2.6,0,,0.0,27.0,0.8,0.0,0,,
2025-09-21 20:55:00-03:00,0,27,0,0,24.7,0,2.6,0,,0.0,27.0,0.8,0.0,0,,
2025-09-21 21:00:00-03:00,0,27,0,0,24.7,0,2.6,0,,0.0,27.0,0.8,0.0,0,,
2025-09-21 21:05:00-03:00,0,27,0,0,24.6,0,2.5,0,,0.0,27.0,0.8,0.0,0,,
2025-09-21 21:10:00-03:00,0,27,0,0,24.5,0,2.5,0,,0.0,27.0,0.8,0.0,0,,
2025-09-21 21:15:00-03:00,0,27,0,0,24.4,0,2.5,0,,0.0,27.0,0.8,0.0,0,,
2025-09-21 21:20:00-03:00,0,27,0,0,24.2,0,2.5,0,,0.0,27.0,0.8,0.0,0,,
2025-09-21 21:25:00-03:00,0,27,0,0,24.1,0,2.5,0,,0.0,27.0,0.8,0.0,0,,
2025-09-21 21:30:00-03:00,0,27,0,0,24.0,0,2.5,0,,0.0,27.0,0.8,0.0,0,,
2025-09-21 21:35:00-03:00,0,27,0,0,23.8,0,2.5,0,,0.0,27.0,0.8,0.0,0,,
2025-09-21 21:40:00-03:00,0,27,0,0,23.7,0,2.5,0,,0.0,27.0,0.8,0.0,0,,
2025-09-21 21:45:00-03:00,0,27,0,0,23.6,0,2.5,0,,0.0,27.0,0.8,0.0,0,,
2025-09-21 21:50:00-03:00,0,27,0,0,23.5,0,2.5,0,,0.0,27.0,0.8,0.0,0,,
2025-09-21 21:55:00-03:00,0,27,0,0,23.3,0,2.4,0,,0.0,27.0,0.8,0.0,0,,
2025-09-21 22:00:00-03:00,0,27,0,0,23.2,0,2.4,0,,0.0,27.0,0.8,0.0,0,,
2025-09-21 22:05:00-03:00,0,27,0,0,23.1,0,2.4,0,,0.0,27.0,0.8,0.0,0,,
2025-09-21 22:10:00-03:00,0,27,0,0,23.1,0,2.4,0,,0.0,27.0,0.8,0.0,0,,
2025-09-21 22:15:00-03:00,0,27,0,0,23.1,0,2.4,0,,0.0,27.0,0.8,0.0,0,,
2025-09-21 22:20:00-03:00,0,27,0,0,23.1,0,2.4,0,,0.0,27.0,0.8,0.0,0,,
2025-09-21 22:25:00-03:00,0,27,0,0,23.1,0,2.4,0,,0.0,27.0,0.8,0.0,0,,
2025-09-21 22:30:00-03:00,0,27,0,0,23.1,0,2.4,0,,0.0,27.0,0.8,0.0,0,,
2025-09-21 22:35:00-03:00,0,27,0,0,23.1,0,2.4,0,,0.0,27.0,0.8,0.0,0,,
2025-09-21 22:40:00-03:00,0,27,0,0,23.1,0,2.4,0,,0.0,27.0,0.8,0.0,0,,
2025-09-21 22:45:00-03:00,0,27,0,0,23.1,0,2.4,0,,0.0,27.0,0.8,0.0,0,,
2025-09-21 22:50:00-03:00,0,27,0,0,23.1,0,2.4,0,,0.0,27.0,0.8,0.0,0,,
2025-09-21 22:55:00-03:00,0,27,0,0,23.1,0,2.4,0,,0.0,27.0,0.8,0.0,0,,
2025-09-21 23:00:00-03:00,0,27,0,0,23.1,0,2.4,0,,0.0,27.0,0.8,0.0,0,,
2025-09-21 23:05:00-03:00,0,27,0,0,23.1,0,2.4,0,,0.0,27.0,0.8,0.0,0,,
2025-09-21 23:10:00-03:00,0,26,0,0,23.1,0,2.4,0,,0.0,26.0,0.4,0.0,0,,
2025-09-21 23:15:00-03:00,0,26,0,0,23.1,0,2.3,0,,0.0,26.0,0.4,0.0,0,,
2025-09-21 23:20:00-03:00,0,26,0,0,23.1,0,2.3,0,,0.0,26.0,0.4,0.0,0,,
2025-09-21 23:25:00-03:00,0,26,0,0,23.1,0,2.3,0,,0.0,26.0,0.4,0.0,0,,
2025-09-21 23:30:00-03:00,0,26,0,0,23.1,0,2.3,0,,0.0,26.0,0.4,0.0,0,,
2025-09-21 23:35:00-03:00,0,26,0,0,23.1,0,2.3,0,,0.0,26.0,0.4,0.0,0,,
2025-09-21 23:40:00-03:00,0,26,0,0,23.1,0,2.3,0,,0.0,26.0,0.4,0.0,0,,
2025-09-21 23:45:00-03:00,0,26,0,0,23.1,0,2.3,0,,0.0,26.0,0.4,0.0,0,,
2025-09-21 23:50:00-03:00,0,26,0,0,23.1,0,2.3,0,,0.0,26.0,0.4,0.0,0,,
2025-09-21 23:55:00-03:00,0,26,0,0,23.1,0,2.3,0,,0.0,26.0,0.4,0.0,0,,
2025-09-22 00:00:00-03:00,0,26,0,0,23.1,0,2.3,0,,0.0,26.0,0.4,0.0,0,,
2025-09-22 00:05:00-03:00,0,26,0,0,23.1,0,2.3,0,,0.0,26.0,0.4,0.0,0,,
2025-09-22 00:10:00-03:00,0,26,0,0,22.9,0,2.3,0,,0.0,26.0,0.4,0.0,0,,
2025-09-22 00:15:00-03:00,0,26,0,0,22.8,0,2.3,0,,0.0,26.0,0.4,0.0,0,,
2025-09-22 00:20:00-03:00,0,26,0,0,22.7,0,2.3,0,,0.0,26.0,0.4,0.0,0,,
2025-09-22 00:25:00-03:00,0,26,0,0,22.6,0,2.3,0,,0.0,26.0,0.4,0.0,0,,
2025-09-22 00:30:00-03:00,0,26,0,0,22.4,0,2.3,0,,0.0,26.0,0.4,0.0,0,,
2025-09-22 00:35:00-03:00,0,26,0,0,22.3,0,2.3,0,,0.0,26.0,0.4,0.0,0,,
2025-09-22 00:40:00-03:00,0,26,0,0,22.2,0,2.2,0,,0.0,26.0,0.4,0.0,0,,
2025-09-22 00:45:00-03:00,0,26,0,0,22.0,0,2.2,0,,0.0,26.0,0.4,0.0,0,,
2025-09-22 00:50:00-03:00,0,26,0,0,21.9,0,2.2,0,,0.0,26.0,0.4,0.0,0,,
2025-09-22 00:55:00-03:00,0,26,0,0,21.8,0,2.2,0,,0.0,26.0,0.4,0.0,0,,
2025-09-22 01:00:00-03:00,0,26,0,0,21.7,0,2.2,0,,0.0,26.0,0.4,0.0,0,,
2025-09-22 01:05:00-03:00,0,26,0,0,21.6,0,2.2,0,,0.0,26.0,0.4,0.0,0,,
2025-09-22 01:10:00-03:00,0,26,0,0,21.6,0,2.2,0,,0.0,26.0,0.4,0.0,0,,
2025-09-22 01:15:00-03:00,0,25,0,0,21.6,0,2.2,0,,0.0,25.0,0.0,0.0,0,,
2025-09-22 01:20:00-03:00,0,25,0,0,21.6,0,2.2,0,,0.0,25.0,0.0,0.0,0,,
2025-09-22 01:25:00-03:00,0,25,0,0,21.6,0,2.2,0,,0.0,25.0,0.0,0.0,0,,
2025-09-22 01:30:00-03:00,0,25,0,0,21.6,0,2.1,0,,0.0,25.0,0.0,0.0,0,,
2025-09-22 01:35:00-03:00,0,25,0,0,21.6,0,2.1,0,,0.0,25.0,0.0,0.0,0,,
2025-09-22 01:40:00-03:00,0,25,0,0,21.6,0,2.1,0,,0.0,25.0,0.0,0.0,0,,
2025-09-22 01:45:00-03:00,0,25,0,0,21.6,0,2.1,0,,0.0,25.0,0.0,0.0,0,,
2025-09-22 01:50:00-03:00,0,25,0,0,21.6,0,2.1,0,,0.0,25.0,0.0,0.0,0,,
2025-09-22 01:55:00-03:00,0,25,0,0,21.6,0,2.1,0,,0.0,25.0,0.0,0.0,0,,
2025-09-22 02:00:00-03:00,0,25,0,0,21.6,0,2.1,0,,0.0,25.0,0.0,0.0,0,,
2025-09-22 02:05:00-03:00,0,25,0,0,21.5,0,2.1,0,,0.0,25.0,0.0,0.0,0,,
2025-09-22 02:10:00-03:00,0,25,0,0,21.4,0,2.1,0,,0.0,25.0,0.0,0.0,0,,
2025-09-22 02:15:00-03:00,0,25,0,0,21.3,0,2.1,0,,0.0,25.0,0.0,0.0,0,,
2025-09-22 02:20:00-03:00,0,25,0,0,21.1,0,2.0,0,,0.0,25.0,0.0,0.0,0,,
2025-09-22 02:25:00-03:00,0,25,0,0,21.0,0,2.0,0,,0.0,25.0,0.0,0.0,0,,
2025-09-22 02:30:00-03:00,0,25,0,0,20.9,0,2.0,0,,0.0,25.0,0.0,0.0,0,,
2025-09-22 02:35:00-03:00,0,25,0,0,20.7,0,2.0,0,,0.0,25.0,0.0,0.0,0,,
2025-09-22 02:40:00-03:00,0,25,0,0,20.6,0,2.0,0,,0.0,25.0,0.0,0.0,0,,
2025-09-22 02:45:00-03:00,0,25,0,0,20.5,0,2.0,0,,0.0,25.0,0.0,0.0,0,,
2025-09-22 02:50:00-03:00,0,24,0,0,20.3,0,2.0,0,,0.0,24.0,0.0,0.0,0,,
2025-09-22 02:55:00-03:00,0,24,0,0,20.2,0,2.0,0,,0.0,24.0,0.0,0.0,0,,
2025-09-22 03:00:00-03:00,0,24,0,0,20.1,0,2.0,0,,0.0,24.0,0.0,0.0,0,,
2025-09-22 03:05:00-03:00,0,24,0,0,20.0,0,2.0,0,,0.0,24.0,0.0,0.0,0,,
2025-09-22 03:10:00-03:00,0,24,0,0,20.0,0,2.0,0,,0.0,24.0,0.0,0.0,0,,
2025-09-22 03:15:00-03:00,0,24,0,0,20.0,0,2.0,0,,0.0,24.0,0.0,0.0,0,,
2025-09-22 03:20:00-03:00,0,24,0,0,20.0,0,2.1,0,,0.0,24.0,0.0,0.0,0,,
2025-09-22 03:25:00-03:00,0,24,0,0,20.0,0,2.1,0,,0.0,24.0,0.0,0.0,0,,
2025-09-22 03:30:00-03:00,0,24,0,0,20.0,0,2.1,0,,0.0,24.0,0.0,0.0,0,,
2025-09-22 03:35:00-03:00,0,24,0,0,20.0,0,2.1,0,,0.0,24.0,0.0,0.0,0,,
2025-09-22 03:40:00-03:00,0,24,0,0,20.0,0,2.2,0,,0.0,24.0,0.0,0.0,0,,
2025-09-22 03:45:00-03:00,0,24,0,0,20.0,0,2.2,0,,0.0,24.0,0.0,0.0,0,,
2025-09-22 03:50:00-03:00,0,24,0,0,20.0,0,2.2,0,,0.0,24.0,0.0,0.0,0,,
2025-09-22 03:55:00-03:00,0,24,0,0,20.0,0,2.2,0,,0.0,24.0,0.0,0.0,0,,
2025-09-22 04:00:00-03:00,0,24,0,0,20.0,0,2.3,0,,0.0,24.0,0.0,0.0,0,,
2025-09-22 04:05:00-03:00,0,24,0,0,20.0,0,2.3,0,,0.0,24.0,0.0,0.0,0,,
2025-09-22 04:10:00-03:00,0,24,0,0,19.8,0,2.3,0,,0.0,24.0,0.0,0.0,0,,
2025-09-22 04:15:00-03:00,0,24,0,0,19.7,0,2.4,0,,0.0,24.0,0.0,0.0,0,,
2025-09-22 04:20:00-03:00,0,24,0,0,19.6,0,2.4,0,,0.0,24.0,0.0,0.0,0,,
2025-09-22 04:25:00-03:00,0,24,0,0,19.4,0,2.4,0,,0.0,24.0,0.0,0.0,0,,
2025-09-22 04:30:00-03:00,0,24,0,0,19.3,0,2.4,0,,0.0,24.0,0.0,0.0,0,,
2025-09-22 04:35:00-03:00,0,24,0,0,19.2,0,2.5,0,,0.0,24.0,0.0,0.0,0,,
2025-09-22 04:40:00-03:00,0,24,0,0,19.0,0,2.5,0,,0.0,24.0,0.0,0.0,0,,
2025-09-22 04:45:00-03:00,0,24,0,0,18.9,0,2.5,0,,0.0,24.0,0.0,0.0,0,,
2025-09-22 04:50:00-03:00,0,24,0,0,18.8,0,2.5,0,,0.0,24.0,0.0,0.0,0,,
2025-09-22 04:55:00-03:00,0,24,0,0,18.6,0,2.6,0,,0.0,24.0,0.0,0.0,0,,
2025-09-22 05:00:00-03:00,0,24,0,0,18.5,0,2.6,0,,0.0,24.0,0.0,0.0,0,,
2025-09-22 05:05:00-03:00,0,24,0,0,18.5,0,2.6,0,,0.0,24.0,0.0,0.0,0,,
2025-09-22 05:10:00-03:00,0,24,0,0,18.6,0,2.7,0,,0.0,24.0,0.0,0.0,0,,
2025-09-22 05:15:00-03:00,0,24,0,0,18.8,0,2.7,0,,0.0,24.0,0.0,0.0,0,,
2025-09-22 05:20:00-03:00,0,24,0,0,18.9,0,2.7,0,,0.0,24.0,0.0,0.0,0,,
2025-09-22 05:25:00-03:00,0,24,0,0,19.0,0,2.7,0,,0.0,24.0,0.0,0.0,0,,
2025-09-22 05:30:00-03:00,0,24,0,0,19.2,0,2.8,0,,0.0,24.0,0.0,0.0,0,,
2025-09-22 05:35:00-03:00,0,24,0,0,19.3,0,2.8,0,,0.0,24.0,0.0,0.0,0,,
2025-09-22 05:40:00-03:00,0,23,0,0,19.4,0,2.8,0,,0.0,23.0,0.0,0.0,0,,
2025-09-22 05:45:00-03:00,0,23,0,0,19.6,0,2.9,0,,0.2886751371602417,23.0,0.0,0.0,0,,
2025-09-22 05:50:00-03:00,0,23,0,0,19.7,0,2.9,0,,2.30118546556643,23.0,0.0,0.0,0,,
2025-09-22 05:55:00-03:00,0,23,0,0,19.8,0,2.9,0,,4.944387697020362,23.0,0.0,0.0,0,,
2025-09-22 06:00:00-03:00,0,23,0,0,20.0,0,2.9,0,,8.189054039513842,23.0,0.0,0.0,0,,
2025-09-22 06:05:00-03:00,0,23,0,0,20.0,0,3.0,0,,11.73185252369928,23.0,0.0,0.0,0,,
2025-09-22 06:10:00-03:00,1,24,2,2,20.0,1,3.0,0,0.5,15.78333413335387,24.03125,0.0,1.0,0,50.0,10.0
2025-09-22 06:15:00-03:00,8,24,10,10,20.0,8,3.0,0,0.8,20.210258421306534,24.25,0.0,8.0,0,20.0,4.0
2025-09-22 06:20:00-03:00,16,24,20,19,20.0,16,3.1,1,0.8421052631578947,25.6172290508528,24.5,0.0,16.0,0,15.789473684210526,3.1578947368421053
2025-09-22 06:25:00-03:00,25,24,31,31,20.0,25,3.1,1,0.8064516129032258,31.609358031331958,24.78125,0.0,25.0,0,19.35483870967742,3.870967741935484
2025-09-22 06:30:00-03:00,35,24,44,44,20.0,34,3.2,1,0.7727272727272727,38.04144470380836,25.0625,0.025,33.9915,0,22.727272727272727,4.545454545454545
2025-09-22 06:35:00-03:00,46,25,58,59,20.0,45,3.2,1,0.7627118644067796,44.90891455003087,26.40625,0.5625,44.746875,0,23.728813559322035,4.745762711864407
2025-09-22 06:40:00-03:00,58,25,72,74,19.8,57,3.3,1,0.7702702702702703,51.94249442676069,26.78125,0.7125,56.593875,0,22.972972972972975,4.5486486486486495
2025-09-22 06:45:00-03:00,74,25,89,91,16.7,74,3.3,1,0.8131868131868132,58.789815650703716,27.3125,0.925,73.3155,0,18.681318681318682,3.1197802197802194
2025-09-22 06:50:00-03:00,91,25,106,109,13.5,92,3.4,1,0.8440366972477065,65.11871443523924,27.875,1.1500000000000001,90.94200000000001,0,15.59633027522936,2.1055045871559637
2025-09-22 06:55:00-03:00,111,26,124,127,10.4,112,3.5,1,0.8818897637795275,70.47517293346094,29.5,1.8,109.984,0,11.811023622047244,1.2283464566929134
2025-09-22 07:00:00-03:00,132,26,143,147,7.2,135,3.6,1,0.9183673469387755,74.95675520936277,30.21875,2.0875,132.181875,0,8.16326530612245,0.5877551020408164
2025-09-22 07:05:00-03:00,156,26,162,167,4.0,160,3.7,1,0.9580838323353293,78.32546704539925,31.0,2.4000000000000004,156.16,0,4.191616766467066,0.16766467065868262
2025-09-22 07:10:00-03:00,180,26,182,188,0.7,186,3.7,1,0.9893617021276596,80.58700361420718,31.8125,2.725,180.9315,0,1.0638297872340425,0.007446808510638297
2025-09-22 07:15:00-03:00,202,26,202,209,0.0,209,3.8,1,1.0,81.62311764037425,32.53125,3.0125,202.703875,0,0.0,0.0
2025-09-22 07:20:00-03:00,222,27,222,230,0.0,230,3.9,1,1.0,81.9434394733847,34.1875,3.6750000000000003,221.54749999999999,0,0.0,0.0
2025-09-22 07:25:00-03:00,243,27,243,252,0.0,252,4.0,1,1.0,81.70507754705724,34.875,3.95,242.046,0,0.0,0.0
2025-09-22 07:30:00-03:00,264,27,264,274,0.0,274,4.1,1,1.0,80.95490701432409,35.5625,4.2250000000000005,262.4235,0,0.0,0.0
2025-09-22 07:35:00-03:00,285,27,285,296,0.0,296,4.2,1,1.0,80.1362476150401,36.25,4.5,282.68,0,0.0,0.0
2025-09-22 07:40:00-03:00,307,27,307,318,0.0,318,4.4,1,1.0,79.61322221538292,36.9375,4.775,302.8155,0,0.0,0.0
2025-09-22 07:45:00-03:00,328,28,328,340,0.0,340,4.5,1,1.0,79.62582952329898,38.625,5.45,321.47,0,0.0,0.0
2025-09-22 07:50:00-03:00,349,28,349,363,0.0,363,4.6,1,1.0,79.7763920422165,39.34375,5.737500000000001,342.17287500000003,0,0.0,0.0
2025-09-22 07:55:00-03:00,371,28,371,385,0.0,385,4.7,1,1.0,79.62582952329839,40.03125,6.0125,361.851875,0,0.0,0.0
2025-09-22 08:00:00-03:00,392,28,392,407,0.0,407,4.8,1,1.0,79.47498176956904,40.71875,6.2875000000000005,381.409875,0,0.0,0.0
2025-09-22 08:05:00-03:00,413,28,413,429,0.0,429,4.9,1,1.0,79.18615390140835,41.40625,6.5625,400.84687499999995,0,0.0,0.0
2025-09-22 08:10:00-03:00,434,29,434,451,0.0,451,5.1,1,1.0,78.78408353330217,43.09375,7.237500000000001,418.358875,0,0.0,0.0
2025-09-22 08:15:00-03:00,455,29,455,473,0.0,473,5.2,1,1.0,78.29315539572187,43.78125,7.5125,437.465875,0,0.0,0.0
2025-09-22 08:20:00-03:00,475,29,475,494,0.0,494,5.3,1,1.0,77.60091181907558,44.4375,7.775,455.5915,0,0.0,0.0
2025-09-22 08:25:00-03:00,496,29,496,516,0.0,516,5.4,1,1.0,76.92317103724099,45.125,8.05,474.462,0,0.0,0.0
2025-09-22 08:30:00-03:00,516,29,516,537,0.0,537,5.5,1,1.0,75.63203385771729,45.78125,8.3125,492.361875,0,0.0,0.0
2025-09-22 08:35:00-03:00,536,30,536,558,0.0,558,5.7,1,1.0,73.61751068046371,47.4375,8.975,507.9195,0,0.0,0.0
2025-09-22 08:40:00-03:00,556,30,556,579,0.0,579,5.8,1,1.0,70.8187507270901,48.09375,9.2375,525.514875,0,0.0,0.0
2025-09-22 08:45:00-03:00,575,30,575,599,0.0,599,5.9,1,1.0,67.46194213305655,48.71875,9.4875,542.1698749999999,0,0.0,0.0
2025-09-22 08:50:00-03:00,594,30,594,619,0.0,619,6.1,1,1.0,63.52683756420817,49.34375,9.7375,558.724875,0,0.0,0.0
2025-09-22 08:55:00-03:00,610,30,613,639,0.5,635,6.2,1,0.9937402190923318,59.32499090142966,49.84375,9.9375,571.896875,0,0.6259780907668232,0.003129890453834116
2025-09-22 09:00:00-03:00,623,31,632,658,1.3,649,6.3,1,0.986322188449848,55.61692569930992,51.28125,10.512500000000001,580.773875,0,1.3677811550151975,0.01778115501519757
2025-09-22 09:05:00-03:00,636,31,650,677,2.1,661,6.4,1,0.9763663220088626,52.454020269416404,51.65625,10.662500000000001,590.520875,0,2.363367799113737,0.04963072378138848
2025-09-22 09:10:00-03:00,647,31,667,695,3.0,673,6.4,1,0.9683453237410072,49.92259159453988,52.03125,10.8125,600.231875,0,3.1654676258992804,0.09496402877697842
2025-09-22 09:15:00-03:00,658,31,685,713,3.9,683,6.3,1,0.9579242636746143,48.25775177171691,52.34375,10.9375,608.296875,0,4.207573632538569,0.16409537166900418
2025-09-22 09:20:00-03:00,669,31,702,731,4.6,695,6.3,1,0.9507523939808481,47.34464226831967,52.71875,11.0875,617.941875,0,4.924760601915184,0.22653898768809846
2025-09-22 09:25:00-03:00,684,31,718,748,4.8,710,6.3,1,0.9491978609625669,47.34464226831935,53.1875,11.275,629.9475,0,5.080213903743315,0.24385026737967913
2025-09-22 09:30:00-03:00,698,31,734,765,4.9,725,6.3,1,0.9477124183006536,47.59360792324393,53.65625,11.4625,641.896875,0,5.228758169934641,0.2562091503267974
2025-09-22 09:35:00-03:00,712,31,750,782,5.1,739,6.3,1,0.9450127877237852,47.862492432155136,54.09375,11.637500000000001,652.998875,0,5.498721227621484,0.28043478260869564
2025-09-22 09:40:00-03:00,725,32,765,798,5.2,753,6.3,1,0.943609022556391,47.8868616130919,55.53125,12.2125,661.0398749999999,0,5.639097744360902,0.29323308270676696
2025-09-22 09:45:00-03:00,738,32,780,813,5.4,766,6.3,1,0.942189421894219,47.534596651152434,55.9375,12.375,671.2075,0,5.781057810578106,0.3121771217712177
2025-09-22 09:50:00-03:00,750,32,795,828,5.6,779,6.2,1,0.9408212560386473,46.49234215209774,56.34375,12.537500000000001,681.332875,0,5.917874396135265,0.33140096618357484
2025-09-22 09:55:00-03:00,762,32,809,843,5.8,791,6.2,1,0.9383155397390273,44.90486576860896,56.71875,12.6875,690.641875,0,6.168446026097272,0.3577698695136418
2025-09-22 10:00:00-03:00,774,32,822,857,5.9,803,6.2,1,0.9369894982497082,43.32715573681495,57.09375,12.8375,699.9148749999999,0,6.301050175029172,0.37176196032672115
2025-09-22 10:05:00-03:00,785,32,835,871,6.0,815,6.2,1,0.9357060849598163,41.75786988065202,57.46875,12.9875,709.151875,0,6.42939150401837,0.38576349024110224
2025-09-22 10:10:00-03:00,796,32,848,884,6.1,826,6.2,1,0.9343891402714932,40.1733931246946,57.8125,13.125,717.5875,0,6.561085972850679,0.4002262443438914
2025-09-22 10:15:00-03:00,806,32,860,896,6.2,837,6.2,1,0.9341517857142857,38.57254086899941,58.15625,13.262500000000001,725.992875,0,6.584821428571429,0.4082589285714286
2025-09-22 10:20:00-03:00,816,32,871,908,6.3,847,6.2,1,0.9328193832599119,36.929498761661755,58.46875,13.387500000000001,733.607875,0,6.71806167400881,0.423237885462555
2025-09-22 10:25:00-03:00,826,33,882,919,6.4,857,6.2,1,0.9325353645266594,35.243202654313485,59.78125,13.912500000000001,737.769875,0,6.746463547334058,0.43177366702937975
2025-09-22 10:30:00-03:00,835,33,892,930,6.5,866,6.2,1,0.9311827956989247,33.48394006720082,60.0625,14.025,744.5435,0,6.881720430107527,0.44731182795698926
2025-09-22 10:35:00-03:00,843,33,902,941,6.5,875,6.1,1,0.9298618490967057,31.649955718283877,60.34375,14.137500000000001,751.296875,0,7.0138150903294365,0.4558979808714134
2025-09-22 10:40:00-03:00,851,33,912,950,6.6,883,6.1,1,0.9294736842105263,29.892103953845275,60.59375,14.2375,757.282875,0,7.052631578947369,0.4654736842105263
2025-09-22 10:45:00-03:00,859,33,921,960,6.7,891,6.1,1,0.928125,27.938243583751827,60.84375,14.3375,763.252875,0,7.187499999999999,0.48156249999999995
2025-09-22 10:50:00-03:00,866,33,929,968,6.8,898,6.1,1,0.9276859504132231,25.959175408289976,61.0625,14.425,768.4635,0,7.231404958677685,0.4917355371900826
2025-09-22 10:55:00-03:00,872,33,937,977,6.9,905,6.1,1,0.9263050153531218,23.826869222985646,61.28125,14.512500000000001,773.661875,0,7.36949846468782,0.5084953940634596
2025-09-22 11:00:00-03:00,878,33,944,984,7.0,911,6.1,1,0.9258130081300813,21.70934026047322,61.46875,14.5875,778.107875,0,7.41869918699187,0.5193089430894309
2025-09-22 11:05:00-03:00,884,33,951,991,7.0,917,6.1,1,0.9253279515640767,19.588764559543602,61.65625,14.662500000000001,782.544875,0,7.467204843592332,0.5227043390514632
2025-09-22 11:10:00-03:00,888,34,956,997,7.1,921,6.1,1,0.9237713139418254,17.401454136368244,62.78125,15.1125,781.813875,0,7.622868605817453,0.541223671013039
2025-09-22 11:15:00-03:00,892,34,961,1002,7.2,925,6.1,1,0.9231536926147704,15.246211650652082,62.90625,15.162500000000001,784.746875,0,7.684630738522954,0.5532934131736527
2025-09-22 11:20:00-03:00,895,34,966,1006,7.3,928,6.1,1,0.9224652087475149,13.081041103946413,63.0,15.200000000000001,786.944,0,7.75347912524851,0.5660039761431412
2025-09-22 11:25:00-03:00,898,34,970,1011,7.4,931,6.1,1,0.9208704253214639,10.900375306276032,63.09375,15.2375,789.138875,0,7.91295746785361,0.5855588526211671
2025-09-22 11:30:00-03:00,901,34,973,1014,7.5,934,6.0,1,0.9211045364891519,8.891603120927583,63.1875,15.275,791.3315,0,7.889546351084813,0.591715976331361
2025-09-22 11:35:00-03:00,903,34,976,1017,7.5,935,6.0,1,0.9193706981317601,6.969087588605767,63.21875,15.287500000000001,792.061875,0,8.062930186823992,0.6047197640117994
2025-09-22 11:40:00-03:00,904,34,979,1019,7.6,937,6.0,1,0.9195289499509323,5.334280218925438,63.28125,15.3125,793.521875,0,8.04710500490677,0.6115799803729145
2025-09-22 11:45:00-03:00,905,34,980,1021,7.7,937,6.0,1,0.9177277179236043,4.48144321985741,63.28125,15.3125,793.521875,0,8.227228207639568,0.6334965719882467
2025-09-22 11:50:00-03:00,905,34,982,1022,7.8,937,6.0,1,0.9168297455968689,5.632024233716589,63.28125,15.3125,793.521875,0,8.317025440313111,0.6487279843444227
2025-09-22 11:55:00-03:00,905,34,982,1023,7.9,937,6.0,1,0.9159335288367546,8.117974818327077,63.28125,15.3125,793.521875,0,8.406647116324535,0.6641251221896383
2025-09-22 12:00:00-03:00,904,35,982,1023,8.0,936,6.0,1,0.9149560117302052,11.27211630795607,64.25,15.700000000000001,789.048,0,8.504398826979472,0.6803519061583577
2025-09-22 12:05:00-03:00,901,35,981,1021,8.2,932,6.0,1,0.9128305582761999,14.736832849148213,64.125,15.65,786.142,0,8.71694417238002,0.7147894221351615
2025-09-22 12:10:00-03:00,895,35,978,1018,8.5,926,6.0,1,0.9096267190569745,18.258248447294665,63.9375,15.575000000000001,781.7755,0,9.037328094302556,0.7681728880157173
2025-09-22 12:15:00-03:00,889,35,975,1015,8.8,919,5.9,1,0.9054187192118227,21.54698882146277,63.71875,15.4875,776.669875,0,9.458128078817735,0.8323152709359607
2025-09-22 12:20:00-03:00,882,35,971,1011,9.2,912,5.9,1,0.9020771513353115,24.732508358363052,63.5,15.4,771.552,0,9.792284866468842,0.9008902077151333
2025-09-22 12:25:00-03:00,875,34,967,1006,9.5,904,5.9,1,0.8986083499005965,27.76020151004551,62.25,14.9,769.304,0,10.139165009940358,0.963220675944334
2025-09-22 12:30:00-03:00,868,34,962,1001,9.8,895,5.8,1,0.8941058941058941,30.221405217707805,61.96875,14.787500000000001,762.651875,0,10.589410589410589,1.0377622377622377
2025-09-22 12:35:00-03:00,860,34,957,995,10.2,886,5.8,1,0.8904522613065327,32.321772378639025,61.6875,14.675,755.9794999999999,0,10.954773869346733,1.1173869346733667
2025-09-22 12:40:00-03:00,851,34,951,988,10.5,877,5.8,1,0.8876518218623481,34.0510979665396,61.40625,14.5625,749.286875,0,11.234817813765183,1.1796558704453441
2025-09-22 12:45:00-03:00,842,34,944,981,10.8,867,5.7,1,0.8837920489296636,35.54031002064085,61.09375,14.4375,741.826875,0,11.62079510703364,1.2550458715596333
2025-09-22 12:50:00-03:00,832,34,937,973,11.2,856,5.7,1,0.8797533401849948,36.8250367730025,60.75,14.3,733.592,0,12.024665981500513,1.3467625899280575
2025-09-22 12:55:00-03:00,823,34,929,965,11.5,846,5.7,1,0.8766839378238342,37.95890920295878,60.4375,14.175,726.0794999999999,0,12.331606217616581,1.418134715025907
2025-09-22 13:00:00-03:00,812,34,921,956,11.8,834,5.7,1,0.8723849372384938,38.97192073865894,60.0625,14.025,717.0315,0,12.761506276150628,1.505857740585774
2025-09-22 13:05:00-03:00,802,34,913,948,12.2,823,5.6,1,0.8681434599156118,40.0643421904223,59.71875,13.887500000000001,708.705875,0,13.185654008438819,1.608649789029536
2025-09-22 13:10:00-03:00,792,34,906,940,12.6,812,5.6,1,0.8638297872340426,41.13494054126128,59.375,13.75,700.35,0,13.617021276595745,1.715744680851064
2025-09-22 13:15:00-03:00,781,34,898,932,13.0,801,5.6,1,0.8594420600858369,42.08397089225783,59.03125,13.6125,691.9638749999999,0,14.05579399141631,1.8272532188841202
2025-09-22 13:20:00-03:00,770,34,890,923,13.5,789,5.6,1,0.8548212351029253,43.113925894778305,58.65625,13.4625,682.780875,0,14.517876489707476,1.9599133261105093
2025-09-22 13:25:00-03:00,758,34,881,913,13.9,777,5.6,1,0.8510405257393209,44.278303736909834,58.28125,13.3125,673.5618750000001,0,14.895947426067908,2.070536692223439
2025-09-22 13:30:00-03:00,747,34,871,903,14.3,764,5.6,1,0.8460686600221484,45.343386808581286,57.875,13.15,663.534,0,15.39313399778516,2.2012181616832778
2025-09-22 13:35:00-03:00,734,34,861,893,14.7,751,5.5,1,0.8409854423292273,46.66612553798744,57.46875,12.9875,653.463875,0,15.90145576707727,2.3375139977603583
2025-09-22 13:40:00-03:00,722,34,851,882,15.1,738,5.5,1,0.8367346938775511,48.01033663954452,57.0625,12.825000000000001,643.3515,0,16.3265306122449,2.4653061224489794
2025-09-22 13:45:00-03:00,709,34,840,870,15.5,724,5.5,1,0.832183908045977,49.276584887569264,56.625,12.65,632.414,0,16.7816091954023,2.6011494252873564
2025-09-22 13:50:00-03:00,696,34,828,858,16.0,710,5.5,1,0.8275058275058275,50.36796420525505,56.1875,12.475000000000001,621.4275,0,17.24941724941725,2.7599067599067597
2025-09-22 13:55:00-03:00,682,34,816,846,16.4,696,5.5,1,0.8226950354609929,51.48668553984474,55.75,12.3,610.392,0,17.73049645390071,2.907801418439716
2025-09-22 14:00:00-03:00,669,34,804,833,16.8,681,5.5,1,0.8175270108043218,52.532457499237516,55.28125,12.1125,598.513875,0,18.24729891956783,3.0655462184873956
2025-09-22 14:05:00-03:00,655,34,791,819,17.2,666,5.5,1,0.8131868131868132,53.562976245187926,54.8125,11.925,586.5795,0,18.681318681318682,3.2131868131868133
2025-09-22 14:10:00-03:00,640,34,778,806,17.8,651,5.5,1,0.8076923076923077,54.646730474158595,54.34375,11.7375,574.588875,0,19.230769230769234,3.423076923076924
2025-09-22 14:15:00-03:00,625,34,765,792,18.2,636,5.5,1,0.803030303030303,55.540048340789106,53.875,11.55,562.5419999999999,0,19.696969696969695,3.5848484848484845
2025-09-22 14:20:00-03:00,610,34,751,778,18.8,620,5.5,1,0.7969151670951157,56.47096330832295,53.375,11.350000000000001,549.63,0,20.308483290488432,3.8179948586118253
2025-09-22 14:25:00-03:00,595,33,737,763,19.2,604,5.5,1,0.7916120576671035,57.22258507289357,51.875,10.75,539.0699999999999,0,20.838794233289644,4.001048492791612
2025-09-22 14:30:00-03:00,580,33,722,748,19.8,588,5.5,1,0.786096256684492,57.88880406748768,51.375,10.55,525.966,0,21.390374331550802,4.235294117647059
2025-09-22 14:35:00-03:00,564,33,707,732,20.2,571,5.5,1,0.7800546448087432,58.55430010346333,50.84375,10.3375,511.972875,0,21.994535519125684,4.442896174863388
2025-09-22 14:40:00-03:00,548,33,692,716,20.8,555,5.5,1,0.7751396648044693,58.8904349901897,50.34375,10.137500000000001,498.736875,0,22.48603351955307,4.67709497206704
2025-09-22 14:45:00-03:00,532,33,676,699,21.2,538,5.5,1,0.7696709585121603,58.6318767369546,49.8125,9.925,484.60349999999994,0,23.032904148783977,4.882975679542203
2025-09-22 14:50:00-03:00,516,33,660,682,21.8,522,5.5,1,0.7653958944281525,57.83276569453771,49.3125,9.725000000000001,471.23549999999994,0,23.46041055718475,5.114369501466276
2025-09-22 14:55:00-03:00,500,33,643,665,22.2,505,5.5,1,0.7593984962406015,56.83202255664792,48.78125,9.512500000000001,456.961875,0,24.06015037593985,5.341353383458646
2025-09-22 15:00:00-03:00,484,33,626,647,22.7,488,5.5,1,0.7542503863987635,55.67349350263973,48.25,9.3,442.616,0,24.57496136012365,5.578516228748068
2025-09-22 15:05:00-03:00,470,33,608,629,22.8,473,5.5,1,0.7519872813990461,54.40142600627101,47.78125,9.1125,429.897875,0,24.80127186009539,5.654689984101749
2025-09-22 15:10:00-03:00,457,33,590,609,22.5,460,5.4,1,0.7553366174055829,53.23589584163369,47.375,8.950000000000001,418.83,0,24.46633825944171,5.504926108374384
2025-09-22 15:15:00-03:00,444,33,571,590,22.3,447,5.3,1,0.7576271186440678,52.22003272866192,46.96875,8.7875,407.719875,0,24.23728813559322,5.404915254237288
2025-09-22 15:20:00-03:00,430,33,552,569,22.0,433,5.2,1,0.7609841827768014,51.70099055379082,46.53125,8.6125,395.707875,0,23.901581722319857,5.258347978910368
2025-09-22 15:25:00-03:00,417,33,532,549,21.7,419,5.1,1,0.7632058287795993,51.68787443527879,46.09375,8.4375,383.646875,0,23.67941712204007,5.138433515482696
2025-09-22 15:30:00-03:00,403,33,513,529,21.4,405,5.0,1,0.7655954631379962,52.18121106183348,45.65625,8.262500000000001,371.536875,0,23.440453686200378,5.0162570888468805
2025-09-22 15:35:00-03:00,389,33,493,508,21.1,391,4.9,1,0.7696850393700787,53.1865641498064,45.21875,8.0875,359.37787499999996,0,23.031496062992126,4.859645669291338
2025-09-22 15:40:00-03:00,374,32,473,487,20.8,376,4.8,1,0.7720739219712526,54.5335593090163,43.75,7.5,347.8,0,22.79260780287474,4.740862422997946
2025-09-22 15:45:00-03:00,359,32,453,466,20.8,360,4.7,1,0.7725321888412017,55.5672538188693,43.25,7.300000000000001,333.72,0,22.746781115879827,4.731330472103004
2025-09-22 15:50:00-03:00,342,32,432,445,20.8,343,4.6,1,0.7707865168539326,56.38900333372354,42.71875,7.0875,318.689875,0,22.92134831460674,4.767640449438201
2025-09-22 15:55:00-03:00,326,32,412,423,20.8,327,4.5,1,0.7730496453900709,57.0844005651265,42.21875,6.8875,304.477875,0,22.69503546099291,4.720567375886525
2025-09-22 16:00:00-03:00,310,32,392,402,20.8,311,4.5,1,0.7736318407960199,57.605962969974186,41.71875,6.6875,290.201875,0,22.63681592039801,4.708457711442787
2025-09-22 16:05:00-03:00,294,32,372,382,20.8,294,4.4,1,0.7696335078534031,57.9050293518925,41.1875,6.4750000000000005,274.9635,0,23.036649214659686,4.791623036649215
2025-09-22 16:10:00-03:00,279,32,353,362,20.9,279,4.3,1,0.7707182320441989,57.93014340697478,40.71875,6.2875000000000005,261.457875,0,22.92817679558011,4.791988950276243
2025-09-22 16:15:00-03:00,263,32,334,342,21.0,263,4.2,1,0.7690058479532164,57.79116006639227,40.21875,6.0875,246.98987499999998,0,23.099415204678362,4.8508771929824555
2025-09-22 16:20:00-03:00,248,32,314,322,21.1,247,4.1,1,0.7670807453416149,57.626474871033345,39.71875,5.8875,232.457875,0,23.29192546583851,4.9145962732919255
2025-09-22 16:25:00-03:00,232,32,295,302,21.4,231,4.0,1,0.7649006622516556,57.463031594245635,39.21875,5.6875,217.861875,0,23.509933774834437,5.031125827814569
2025-09-22 16:30:00-03:00,216,31,276,283,21.9,215,3.9,1,0.7597173144876325,57.050416299982516,37.71875,5.0875,204.061875,0,24.02826855123675,5.262190812720847
2025-09-22 16:35:00-03:00,200,31,257,263,22.3,199,3.8,1,0.7566539923954373,56.4387573688036,37.21875,4.8875,189.273875,0,24.334600760456272,5.426615969581749
2025-09-22 16:40:00-03:00,184,31,239,244,22.7,183,3.7,1,0.75,55.84285310069346,36.71875,4.6875,174.421875,0,25.0,5.675
2025-09-22 16:45:00-03:00,169,31,220,225,23.2,167,3.6,1,0.7422222222222222,55.13949252908536,36.21875,4.4875,159.505875,0,25.77777777777778,5.980444444444445
2025-09-22 16:50:00-03:00,154,31,202,206,23.6,152,3.5,1,0.7378640776699029,54.49457854604026,35.75,4.3,145.464,0,26.21359223300971,6.186407766990292
2025-09-22 16:55:00-03:00,140,31,184,188,24.0,138,3.4,1,0.7340425531914894,53.66245513308712,35.3125,4.125,132.3075,0,26.595744680851062,6.382978723404255
2025-09-22 17:00:00-03:00,126,31,167,170,24.4,124,3.4,1,0.7294117647058823,52.58319526468467,34.875,3.95,119.102,0,27.058823529411764,6.60235294117647
2025-09-22 17:05:00-03:00,112,31,150,152,25.2,110,3.3,1,0.7236842105263158,51.09253340458404,34.4375,3.7750000000000004,105.84750000000001,0,27.631578947368425,6.963157894736843
2025-09-22 17:10:00-03:00,96,31,133,135,27.8,95,3.2,1,0.7037037037037037,49.33581586711956,33.96875,3.5875000000000004,91.591875,0,29.629629629629626,8.237037037037036
2025-09-22 17:15:00-03:00,82,31,117,119,30.4,80,3.1,1,0.6722689075630253,47.08277688061217,33.5,3.4000000000000004,77.28,0,32.773109243697476,9.963025210084032
2025-09-22 17:20:00-03:00,68,30,102,103,33.0,67,3.0,1,0.6504854368932039,44.4299755488835,32.09375,2.8375000000000004,65.09887499999999,0,34.95145631067961,11.53398058252427
2025-09-22 17:25:00-03:00,56,30,88,88,35.7,55,2.9,1,0.625,41.43002497825285,31.71875,2.6875,53.521875,0,37.5,13.3875
2025-09-22 17:30:00-03:00,46,30,74,74,38.3,45,2.8,1,0.6081081081081081,38.08871223868971,31.40625,2.5625,43.846875,0,39.189189189189186,15.009459459459459
2025-09-22 17:35:00-03:00,36,30,61,61,40.9,35,2.7,1,0.5737704918032787,34.447148802299964,31.09375,2.4375,34.146875,0,42.62295081967213,17.4327868852459
2025-09-22 17:40:00-03:00,29,30,49,49,41.0,28,2.6,1,0.5714285714285714,30.57368149244962,30.875,2.35,27.342000000000002,0,42.857142857142854,17.57142857142857
2025-09-22 17:45:00-03:00,22,30,38,38,40.9,22,2.5,1,0.5789473684210527,26.582062760587938,30.6875,2.275,21.499499999999998,0,42.10526315789473,17.221052631578946
2025-09-22 17:50:00-03:00,16,30,27,27,40.8,16,2.4,1,0.5925925925925926,22.7489593501976,30.5,2.2,15.648,0,40.74074074074074,16.62222222222222
2025-09-22 17:55:00-03:00,11,30,18,17,40.7,10,2.3,0,0.5882352941176471,19.071436678223844,30.3125,2.125,9.7875,0,41.17647058823529,16.758823529411764
2025-09-22 18:00:00-03:00,5,30,9,9,40.6,5,2.3,0,0.5555555555555556,15.704660570613408,30.15625,2.0625,4.896875,0,44.44444444444444,18.044444444444444
2025-09-22 18:05:00-03:00,1,30,2,2,40.6,1,2.2,0,0.5,12.556237131836738,30.03125,2.0125,0.979875,0,50.0,20.3
2025-09-22 18:10:00-03:00,0,30,0,0,40.7,0,2.2,0,,9.95291947432701,30.0,2.0,0.0,0,,
2025-09-22 18:15:00-03:00,0,29,0,0,40.8,0,2.2,0,,7.525713496951702,29.0,1.6,0.0,0,,
2025-09-22 18:20:00-03:00,0,29,0,0,40.9,0,2.2,0,,5.193235693817365,29.0,1.6,0.0,0,,
2025-09-22 18:25:00-03:00,0,29,0,0,41.0,0,2.2,0,,3.0846639228603934,29.0,1.6,0.0,0,,
2025-09-22 18:30:00-03:00,0,29,0,0,41.1,0,2.2,0,,1.4459976116010853,29.0,1.6,0.0,0,,
2025-09-22 18:35:00-03:00,0,29,0,0,41.3,0,2.2,0,,0.28867513779555726,29.0,1.6,0.0,0,,
2025-09-22 18:40:00-03:00,0,29,0,0,41.4,0,2.2,0,,0.0,29.0,1.6,0.0,0,,
2025-09-22 18:45:00-03:00,0,29,0,0,41.5,0,2.2,0,,0.0,29.0,1.6,0.0,0,,
2025-09-22 18:50:00-03:00,0,29,0,0,41.6,0,2.2,0,,0.0,29.0,1.6,0.0,0,,
2025-09-22 18:55:00-03:00,0,29,0,0,41.7,0,2.2,0,,0.0,29.0,1.6,0.0,0,,
2025-09-22 19:00:00-03:00,0,29,0,0,41.8,0,2.2,0,,0.0,29.0,1.6,0.0,0,,
2025-09-22 19:05:00-03:00,0,29,0,0,41.9,0,2.2,0,,0.0,29.0,1.6,0.0,0,,
2025-09-22 19:10:00-03:00,0,29,0,0,41.9,0,2.2,0,,0.0,29.0,1.6,0.0,0,,
2025-09-22 19:15:00-03:00,0,29,0,0,41.9,0,2.2,0,,0.0,29.0,1.6,0.0,0,,
2025-09-22 19:20:00-03:00,0,29,0,0,41.9,0,2.2,0,,0.0,29.0,1.6,0.0,0,,
2025-09-22 19:25:00-03:00,0,29,0,0,41.9,0,2.2,0,,0.0,29.0,1.6,0.0,0,,
2025-09-22 19:30:00-03:00,0,28,0,0,41.9,0,2.2,0,,0.0,28.0,1.2000000000000002,0.0,0,,
2025-09-22 19:35:00-03:00,0,28,0,0,41.9,0,2.2,0,,0.0,28.0,1.2000000000000002,0.0,0,,
2025-09-22 19:40:00-03:00,0,28,0,0,41.9,0,2.2,0,,0.0,28.0,1.2000000000000002,0.0,0,,
2025-09-22 19:45:00-03:00,0,28,0,0,41.9,0,2.2,0,,0.0,28.0,1.2000000000000002,0.0,0,,
2025-09-22 19:50:00-03:00,0,28,0,0,41.9,0,2.2,0,,0.0,28.0,1.2000000000000002,0.0,0,,
2025-09-22 19:55:00-03:00,0,28,0,0,41.9,0,2.2,0,,0.0,28.0,1.2000000000000002,0.0,0,,
2025-09-22 20:00:00-03:00,0,28,0,0,41.9,0,2.2,0,,0.0,28.0,1.2000000000000002,0.0,0,,
2025-09-22 20:05:00-03:00,0,28,0,0,41.9,0,2.2,0,,0.0,28.0,1.2000000000000002,0.0,0,,
2025-09-22 20:10:00-03:00,0,28,0,0,42.0,0,2.2,0,,0.0,28.0,1.2000000000000002,0.0,0,,
2025-09-22 20:15:00-03:00,0,28,0,0,42.1,0,2.2,0,,0.0,28.0,1.2000000000000002,0.0,0,,
2025-09-22 20:20:00-03:00,0,28,0,0,42.3,0,2.2,0,,0.0,28.0,1.2000000000000002,0.0,0,,
2025-09-22 20:25:00-03:00,0,28,0,0,42.4,0,2.2,0,,0.0,28.0,1.2000000000000002,0.0,0,,
2025-09-22 20:30:00-03:00,0,28,0,0,42.5,0,2.2,0,,0.0,28.0,1.2000000000000002,0.0,0,,
2025-09-22 20:35:00-03:00,0,28,0,0,42.6,0,2.2,0,,0.0,28.0,1.2000000000000002,0.0,0,,
2025-09-22 20:40:00-03:00,0,27,0,0,42.7,0,2.2,0,,0.0,27.0,0.8,0.0,0,,
2025-09-22 20:45:00-03:00,0,27,0,0,42.8,0,2.2,0,,0.0,27.0,0.8,0.0,0,,
2025-09-22 20:50:00-03:00,0,27,0,0,42.9,0,2.2,0,,0.0,27.0,0.8,0.0,0,,
2025-09-22 20:55:00-03:00,0,27,0,0,43.0,0,2.2,0,,0.0,27.0,0.8,0.0,0,,
2025-09-22 21:00:00-03:00,0,27,0,0,43.1,0,2.2,0,,0.0,27.0,0.8,0.0,0,,
2025-09-22 21:05:00-03:00,0,27,0,0,43.3,0,2.1,0,,0.0,27.0,0.8,0.0,0,,
2025-09-22 21:10:00-03:00,0,27,0,0,43.5,0,2.0,0,,0.0,27.0,0.8,0.0,0,,
2025-09-22 21:15:00-03:00,0,27,0,0,43.7,0,1.9,0,,0.0,27.0,0.8,0.0,0,,
2025-09-22 21:20:00-03:00,0,27,0,0,44.0,0,1.8,0,,0.0,27.0,0.8,0.0,0,,
2025-09-22 21:25:00-03:00,0,27,0,0,44.2,0,1.7,0,,0.0,27.0,0.8,0.0,0,,
2025-09-22 21:30:00-03:00,0,26,0,0,44.4,0,1.7,0,,0.0,26.0,0.4,0.0,0,,
2025-09-22 21:35:00-03:00,0,26,0,0,44.6,0,1.6,0,,0.0,26.0,0.4,0.0,0,,
2025-09-22 21:40:00-03:00,0,26,0,0,44.8,0,1.5,0,,0.0,26.0,0.4,0.0,0,,
2025-09-22 21:45:00-03:00,0,26,0,0,45.1,0,1.5,0,,0.0,26.0,0.4,0.0,0,,
2025-09-22 21:50:00-03:00,0,26,0,0,45.3,0,1.5,0,,0.0,26.0,0.4,0.0,0,,
2025-09-22 21:55:00-03:00,0,26,0,0,45.5,0,1.5,0,,0.0,26.0,0.4,0.0,0,,
2025-09-22 22:00:00-03:00,0,26,0,0,45.7,0,1.5,0,,0.0,26.0,0.4,0.0,0,,
2025-09-22 22:05:00-03:00,0,26,0,0,45.9,0,1.5,0,,0.0,26.0,0.4,0.0,0,,
2025-09-22 22:10:00-03:00,0,26,0,0,46.1,0,1.5,0,,0.0,26.0,0.4,0.0,0,,
2025-09-22 22:15:00-03:00,0,25,0,0,46.3,0,1.6,0,,0.0,25.0,0.0,0.0,0,,
2025-09-22 22:20:00-03:00,0,25,0,0,46.6,0,1.6,0,,0.0,25.0,0.0,0.0,0,,
2025-09-22 22:25:00-03:00,0,25,0,0,46.8,0,1.7,0,,0.0,25.0,0.0,0.0,0,,
2025-09-22 22:30:00-03:00,0,25,0,0,47.0,0,1.8,0,,0.0,25.0,0.0,0.0,0,,
2025-09-22 22:35:00-03:00,0,25,0,0,47.2,0,1.9,0,,0.0,25.0,0.0,0.0,0,,
2025-09-22 22:40:00-03:00,0,25,0,0,47.4,0,2.0,0,,0.0,25.0,0.0,0.0,0,,
2025-09-22 22:45:00-03:00,0,25,0,0,47.6,0,2.1,0,,0.0,25.0,0.0,0.0,0,,
2025-09-22 22:50:00-03:00,0,25,0,0,47.8,0,2.2,0,,0.0,25.0,0.0,0.0,0,,
2025-09-22 22:55:00-03:00,0,24,0,0,48.0,0,2.3,0,,0.0,24.0,0.0,0.0,0,,
2025-09-22 23:00:00-03:00,0,24,0,0,48.2,0,2.5,0,,0.0,24.0,0.0,0.0,0,,
2025-09-22 23:05:00-03:00,0,24,0,0,48.4,0,2.6,0,,0.0,24.0,0.0,0.0,0,,
2025-09-22 23:10:00-03:00,0,24,0,0,48.5,0,2.7,0,,0.0,24.0,0.0,0.0,0,,
2025-09-22 23:15:00-03:00,0,24,0,0,48.6,0,2.8,0,,0.0,24.0,0.0,0.0,0,,
2025-09-22 23:20:00-03:00,0,24,0,0,48.7,0,3.0,0,,0.0,24.0,0.0,0.0,0,,
2025-09-22 23:25:00-03:00,0,24,0,0,48.8,0,3.1,0,,0.0,24.0,0.0,0.0,0,,
2025-09-22 23:30:00-03:00,0,24,0,0,48.9,0,3.3,0,,0.0,24.0,0.0,0.0,0,,
2025-09-22 23:35:00-03:00,0,24,0,0,49.0,0,3.4,0,,0.0,24.0,0.0,0.0,0,,
2025-09-22 23:40:00-03:00,0,23,0,0,49.1,0,3.5,0,,0.0,23.0,0.0,0.0,0,,
2025-09-22 23:45:00-03:00,0,23,0,0,49.2,0,3.7,0,,0.0,23.0,0.0,0.0,0,,
2025-09-22 23:50:00-03:00,0,23,0,0,49.3,0,3.8,0,,0.0,23.0,0.0,0.0,0,,
2025-09-22 23:55:00-03:00,0,23,0,0,49.4,0,4.0,0,,0.0,23.0,0.0,0.0,0,,
2025-09-23 00:00:00-03:00,0,23,0,0,49.5,0,4.1,0,,0.0,23.0,0.0,0.0,0,,
2025-09-23 00:05:00-03:00,0,23,0,0,49.8,0,4.2,0,,0.0,23.0,0.0,0.0,0,,
2025-09-23 00:10:00-03:00,0,23,0,0,50.1,0,4.2,0,,0.0,23.0,0.0,0.0,0,,
2025-09-23 00:15:00-03:00,0,23,0,0,50.4,0,4.2,0,,0.0,23.0,0.0,0.0,0,,
2025-09-23 00:20:00-03:00,0,23,0,0,50.7,0,4.2,0,,0.0,23.0,0.0,0.0,0,,
2025-09-23 00:25:00-03:00,0,23,0,0,51.0,0,4.2,0,,0.0,23.0,0.0,0.0,0,,
2025-09-23 00:30:00-03:00,0,23,0,0,51.3,0,4.3,0,,0.0,23.0,0.0,0.0,0,,
2025-09-23 00:35:00-03:00,0,22,0,0,51.6,0,4.3,0,,0.0,22.0,0.0,0.0,0,,
2025-09-23 00:40:00-03:00,0,22,0,0,51.9,0,4.3,0,,0.0,22.0,0.0,0.0,0,,
2025-09-23 00:45:00-03:00,0,22,0,0,52.2,0,4.3,0,,0.0,22.0,0.0,0.0,0,,
2025-09-23 00:50:00-03:00,0,22,0,0,52.5,0,4.3,0,,0.0,22.0,0.0,0.0,0,,
2025-09-23 00:55:00-03:00,0,22,0,0,52.8,0,4.3,0,,0.0,22.0,0.0,0.0,0,,
2025-09-23 01:00:00-03:00,0,22,0,0,53.1,0,4.3,0,,0.0,22.0,0.0,0.0,0,,
2025-09-23 01:05:00-03:00,0,22,0,0,53.4,0,4.3,0,,0.0,22.0,0.0,0.0,0,,
2025-09-23 01:10:00-03:00,0,22,0,0,53.7,0,4.4,0,,0.0,22.0,0.0,0.0,0,,
2025-09-23 01:15:00-03:00,0,22,0,0,54.0,0,4.4,0,,0.0,22.0,0.0,0.0,0,,
2025-09-23 01:20:00-03:00,0,22,0,0,54.3,0,4.4,0,,0.0,22.0,0.0,0.0,0,,
2025-09-23 01:25:00-03:00,0,22,0,0,54.6,0,4.4,0,,0.0,22.0,0.0,0.0,0,,
2025-09-23 01:30:00-03:00,0,22,0,0,54.9,0,4.4,0,,0.0,22.0,0.0,0.0,0,,
2025-09-23 01:35:00-03:00,0,22,0,0,55.2,0,4.4,0,,0.0,22.0,0.0,0.0,0,,
2025-09-23 01:40:00-03:00,0,22,0,0,55.4,0,4.4,0,,0.0,22.0,0.0,0.0,0,,
2025-09-23 01:45:00-03:00,0,22,0,0,55.7,0,4.5,0,,0.0,22.0,0.0,0.0,0,,
2025-09-23 01:50:00-03:00,0,22,0,0,56.0,0,4.5,0,,0.0,22.0,0.0,0.0,0,,
2025-09-23 01:55:00-03:00,0,21,0,0,56.3,0,4.5,0,,0.0,21.0,0.0,0.0,0,,
2025-09-23 02:00:00-03:00,0,21,0,0,56.6,0,4.5,0,,0.0,21.0,0.0,0.0,0,,
2025-09-23 02:05:00-03:00,0,21,0,0,56.9,0,4.5,0,,0.0,21.0,0.0,0.0,0,,
2025-09-23 02:10:00-03:00,0,21,0,0,57.2,0,4.5,0,,0.0,21.0,0.0,0.0,0,,
2025-09-23 02:15:00-03:00,0,21,0,0,57.5,0,4.5,0,,0.0,21.0,0.0,0.0,0,,
2025-09-23 02:20:00-03:00,0,21,0,0,57.7,0,4.6,0,,0.0,21.0,0.0,0.0,0,,
2025-09-23 02:25:00-03:00,0,21,0,0,58.0,0,4.6,0,,0.0,21.0,0.0,0.0,0,,
2025-09-23 02:30:00-03:00,0,21,0,0,58.3,0,4.6,0,,0.0,21.0,0.0,0.0,0,,
2025-09-23 02:35:00-03:00,0,21,0,0,58.6,0,4.6,0,,0.0,21.0,0.0,0.0,0,,
2025-09-23 02:40:00-03:00,0,21,0,0,58.9,0,4.6,0,,0.0,21.0,0.0,0.0,0,,
2025-09-23 02:45:00-03:00,0,21,0,0,59.1,0,4.6,0,,0.0,21.0,0.0,0.0,0,,
2025-09-23 02:50:00-03:00,0,21,0,0,59.4,0,4.6,0,,0.0,21.0,0.0,0.0,0,,
2025-09-23 02:55:00-03:00,0,21,0,0,59.7,0,4.6,0,,0.0,21.0,0.0,0.0,0,,
2025-09-23 03:00:00-03:00,0,21,0,0,60.0,0,4.7,0,,0.0,21.0,0.0,0.0,0,,
2025-09-23 03:05:00-03:00,0,21,0,0,60.1,0,4.7,0,,0.0,21.0,0.0,0.0,0,,
2025-09-23 03:10:00-03:00,0,21,0,0,60.1,0,4.6,0,,0.0,21.0,0.0,0.0,0,,
2025-09-23 03:15:00-03:00,0,21,0,0,60.1,0,4.6,0,,0.0,21.0,0.0,0.0,0,,
2025-09-23 03:20:00-03:00,0,20,0,0,60.1,0,4.5,0,,0.0,20.0,0.0,0.0,0,,
2025-09-23 03:25:00-03:00,0,20,0,0,60.1,0,4.5,0,,0.0,20.0,0.0,0.0,0,,
2025-09-23 03:30:00-03:00,0,20,0,0,60.1,0,4.5,0,,0.0,20.0,0.0,0.0,0,,
2025-09-23 03:35:00-03:00,0,20,0,0,60.1,0,4.4,0,,0.0,20.0,0.0,0.0,0,,
2025-09-23 03:40:00-03:00,0,20,0,0,60.1,0,4.4,0,,0.0,20.0,0.0,0.0,0,,
2025-09-23 03:45:00-03:00,0,20,0,0,60.1,0,4.4,0,,0.0,20.0,0.0,0.0,0,,
2025-09-23 03:50:00-03:00,0,20,0,0,60.1,0,4.3,0,,0.0,20.0,0.0,0.0,0,,
2025-09-23 03:55:00-03:00,0,20,0,0,60.1,0,4.3,0,,0.0,20.0,0.0,0.0,0,,
2025-09-23 04:00:00-03:00,0,20,0,0,60.1,0,4.3,0,,0.0,20.0,0.0,0.0,0,,
2025-09-23 04:05:00-03:00,0,20,0,0,60.1,0,4.2,0,,0.0,20.0,0.0,0.0,0,,
2025-09-23 04:10:00-03:00,0,20,0,0,60.1,0,4.2,0,,0.0,20.0,0.0,0.0,0,,
2025-09-23 04:15:00-03:00,0,20,0,0,60.1,0,4.2,0,,0.0,20.0,0.0,0.0,0,,
2025-09-23 04:20:00-03:00,0,20,0,0,60.1,0,4.1,0,,0.0,20.0,0.0,0.0,0,,
2025-09-23 04:25:00-03:00,0,20,0,0,60.1,0,4.1,0,,0.0,20.0,0.0,0.0,0,,
2025-09-23 04:30:00-03:00,0,20,0,0,60.1,0,4.1,0,,0.0,20.0,0.0,0.0,0,,
2025-09-23 04:35:00-03:00,0,20,0,0,60.1,0,4.0,0,,0.0,20.0,0.0,0.0,0,,
2025-09-23 04:40:00-03:00,0,20,0,0,60.1,0,4.0,0,,0.0,20.0,0.0,0.0,0,,
2025-09-23 04:45:00-03:00,0,20,0,0,60.1,0,4.0,0,,0.0,20.0,0.0,0.0,0,,
2025-09-23 04:50:00-03:00,0,20,0,0,60.1,0,3.9,0,,0.0,20.0,0.0,0.0,0,,
2025-09-23 04:55:00-03:00,0,20,0,0,60.1,0,3.9,0,,0.0,20.0,0.0,0.0,0,,
2025-09-23 05:00:00-03:00,0,20,0,0,60.1,0,3.9,0,,0.0,20.0,0.0,0.0,0,,
2025-09-23 05:05:00-03:00,0,20,0,0,60.1,0,3.8,0,,0.0,20.0,0.0,0.0,0,,
2025-09-23 05:10:00-03:00,0,20,0,0,60.0,0,3.8,0,,0.0,20.0,0.0,0.0,0,,
2025-09-23 05:15:00-03:00,0,19,0,0,59.9,0,3.8,0,,0.0,19.0,0.0,0.0,0,,
2025-09-23 05:20:00-03:00,0,19,0,0,59.8,0,3.7,0,,0.0,19.0,0.0,0.0,0,,
2025-09-23 05:25:00-03:00,0,19,0,0,59.7,0,3.7,0,,0.0,19.0,0.0,0.0,0,,
2025-09-23 05:30:00-03:00,0,19,0,0,59.6,0,3.6,0,,0.0,19.0,0.0,0.0,0,,
2025-09-23 05:35:00-03:00,0,19,0,0,59.5,0,3.6,0,,0.0,19.0,0.0,0.0,0,,
2025-09-23 05:40:00-03:00,0,19,0,0,59.4,0,3.6,0,,0.0,19.0,0.0,0.0,0,,
2025-09-23 05:45:00-03:00,0,19,0,0,59.3,0,3.5,0,,0.28867513779555726,19.0,0.0,0.0,0,,
2025-09-23 05:50:00-03:00,0,19,0,0,59.2,0,3.5,0,,1.1645001536744242,19.0,0.0,0.0,0,,
2025-09-23 05:55:00-03:00,0,19,0,0,59.1,0,3.5,0,,2.4664414315322567,19.0,0.0,0.0,0,,
2025-09-23 06:00:00-03:00,0,19,0,0,59.0,0,3.4,0,,4.195957650871081,19.0,0.0,0.0,0,,
2025-09-23 06:05:00-03:00,0,19,0,0,58.9,0,3.4,0,,6.124961348203829,19.0,0.0,0.0,0,,
2025-09-23 06:10:00-03:00,1,19,3,3,58.6,1,3.4,0,0.3333333333333333,8.14034099512952,19.03125,0.0,1.0,0,66.66666666666666,39.06666666666666
2025-09-23 06:15:00-03:00,5,19,11,11,58.3,4,3.4,0,0.36363636363636365,10.339685242352394,19.125,0.0,4.0,0,63.63636363636363,37.099999999999994
2025-09-23 06:20:00-03:00,9,20,20,20,58.0,8,3.4,0,0.4,13.113721705584512,20.25,0.0,8.0,0,60.0,34.8
2025-09-23 06:25:00-03:00,13,20,31,30,57.7,13,3.4,1,0.43333333333333335,16.32529177432867,20.40625,0.0,13.0,0,56.666666666666664,32.696666666666665
2025-09-23 06:30:00-03:00,18,20,42,42,57.5,18,3.4,1,0.42857142857142855,19.846952288785175,20.5625,0.0,18.0,0,57.14285714285714,32.857142857142854
2025-09-23 06:35:00-03:00,23,20,55,55,57.2,23,3.4,1,0.41818181818181815,23.552648953547845,20.71875,0.0,23.0,0,58.18181818181818,33.28
2025-09-23 06:40:00-03:00,30,20,69,69,56.3,29,3.4,1,0.42028985507246375,27.47712547273082,20.90625,0.0,29.0,0,57.971014492753625,32.63768115942029
2025-09-23 06:45:00-03:00,39,20,83,84,53.7,38,3.4,1,0.4523809523809524,31.701615483192224,21.1875,0.0,38.0,0,54.761904761904766,29.407142857142862
2025-09-23 06:50:00-03:00,49,20,99,101,51.0,48,3.4,1,0.4752475247524752,35.5667319871274,21.5,0.0,48.0,0,52.475247524752476,26.762376237623762
2025-09-23 06:55:00-03:00,60,21,116,118,48.3,59,3.4,1,0.5,39.19057941844211,22.84375,0.0,59.0,0,50.0,24.15
2025-09-23 07:00:00-03:00,73,21,134,136,45.6,71,3.4,1,0.5220588235294118,42.65604152742676,23.21875,0.0,71.0,0,47.794117647058826,21.794117647058826
2025-09-23 07:05:00-03:00,87,21,152,155,42.8,85,3.4,1,0.5483870967741935,45.90074931720001,23.65625,0.0,85.0,0,45.16129032258064,19.32903225806451
2025-09-23 07:10:00-03:00,102,21,171,175,40.0,101,3.4,1,0.5771428571428572,48.67673204340921,24.15625,0.0,101.0,0,42.285714285714285,16.914285714285715
2025-09-23 07:15:00-03:00,116,21,190,195,38.8,114,3.4,1,0.5846153846153846,51.017747951690225,24.5625,0.0,114.0,0,41.53846153846154,16.116923076923076
2025-09-23 07:20:00-03:00,131,21,209,215,37.6,128,3.4,1,0.5953488372093023,53.24237034544529,25.0,0.0,128.0,0,40.46511627906977,15.214883720930233
2025-09-23 07:25:00-03:00,146,21,229,236,36.5,143,3.4,1,0.6059322033898306,55.27801634384691,25.46875,0.1875,142.731875,0,39.40677966101695,14.383474576271185
2025-09-23 07:30:00-03:00,161,22,250,257,35.3,159,3.5,1,0.6186770428015564,57.08101632104934,26.96875,0.7875000000000001,157.747875,0,38.13229571984436,13.460700389105057
2025-09-23 07:35:00-03:00,178,22,270,278,34.2,175,3.5,1,0.6294964028776978,58.63517147015749,27.46875,0.9875,173.271875,0,37.05035971223021,12.671223021582732
2025-09-23 07:40:00-03:00,194,22,291,299,33.1,192,3.5,1,0.6421404682274248,59.962298761210526,28.0,1.2000000000000002,189.696,0,35.785953177257525,11.845150501672242
2025-09-23 07:45:00-03:00,212,22,311,321,31.9,210,3.5,1,0.6542056074766355,61.30376428208036,28.5625,1.425,207.0075,0,34.57943925233645,11.030841121495328
2025-09-23 07:50:00-03:00,230,22,332,342,30.8,228,3.5,1,0.6666666666666666,62.31882832369106,29.125,1.6500000000000001,224.238,0,33.33333333333333,10.266666666666666
2025-09-23 07:55:00-03:00,247,22,353,364,30.0,246,3.5,1,0.6758241758241759,62.901739148294304,29.6875,1.875,241.3875,0,32.417582417582416,9.725274725274724
2025-09-23 08:00:00-03:00,264,22,373,386,29.3,264,3.5,1,0.6839378238341969,63.27638987136313,30.25,2.1,258.456,0,31.606217616580313,9.260621761658031
2025-09-23 08:05:00-03:00,281,23,394,407,28.7,281,3.5,1,0.6904176904176904,63.52731457389715,31.78125,2.7125000000000004,273.377875,0,30.95823095823096,8.885012285012285
2025-09-23 08:10:00-03:00,298,23,414,428,28.1,298,3.5,1,0.6962616822429907,63.46437798267953,32.3125,2.9250000000000003,289.2835,0,30.373831775700932,8.535046728971961
2025-09-23 08:15:00-03:00,315,23,434,449,27.5,316,3.5,1,0.7037861915367484,63.224647572028125,32.875,3.1500000000000004,306.046,0,29.621380846325167,8.145879732739422
2025-09-23 08:20:00-03:00,332,23,454,470,26.9,333,3.5,1,0.7085106382978723,62.835282503333936,33.40625,3.3625000000000003,321.802875,0,29.148936170212764,7.841063829787234
2025-09-23 08:25:00-03:00,349,23,474,490,26.4,351,3.5,1,0.7163265306122449,62.3467211356351,33.96875,3.5875000000000004,338.407875,0,28.367346938775512,7.488979591836735
2025-09-23 08:30:00-03:00,366,23,493,511,25.8,369,3.5,1,0.7221135029354208,61.67381203485041,34.53125,3.8125,354.931875,0,27.788649706457925,7.169471624266144
2025-09-23 08:35:00-03:00,383,23,513,531,25.3,386,3.5,1,0.7269303201506592,61.025267990679545,35.0625,4.025,370.4635,0,27.30696798493409,6.908662900188325
2025-09-23 08:40:00-03:00,399,24,532,551,25.0,403,3.5,1,0.7313974591651543,60.150001889223624,36.59375,4.6375,384.31087499999995,0,26.860254083484573,6.715063520871143
2025-09-23 08:45:00-03:00,415,24,551,570,24.7,419,3.5,1,0.7350877192982456,58.95966777588946,37.09375,4.8375,398.73087499999997,0,26.49122807017544,6.543333333333333
2025-09-23 08:50:00-03:00,430,24,569,590,24.5,435,3.5,1,0.7372881355932204,57.561561248233374,37.59375,5.0375000000000005,413.08687499999996,0,26.27118644067797,6.436440677966102
2025-09-23 08:55:00-03:00,445,24,588,609,24.2,450,3.5,1,0.7389162561576355,56.03644647311318,38.0625,5.2250000000000005,426.4875,0,26.108374384236456,6.318226600985222
2025-09-23 09:00:00-03:00,460,24,606,628,24.0,466,3.5,1,0.7420382165605095,54.497914889227005,38.5625,5.425000000000001,440.7195,0,25.796178343949045,6.191082802547771
2025-09-23 09:05:00-03:00,475,24,623,646,23.8,481,3.5,1,0.7445820433436533,53.073419701283065,39.03125,5.612500000000001,454.003875,0,25.541795665634677,6.078947368421053
2025-09-23 09:10:00-03:00,488,25,641,664,23.8,495,3.5,1,0.7454819277108434,51.719743021233604,40.46875,6.1875,464.371875,0,25.451807228915662,6.057530120481927
2025-09-23 09:15:00-03:00,501,25,658,682,23.8,508,3.4,1,0.7448680351906158,50.54161201876264,40.875,6.3500000000000005,475.742,0,25.513196480938415,6.072140762463343
2025-09-23 09:20:00-03:00,515,25,674,700,23.7,522,3.4,1,0.7457142857142857,49.338272684759666,41.3125,6.525,487.9395,0,25.428571428571427,6.026571428571429
2025-09-23 09:25:00-03:00,528,25,691,717,23.6,535,3.4,1,0.7461645746164575,48.21165456986672,41.71875,6.6875,499.221875,0,25.383542538354252,5.990516039051604
2025-09-23 09:30:00-03:00,540,25,707,733,23.5,548,3.3,1,0.747612551159618,46.9586375054059,42.125,6.8500000000000005,510.462,0,25.2387448840382,5.931105047748978
2025-09-23 09:35:00-03:00,553,26,722,749,23.5,561,3.3,1,0.7489986648865153,45.98583444602709,43.53125,7.4125000000000005,519.415875,0,25.100133511348467,5.89853137516689
2025-09-23 09:40:00-03:00,565,26,737,765,23.4,574,3.3,1,0.7503267973856209,44.96126278826654,43.9375,7.575,530.5195,0,24.96732026143791,5.842352941176471
2025-09-23 09:45:00-03:00,577,26,752,781,23.3,586,3.2,1,0.7503201024327785,43.84027482772064,44.3125,7.7250000000000005,540.7315,0,24.96798975672215,5.817541613316262
2025-09-23 09:50:00-03:00,589,26,766,795,23.2,598,3.2,1,0.7522012578616353,42.54863527349274,44.6875,7.875,550.9075,0,24.77987421383648,5.748930817610063
2025-09-23 09:55:00-03:00,600,26,780,810,23.1,609,3.2,1,0.7518518518518519,41.20045233644394,45.03125,8.012500000000001,560.203875,0,24.814814814814813,5.732222222222222
2025-09-23 10:00:00-03:00,611,27,794,824,23.0,621,3.1,1,0.7536407766990292,39.74568777829845,46.40625,8.5625,567.826875,0,24.635922330097088,5.666262135922331
2025-09-23 10:05:00-03:00,621,27,807,838,23.0,631,3.1,1,0.752983293556086,38.15240569880644,46.71875,8.6875,576.181875,0,24.701670644391406,5.681384248210024
2025-09-23 10:10:00-03:00,631,27,819,851,23.0,641,3.1,1,0.7532314923619271,36.54262766090949,47.03125,8.8125,584.511875,0,24.676850763807284,5.6756756756756745
2025-09-23 10:15:00-03:00,640,27,831,863,23.0,651,3.1,1,0.7543453070683661,35.04401993683858,47.34375,8.9375,592.816875,0,24.565469293163382,5.650057937427578
2025-09-23 10:20:00-03:00,649,27,843,875,23.0,660,3.0,1,0.7542857142857143,33.48122495134561,47.625,9.05,600.27,0,24.571428571428573,5.651428571428572
2025-09-23 10:25:00-03:00,657,28,854,887,23.0,669,3.0,1,0.7542277339346111,31.980107453344086,48.90625,9.5625,605.026875,0,24.577226606538897,5.652762119503946
2025-09-23 10:30:00-03:00,666,28,864,898,23.0,677,3.0,1,0.7538975501113586,30.362456881466763,49.15625,9.662500000000001,611.584875,0,24.610244988864142,5.660356347438753
2025-09-23 10:35:00-03:00,673,28,875,908,23.0,685,2.9,1,0.7544052863436124,28.935141683471077,49.40625,9.762500000000001,618.1268749999999,0,24.559471365638768,5.648678414096917
2025-09-23 10:40:00-03:00,681,28,884,918,23.0,693,2.9,1,0.7549019607843137,27.496556258206382,49.65625,9.8625,624.652875,0,24.509803921568626,5.637254901960784
2025-09-23 10:45:00-03:00,688,28,893,928,23.0,700,2.9,1,0.7543103448275862,26.149338018159533,49.875,9.950000000000001,630.35,0,24.568965517241377,5.650862068965516
2025-09-23 10:50:00-03:00,694,29,902,937,23.0,707,2.9,1,0.7545357524012807,24.87468592766687,51.09375,10.4375,633.206875,0,24.546424759871933,5.645677694770544
2025-09-23 10:55:00-03:00,701,29,910,945,23.0,713,2.8,1,0.7544973544973544,23.622023622036554,51.28125,10.512500000000001,638.045875,0,24.55026455026455,5.646560846560846
2025-09-23 11:00:00-03:00,706,29,917,953,23.0,719,2.8,1,0.7544596012591815,22.496295991415394,51.46875,10.5875,642.8758750000001,0,24.554039874081845,5.647429171038824
2025-09-23 11:05:00-03:00,712,29,924,960,23.0,725,2.8,1,0.7552083333333334,21.296606643911147,51.65625,10.662500000000001,647.696875,0,24.479166666666664,5.630208333333332
2025-09-23 11:10:00-03:00,718,29,931,967,22.9,731,2.7,1,0.7559462254395036,20.122917735304462,51.84375,10.7375,652.508875,0,24.40537745604964,5.588831437435367
2025-09-23 11:15:00-03:00,723,30,936,973,22.8,736,2.7,1,0.7564234326824255,18.956689072885627,53.0,11.200000000000001,653.568,0,24.35765673175745,5.553545734840699
2025-09-23 11:20:00-03:00,728,30,942,978,22.7,741,2.7,1,0.7576687116564417,17.742902977263757,53.15625,11.262500000000001,657.544875,0,24.233128834355828,5.500920245398772
2025-09-23 11:25:00-03:00,732,30,946,983,22.6,746,2.7,1,0.7589013224821973,16.463918308245606,53.3125,11.325000000000001,661.5155,0,24.109867751780264,5.44883011190234
2025-09-23 11:30:00-03:00,736,30,950,988,22.5,750,2.6,1,0.7591093117408907,15.054195025930733,53.4375,11.375,664.6875,0,24.089068825910932,5.4200404858299605
2025-09-23 11:35:00-03:00,740,31,954,991,22.5,754,2.6,1,0.7608476286579213,13.60035650156489,54.5625,11.825000000000001,664.8395,0,23.91523713420787,5.3809283551967715
2025-09-23 11:40:00-03:00,743,31,957,995,22.4,757,2.6,1,0.7608040201005025,11.985787037530972,54.65625,11.8625,667.200875,0,23.919597989949747,5.357989949748743
2025-09-23 11:45:00-03:00,746,31,960,997,22.3,760,2.6,1,0.7622868605817452,10.273163037148176,54.75,11.9,669.5600000000001,0,23.771313941825476,5.301003009027081
2025-09-23 11:50:00-03:00,748,31,962,999,22.2,762,2.5,1,0.7627627627627628,8.436482823083702,54.8125,11.925,671.1315000000001,0,23.723723723723726,5.2666666666666675
2025-09-23 11:55:00-03:00,750,31,963,1001,22.1,764,2.5,1,0.7632367632367633,6.556860852752985,54.875,11.950000000000001,672.702,0,23.676323676323676,5.232467532467533
2025-09-23 12:00:00-03:00,751,32,964,1002,22.0,766,2.5,1,0.7644710578842315,4.996968778132904,55.9375,12.375,671.2075,0,23.55289421157685,5.181636726546907
2025-09-23 12:05:00-03:00,752,32,964,1002,22.0,766,2.4,1,0.7644710578842315,4.041451884319583,55.9375,12.375,671.2075,0,23.55289421157685,5.181636726546907
2025-09-23 12:10:00-03:00,751,31,964,1002,22.1,765,2.2,1,0.7634730538922155,4.209477042298021,54.90625,11.9625,673.486875,0,23.652694610778443,5.227245508982036
2025-09-23 12:15:00-03:00,749,31,963,1001,22.2,764,2.0,1,0.7632367632367633,5.384461369753042,54.875,11.950000000000001,672.702,0,23.676323676323676,5.256143856143856
2025-09-23 12:20:00-03:00,747,31,962,999,22.3,761,1.9,1,0.7617617617617618,6.991336630339661,54.78125,11.912500000000001,670.345875,0,23.823823823823822,5.312712712712713
2025-09-23 12:25:00-03:00,745,31,960,997,22.4,759,1.7,1,0.7612838515546639,8.824895913195421,54.71875,11.887500000000001,668.773875,0,23.8716148445336,5.347241725175525
2025-09-23 12:30:00-03:00,742,31,957,994,22.5,756,1.5,1,0.7605633802816901,10.62123373533212,54.625,11.850000000000001,666.414,0,23.943661971830984,5.387323943661971
2025-09-23 12:35:00-03:00,739,31,954,991,22.5,753,1.4,1,0.7598385469223007,12.176417844140772,54.53125,11.8125,664.051875,0,24.01614530776993,5.403632694248234
2025-09-23 12:40:00-03:00,736,31,951,988,22.6,749,1.3,1,0.7580971659919028,13.701083788141133,54.40625,11.762500000000001,660.898875,0,24.19028340080972,5.4670040485829965
2025-09-23 12:45:00-03:00,732,31,947,983,22.7,745,1.2,1,0.757884028484232,15.168747775966395,54.28125,11.7125,657.7418749999999,0,24.211597151576804,5.496032553407934
2025-09-23 12:50:00-03:00,727,31,942,978,22.8,740,1.1,1,0.7566462167689162,16.621225932979165,54.125,11.65,653.79,0,24.335378323108383,5.548466257668712
2025-09-23 12:55:00-03:00,722,31,937,973,22.9,735,1.0,1,0.7553956834532374,18.017457863938176,53.96875,11.5875,649.8318750000001,0,24.46043165467626,5.601438848920863
2025-09-23 13:00:00-03:00,717,30,931,967,23.0,730,1.0,1,0.7549120992761117,19.470840669155763,52.8125,11.125,648.7875,0,24.50879007238883,5.637021716649431
2025-09-23 13:05:00-03:00,712,30,925,960,23.0,724,1.0,1,0.7541666666666667,20.81138237512503,52.625,11.05,643.9979999999999,0,24.583333333333332,5.654166666666666
2025-09-23 13:10:00-03:00,706,30,918,953,23.1,718,1.0,1,0.7534102833158447,22.255234317919438,52.4375,10.975000000000001,639.1995,0,24.658971668415532,5.696222455403988
2025-09-23 13:15:00-03:00,699,30,911,946,23.2,711,1.1,1,0.7515856236786469,23.63532923144608,52.21875,10.887500000000001,633.589875,0,24.841437632135307,5.763213530655391
2025-09-23 13:20:00-03:00,693,30,903,938,23.3,705,1.2,1,0.7515991471215352,25.01030090813045,52.03125,10.8125,628.771875,0,24.84008528784648,5.78773987206823
2025-09-23 13:25:00-03:00,686,30,895,929,23.4,697,1.3,1,0.7502691065662002,26.400614088360182,51.78125,10.7125,622.333875,0,24.97308934337998,5.843702906350915
2025-09-23 13:30:00-03:00,678,30,886,920,23.5,690,1.5,1,0.75,27.85827226037986,51.5625,10.625,616.6875,0,25.0,5.875
2025-09-23 13:35:00-03:00,670,30,877,910,23.5,681,1.6,1,0.7483516483516484,29.10833994829647,51.28125,10.512500000000001,609.4098749999999,0,25.164835164835164,5.913736263736264
2025-09-23 13:40:00-03:00,662,30,867,900,23.6,673,1.8,1,0.7477777777777778,30.35684237182843,51.03125,10.412500000000001,602.923875,0,25.222222222222225,5.9524444444444455
2025-09-23 13:45:00-03:00,654,29,857,890,23.7,664,2.0,1,0.7460674157303371,31.65294758642981,49.75,9.9,598.264,0,25.39325842696629,6.018202247191011
2025-09-23 13:50:00-03:00,645,29,846,878,23.8,655,2.1,1,0.7460136674259681,32.872573075533154,49.46875,9.787500000000001,590.8918749999999,0,25.39863325740319,6.044874715261959
2025-09-23 13:55:00-03:00,636,29,835,867,23.9,645,2.3,1,0.7439446366782007,33.94235309069728,49.15625,9.662500000000001,582.676875,0,25.60553633217993,6.119723183391003
2025-09-23 14:00:00-03:00,626,29,823,855,24.0,636,2.5,1,0.743859649122807,35.04401993683937,48.875,9.55,575.262,0,25.6140350877193,6.147368421052632
2025-09-23 14:05:00-03:00,616,29,811,842,24.0,626,2.7,1,0.7434679334916865,35.950618488382915,48.5625,9.425,566.9995,0,25.653206650831358,6.156769596199527
2025-09-23 14:10:00-03:00,606,29,799,830,24.1,615,2.8,1,0.7409638554216867,37.01842293188561,48.21875,9.2875,557.8818749999999,0,25.903614457831324,6.24277108433735
2025-09-23 14:15:00-03:00,596,29,787,816,24.2,605,3.0,1,0.741421568627451,38.015447418445426,47.90625,9.1625,549.566875,0,25.857843137254903,6.2575980392156865
2025-09-23 14:20:00-03:00,586,29,774,803,24.3,594,3.2,1,0.7397260273972602,38.997571796984786,47.5625,9.025,540.3915000000001,0,26.027397260273972,6.324657534246576
2025-09-23 14:25:00-03:00,575,29,760,789,24.4,583,3.4,1,0.7389100126742713,40.035117160575616,47.21875,8.887500000000001,531.185875,0,26.108998732572875,6.3705956907477805
2025-09-23 14:30:00-03:00,564,28,746,774,24.5,572,3.6,1,0.7390180878552972,41.036845971311806,45.875,8.35,524.2379999999999,0,26.098191214470283,6.39405684754522
2025-09-23 14:35:00-03:00,552,28,732,760,24.5,560,3.8,1,0.7368421052631579,41.94395611462909,45.5,8.200000000000001,514.0799999999999,0,26.31578947368421,6.447368421052631
2025-09-23 14:40:00-03:00,541,28,717,744,24.6,548,4.0,1,0.7365591397849462,42.81354925722126,45.125,8.05,503.88599999999997,0,26.344086021505376,6.480645161290323
2025-09-23 14:45:00-03:00,529,28,702,729,24.7,536,4.1,1,0.7352537722908093,43.585513300837896,44.75,7.9,493.656,0,26.474622770919066,6.5392318244170085
2025-09-23 14:50:00-03:00,517,28,687,713,24.8,523,4.3,1,0.7335203366058906,44.22351972616247,44.34375,7.737500000000001,482.532875,0,26.64796633941094,6.608695652173912
2025-09-23 14:55:00-03:00,504,28,671,696,24.9,511,4.5,1,0.7341954022988506,44.8113892449367,43.96875,7.5875,472.227875,0,26.580459770114945,6.618534482758621
2025-09-23 15:00:00-03:00,492,28,655,679,24.9,498,4.7,1,0.7334315169366715,45.29992641643023,43.5625,7.425000000000001,461.02349999999996,0,26.656848306332844,6.637555228276877
2025-09-23 15:05:00-03:00,479,28,639,662,25.0,485,4.8,1,0.7326283987915407,45.63956284815177,43.15625,7.2625,449.776875,0,26.73716012084592,6.68429003021148
2025-09-23 15:10:00-03:00,467,27,622,645,24.9,473,4.7,1,0.7333333333333333,46.08186062637463,41.78125,6.7125,441.24987500000003,0,26.666666666666668,6.64
2025-09-23 15:15:00-03:00,454,27,605,628,24.9,460,4.6,1,0.732484076433121,46.576102599231184,41.375,6.550000000000001,429.87,0,26.751592356687897,6.661146496815286
2025-09-23 15:20:00-03:00,442,27,588,610,24.9,447,4.6,1,0.7327868852459016,47.21421203602401,40.96875,6.3875,418.447875,0,26.721311475409838,6.653606557377049
2025-09-23 15:25:00-03:00,429,27,571,592,24.9,434,4.5,1,0.7331081081081081,48.223831025632286,40.5625,6.2250000000000005,406.9835,0,26.68918918918919,6.645608108108108
2025-09-23 15:30:00-03:00,416,27,553,573,24.9,421,4.4,1,0.7347294938917975,49.363831686658784,40.15625,6.0625,395.476875,0,26.527050610820247,6.605235602094241
2025-09-23 15:35:00-03:00,402,27,535,555,24.8,407,4.4,1,0.7333333333333333,50.54153707296516,39.71875,5.8875,383.037875,0,26.666666666666668,6.613333333333333
2025-09-23 15:40:00-03:00,389,26,517,536,24.8,393,4.3,1,0.7332089552238806,51.849651528600944,38.28125,5.3125,372.121875,0,26.679104477611943,6.616417910447763
2025-09-23 15:45:00-03:00,374,26,498,517,25.1,378,4.3,1,0.7311411992263056,52.91302182628497,37.8125,5.125,358.6275,0,26.88588007736944,6.74835589941973
2025-09-23 15:50:00-03:00,358,26,480,497,25.3,362,4.2,1,0.7283702213279678,53.8197750071408,37.3125,4.925000000000001,344.1715,0,27.16297786720322,6.872233400402415
2025-09-23 15:55:00-03:00,343,26,461,477,25.6,346,4.2,1,0.7253668763102725,54.52522352087263,36.8125,4.7250000000000005,329.6515,0,27.463312368972748,7.030607966457024
2025-09-23 16:00:00-03:00,328,26,442,458,25.8,331,4.1,1,0.722707423580786,55.12217834461654,36.34375,4.5375000000000005,315.98087499999997,0,27.729257641921397,7.154148471615721
2025-09-23 16:05:00-03:00,313,26,422,437,25.9,315,4.1,1,0.7208237986270023,55.53561510828668,35.84375,4.3375,301.33687499999996,0,27.91762013729977,7.2306636155606405
2025-09-23 16:10:00-03:00,298,25,403,417,26.0,300,4.0,1,0.7194244604316546,55.9904618500605,34.375,3.75,288.75,0,28.05755395683453,7.2949640287769775
2025-09-23 16:15:00-03:00,283,25,383,396,26.0,285,4.0,1,0.7196969696969697,56.2695757182908,33.90625,3.5625,274.846875,0,28.030303030303028,7.287878787878787
2025-09-23 16:20:00-03:00,268,25,363,375,26.0,270,3.9,1,0.72,56.48544999030651,33.4375,3.375,260.8875,0,28.000000000000004,7.280000000000001
2025-09-23 16:25:00-03:00,253,25,343,354,26.3,254,3.9,1,0.7175141242937854,56.63653387786347,32.9375,3.1750000000000003,245.93550000000002,0,28.24858757062147,7.429378531073447
2025-09-23 16:30:00-03:00,237,25,322,333,26.7,238,3.8,1,0.7147147147147147,56.74898210275163,32.4375,2.975,230.9195,0,28.52852852852853,7.617117117117117
2025-09-23 16:35:00-03:00,221,24,302,312,27.1,221,3.8,1,0.7083333333333334,56.686538405208175,30.90625,2.3625000000000003,215.778875,0,29.166666666666668,7.904166666666668
2025-09-23 16:40:00-03:00,205,24,282,292,27.4,205,3.8,1,0.702054794520548,56.7489821027525,30.40625,2.1625,200.566875,0,29.794520547945208,8.163698630136986
2025-09-23 16:45:00-03:00,189,24,262,271,27.8,189,3.7,1,0.6974169741697417,57.05254090962144,29.90625,1.9625000000000001,185.290875,0,30.25830258302583,8.411808118081181
2025-09-23 16:50:00-03:00,174,24,242,250,28.2,174,3.7,1,0.696,57.38301670409338,29.4375,1.7750000000000001,170.9115,0,30.4,8.572799999999999
2025-09-23 16:55:00-03:00,159,24,222,229,28.6,159,3.7,1,0.6943231441048034,57.40835912104962,28.96875,1.5875000000000001,156.475875,0,30.567685589519648,8.742358078602619
2025-09-23 17:00:00-03:00,144,24,203,209,28.9,144,3.7,1,0.6889952153110048,57.15708021044788,28.5,1.4000000000000001,141.984,0,31.100478468899524,8.988038277511961
2025-09-23 17:05:00-03:00,129,23,183,189,29.7,128,3.7,1,0.6772486772486772,56.41264365049882,27.0,0.8,126.976,0,32.27513227513227,9.585714285714284
2025-09-23 17:10:00-03:00,111,23,164,169,32.2,110,3.6,1,0.650887573964497,55.31418525939742,26.4375,0.5750000000000001,109.36749999999999,0,34.9112426035503,11.241420118343196
2025-09-23 17:15:00-03:00,95,23,145,149,34.7,93,3.6,1,0.6241610738255033,53.46954669944675,25.90625,0.36250000000000004,92.662875,0,37.58389261744966,13.041610738255036
2025-09-23 17:20:00-03:00,79,23,127,130,37.2,78,3.6,1,0.6,51.06880385592228,25.4375,0.17500000000000002,77.8635,0,40.0,14.88
2025-09-23 17:25:00-03:00,66,23,109,111,39.8,64,3.6,1,0.5765765765765766,47.99076615731001,25.0,0.0,64.0,0,42.34234234234234,16.852252252252253
2025-09-23 17:30:00-03:00,53,23,92,94,42.3,52,3.6,1,0.5531914893617021,44.2605919526842,24.625,0.0,52.0,0,44.680851063829785,18.9
2025-09-23 17:35:00-03:00,42,22,76,77,44.8,41,3.6,1,0.5324675324675324,40.01817768785324,23.28125,0.0,41.0,0,46.75324675324675,20.94545454545454
2025-09-23 17:40:00-03:00,33,22,60,61,45.0,33,3.6,1,0.5409836065573771,35.495091423372855,23.03125,0.0,33.0,0,45.90163934426229,20.65573770491803
2025-09-23 17:45:00-03:00,26,22,46,47,44.9,25,3.6,1,0.5319148936170213,30.92843645935391,22.78125,0.0,25.0,0,46.808510638297875,21.017021276595745
2025-09-23 17:50:00-03:00,18,22,33,32,44.8,18,3.6,1,0.5625,26.47297077814117,22.5625,0.0,18.0,0,43.75,19.599999999999998
2025-09-23 17:55:00-03:00,12,22,22,20,44.7,12,3.6,1,0.6,22.17287450103208,22.375,0.0,12.0,0,40.0,17.88
2025-09-23 18:00:00-03:00,6,21,11,11,44.6,6,3.7,0,0.5454545454545454,18.237490523869564,21.1875,0.0,6.0,0,45.45454545454545,20.272727272727273
2025-09-23 18:05:00-03:00,1,21,2,2,44.6,1,3.6,0,0.5,14.643231966558048,21.03125,0.0,1.0,0,50.0,22.3
2025-09-23 18:10:00-03:00,0,21,0,0,44.7,0,3.5,0,,11.547989461731262,21.0,0.0,0.0,0,,
2025-09-23 18:15:00-03:00,0,21,0,0,44.8,0,3.4,0,,8.579397450186399,21.0,0.0,0.0,0,,
2025-09-23 18:20:00-03:00,0,21,0,0,44.9,0,3.3,0,,5.96136551388099,21.0,0.0,0.0,0,,
2025-09-23 18:25:00-03:00,0,21,0,0,45.0,0,3.2,0,,3.7040109303176214,21.0,0.0,0.0,0,,
2025-09-23 18:30:00-03:00,0,21,0,0,45.1,0,3.1,0,,1.7298624929868853,21.0,0.0,0.0,0,,
2025-09-23 18:35:00-03:00,0,21,0,0,45.2,0,3.0,0,,0.28867513844017006,21.0,0.0,0.0,0,,
2025-09-23 18:40:00-03:00,0,21,0,0,45.3,0,2.9,0,,0.0,21.0,0.0,0.0,0,,
2025-09-23 18:45:00-03:00,0,21,0,0,45.4,0,2.8,0,,0.0,21.0,0.0,0.0,0,,
2025-09-23 18:50:00-03:00,0,21,0,0,45.5,0,2.7,0,,0.0,21.0,0.0,0.0,0,,
2025-09-23 18:55:00-03:00,0,21,0,0,45.6,0,2.6,0,,0.0,21.0,0.0,0.0,0,,
2025-09-23 19:00:00-03:00,0,21,0,0,45.8,0,2.5,0,,0.0,21.0,0.0,0.0,0,,
2025-09-23 19:05:00-03:00,0,21,0,0,45.8,0,2.4,0,,0.0,21.0,0.0,0.0,0,,
2025-09-23 19:10:00-03:00,0,21,0,0,45.8,0,2.3,0,,0.0,21.0,0.0,0.0,0,,
2025-09-23 19:15:00-03:00,0,21,0,0,45.8,0,2.2,0,,0.0,21.0,0.0,0.0,0,,
2025-09-23 19:20:00-03:00,0,21,0,0,45.8,0,2.1,0,,0.0,21.0,0.0,0.0,0,,
2025-09-23 19:25:00-03:00,0,21,0,0,45.8,0,2.0,0,,0.0,21.0,0.0,0.0,0,,
2025-09-23 19:30:00-03:00,0,21,0,0,45.8,0,1.9,0,,0.0,21.0,0.0,0.0,0,,
2025-09-23 19:35:00-03:00,0,21,0,0,45.8,0,1.8,0,,0.0,21.0,0.0,0.0,0,,
2025-09-23 19:40:00-03:00,0,21,0,0,45.8,0,1.7,0,,0.0,21.0,0.0,0.0,0,,
2025-09-23 19:45:00-03:00,0,20,0,0,45.8,0,1.6,0,,0.0,20.0,0.0,0.0,0,,
2025-09-23 19:50:00-03:00,0,20,0,0,45.8,0,1.5,0,,0.0,20.0,0.0,0.0,0,,
2025-09-23 19:55:00-03:00,0,20,0,0,45.8,0,1.4,0,,0.0,20.0,0.0,0.0,0,,
2025-09-23 20:00:00-03:00,0,20,0,0,45.8,0,1.4,0,,0.0,20.0,0.0,0.0,0,,
2025-09-23 20:05:00-03:00,0,20,0,0,45.8,0,1.3,0,,0.0,20.0,0.0,0.0,0,,
2025-09-23 20:10:00-03:00,0,20,0,0,45.8,0,1.2,0,,0.0,20.0,0.0,0.0,0,,
2025-09-23 20:15:00-03:00,0,20,0,0,45.8,0,1.1,0,,0.0,20.0,0.0,0.0,0,,
2025-09-23 20:20:00-03:00,0,20,0,0,45.8,0,1.0,0,,0.0,20.0,0.0,0.0,0,,
2025-09-23 20:25:00-03:00,0,20,0,0,45.8,0,0.9,0,,0.0,20.0,0.0,0.0,0,,
2025-09-23 20:30:00-03:00,0,20,0,0,45.8,0,0.8,0,,0.0,20.0,0.0,0.0,0,,
2025-09-23 20:35:00-03:00,0,20,0,0,45.8,0,0.7,0,,0.0,20.0,0.0,0.0,0,,
2025-09-23 20:40:00-03:00,0,20,0,0,45.8,0,0.6,0,,0.0,20.0,0.0,0.0,0,,
2025-09-23 20:45:00-03:00,0,20,0,0,45.8,0,0.6,0,,0.0,20.0,0.0,0.0,0,,
2025-09-23 20:50:00-03:00,0,20,0,0,45.8,0,0.5,0,,0.0,20.0,0.0,0.0,0,,
2025-09-23 20:55:00-03:00,0,20,0,0,45.8,0,0.5,0,,0.0,20.0,0.0,0.0,0,,
2025-09-23 21:00:00-03:00,0,20,0,0,45.8,0,0.5,0,,0.0,20.0,0.0,0.0,0,,
2025-09-23 21:05:00-03:00,0,20,0,0,45.9,0,0.4,0,,0.0,20.0,0.0,0.0,0,,
2025-09-23 21:10:00-03:00,0,20,0,0,46.0,0,0.4,0,,0.0,20.0,0.0,0.0,0,,
2025-09-23 21:15:00-03:00,0,20,0,0,46.1,0,0.4,0,,0.0,20.0,0.0,0.0,0,,
2025-09-23 21:20:00-03:00,0,20,0,0,46.2,0,0.4,0,,0.0,20.0,0.0,0.0,0,,
2025-09-23 21:25:00-03:00,0,20,0,0,46.3,0,0.4,0,,0.0,20.0,0.0,0.0,0,,
2025-09-23 21:30:00-03:00,0,20,0,0,46.4,0,0.4,0,,0.0,20.0,0.0,0.0,0,,
2025-09-23 21:35:00-03:00,0,20,0,0,46.5,0,0.4,0,,0.0,20.0,0.0,0.0,0,,
2025-09-23 21:40:00-03:00,0,20,0,0,46.6,0,0.5,0,,0.0,20.0,0.0,0.0,0,,
2025-09-23 21:45:00-03:00,0,20,0,0,46.7,0,0.5,0,,0.0,20.0,0.0,0.0,0,,
2025-09-23 21:50:00-03:00,0,20,0,0,46.8,0,0.5,0,,0.0,20.0,0.0,0.0,0,,
2025-09-23 21:55:00-03:00,0,20,0,0,46.9,0,0.5,0,,0.0,20.0,0.0,0.0,0,,
2025-09-23 22:00:00-03:00,0,20,0,0,47.0,0,0.6,0,,0.0,20.0,0.0,0.0,0,,
2025-09-23 22:05:00-03:00,0,20,0,0,47.1,0,0.6,0,,0.0,20.0,0.0,0.0,0,,
2025-09-23 22:10:00-03:00,0,21,0,0,47.1,0,0.6,0,,0.0,21.0,0.0,0.0,0,,
2025-09-23 22:15:00-03:00,0,21,0,0,47.1,0,0.7,0,,0.0,21.0,0.0,0.0,0,,
2025-09-23 22:20:00-03:00,0,21,0,0,47.1,0,0.7,0,,0.0,21.0,0.0,0.0,0,,
2025-09-23 22:25:00-03:00,0,21,0,0,47.1,0,0.8,0,,0.0,21.0,0.0,0.0,0,,
2025-09-23 22:30:00-03:00,0,21,0,0,47.1,0,0.8,0,,0.0,21.0,0.0,0.0,0,,
2025-09-23 22:35:00-03:00,0,21,0,0,47.1,0,0.8,0,,0.0,21.0,0.0,0.0,0,,
2025-09-23 22:40:00-03:00,0,21,0,0,47.1,0,0.9,0,,0.0,21.0,0.0,0.0,0,,
2025-09-23 22:45:00-03:00,0,21,0,0,47.1,0,0.9,0,,0.0,21.0,0.0,0.0,0,,
2025-09-23 22:50:00-03:00,0,21,0,0,47.1,0,1.0,0,,0.0,21.0,0.0,0.0,0,,
2025-09-23 22:55:00-03:00,0,21,0,0,47.1,0,1.0,0,,0.0,21.0,0.0,0.0,0,,
2025-09-23 23:00:00-03:00,0,21,0,0,47.1,0,1.1,0,,0.0,21.0,0.0,0.0,0,,
2025-09-23 23:05:00-03:00,0,21,0,0,47.1,0,1.1,0,,0.0,21.0,0.0,0.0,0,,
2025-09-23 23:10:00-03:00,0,21,0,0,47.2,0,1.1,0,,0.0,21.0,0.0,0.0,0,,
2025-09-23 23:15:00-03:00,0,21,0,0,47.4,0,1.2,0,,0.0,21.0,0.0,0.0,0,,
2025-09-23 23:20:00-03:00,0,21,0,0,47.5,0,1.2,0,,0.0,21.0,0.0,0.0,0,,
2025-09-23 23:25:00-03:00,0,21,0,0,47.6,0,1.3,0,,0.0,21.0,0.0,0.0,0,,
2025-09-23 23:30:00-03:00,0,21,0,0,47.7,0,1.3,0,,0.0,21.0,0.0,0.0,0,,
2025-09-23 23:35:00-03:00,0,21,0,0,47.8,0,1.4,0,,0.0,21.0,0.0,0.0,0,,
2025-09-23 23:40:00-03:00,0,21,0,0,47.9,0,1.4,0,,0.0,21.0,0.0,0.0,0,,
2025-09-23 23:45:00-03:00,0,21,0,0,48.0,0,1.5,0,,0.0,21.0,0.0,0.0,0,,
2025-09-23 23:50:00-03:00,0,22,0,0,48.1,0,1.5,0,,0.0,22.0,0.0,0.0,0,,
2025-09-23 23:55:00-03:00,0,22,0,0,48.2,0,1.5,0,,0.0,22.0,0.0,0.0,0,,
2025-09-24 00:00:00-03:00,0,22,0,0,48.3,0,1.6,0,,0.0,22.0,0.0,0.0,0,,
2025-09-24 00:05:00-03:00,0,22,0,0,48.4,0,1.6,0,,0.0,22.0,0.0,0.0,0,,
2025-09-24 00:10:00-03:00,0,22,0,0,48.5,0,1.6,0,,0.0,22.0,0.0,0.0,0,,
2025-09-24 00:15:00-03:00,0,22,0,0,48.6,0,1.7,0,,0.0,22.0,0.0,0.0,0,,
2025-09-24 00:20:00-03:00,0,21,0,0,48.7,0,1.7,0,,0.0,21.0,0.0,0.0,0,,
2025-09-24 00:25:00-03:00,0,21,0,0,48.8,0,1.7,0,,0.0,21.0,0.0,0.0,0,,
2025-09-24 00:30:00-03:00,0,21,0,0,48.9,0,1.7,0,,0.0,21.0,0.0,0.0,0,,
2025-09-24 00:35:00-03:00,0,21,0,0,49.0,0,1.7,0,,0.0,21.0,0.0,0.0,0,,
2025-09-24 00:40:00-03:00,0,21,0,0,49.1,0,1.8,0,,0.0,21.0,0.0,0.0,0,,
2025-09-24 00:45:00-03:00,0,21,0,0,49.2,0,1.8,0,,0.0,21.0,0.0,0.0,0,,
2025-09-24 00:50:00-03:00,0,21,0,0,49.3,0,1.8,0,,0.0,21.0,0.0,0.0,0,,
2025-09-24 00:55:00-03:00,0,21,0,0,49.4,0,1.8,0,,0.0,21.0,0.0,0.0,0,,
2025-09-24 01:00:00-03:00,0,21,0,0,49.5,0,1.8,0,,0.0,21.0,0.0,0.0,0,,
2025-09-24 01:05:00-03:00,0,21,0,0,49.7,0,1.9,0,,0.0,21.0,0.0,0.0,0,,
2025-09-24 01:10:00-03:00,0,21,0,0,49.9,0,1.9,0,,0.0,21.0,0.0,0.0,0,,
2025-09-24 01:15:00-03:00,0,21,0,0,50.1,0,1.9,0,,0.0,21.0,0.0,0.0,0,,
2025-09-24 01:20:00-03:00,0,21,0,0,50.3,0,1.9,0,,0.0,21.0,0.0,0.0,0,,
2025-09-24 01:25:00-03:00,0,21,0,0,50.5,0,1.9,0,,0.0,21.0,0.0,0.0,0,,
2025-09-24 01:30:00-03:00,0,21,0,0,50.7,0,2.0,0,,0.0,21.0,0.0,0.0,0,,
2025-09-24 01:35:00-03:00,0,21,0,0,50.9,0,2.0,0,,0.0,21.0,0.0,0.0,0,,
2025-09-24 01:40:00-03:00,0,21,0,0,51.1,0,2.0,0,,0.0,21.0,0.0,0.0,0,,
2025-09-24 01:45:00-03:00,0,21,0,0,51.3,0,2.0,0,,0.0,21.0,0.0,0.0,0,,
2025-09-24 01:50:00-03:00,0,20,0,0,51.5,0,2.1,0,,0.0,20.0,0.0,0.0,0,,
2025-09-24 01:55:00-03:00,0,20,0,0,51.7,0,2.1,0,,0.0,20.0,0.0,0.0,0,,
2025-09-24 02:00:00-03:00,0,20,0,0,51.9,0,2.1,0,,0.0,20.0,0.0,0.0,0,,
2025-09-24 02:05:00-03:00,0,20,0,0,52.1,0,2.1,0,,0.0,20.0,0.0,0.0,0,,
2025-09-24 02:10:00-03:00,0,20,0,0,52.2,0,2.1,0,,0.0,20.0,0.0,0.0,0,,
2025-09-24 02:15:00-03:00,0,20,0,0,52.3,0,2.2,0,,0.0,20.0,0.0,0.0,0,,
2025-09-24 02:20:00-03:00,0,20,0,0,52.4,0,2.2,0,,0.0,20.0,0.0,0.0,0,,
2025-09-24 02:25:00-03:00,0,20,0,0,52.5,0,2.2,0,,0.0,20.0,0.0,0.0,0,,
2025-09-24 02:30:00-03:00,0,20,0,0,52.6,0,2.2,0,,0.0,20.0,0.0,0.0,0,,
2025-09-24 02:35:00-03:00,0,20,0,0,52.7,0,2.3,0,,0.0,20.0,0.0,0.0,0,,
2025-09-24 02:40:00-03:00,0,20,0,0,52.8,0,2.3,0,,0.0,20.0,0.0,0.0,0,,
2025-09-24 02:45:00-03:00,0,20,0,0,52.9,0,2.3,0,,0.0,20.0,0.0,0.0,0,,
2025-09-24 02:50:00-03:00,0,20,0,0,53.0,0,2.3,0,,0.0,20.0,0.0,0.0,0,,
2025-09-24 02:55:00-03:00,0,20,0,0,53.1,0,2.4,0,,0.0,20.0,0.0,0.0,0,,
2025-09-24 03:00:00-03:00,0,20,0,0,53.2,0,2.4,0,,0.0,20.0,0.0,0.0,0,,
2025-09-24 03:05:00-03:00,0,20,0,0,53.2,0,2.4,0,,0.0,20.0,0.0,0.0,0,,
2025-09-24 03:10:00-03:00,0,20,0,0,53.2,0,2.4,0,,0.0,20.0,0.0,0.0,0,,
2025-09-24 03:15:00-03:00,0,20,0,0,53.2,0,2.4,0,,0.0,20.0,0.0,0.0,0,,
2025-09-24 03:20:00-03:00,0,20,0,0,53.2,0,2.5,0,,0.0,20.0,0.0,0.0,0,,
2025-09-24 03:25:00-03:00,0,20,0,0,53.2,0,2.5,0,,0.0,20.0,0.0,0.0,0,,
2025-09-24 03:30:00-03:00,0,20,0,0,53.2,0,2.5,0,,0.0,20.0,0.0,0.0,0,,
2025-09-24 03:35:00-03:00,0,20,0,0,53.2,0,2.5,0,,0.0,20.0,0.0,0.0,0,,
2025-09-24 03:40:00-03:00,0,20,0,0,53.2,0,2.6,0,,0.0,20.0,0.0,0.0,0,,
2025-09-24 03:45:00-03:00,0,20,0,0,53.2,0,2.6,0,,0.0,20.0,0.0,0.0,0,,
2025-09-24 03:50:00-03:00,0,20,0,0,53.2,0,2.6,0,,0.0,20.0,0.0,0.0,0,,
2025-09-24 03:55:00-03:00,0,20,0,0,53.2,0,2.7,0,,0.0,20.0,0.0,0.0,0,,
2025-09-24 04:00:00-03:00,0,19,0,0,53.2,0,2.7,0,,0.0,19.0,0.0,0.0,0,,
2025-09-24 04:05:00-03:00,0,19,0,0,53.2,0,2.7,0,,0.0,19.0,0.0,0.0,0,,
2025-09-24 04:10:00-03:00,0,19,0,0,53.1,0,2.8,0,,0.0,19.0,0.0,0.0,0,,
2025-09-24 04:15:00-03:00,0,19,0,0,53.0,0,2.8,0,,0.0,19.0,0.0,0.0,0,,
2025-09-24 04:20:00-03:00,0,19,0,0,52.9,0,2.8,0,,0.0,19.0,0.0,0.0,0,,
2025-09-24 04:25:00-03:00,0,19,0,0,52.8,0,2.9,0,,0.0,19.0,0.0,0.0,0,,
2025-09-24 04:30:00-03:00,0,19,0,0,52.7,0,2.9,0,,0.0,19.0,0.0,0.0,0,,
2025-09-24 04:35:00-03:00,0,19,0,0,52.6,0,3.0,0,,0.0,19.0,0.0,0.0,0,,
2025-09-24 04:40:00-03:00,0,19,0,0,52.5,0,3.0,0,,0.0,19.0,0.0,0.0,0,,
2025-09-24 04:45:00-03:00,0,19,0,0,52.4,0,3.1,0,,0.0,19.0,0.0,0.0,0,,
2025-09-24 04:50:00-03:00,0,19,0,0,52.3,0,3.1,0,,0.0,19.0,0.0,0.0,0,,
2025-09-24 04:55:00-03:00,0,19,0,0,52.2,0,3.2,0,,0.0,19.0,0.0,0.0,0,,
2025-09-24 05:00:00-03:00,0,19,0,0,52.1,0,3.2,0,,0.0,19.0,0.0,0.0,0,,
2025-09-24 05:05:00-03:00,0,19,0,0,52.0,0,3.3,0,,0.0,19.0,0.0,0.0,0,,
2025-09-24 05:10:00-03:00,0,19,0,0,51.9,0,3.3,0,,0.0,19.0,0.0,0.0,0,,
2025-09-24 05:15:00-03:00,0,19,0,0,51.8,0,3.4,0,,0.0,19.0,0.0,0.0,0,,
2025-09-24 05:20:00-03:00,0,19,0,0,51.7,0,3.4,0,,0.0,19.0,0.0,0.0,0,,
2025-09-24 05:25:00-03:00,0,19,0,0,51.6,0,3.5,0,,0.0,19.0,0.0,0.0,0,,
2025-09-24 05:30:00-03:00,0,19,0,0,51.5,0,3.5,0,,0.0,19.0,0.0,0.0,0,,
2025-09-24 05:35:00-03:00,0,19,0,0,51.4,0,3.6,0,,0.0,19.0,0.0,0.0,0,,
2025-09-24 05:40:00-03:00,0,19,0,0,51.3,0,3.6,0,,0.0,19.0,0.0,0.0,0,,
2025-09-24 05:45:00-03:00,0,19,0,0,51.2,0,3.7,0,,0.5773502711120794,19.0,0.0,0.0,0,,
2025-09-24 05:50:00-03:00,0,19,0,0,51.1,0,3.8,0,,2.0504988312026646,19.0,0.0,0.0,0,,
2025-09-24 05:55:00-03:00,0,19,0,0,51.0,0,3.8,0,,3.816828764877558,19.0,0.0,0.0,0,,
2025-09-24 06:00:00-03:00,0,19,0,0,50.9,0,3.9,0,,5.765624358613276,19.0,0.0,0.0,0,,
2025-09-24 06:05:00-03:00,0,19,0,0,50.8,0,3.9,0,,8.211226609127694,19.0,0.0,0.0,0,,
2025-09-24 06:10:00-03:00,2,19,4,4,50.8,2,4.0,0,0.5,10.880549785675347,19.0625,0.0,2.0,0,50.0,25.4
2025-09-24 06:15:00-03:00,7,20,14,13,50.8,7,4.0,0,0.5384615384615384,13.79064241375304,20.21875,0.0,7.0,0,46.15384615384615,23.446153846153845
2025-09-24 06:20:00-03:00,12,20,24,23,50.8,12,4.1,1,0.5217391304347826,17.277591021821436,20.375,0.0,12.0,0,47.82608695652174,24.295652173913044
2025-09-24 06:25:00-03:00,18,20,36,35,50.8,17,4.1,1,0.4857142857142857,21.163146927641574,20.53125,0.0,17.0,0,51.42857142857142,26.12571428571428
2025-09-24 06:30:00-03:00,24,20,49,50,50.8,24,4.2,1,0.48,25.285491108701017,20.75,0.0,24.0,0,52.0,26.416
2025-09-24 06:35:00-03:00,31,20,64,64,50.8,31,4.2,1,0.484375,29.483431402651245,20.96875,0.0,31.0,0,51.5625,26.19375
2025-09-24 06:40:00-03:00,40,20,79,80,49.8,39,4.2,1,0.4875,33.74806391756281,21.21875,0.0,39.0,0,51.24999999999999,25.522499999999994
2025-09-24 06:45:00-03:00,50,20,96,97,47.3,50,4.3,1,0.5154639175257731,38.07677650606686,21.5625,0.0,50.0,0,48.45360824742268,22.918556701030926
2025-09-24 06:50:00-03:00,63,21,113,116,44.8,62,4.3,1,0.5344827586206896,42.1522313295824,22.9375,0.0,62.0,0,46.55172413793103,20.855172413793102
2025-09-24 06:55:00-03:00,76,21,132,135,42.3,75,4.4,1,0.5555555555555556,45.79425331158509,23.34375,0.0,75.0,0,44.44444444444444,18.799999999999997
2025-09-24 07:00:00-03:00,91,21,151,154,39.8,89,4.4,1,0.577922077922078,48.969068777868785,23.78125,0.0,89.0,0,42.2077922077922,16.798701298701296
2025-09-24 07:05:00-03:00,107,21,170,175,37.2,105,4.5,1,0.6,51.71395685243239,24.28125,0.0,105.0,0,40.0,14.88
2025-09-24 07:10:00-03:00,124,21,190,195,35.0,122,4.5,1,0.6256410256410256,53.836663749142424,24.8125,0.0,122.0,0,37.43589743589744,13.102564102564104
2025-09-24 07:15:00-03:00,138,21,210,216,34.3,137,4.6,1,0.6342592592592593,55.41653565718666,25.28125,0.1125,136.845875,0,36.574074074074076,12.544907407407406
2025-09-24 07:20:00-03:00,153,22,231,238,33.7,152,4.6,1,0.6386554621848739,56.68486784342019,26.75,0.7000000000000001,150.936,0,36.134453781512605,12.177310924369749
2025-09-24 07:25:00-03:00,169,22,252,259,33.0,168,4.7,1,0.6486486486486487,57.79135669884062,27.25,0.9,166.488,0,35.13513513513514,11.594594594594597
2025-09-24 07:30:00-03:00,184,22,272,281,32.3,184,4.7,1,0.6548042704626335,58.457962103848665,27.75,1.1,181.976,0,34.519572953736656,11.14982206405694
2025-09-24 07:35:00-03:00,201,22,293,303,31.7,200,4.8,1,0.6600660066006601,58.77299678863395,28.25,1.3,197.4,0,33.993399339933994,10.775907590759076
2025-09-24 07:40:00-03:00,217,22,314,325,31.0,217,4.8,1,0.6676923076923077,59.15074476337709,28.78125,1.5125000000000002,213.717875,0,33.23076923076923,10.301538461538462
2025-09-24 07:45:00-03:00,234,22,336,347,30.3,234,4.8,1,0.6743515850144092,59.72531821903642,29.3125,1.725,229.9635,0,32.564841498559076,9.8671469740634
2025-09-24 07:50:00-03:00,251,22,357,369,29.6,252,4.9,1,0.6829268292682927,60.03685736633556,29.875,1.9500000000000002,247.086,0,31.70731707317073,9.385365853658538
2025-09-24 07:55:00-03:00,267,23,377,390,29.3,268,4.9,1,0.6871794871794872,60.199856538650955,31.375,2.5500000000000003,261.166,0,31.28205128205128,9.165641025641026
2025-09-24 08:00:00-03:00,283,23,398,412,29.0,284,5.0,1,0.6893203883495146,60.325568728571646,31.875,2.75,276.19,0,31.06796116504854,9.009708737864077
2025-09-24 08:05:00-03:00,299,23,419,434,28.7,301,5.0,1,0.6935483870967742,60.250172890496025,32.40625,2.9625000000000004,292.082875,0,30.64516129032258,8.79516129032258
2025-09-24 08:10:00-03:00,315,23,440,455,28.3,318,5.1,1,0.6989010989010989,60.111008420543165,32.9375,3.1750000000000003,307.9035,0,30.10989010989011,8.5210989010989
2025-09-24 08:15:00-03:00,331,23,460,476,28.0,334,5.1,1,0.7016806722689075,59.771471354484945,33.4375,3.375,322.7275,0,29.831932773109244,8.352941176470587
2025-09-24 08:20:00-03:00,347,23,480,497,27.6,351,5.2,1,0.7062374245472837,59.28257958646382,33.96875,3.5875000000000004,338.407875,0,29.376257545271628,8.107847082494969
2025-09-24 08:25:00-03:00,364,24,500,518,27.2,368,5.2,1,0.7104247104247104,58.859617272419186,35.5,4.2,352.544,0,28.957528957528954,7.876447876447875
2025-09-24 08:30:00-03:00,380,24,520,539,26.9,384,5.3,1,0.712430426716141,58.11352526032893,36.0,4.4,367.104,0,28.7569573283859,7.7356215213358075
2025-09-24 08:35:00-03:00,396,24,539,559,26.6,401,5.3,1,0.7173524150268337,57.222783659115954,36.53125,4.6125,382.503875,0,28.264758497316638,7.518425760286226
2025-09-24 08:40:00-03:00,410,24,558,579,26.5,416,5.4,1,0.7184801381692574,56.928184424054386,37.0,4.800000000000001,396.032,0,28.151986183074268,7.460276338514681
2025-09-24 08:45:00-03:00,425,24,577,599,26.4,431,5.4,1,0.7195325542570952,58.08007794886614,37.46875,4.987500000000001,409.503875,0,28.046744574290482,7.404340567612687
2025-09-24 08:50:00-03:00,439,24,596,618,26.3,446,5.5,1,0.7216828478964401,60.18204705624133,37.9375,5.175000000000001,422.9195,0,27.831715210355988,7.3197411003236255
2025-09-24 08:55:00-03:00,454,24,614,638,26.2,460,5.5,1,0.7210031347962382,63.310382603924815,38.375,5.3500000000000005,435.39,0,27.89968652037618,7.309717868338558
2025-09-24 09:00:00-03:00,468,25,632,656,26.1,475,5.5,1,0.7240853658536586,67.18969076767124,39.84375,5.9375,446.796875,0,27.59146341463415,7.201371951219513
2025-09-24 09:05:00-03:00,486,25,650,675,25.2,494,5.6,1,0.7318518518518519,71.41046523763323,40.4375,6.175000000000001,463.4955,0,26.814814814814813,6.7573333333333325
2025-09-24 09:10:00-03:00,509,25,667,693,23.7,519,5.6,1,0.7489177489177489,76.0180899523305,41.21875,6.487500000000001,485.329875,0,25.108225108225106,5.95064935064935
2025-09-24 09:15:00-03:00,532,25,685,711,22.2,543,5.6,1,0.7637130801687764,80.49331799860649,41.96875,6.7875000000000005,506.143875,0,23.628691983122362,5.245569620253165
2025-09-24 09:20:00-03:00,556,25,701,728,20.8,568,5.6,1,0.7802197802197802,84.59153192091836,42.75,7.1000000000000005,527.672,0,21.978021978021978,4.571428571428572
2025-09-24 09:25:00-03:00,579,25,717,745,19.2,593,5.6,1,0.7959731543624161,88.07899347125567,43.53125,7.4125000000000005,549.043875,0,20.40268456375839,3.9173154362416103
2025-09-24 09:30:00-03:00,603,25,733,762,17.8,618,5.6,1,0.8110236220472441,90.57041459549767,44.3125,7.7250000000000005,570.2595,0,18.89763779527559,3.3637795275590547
2025-09-24 09:35:00-03:00,627,25,749,778,16.2,644,5.6,1,0.8277634961439588,91.92334586573631,45.125,8.05,592.158,0,17.223650385604113,2.7902313624678663
2025-09-24 09:40:00-03:00,651,25,764,794,14.8,670,5.6,1,0.8438287153652393,91.1147711139731,45.9375,8.375,613.8875,0,15.617128463476071,2.3113350125944585
2025-09-24 09:45:00-03:00,676,25,779,809,13.2,696,5.6,1,0.8603213844252163,87.98639702025638,46.75,8.700000000000001,635.448,0,13.967861557478367,1.8437577255871442
2025-09-24 09:50:00-03:00,700,25,793,824,11.8,722,5.6,1,0.8762135922330098,82.79035224132384,47.5625,9.025,656.8395,0,12.37864077669903,1.4606796116504857
2025-09-24 09:55:00-03:00,724,25,807,839,10.2,748,5.6,1,0.8915375446960667,76.0950362734294,48.375,9.35,678.062,0,10.846245530393325,1.106317044100119
2025-09-24 10:00:00-03:00,749,26,820,853,8.8,774,5.6,1,0.9073856975381008,68.15151346726442,50.1875,10.075000000000001,696.0195,0,9.261430246189919,0.8150058616647129
2025-09-24 10:05:00-03:00,764,26,833,866,8.3,790,5.6,1,0.9122401847575058,59.18358699586275,50.6875,10.275,708.8275,0,8.775981524249422,0.728406466512702
2025-09-24 10:10:00-03:00,770,26,846,880,9.0,796,5.6,1,0.9045454545454545,49.70610595990006,50.875,10.350000000000001,713.6139999999999,0,9.545454545454547,0.8590909090909092
2025-09-24 10:15:00-03:00,775,26,858,892,9.7,801,5.6,1,0.897982062780269,40.00795375467445,51.03125,10.412500000000001,717.595875,0,10.201793721973095,0.9895739910313901
2025-09-24 10:20:00-03:00,780,26,870,904,10.3,806,5.6,1,0.8915929203539823,30.52520071658259,51.1875,10.475000000000001,721.5715,0,10.84070796460177,1.1165929203539822
2025-09-24 10:25:00-03:00,784,26,881,916,11.0,810,5.6,1,0.8842794759825328,21.760925503930864,51.3125,10.525,724.7475,0,11.572052401746726,1.2729257641921399
2025-09-24 10:30:00-03:00,788,26,892,927,11.7,813,5.6,1,0.8770226537216829,14.596595701064583,51.40625,10.5625,727.126875,0,12.297734627831716,1.4388349514563106
2025-09-24 10:35:00-03:00,791,26,902,938,12.3,816,5.7,1,0.8699360341151386,10.663943781238524,51.5,10.600000000000001,729.504,0,13.00639658848614,1.5997867803837955
2025-09-24 10:40:00-03:00,793,26,912,948,13.0,818,5.7,1,0.8628691983122363,8.658504314799877,51.5625,10.625,731.0875000000001,0,13.71308016877637,1.7827004219409281
2025-09-24 10:45:00-03:00,795,26,921,958,13.7,820,5.7,1,0.8559498956158664,6.773388212592955,51.625,10.65,732.67,0,14.40501043841336,1.9734864300626302
2025-09-24 10:50:00-03:00,797,26,930,967,14.3,821,5.7,1,0.8490175801447777,4.9878640597442905,51.65625,10.662500000000001,733.460875,0,15.098241985522234,2.1590486039296795
2025-09-24 10:55:00-03:00,797,26,938,976,15.0,821,5.7,1,0.8411885245901639,3.537676004787544,51.65625,10.662500000000001,733.460875,0,15.881147540983607,2.382172131147541
2025-09-24 11:00:00-03:00,798,26,946,984,15.7,821,5.7,1,0.834349593495935,2.5702257888670412,51.65625,10.662500000000001,733.460875,0,16.565040650406505,2.600711382113821
2025-09-24 11:05:00-03:00,798,27,953,991,16.3,821,5.7,1,0.8284561049445005,2.5702257888670412,52.65625,11.0625,730.176875,0,17.15438950554995,2.796165489404642
2025-09-24 11:10:00-03:00,797,27,959,998,16.9,820,5.7,1,0.8216432865731463,3.537676004787544,52.625,11.05,729.39,0,17.835671342685373,3.0142284569138282
2025-09-24 11:15:00-03:00,797,27,965,1004,17.5,819,5.7,1,0.8157370517928287,4.9878640597442905,52.59375,11.037500000000001,728.602875,0,18.426294820717132,3.224601593625498
2025-09-24 11:20:00-03:00,796,27,971,1010,18.0,818,5.7,1,0.80990099009901,6.5273318136713305,52.5625,11.025,727.8155,0,19.00990099009901,3.4217821782178213
2025-09-24 11:25:00-03:00,794,27,976,1015,18.6,816,5.7,1,0.8039408866995074,8.024111392302231,52.5,11.0,726.24,0,19.60591133004926,3.6466995073891626
2025-09-24 11:30:00-03:00,792,27,980,1019,19.2,813,5.8,1,0.7978410206084396,9.633826138161515,52.40625,10.9625,723.874875,0,20.215897939156037,3.881452404317959
2025-09-24 11:35:00-03:00,789,27,984,1023,19.8,810,5.8,1,0.7917888563049853,11.397434586398902,52.3125,10.925,721.5074999999999,0,20.821114369501466,4.12258064516129
2025-09-24 11:40:00-03:00,786,27,987,1027,20.4,806,5.8,1,0.7848101265822784,12.82368783527992,52.1875,10.875,718.3475,0,21.518987341772153,4.389873417721518
2025-09-24 11:45:00-03:00,782,27,990,1030,21.0,802,5.8,1,0.7786407766990291,13.703571752927251,52.0625,10.825000000000001,715.1835,0,22.135922330097088,4.648543689320388
2025-09-24 11:50:00-03:00,778,27,992,1032,21.5,798,5.8,1,0.7732558139534884,14.226256135614927,51.9375,10.775,712.0155,0,22.674418604651162,4.875
2025-09-24 11:55:00-03:00,774,27,994,1034,22.1,793,5.8,1,0.7669245647969052,14.481702143376188,51.78125,10.7125,708.0498749999999,0,23.30754352030948,5.150967117988396
2025-09-24 12:00:00-03:00,769,27,995,1035,22.7,787,5.8,1,0.7603864734299517,14.529750044767408,51.59375,10.637500000000001,703.282875,0,23.96135265700483,5.439227053140096
2025-09-24 12:05:00-03:00,765,27,995,1036,23.1,783,5.8,1,0.7557915057915058,14.468356276133365,51.46875,10.5875,700.099875,0,24.42084942084942,5.6412162162162165
2025-09-24 12:10:00-03:00,763,28,996,1036,23.4,781,5.7,1,0.7538610038610039,14.265873668126966,52.40625,10.9625,695.382875,0,24.613899613899616,5.75965250965251
2025-09-24 12:15:00-03:00,760,28,995,1036,23.6,778,5.7,1,0.750965250965251,14.20067219919221,52.3125,10.925,693.0034999999999,0,24.903474903474905,5.877220077220078
2025-09-24 12:20:00-03:00,757,28,994,1035,23.9,774,5.6,1,0.7478260869565218,14.40328245416228,52.1875,10.875,689.8275,0,25.217391304347824,6.02695652173913
2025-09-24 12:25:00-03:00,753,28,993,1033,24.1,770,5.5,1,0.7454017424975798,14.829076678989912,52.0625,10.825000000000001,686.6475,0,25.459825750242015,6.135818005808326
2025-09-24 12:30:00-03:00,749,28,991,1031,24.4,766,5.5,1,0.7429679922405431,15.582381270539726,51.9375,10.775,683.4635,0,25.703200775945685,6.271580989330747
2025-09-24 12:35:00-03:00,745,28,989,1029,24.6,762,5.4,1,0.7405247813411079,16.746550979137307,51.8125,10.725000000000001,680.2755,0,25.94752186588921,6.383090379008746
2025-09-24 12:40:00-03:00,740,28,986,1025,24.9,757,5.3,1,0.7385365853658536,17.99221211995864,51.65625,10.662500000000001,676.284875,0,26.146341463414636,6.5104390243902435
2025-09-24 12:45:00-03:00,735,28,982,1022,25.1,751,5.3,1,0.7348336594911937,18.99980063691011,51.46875,10.5875,671.487875,0,26.516634050880626,6.6556751467710376
2025-09-24 12:50:00-03:00,730,28,978,1018,25.4,745,5.2,1,0.731827111984283,19.82346329402657,51.28125,10.512500000000001,666.681875,0,26.81728880157171,6.811591355599214
2025-09-24 12:55:00-03:00,724,28,973,1013,25.6,739,5.1,1,0.7295162882527148,20.687428476483877,51.09375,10.4375,661.866875,0,27.04837117472853,6.924383020730504
2025-09-24 13:00:00-03:00,718,28,968,1007,25.9,733,5.0,1,0.7279046673286991,21.37330535546943,50.90625,10.3625,657.042875,0,27.209533267130087,7.047269116186692
2025-09-24 13:05:00-03:00,712,28,962,1001,26.0,727,5.0,1,0.7262737262737263,22.125674103751706,50.71875,10.287500000000001,652.209875,0,27.372627372627374,7.116883116883117
2025-09-24 13:10:00-03:00,706,29,956,995,26.1,721,4.9,1,0.7246231155778895,22.696115005957054,51.53125,10.6125,644.483875,0,27.537688442211056,7.187336683417086
2025-09-24 13:15:00-03:00,700,29,949,988,26.2,715,4.8,1,0.7236842105263158,23.312599012707377,51.34375,10.537500000000001,639.656875,0,27.631578947368425,7.239473684210527
2025-09-24 13:20:00-03:00,694,29,942,980,26.3,708,4.8,1,0.7224489795918367,24.05470406965797,51.125,10.450000000000001,634.014,0,27.755102040816325,7.299591836734694
2025-09-24 13:25:00-03:00,688,29,934,972,26.4,702,4.7,1,0.7222222222222222,25.015752612862368,50.9375,10.375,629.1675,0,27.77777777777778,7.333333333333334
2025-09-24 13:30:00-03:00,681,29,926,963,26.5,694,4.6,1,0.7206645898234684,26.111648393356063,50.6875,10.275,622.6915,0,27.93354101765317,7.40238836967809
2025-09-24 13:35:00-03:00,673,29,917,954,26.5,687,4.6,1,0.720125786163522,27.261222320804627,50.46875,10.1875,617.011875,0,27.9874213836478,7.416666666666666
2025-09-24 13:40:00-03:00,666,29,907,944,26.6,679,4.5,1,0.7192796610169492,28.53652630110135,50.21875,10.0875,610.505875,0,28.072033898305083,7.467161016949152
2025-09-24 13:45:00-03:00,658,29,898,934,26.7,671,4.4,1,0.7184154175588865,30.13442107181541,49.96875,9.9875,603.983875,0,28.15845824411135,7.518308351177731
2025-09-24 13:50:00-03:00,650,29,887,923,26.8,662,4.4,1,0.7172264355362947,31.738873020418094,49.6875,9.875,596.6274999999999,0,28.277356446370533,7.578331527627302
2025-09-24 13:55:00-03:00,641,29,876,912,26.9,653,4.3,1,0.7160087719298246,33.5229455565597,49.40625,9.762500000000001,589.250875,0,28.399122807017545,7.63936403508772
2025-09-24 14:00:00-03:00,632,29,865,900,27.0,644,4.2,1,0.7155555555555555,35.20879280675927,49.125,9.65,581.8539999999999,0,28.444444444444443,7.68
2025-09-24 14:05:00-03:00,622,29,853,888,27.1,634,4.2,1,0.713963963963964,37.09478032382679,48.8125,9.525,573.6115,0,28.603603603603606,7.751576576576578
2025-09-24 14:10:00-03:00,611,30,841,875,27.4,622,4.1,1,0.7108571428571429,38.90343523042073,49.4375,9.775,561.1995,0,28.914285714285715,7.922514285714285
2025-09-24 14:15:00-03:00,600,30,828,862,27.6,611,4.0,1,0.7088167053364269,40.49120742566438,49.09375,9.637500000000001,552.114875,0,29.118329466357306,8.036658932714616
2025-09-24 14:20:00-03:00,588,30,815,848,27.9,599,4.0,1,0.7063679245283019,42.063714298744394,48.71875,9.4875,542.1698749999999,0,29.36320754716981,8.192334905660376
2025-09-24 14:25:00-03:00,576,30,802,834,28.1,587,3.9,1,0.7038369304556354,43.47717966376753,48.34375,9.3375,532.188875,0,29.61630695443645,8.322182254196642
2025-09-24 14:30:00-03:00,564,30,788,819,28.4,574,3.8,1,0.7008547008547008,44.64090731673151,47.9375,9.175,521.3355,0,29.914529914529915,8.495726495726496
2025-09-24 14:35:00-03:00,552,30,773,804,28.6,561,3.8,1,0.6977611940298507,45.604026935433225,47.53125,9.012500000000001,510.439875,0,30.223880597014922,8.644029850746268
2025-09-24 14:40:00-03:00,540,30,759,789,28.9,549,3.7,1,0.6958174904942965,46.397737013786426,47.15625,8.8625,500.344875,0,30.418250950570343,8.790874524714829
2025-09-24 14:45:00-03:00,527,30,743,773,29.1,535,3.6,1,0.6921086675291074,46.95645952272829,46.71875,8.6875,488.52187499999997,0,30.78913324708926,8.959637774902975
2025-09-24 14:50:00-03:00,514,30,728,757,29.4,522,3.6,1,0.6895640686922061,47.13005860640313,46.3125,8.525,477.49949999999995,0,31.04359313077939,9.126816380449139
2025-09-24 14:55:00-03:00,501,30,712,740,29.6,509,3.5,1,0.6878378378378378,47.05573742109495,45.90625,8.3625,466.434875,0,31.216216216216214,9.24
2025-09-24 15:00:00-03:00,487,30,695,723,29.9,495,3.4,1,0.6846473029045643,46.868206578441225,45.46875,8.1875,454.471875,0,31.535269709543567,9.429045643153525
2025-09-24 15:05:00-03:00,474,30,679,705,30.1,481,3.4,1,0.6822695035460993,46.705070777853784,45.03125,8.012500000000001,442.459875,0,31.773049645390074,9.563687943262414
2025-09-24 15:10:00-03:00,463,30,661,687,30.0,469,3.4,1,0.6826783114992722,46.56658640804269,44.65625,7.862500000000001,432.12487500000003,0,31.732168850072778,9.519650655021834
2025-09-24 15:15:00-03:00,451,30,643,668,29.9,457,3.4,1,0.6841317365269461,46.286574400118965,44.28125,7.7125,421.753875,0,31.58682634730539,9.444461077844311
2025-09-24 15:20:00-03:00,439,30,625,649,29.8,445,3.4,1,0.6856702619414484,46.31209999623668,43.90625,7.5625,411.34687499999995,0,31.432973805855163,9.367026194144838
2025-09-24 15:25:00-03:00,426,30,607,630,29.7,432,3.4,1,0.6857142857142857,46.62121704534041,43.5,7.4,400.032,0,31.428571428571427,9.334285714285713
2025-09-24 15:30:00-03:00,414,29,588,611,29.6,419,3.4,1,0.6857610474631751,47.164043186498255,42.09375,6.8375,390.35087500000003,0,31.42389525368249,9.301472995090016
2025-09-24 15:35:00-03:00,401,29,569,591,29.5,406,3.4,1,0.6869712351945855,48.04795584212719,41.6875,6.675000000000001,378.8995,0,31.302876480541453,9.23434856175973
2025-09-24 15:40:00-03:00,388,29,550,571,29.4,393,3.4,1,0.6882661996497373,49.09013046521564,41.28125,6.5125,367.405875,0,31.17338003502627,9.164973730297723
2025-09-24 15:45:00-03:00,374,29,530,550,29.5,379,3.4,1,0.6890909090909091,50.11705993941307,40.84375,6.3375,354.980875,0,31.09090909090909,9.171818181818182
2025-09-24 15:50:00-03:00,360,29,510,530,29.5,364,3.5,1,0.6867924528301886,51.054931795147155,40.375,6.15,341.614,0,31.32075471698113,9.239622641509435
2025-09-24 15:55:00-03:00,345,29,490,509,29.6,349,3.5,1,0.6856581532416502,51.83101914351729,39.90625,5.9625,328.190875,0,31.43418467583497,9.304518664047151
2025-09-24 16:00:00-03:00,331,28,470,488,29.7,334,3.5,1,0.6844262295081968,52.6712934293084,38.4375,5.375,316.0475,0,31.557377049180328,9.372540983606557
2025-09-24 16:05:00-03:00,316,28,450,466,29.7,320,3.5,1,0.6866952789699571,53.64247525530819,38.0,5.2,303.36,0,31.330472103004293,9.305150214592274
2025-09-24 16:10:00-03:00,301,28,429,445,29.8,305,3.6,1,0.6853932584269663,54.49993049760403,37.53125,5.0125,289.711875,0,31.46067415730337,9.375280898876404
2025-09-24 16:15:00-03:00,287,28,409,424,29.8,290,3.6,1,0.6839622641509434,55.16991659383752,37.0625,4.825,276.0075,0,31.60377358490566,9.417924528301887
2025-09-24 16:20:00-03:00,272,28,388,402,29.9,275,3.6,1,0.6840796019900498,55.73856724736669,36.59375,4.6375,262.246875,0,31.592039800995025,9.446019900497511
2025-09-24 16:25:00-03:00,256,27,367,380,30.2,259,3.7,1,0.6815789473684211,56.31701395322242,35.09375,4.0375000000000005,248.54287499999998,0,31.842105263157894,9.616315789473683
2025-09-24 16:30:00-03:00,240,27,346,359,30.6,242,3.7,1,0.6740947075208914,56.74077150970533,34.5625,3.825,232.7435,0,32.590529247910865,9.972701949860726
2025-09-24 16:35:00-03:00,224,27,325,337,31.1,226,3.8,1,0.6706231454005934,57.15124803113783,34.0625,3.625,217.8075,0,32.93768545994065,10.243620178041544
2025-09-24 16:40:00-03:00,208,27,304,315,31.5,210,3.8,1,0.6666666666666666,57.2259609448556,33.5625,3.4250000000000003,202.8075,0,33.33333333333333,10.499999999999998
2025-09-24 16:45:00-03:00,193,27,283,293,31.9,194,3.9,1,0.6621160409556314,57.51600567748503,33.0625,3.225,187.7435,0,33.78839590443686,10.778498293515359
2025-09-24 16:50:00-03:00,178,27,262,271,32.4,178,3.9,1,0.6568265682656826,57.807609334510005,32.5625,3.0250000000000004,172.6155,0,34.31734317343174,11.118819188191884
2025-09-24 16:55:00-03:00,162,26,242,250,32.8,163,4.0,1,0.652,57.76965754905437,31.09375,2.4375,159.026875,0,34.8,11.414399999999999
2025-09-24 17:00:00-03:00,148,26,221,228,33.2,147,4.0,1,0.6447368421052632,57.43052456243876,30.59375,2.2375000000000003,143.710875,0,35.526315789473685,11.794736842105264
2025-09-24 17:05:00-03:00,133,26,200,206,33.8,132,4.1,1,0.6407766990291263,56.872797992686536,30.125,2.0500000000000003,129.294,0,35.92233009708738,12.141747572815534
2025-09-24 17:10:00-03:00,115,26,180,185,36.0,114,4.1,1,0.6162162162162163,55.771177524112474,29.5625,1.8250000000000002,111.9195,0,38.37837837837838,13.816216216216217
2025-09-24 17:15:00-03:00,99,26,160,164,38.2,97,4.2,1,0.5914634146341463,53.995720930364016,29.03125,1.6125,95.43587500000001,0,40.853658536585364,15.606097560975611
2025-09-24 17:20:00-03:00,83,26,140,143,40.5,82,4.2,1,0.5734265734265734,51.58723121320177,28.5625,1.425,80.8315,0,42.65734265734265,17.276223776223773
2025-09-24 17:25:00-03:00,69,25,120,123,42.7,68,4.3,1,0.5528455284552846,48.71710234207303,27.125,0.8500000000000001,67.422,0,44.71544715447154,19.09349593495935
2025-09-24 17:30:00-03:00,56,25,102,104,45.0,55,4.4,1,0.5288461538461539,45.13305245875155,26.71875,0.6875,54.621875,0,47.11538461538461,21.201923076923077
2025-09-24 17:35:00-03:00,44,25,84,86,47.3,44,4.4,1,0.5116279069767442,41.17617360475963,26.375,0.55,43.758,0,48.837209302325576,23.099999999999994
2025-09-24 17:40:00-03:00,35,25,67,68,47.2,35,4.5,1,0.5147058823529411,36.83830351770656,26.09375,0.4375,34.846875,0,48.529411764705884,22.90588235294118
2025-09-24 17:45:00-03:00,27,25,51,52,46.9,27,4.6,1,0.5192307692307693,32.37095593090947,25.84375,0.3375,26.908875,0,48.07692307692308,22.548076923076923
2025-09-24 17:50:00-03:00,20,24,37,35,46.6,19,4.6,1,0.5428571428571428,27.922376168786403,24.59375,0.0,19.0,0,45.714285714285715,21.302857142857142
2025-09-24 17:55:00-03:00,13,24,24,22,46.3,13,4.7,1,0.5909090909090909,23.527385719412603,24.40625,0.0,13.0,0,40.909090909090914,18.94090909090909
2025-09-24 18:00:00-03:00,7,24,13,12,46.0,7,4.8,0,0.5833333333333334,19.372543832641426,24.21875,0.0,7.0,0,41.66666666666667,19.16666666666667
2025-09-24 18:05:00-03:00,1,24,3,3,45.4,1,4.8,0,0.3333333333333333,15.648603384358651,24.03125,0.0,1.0,0,66.66666666666666,30.266666666666662
2025-09-24 18:10:00-03:00,0,24,0,0,44.7,0,4.8,0,,12.310379951392203,24.0,0.0,0.0,0,,
2025-09-24 18:15:00-03:00,0,24,0,0,43.9,0,4.7,0,,9.219133595117162,24.0,0.0,0.0,0,,
2025-09-24 18:20:00-03:00,0,24,0,0,43.1,0,4.7,0,,6.372288490664974,24.0,0.0,0.0,0,,
2025-09-24 18:25:00-03:00,0,24,0,0,42.4,0,4.6,0,,4.070403152070742,24.0,0.0,0.0,0,,
2025-09-24 18:30:00-03:00,0,23,0,0,41.6,0,4.6,0,,2.0150945543113012,23.0,0.0,0.0,0,,
2025-09-24 18:35:00-03:00,0,23,0,0,40.8,0,4.6,0,,0.28867513842406817,23.0,0.0,0.0,0,,
2025-09-24 18:40:00-03:00,0,23,0,0,40.0,0,4.6,0,,0.0,23.0,0.0,0.0,0,,
2025-09-24 18:45:00-03:00,0,23,0,0,39.2,0,4.5,0,,0.0,23.0,0.0,0.0,0,,
2025-09-24 18:50:00-03:00,0,23,0,0,38.4,0,4.5,0,,0.0,23.0,0.0,0.0,0,,
2025-09-24 18:55:00-03:00,0,23,0,0,37.6,0,4.5,0,,0.0,23.0,0.0,0.0,0,,
2025-09-24 19:00:00-03:00,0,23,0,0,36.8,0,4.4,0,,0.0,23.0,0.0,0.0,0,,
2025-09-24 19:05:00-03:00,0,23,0,0,35.9,0,4.4,0,,0.0,23.0,0.0,0.0,0,,
2025-09-24 19:10:00-03:00,0,23,0,0,35.0,0,4.4,0,,0.0,23.0,0.0,0.0,0,,
2025-09-24 19:15:00-03:00,0,22,0,0,34.0,0,4.4,0,,0.0,22.0,0.0,0.0,0,,
2025-09-24 19:20:00-03:00,0,22,0,0,33.1,0,4.4,0,,0.0,22.0,0.0,0.0,0,,
2025-09-24 19:25:00-03:00,0,22,0,0,32.1,0,4.4,0,,0.0,22.0,0.0,0.0,0,,
2025-09-24 19:30:00-03:00,0,22,0,0,31.2,0,4.3,0,,0.0,22.0,0.0,0.0,0,,
2025-09-24 19:35:00-03:00,0,22,0,0,30.2,0,4.3,0,,0.0,22.0,0.0,0.0,0,,
2025-09-24 19:40:00-03:00,0,22,0,0,29.2,0,4.3,0,,0.0,22.0,0.0,0.0,0,,
2025-09-24 19:45:00-03:00,0,22,0,0,28.2,0,4.3,0,,0.0,22.0,0.0,0.0,0,,
2025-09-24 19:50:00-03:00,0,22,0,0,27.2,0,4.3,0,,0.0,22.0,0.0,0.0,0,,
2025-09-24 19:55:00-03:00,0,21,0,0,26.2,0,4.3,0,,0.0,21.0,0.0,0.0,0,,
2025-09-24 20:00:00-03:00,0,21,0,0,25.2,0,4.3,0,,0.0,21.0,0.0,0.0,0,,
2025-09-24 20:05:00-03:00,0,21,0,0,24.2,0,4.3,0,,0.0,21.0,0.0,0.0,0,,
2025-09-24 20:10:00-03:00,0,21,0,0,23.1,0,4.3,0,,0.0,21.0,0.0,0.0,0,,
2025-09-24 20:15:00-03:00,0,21,0,0,22.1,0,4.3,0,,0.0,21.0,0.0,0.0,0,,
2025-09-24 20:20:00-03:00,0,21,0,0,21.1,0,4.3,0,,0.0,21.0,0.0,0.0,0,,
2025-09-24 20:25:00-03:00,0,21,0,0,20.0,0,4.3,0,,0.0,21.0,0.0,0.0,0,,
2025-09-24 20:30:00-03:00,0,21,0,0,19.0,0,4.3,0,,0.0,21.0,0.0,0.0,0,,
2025-09-24 20:35:00-03:00,0,21,0,0,17.9,0,4.3,0,,0.0,21.0,0.0,0.0,0,,
2025-09-24 20:40:00-03:00,0,20,0,0,16.8,0,4.3,0,,0.0,20.0,0.0,0.0,0,,
2025-09-24 20:45:00-03:00,0,20,0,0,15.8,0,4.4,0,,0.0,20.0,0.0,0.0,0,,
2025-09-24 20:50:00-03:00,0,20,0,0,14.7,0,4.4,0,,0.0,20.0,0.0,0.0,0,,
2025-09-24 20:55:00-03:00,0,20,0,0,13.6,0,4.4,0,,0.0,20.0,0.0,0.0,0,,
2025-09-24 21:00:00-03:00,0,20,0,0,12.5,0,4.4,0,,0.0,20.0,0.0,0.0,0,,
2025-09-24 21:05:00-03:00,0,20,0,0,12.1,0,4.4,0,,0.0,20.0,0.0,0.0,0,,
2025-09-24 21:10:00-03:00,0,20,0,0,12.3,0,4.5,0,,0.0,20.0,0.0,0.0,0,,
2025-09-24 21:15:00-03:00,0,20,0,0,12.6,0,4.5,0,,0.0,20.0,0.0,0.0,0,,
2025-09-24 21:20:00-03:00,0,20,0,0,12.9,0,4.5,0,,0.0,20.0,0.0,0.0,0,,
2025-09-24 21:25:00-03:00,0,20,0,0,13.2,0,4.6,0,,0.0,20.0,0.0,0.0,0,,
2025-09-24 21:30:00-03:00,0,20,0,0,13.4,0,4.6,0,,0.0,20.0,0.0,0.0,0,,
2025-09-24 21:35:00-03:00,0,20,0,0,13.7,0,4.7,0,,0.0,20.0,0.0,0.0,0,,
2025-09-24 21:40:00-03:00,0,20,0,0,14.0,0,4.7,0,,0.0,20.0,0.0,0.0,0,,
2025-09-24 21:45:00-03:00,0,20,0,0,14.3,0,4.7,0,,0.0,20.0,0.0,0.0,0,,
2025-09-24 21:50:00-03:00,0,20,0,0,14.5,0,4.8,0,,0.0,20.0,0.0,0.0,0,,
2025-09-24 21:55:00-03:00,0,20,0,0,14.8,0,4.8,0,,0.0,20.0,0.0,0.0,0,,
2025-09-24 22:00:00-03:00,0,20,0,0,15.1,0,4.9,0,,0.0,20.0,0.0,0.0,0,,
2025-09-24 22:05:00-03:00,0,20,0,0,15.3,0,4.9,0,,0.0,20.0,0.0,0.0,0,,
2025-09-24 22:10:00-03:00,0,20,0,0,15.4,0,4.9,0,,0.0,20.0,0.0,0.0,0,,
2025-09-24 22:15:00-03:00,0,20,0,0,15.6,0,5.0,0,,0.0,20.0,0.0,0.0,0,,
2025-09-24 22:20:00-03:00,0,20,0,0,15.7,0,5.0,0,,0.0,20.0,0.0,0.0,0,,
2025-09-24 22:25:00-03:00,0,20,0,0,15.8,0,5.0,0,,0.0,20.0,0.0,0.0,0,,
2025-09-24 22:30:00-03:00,0,20,0,0,16.0,0,5.1,0,,0.0,20.0,0.0,0.0,0,,
2025-09-24 22:35:00-03:00,0,19,0,0,16.1,0,5.1,0,,0.0,19.0,0.0,0.0,0,,
2025-09-24 22:40:00-03:00,0,19,0,0,16.2,0,5.2,0,,0.0,19.0,0.0,0.0,0,,
2025-09-24 22:45:00-03:00,0,19,0,0,16.4,0,5.2,0,,0.0,19.0,0.0,0.0,0,,
2025-09-24 22:50:00-03:00,0,19,0,0,16.5,0,5.2,0,,0.0,19.0,0.0,0.0,0,,
2025-09-24 22:55:00-03:00,0,19,0,0,16.6,0,5.3,0,,0.0,19.0,0.0,0.0,0,,
2025-09-24 23:00:00-03:00,0,19,0,0,16.8,0,5.3,0,,0.0,19.0,0.0,0.0,0,,
2025-09-24 23:05:00-03:00,0,19,0,0,16.9,0,5.4,0,,0.0,19.0,0.0,0.0,0,,
2025-09-24 23:10:00-03:00,0,19,0,0,17.0,0,5.4,0,,0.0,19.0,0.0,0.0,0,,
2025-09-24 23:15:00-03:00,0,19,0,0,17.2,0,5.4,0,,0.0,19.0,0.0,0.0,0,,
2025-09-24 23:20:00-03:00,0,19,0,0,17.3,0,5.5,0,,0.0,19.0,0.0,0.0,0,,
2025-09-24 23:25:00-03:00,0,19,0,0,17.4,0,5.5,0,,0.0,19.0,0.0,0.0,0,,
2025-09-24 23:30:00-03:00,0,19,0,0,17.6,0,5.5,0,,0.0,19.0,0.0,0.0,0,,
2025-09-24 23:35:00-03:00,0,19,0,0,17.7,0,5.6,0,,0.0,19.0,0.0,0.0,0,,
2025-09-24 23:40:00-03:00,0,19,0,0,17.8,0,5.6,0,,0.0,19.0,0.0,0.0,0,,
2025-09-24 23:45:00-03:00,0,19,0,0,18.0,0,5.7,0,,0.0,19.0,0.0,0.0,0,,
2025-09-24 23:50:00-03:00,0,19,0,0,18.1,0,5.7,0,,0.0,19.0,0.0,0.0,0,,
2025-09-24 23:55:00-03:00,0,19,0,0,18.2,0,5.7,0,,0.0,19.0,0.0,0.0,0,,
2025-09-25 00:00:00-03:00,0,19,0,0,18.4,0,5.8,0,,0.0,19.0,0.0,0.0,0,,
2025-09-25 00:05:00-03:00,0,19,0,0,18.7,0,5.8,0,,0.0,19.0,0.0,0.0,0,,
2025-09-25 00:10:00-03:00,0,19,0,0,19.2,0,5.8,0,,0.0,19.0,0.0,0.0,0,,
2025-09-25 00:15:00-03:00,0,19,0,0,19.8,0,5.8,0,,0.0,19.0,0.0,0.0,0,,
2025-09-25 00:20:00-03:00,0,19,0,0,20.3,0,5.7,0,,0.0,19.0,0.0,0.0,0,,
2025-09-25 00:25:00-03:00,0,19,0,0,20.8,0,5.7,0,,0.0,19.0,0.0,0.0,0,,
2025-09-25 00:30:00-03:00,0,19,0,0,21.3,0,5.7,0,,0.0,19.0,0.0,0.0,0,,
2025-09-25 00:35:00-03:00,0,19,0,0,21.8,0,5.7,0,,0.0,19.0,0.0,0.0,0,,
2025-09-25 00:40:00-03:00,0,19,0,0,22.4,0,5.7,0,,0.0,19.0,0.0,0.0,0,,
2025-09-25 00:45:00-03:00,0,19,0,0,22.9,0,5.6,0,,0.0,19.0,0.0,0.0,0,,
2025-09-25 00:50:00-03:00,0,19,0,0,23.4,0,5.6,0,,0.0,19.0,0.0,0.0,0,,
2025-09-25 00:55:00-03:00,0,19,0,0,23.9,0,5.6,0,,0.0,19.0,0.0,0.0,0,,
2025-09-25 01:00:00-03:00,0,19,0,0,24.4,0,5.6,0,,0.0,19.0,0.0,0.0,0,,
2025-09-25 01:05:00-03:00,0,19,0,0,24.9,0,5.6,0,,0.0,19.0,0.0,0.0,0,,
2025-09-25 01:10:00-03:00,0,19,0,0,25.4,0,5.5,0,,0.0,19.0,0.0,0.0,0,,
2025-09-25 01:15:00-03:00,0,19,0,0,25.9,0,5.5,0,,0.0,19.0,0.0,0.0,0,,
2025-09-25 01:20:00-03:00,0,19,0,0,26.5,0,5.5,0,,0.0,19.0,0.0,0.0,0,,
2025-09-25 01:25:00-03:00,0,19,0,0,27.0,0,5.5,0,,0.0,19.0,0.0,0.0,0,,
2025-09-25 01:30:00-03:00,0,19,0,0,27.5,0,5.5,0,,0.0,19.0,0.0,0.0,0,,
2025-09-25 01:35:00-03:00,0,19,0,0,28.0,0,5.4,0,,0.0,19.0,0.0,0.0,0,,
2025-09-25 01:40:00-03:00,0,19,0,0,28.5,0,5.4,0,,0.0,19.0,0.0,0.0,0,,
2025-09-25 01:45:00-03:00,0,19,0,0,28.9,0,5.4,0,,0.0,19.0,0.0,0.0,0,,
2025-09-25 01:50:00-03:00,0,19,0,0,29.4,0,5.4,0,,0.0,19.0,0.0,0.0,0,,
2025-09-25 01:55:00-03:00,0,19,0,0,29.9,0,5.4,0,,0.0,19.0,0.0,0.0,0,,
2025-09-25 02:00:00-03:00,0,19,0,0,30.4,0,5.4,0,,0.0,19.0,0.0,0.0,0,,
2025-09-25 02:05:00-03:00,0,19,0,0,30.9,0,5.3,0,,0.0,19.0,0.0,0.0,0,,
2025-09-25 02:10:00-03:00,0,18,0,0,31.4,0,5.3,0,,0.0,18.0,0.0,0.0,0,,
2025-09-25 02:15:00-03:00,0,18,0,0,31.9,0,5.3,0,,0.0,18.0,0.0,0.0,0,,
2025-09-25 02:20:00-03:00,0,18,0,0,32.4,0,5.3,0,,0.0,18.0,0.0,0.0,0,,
2025-09-25 02:25:00-03:00,0,18,0,0,32.8,0,5.3,0,,0.0,18.0,0.0,0.0,0,,
2025-09-25 02:30:00-03:00,0,18,0,0,33.3,0,5.2,0,,0.0,18.0,0.0,0.0,0,,
2025-09-25 02:35:00-03:00,0,18,0,0,33.8,0,5.2,0,,0.0,18.0,0.0,0.0,0,,
2025-09-25 02:40:00-03:00,0,18,0,0,34.3,0,5.2,0,,0.0,18.0,0.0,0.0,0,,
2025-09-25 02:45:00-03:00,0,18,0,0,34.8,0,5.2,0,,0.0,18.0,0.0,0.0,0,,
2025-09-25 02:50:00-03:00,0,18,0,0,35.2,0,5.2,0,,0.0,18.0,0.0,0.0,0,,
2025-09-25 02:55:00-03:00,0,18,0,0,35.7,0,5.2,0,,0.0,18.0,0.0,0.0,0,,
2025-09-25 03:00:00-03:00,0,18,0,0,36.2,0,5.1,0,,0.0,18.0,0.0,0.0,0,,
2025-09-25 03:05:00-03:00,0,18,0,0,36.3,0,5.1,0,,0.0,18.0,0.0,0.0,0,,
2025-09-25 03:10:00-03:00,0,18,0,0,36.2,0,5.1,0,,0.0,18.0,0.0,0.0,0,,
2025-09-25 03:15:00-03:00,0,18,0,0,36.1,0,5.1,0,,0.0,18.0,0.0,0.0,0,,
2025-09-25 03:20:00-03:00,0,18,0,0,36.0,0,5.2,0,,0.0,18.0,0.0,0.0,0,,
2025-09-25 03:25:00-03:00,0,18,0,0,35.9,0,5.2,0,,0.0,18.0,0.0,0.0,0,,
2025-09-25 03:30:00-03:00,0,18,0,0,35.8,0,5.2,0,,0.0,18.0,0.0,0.0,0,,
2025-09-25 03:35:00-03:00,0,18,0,0,35.6,0,5.2,0,,0.0,18.0,0.0,0.0,0,,
2025-09-25 03:40:00-03:00,0,18,0,0,35.5,0,5.2,0,,0.0,18.0,0.0,0.0,0,,
2025-09-25 03:45:00-03:00,0,18,0,0,35.4,0,5.2,0,,0.0,18.0,0.0,0.0,0,,
2025-09-25 03:50:00-03:00,0,18,0,0,35.3,0,5.2,0,,0.0,18.0,0.0,0.0,0,,
2025-09-25 03:55:00-03:00,0,18,0,0,35.2,0,5.2,0,,0.0,18.0,0.0,0.0,0,,
2025-09-25 04:00:00-03:00,0,18,0,0,35.0,0,5.2,0,,0.0,18.0,0.0,0.0,0,,
2025-09-25 04:05:00-03:00,0,18,0,0,34.9,0,5.2,0,,0.0,18.0,0.0,0.0,0,,
2025-09-25 04:10:00-03:00,0,18,0,0,34.8,0,5.2,0,,0.0,18.0,0.0,0.0,0,,
2025-09-25 04:15:00-03:00,0,18,0,0,34.7,0,5.2,0,,0.0,18.0,0.0,0.0,0,,
2025-09-25 04:20:00-03:00,0,18,0,0,34.6,0,5.3,0,,0.0,18.0,0.0,0.0,0,,
2025-09-25 04:25:00-03:00,0,18,0,0,34.5,0,5.3,0,,0.0,18.0,0.0,0.0,0,,
2025-09-25 04:30:00-03:00,0,18,0,0,34.3,0,5.3,0,,0.0,18.0,0.0,0.0,0,,
2025-09-25 04:35:00-03:00,0,18,0,0,34.2,0,5.3,0,,0.0,18.0,0.0,0.0,0,,
2025-09-25 04:40:00-03:00,0,18,0,0,34.1,0,5.3,0,,0.0,18.0,0.0,0.0,0,,
2025-09-25 04:45:00-03:00,0,18,0,0,34.0,0,5.3,0,,0.0,18.0,0.0,0.0,0,,
2025-09-25 04:50:00-03:00,0,18,0,0,33.9,0,5.3,0,,0.0,18.0,0.0,0.0,0,,
2025-09-25 04:55:00-03:00,0,18,0,0,33.7,0,5.3,0,,0.0,18.0,0.0,0.0,0,,
2025-09-25 05:00:00-03:00,0,18,0,0,33.6,0,5.3,0,,0.0,18.0,0.0,0.0,0,,
2025-09-25 05:05:00-03:00,0,18,0,0,33.4,0,5.3,0,,0.0,18.0,0.0,0.0,0,,
2025-09-25 05:10:00-03:00,0,18,0,0,33.2,0,5.3,0,,0.0,18.0,0.0,0.0,0,,
2025-09-25 05:15:00-03:00,0,18,0,0,33.0,0,5.3,0,,0.0,18.0,0.0,0.0,0,,
2025-09-25 05:20:00-03:00,0,18,0,0,32.7,0,5.4,0,,0.0,18.0,0.0,0.0,0,,
2025-09-25 05:25:00-03:00,0,18,0,0,32.5,0,5.4,0,,0.0,18.0,0.0,0.0,0,,
2025-09-25 05:30:00-03:00,0,18,0,0,32.2,0,5.4,0,,0.0,18.0,0.0,0.0,0,,
2025-09-25 05:35:00-03:00,0,18,0,0,32.0,0,5.4,0,,0.0,18.0,0.0,0.0,0,,
2025-09-25 05:40:00-03:00,0,18,0,0,31.8,0,5.4,0,,0.0,18.0,0.0,0.0,0,,
2025-09-25 05:45:00-03:00,0,18,0,0,31.5,0,5.4,0,,1.443375673739555,18.0,0.0,0.0,0,,
2025-09-25 05:50:00-03:00,0,18,0,0,31.3,0,5.4,0,,3.8963852715080143,18.0,0.0,0.0,0,,
2025-09-25 05:55:00-03:00,0,18,0,0,31.0,0,5.4,0,,7.03670032880129,18.0,0.0,0.0,0,,
2025-09-25 06:00:00-03:00,0,18,0,0,30.8,0,5.4,0,,10.526661677036964,18.0,0.0,0.0,0,,
2025-09-25 06:05:00-03:00,0,18,0,0,31.0,0,5.4,0,,14.581796455888744,18.0,0.0,0.0,0,,
2025-09-25 06:10:00-03:00,5,18,8,7,31.6,5,5.5,0,0.7142857142857143,18.86715921838433,18.15625,0.0,5.0,0,28.57142857142857,9.028571428571428
2025-09-25 06:15:00-03:00,13,18,19,17,32.2,13,5.5,1,0.7647058823529411,23.515307715865585,18.40625,0.0,13.0,0,23.52941176470588,7.576470588235294
2025-09-25 06:20:00-03:00,22,18,33,28,32.8,22,5.5,1,0.7857142857142857,28.72386822944875,18.6875,0.0,22.0,0,21.428571428571427,7.028571428571428
2025-09-25 06:25:00-03:00,32,18,48,46,33.4,31,5.5,1,0.6739130434782609,34.21710984380051,18.96875,0.0,31.0,0,32.608695652173914,10.891304347826088
2025-09-25 06:30:00-03:00,42,18,64,65,34.0,42,5.5,1,0.6461538461538462,39.74197079192621,19.3125,0.0,42.0,0,35.38461538461539,12.03076923076923
2025-09-25 06:35:00-03:00,53,18,82,83,34.6,53,5.6,1,0.6385542168674698,45.04038591795591,19.65625,0.0,53.0,0,36.144578313253014,12.506024096385543
2025-09-25 06:40:00-03:00,66,18,100,102,33.6,66,5.6,1,0.6470588235294118,49.98446728433711,20.0625,0.0,66.0,0,35.294117647058826,11.858823529411765
2025-09-25 06:45:00-03:00,82,19,119,122,31.3,82,5.6,1,0.6721311475409836,54.704163045854266,21.5625,0.0,82.0,0,32.78688524590164,10.262295081967213
2025-09-25 06:50:00-03:00,98,19,139,142,29.1,99,5.6,1,0.6971830985915493,58.621797580055976,22.09375,0.0,99.0,0,30.28169014084507,8.811971830985915
2025-09-25 06:55:00-03:00,116,19,159,163,26.8,117,5.6,1,0.7177914110429447,61.7546464943183,22.65625,0.0,117.0,0,28.22085889570552,7.563190184049079
2025-09-25 07:00:00-03:00,135,19,179,184,24.6,136,5.7,1,0.7391304347826086,63.97371619374764,23.25,0.0,136.0,0,26.08695652173913,6.417391304347826
2025-09-25 07:05:00-03:00,155,19,200,206,22.4,157,5.7,1,0.7621359223300971,65.54451413608224,23.90625,0.0,157.0,0,23.78640776699029,5.328155339805825
2025-09-25 07:10:00-03:00,175,19,221,228,20.8,178,5.7,1,0.7807017543859649,66.16347981029836,24.5625,0.0,178.0,0,21.929824561403507,4.561403508771929
2025-09-25 07:15:00-03:00,192,19,242,250,20.8,195,5.7,1,0.78,66.11399705101974,25.09375,0.037500000000000006,194.926875,0,22.0,4.5760000000000005
2025-09-25 07:20:00-03:00,208,19,263,272,20.8,212,5.7,1,0.7794117647058824,65.60227961672273,25.625,0.25,211.47,0,22.058823529411764,4.588235294117647
2025-09-25 07:25:00-03:00,225,19,285,294,20.8,229,5.8,1,0.7789115646258503,64.89356087028796,26.15625,0.4625,227.940875,0,22.108843537414966,4.598639455782314
2025-09-25 07:30:00-03:00,242,19,306,316,20.8,247,5.8,1,0.7816455696202531,63.85133063800545,26.71875,0.6875,245.301875,0,21.835443037974684,4.541772151898734
2025-09-25 07:35:00-03:00,259,19,327,338,20.8,264,5.8,1,0.7810650887573964,62.69092051607576,27.25,0.9,261.624,0,21.893491124260358,4.5538461538461545
2025-09-25 07:40:00-03:00,276,19,348,361,20.7,282,5.8,1,0.7811634349030471,61.830413228453835,27.8125,1.125,278.8275,0,21.88365650969529,4.529916897506925
2025-09-25 07:45:00-03:00,293,19,370,383,20.6,299,5.8,1,0.7806788511749347,61.25851826976691,28.34375,1.3375000000000001,295.000875,0,21.93211488250653,4.518015665796345
2025-09-25 07:50:00-03:00,310,20,391,405,20.5,317,5.9,1,0.782716049382716,60.59621700364444,29.90625,1.9625000000000001,310.77887499999997,0,21.728395061728396,4.454320987654321
2025-09-25 07:55:00-03:00,326,20,412,427,20.8,333,5.9,1,0.7798594847775175,59.73172346316476,30.40625,2.1625,325.798875,0,22.01405152224824,4.578922716627634
2025-09-25 08:00:00-03:00,342,20,433,448,21.0,349,5.9,1,0.7790178571428571,58.71109285512894,30.90625,2.3625000000000003,340.75487499999997,0,22.098214285714285,4.640625
2025-09-25 08:05:00-03:00,357,20,453,470,21.2,365,5.9,1,0.776595744680851,57.617600425468744,31.40625,2.5625,355.646875,0,22.340425531914892,4.736170212765957
2025-09-25 08:10:00-03:00,372,20,474,491,21.4,380,5.9,1,0.7739307535641547,56.38020284397991,31.875,2.75,369.55,0,22.606924643584524,4.8378818737270874
2025-09-25 08:15:00-03:00,387,20,494,512,21.6,396,6.0,1,0.7734375,54.97823260716062,32.375,2.95,384.318,0,22.65625,4.893750000000001
2025-09-25 08:20:00-03:00,402,20,514,533,21.9,411,6.0,1,0.7711069418386491,53.389009764532204,32.84375,3.1375,398.104875,0,22.88930581613508,5.012757973733582
2025-09-25 08:25:00-03:00,416,20,534,554,22.1,426,6.0,1,0.7689530685920578,51.778300708340474,33.3125,3.325,411.8355,0,23.104693140794225,5.106137184115524
2025-09-25 08:30:00-03:00,431,20,554,575,22.2,440,6.0,1,0.7652173913043478,50.10436078524338,33.75,3.5,424.59999999999997,0,23.47826086956522,5.212173913043479
2025-09-25 08:35:00-03:00,444,20,573,595,22.6,454,6.1,1,0.7630252100840336,48.33563212924971,34.1875,3.6750000000000003,437.3155,0,23.697478991596636,5.35563025210084
2025-09-25 08:40:00-03:00,456,20,592,615,23.1,466,6.1,1,0.7577235772357723,46.858588036005266,34.5625,3.825,448.1755,0,24.227642276422763,5.596585365853659
2025-09-25 08:45:00-03:00,467,20,611,634,23.5,478,6.1,1,0.7539432176656151,46.14601332136167,34.9375,3.975,458.9995,0,24.605678233438486,5.782334384858044
2025-09-25 08:50:00-03:00,479,20,630,654,23.9,489,6.1,1,0.7477064220183486,46.225730733206206,35.28125,4.1125,468.889875,0,25.229357798165136,6.029816513761467
2025-09-25 08:55:00-03:00,490,20,648,673,24.4,501,6.2,1,0.7444279346210996,46.928297982302894,35.65625,4.2625,479.644875,0,25.557206537890043,6.23595839524517
2025-09-25 09:00:00-03:00,501,21,666,692,24.8,512,6.2,1,0.7398843930635838,48.208118893743894,37.0,4.800000000000001,487.424,0,26.011560693641616,6.4508670520231215
2025-09-25 09:05:00-03:00,514,21,684,710,24.7,525,6.2,1,0.7394366197183099,49.8496983365296,37.40625,4.9625,498.946875,0,26.056338028169012,6.435915492957746
2025-09-25 09:10:00-03:00,530,21,701,728,24.3,542,6.2,1,0.7445054945054945,51.77830070833688,37.9375,5.175000000000001,513.9515,0,25.549450549450547,6.208516483516483
2025-09-25 09:15:00-03:00,546,21,717,745,24.0,558,6.2,1,0.748993288590604,53.488883013773034,38.4375,5.375,528.0075,0,25.100671140939596,6.024161073825503
2025-09-25 09:20:00-03:00,561,21,734,762,23.5,574,6.2,1,0.7532808398950132,54.92363845018379,38.9375,5.575,541.9995,0,24.671916010498688,5.797900262467192
2025-09-25 09:25:00-03:00,576,21,750,779,23.1,590,6.1,1,0.7573812580231065,56.01156536418042,39.4375,5.775,555.9275,0,24.261874197689345,5.6044929396662395
2025-09-25 09:30:00-03:00,592,21,766,795,22.7,606,6.1,1,0.7622641509433963,56.51119492202858,39.9375,5.9750000000000005,569.7915,0,23.77358490566038,5.396603773584905
2025-09-25 09:35:00-03:00,607,21,781,811,22.3,622,6.1,1,0.7669543773119606,56.3497600220779,40.4375,6.175000000000001,583.5915,0,23.304562268803945,5.196917385943279
2025-09-25 09:40:00-03:00,622,21,796,827,21.9,637,6.1,1,0.7702539298669892,55.73041169665858,40.90625,6.362500000000001,596.470875,0,22.97460701330109,5.031438935912938
2025-09-25 09:45:00-03:00,636,22,810,842,21.5,652,6.1,1,0.7743467933491687,55.126850961849115,42.375,6.95,606.686,0,22.565320665083135,4.8515439429928735
2025-09-25 09:50:00-03:00,651,22,824,856,21.0,668,6.1,1,0.780373831775701,54.447361290657014,42.875,7.15,620.2379999999999,0,21.962616822429908,4.612149532710281
2025-09-25 09:55:00-03:00,665,22,838,871,20.6,682,6.1,1,0.78300803673938,53.74152505420419,43.3125,7.325,632.0435,0,21.699196326061998,4.470034443168772
2025-09-25 10:00:00-03:00,679,22,851,884,20.2,697,6.1,1,0.7884615384615384,52.92440291814849,43.78125,7.5125,644.637875,0,21.153846153846153,4.273076923076923
2025-09-25 10:05:00-03:00,693,22,864,898,19.8,712,6.1,1,0.7928730512249443,52.0706833122643,44.25,7.7,657.176,0,20.71269487750557,4.101113585746103
2025-09-25 10:10:00-03:00,706,22,876,911,19.4,726,6.1,1,0.7969264544456641,51.255746167152175,44.6875,7.875,668.8275,0,20.30735455543359,3.9396267837541163
2025-09-25 10:15:00-03:00,720,22,888,923,19.0,740,6.1,1,0.8017334777898159,50.386611377037326,45.125,8.05,680.43,0,19.826652221018417,3.767063921993499
2025-09-25 10:20:00-03:00,733,22,900,935,18.5,754,6.0,1,0.8064171122994652,49.378178838981995,45.5625,8.225,691.9835,0,19.358288770053473,3.5812834224598924
2025-09-25 10:25:00-03:00,746,23,911,947,18.1,767,6.0,1,0.8099260823653643,48.475157648952695,46.96875,8.7875,699.599875,0,19.00739176346357,3.440337909186906
2025-09-25 10:30:00-03:00,758,23,921,958,17.7,780,6.0,1,0.81419624217119,47.305582987825574,47.375,8.950000000000001,710.1899999999999,0,18.580375782881003,3.2887265135699373
2025-09-25 10:35:00-03:00,770,23,931,968,17.3,793,6.0,1,0.8192148760330579,46.11144273946528,47.78125,9.1125,720.737875,0,18.078512396694215,3.1275826446280997
2025-09-25 10:40:00-03:00,782,23,941,978,16.9,806,6.0,1,0.8241308793456033,44.99393898576055,48.1875,9.275,731.2435,0,17.586912065439673,2.9721881390593046
2025-09-25 10:45:00-03:00,794,23,950,988,16.5,818,6.0,1,0.8279352226720648,43.751623346503465,48.5625,9.425,740.9035,0,17.20647773279352,2.8390688259109305
2025-09-25 10:50:00-03:00,805,23,959,997,16.0,830,6.0,1,0.8324974924774323,42.48279509151444,48.9375,9.575000000000001,750.5275,0,16.750250752256772,2.6800401203610833
2025-09-25 10:55:00-03:00,816,23,967,1005,15.6,841,6.0,1,0.83681592039801,41.15786312443087,49.28125,9.7125,759.317875,0,16.318407960199004,2.5456716417910443
2025-09-25 11:00:00-03:00,826,23,974,1013,15.2,852,6.0,1,0.84106614017769,39.72709936859321,49.625,9.850000000000001,768.078,0,15.893385982230997,2.4157946692991117
2025-09-25 11:05:00-03:00,836,23,981,1020,14.8,863,6.0,1,0.846078431372549,38.158660004420426,49.96875,9.9875,776.807875,0,15.392156862745098,2.2780392156862748
2025-09-25 11:10:00-03:00,846,24,988,1027,14.4,873,6.0,1,0.8500486854917235,36.574850607614074,51.28125,10.512500000000001,781.225875,0,14.995131450827653,2.159298928919182
2025-09-25 11:15:00-03:00,855,24,994,1033,14.0,883,6.0,1,0.8547918683446273,35.103310730499295,51.59375,10.637500000000001,789.070875,0,14.52081316553727,2.0329138431752174
2025-09-25 11:20:00-03:00,864,24,999,1039,13.5,892,5.9,1,0.8585178055822906,33.56901529503544,51.875,10.75,796.11,0,14.148219441770934,1.910009624639076
2025-09-25 11:25:00-03:00,872,24,1004,1044,13.1,901,5.9,1,0.8630268199233716,31.97110437803213,52.15625,10.8625,803.128875,0,13.697318007662835,1.7943486590038313
2025-09-25 11:30:00-03:00,880,24,1008,1048,12.7,909,5.9,1,0.8673664122137404,30.278880528515135,52.40625,10.9625,809.350875,0,13.263358778625955,1.684446564885496
2025-09-25 11:35:00-03:00,887,24,1012,1052,12.3,917,5.9,1,0.8716730038022814,28.614866871262404,52.65625,11.0625,815.556875,0,12.832699619771862,1.5784220532319393
2025-09-25 11:40:00-03:00,894,24,1015,1055,11.9,925,5.9,1,0.8767772511848341,26.862726231816147,52.90625,11.162500000000001,821.746875,0,12.322274881516588,1.466350710900474
2025-09-25 11:45:00-03:00,901,24,1018,1058,11.5,932,5.9,1,0.8809073724007561,24.668714083731185,53.125,11.25,827.15,0,11.909262759924385,1.3695652173913044
2025-09-25 11:50:00-03:00,907,25,1020,1060,11.0,938,5.9,1,0.8849056603773585,22.252510924020388,54.3125,11.725000000000001,828.0194999999999,0,11.50943396226415,1.2660377358490564
2025-09-25 11:55:00-03:00,913,25,1021,1062,10.6,944,5.9,1,0.8888888888888888,19.63068099590597,54.5,11.8,832.6080000000001,0,11.11111111111111,1.1777777777777778
2025-09-25 12:00:00-03:00,918,25,1022,1063,10.2,950,5.9,1,0.8936970837253058,16.88912147631713,54.6875,11.875,837.1875,0,10.630291627469427,1.0842897460018817
2025-09-25 12:05:00-03:00,921,25,1023,1063,9.9,954,5.9,1,0.8974600188146754,14.018386195083622,54.8125,11.925,840.2355,0,10.253998118532454,1.015145813734713
2025-09-25 12:10:00-03:00,923,25,1022,1063,9.8,955,5.8,1,0.8984007525870179,11.114759501996794,54.84375,11.9375,840.996875,0,10.159924741298212,0.995672624647225
2025-09-25 12:15:00-03:00,924,25,1022,1062,9.6,956,5.7,1,0.9001883239171374,8.375650133025903,54.875,11.950000000000001,841.7579999999999,0,9.981167608286253,0.9581920903954803
2025-09-25 12:20:00-03:00,924,25,1020,1061,9.4,957,5.7,1,0.9019792648444863,5.916079783043544,54.90625,11.9625,842.518875,0,9.802073515551367,0.9213949104618285
2025-09-25 12:25:00-03:00,924,25,1018,1059,9.2,957,5.6,1,0.9036827195467422,3.91964747942591,54.90625,11.9625,842.518875,0,9.631728045325778,0.8861189801699715
2025-09-25 12:30:00-03:00,924,25,1016,1056,9.1,957,5.5,1,0.90625,3.4989175814467597,54.90625,11.9625,842.518875,0,9.375,0.853125
2025-09-25 12:35:00-03:00,923,25,1013,1053,8.9,956,5.5,1,0.9078822412155746,4.581749037404714,54.875,11.950000000000001,841.7579999999999,0,9.211775878442545,0.8198480531813865
2025-09-25 12:40:00-03:00,921,25,1010,1050,8.8,954,5.4,1,0.9085714285714286,6.102657146011301,54.8125,11.925,840.2355,0,9.142857142857142,0.8045714285714286
2025-09-25 12:45:00-03:00,919,25,1006,1045,8.6,952,5.4,1,0.9110047846889953,7.509085406073565,54.75,11.9,838.712,0,8.899521531100477,0.765358851674641
2025-09-25 12:50:00-03:00,917,25,1001,1041,8.4,950,5.3,1,0.9125840537944284,8.904799522999038,54.6875,11.875,837.1875,0,8.741594620557157,0.7342939481268012
2025-09-25 12:55:00-03:00,914,25,996,1035,8.2,946,5.2,1,0.9140096618357488,10.323186611581653,54.5625,11.825000000000001,834.1355,0,8.599033816425122,0.7051207729468599
2025-09-25 13:00:00-03:00,910,26,990,1029,8.1,943,5.2,1,0.9164237123420796,11.70728858702867,55.46875,12.1875,828.0718750000001,0,8.35762876579203,0.6769679300291545
2025-09-25 13:05:00-03:00,907,26,984,1023,7.9,939,5.1,1,0.9178885630498533,13.097246992679608,55.34375,12.137500000000001,825.028875,0,8.211143695014663,0.6486803519061585
2025-09-25 13:10:00-03:00,903,26,978,1016,7.6,936,5.0,1,0.9212598425196851,14.462857339531167,55.25,12.100000000000001,822.744,0,7.874015748031496,0.5984251968503937
2025-09-25 13:15:00-03:00,899,26,971,1009,7.4,932,5.0,1,0.9236868186323092,15.973462841566834,55.125,12.05,819.694,0,7.631318136769079,0.5647175421209119
2025-09-25 13:20:00-03:00,895,26,963,1001,7.1,927,4.9,1,0.926073926073926,17.494587907693674,54.96875,11.9875,815.8758750000001,0,7.392607392607392,0.5248751248751248
2025-09-25 13:25:00-03:00,889,26,955,993,6.9,922,4.9,1,0.9284994964753273,19.062099474167788,54.8125,11.925,812.0515,0,7.150050352467272,0.4933534743202418
2025-09-25 13:30:00-03:00,884,26,946,984,6.6,916,4.8,1,0.9308943089430894,20.952146053372957,54.625,11.850000000000001,807.454,0,6.910569105691057,0.4560975609756098
2025-09-25 13:35:00-03:00,878,26,937,974,6.4,910,4.7,1,0.9342915811088296,22.88244000550478,54.4375,11.775,802.8475,0,6.570841889117044,0.4205338809034908
2025-09-25 13:40:00-03:00,871,26,928,964,6.1,903,4.7,1,0.9367219917012448,24.83887471221634,54.21875,11.6875,797.461875,0,6.327800829875518,0.38599585062240654
2025-09-25 13:45:00-03:00,864,26,918,954,5.9,896,4.6,1,0.939203354297694,26.571800956278988,54.0,11.600000000000001,792.064,0,6.079664570230608,0.35870020964360594
2025-09-25 13:50:00-03:00,856,26,907,943,5.6,888,4.6,1,0.9416755037115588,28.238701146188827,53.75,11.5,785.88,0,5.832449628844114,0.32661717921527034
2025-09-25 13:55:00-03:00,848,26,896,931,5.4,879,4.5,1,0.9441460794844253,29.83731139889613,53.46875,11.387500000000001,778.9038750000001,0,5.5853920515574655,0.30161117078410316
2025-09-25 14:00:00-03:00,839,26,885,919,5.1,870,4.4,1,0.9466811751904244,31.39918933521467,53.1875,11.275,771.9075,0,5.331882480957562,0.27192600652883564
2025-09-25 14:05:00-03:00,830,26,873,907,4.8,861,4.4,1,0.9492833517089305,33.07143324637274,52.90625,11.162500000000001,764.890875,0,5.071664829106946,0.2434399117971334
2025-09-25 14:10:00-03:00,821,26,860,894,4.5,852,4.3,1,0.9530201342281879,34.700886374142236,52.625,11.05,757.8539999999999,0,4.697986577181208,0.21140939597315436
2025-09-25 14:15:00-03:00,812,26,847,880,4.2,842,4.2,1,0.9568181818181818,36.287571960486964,52.3125,10.925,750.0115,0,4.318181818181818,0.18136363636363637
2025-09-25 14:20:00-03:00,802,26,834,866,3.8,832,4.2,1,0.9607390300230947,37.85858855362141,52.0,10.8,742.144,0,3.9260969976905313,0.1491916859122402
2025-09-25 14:25:00-03:00,791,27,820,852,3.5,821,4.1,1,0.9636150234741784,39.56314477189748,52.65625,11.0625,730.176875,0,3.6384976525821595,0.1273474178403756
2025-09-25 14:30:00-03:00,780,27,805,837,3.2,809,4.1,1,0.966547192353644,41.394901603791766,52.28125,10.912500000000001,720.7178749999999,0,3.345280764635603,0.1070489844683393
2025-09-25 14:35:00-03:00,768,27,791,821,2.8,797,4.0,1,0.9707673568818515,42.78806120657883,51.90625,10.762500000000001,711.222875,0,2.92326431181486,0.08185140073081607
2025-09-25 14:40:00-03:00,756,27,776,806,2.5,785,3.9,1,0.9739454094292804,43.86515148898157,51.53125,10.6125,701.691875,0,2.6054590570719602,0.06513647642679901
2025-09-25 14:45:00-03:00,744,27,760,789,2.2,772,3.9,1,0.9784537389100126,45.56779830564632,51.125,10.450000000000001,691.326,0,2.1546261089987326,0.04740177439797212
2025-09-25 14:50:00-03:00,731,27,744,773,1.8,758,3.8,1,0.9805950840879689,47.648014998876825,50.6875,10.275,680.1155,0,1.9404915912031047,0.03492884864165589
2025-09-25 14:55:00-03:00,717,27,728,756,1.5,744,3.8,1,0.9841269841269841,50.043844413037036,50.25,10.100000000000001,668.856,0,1.5873015873015872,0.023809523809523808
2025-09-25 15:00:00-03:00,706,27,711,738,0.8,733,3.7,1,0.9932249322493225,52.664173320342606,49.90625,9.9625,659.974875,0,0.6775067750677507,0.005420054200542006
2025-09-25 15:05:00-03:00,694,27,694,721,0.0,721,3.7,1,1.0,55.596694364345076,49.53125,9.8125,650.251875,0,0.0,0.0
2025-09-25 15:10:00-03:00,677,27,677,702,0.0,702,3.7,1,1.0,58.624382144447374,48.9375,9.575000000000001,634.7835,0,0.0,0.0
2025-09-25 15:15:00-03:00,659,27,659,684,0.0,684,3.7,1,1.0,61.5474072023623,48.375,9.35,620.0459999999999,0,0.0,0.0
2025-09-25 15:20:00-03:00,641,27,641,665,0.0,665,3.7,1,1.0,64.32463828821119,47.78125,9.1125,604.401875,0,0.0,0.0
2025-09-25 15:25:00-03:00,622,27,622,646,0.0,646,3.7,1,1.0,67.08745987684614,47.1875,8.875,588.6675,0,0.0,0.0
2025-09-25 15:30:00-03:00,604,27,604,626,0.0,626,3.7,1,1.0,69.67108873887955,46.5625,8.625,572.0075,0,0.0,0.0
2025-09-25 15:35:00-03:00,585,27,585,606,0.0,606,3.7,1,1.0,71.47345343171004,45.9375,8.375,555.2475000000001,0,0.0,0.0
2025-09-25 15:40:00-03:00,565,26,565,586,0.0,586,3.7,1,1.0,72.39218734006542,44.3125,7.7250000000000005,540.7315,0,0.0,0.0
2025-09-25 15:45:00-03:00,546,26,546,566,0.0,566,3.8,1,1.0,73.3069511772894,43.6875,7.4750000000000005,523.6915,0,0.0,0.0
2025-09-25 15:50:00-03:00,526,26,526,545,0.0,545,3.8,1,1.0,74.1502876023796,43.03125,7.2125,505.691875,0,0.0,0.0
2025-09-25 15:55:00-03:00,506,26,506,524,0.0,524,3.8,1,1.0,74.98176546011481,42.375,6.95,487.582,0,0.0,0.0
2025-09-25 16:00:00-03:00,486,26,486,503,0.0,503,3.8,1,1.0,75.72618137378325,41.71875,6.6875,469.361875,0,0.0,0.0
2025-09-25 16:05:00-03:00,465,26,465,482,0.0,482,3.8,1,1.0,76.3288340608681,41.0625,6.425000000000001,451.0315,0,0.0,0.0
2025-09-25 16:10:00-03:00,445,26,445,461,0.0,461,3.8,1,1.0,77.04676855946154,40.40625,6.1625000000000005,432.590875,0,0.0,0.0
2025-09-25 16:15:00-03:00,424,26,424,439,0.0,439,3.9,1,1.0,77.66341520050999,39.71875,5.8875,413.15387499999997,0,0.0,0.0
2025-09-25 16:20:00-03:00,403,26,403,417,0.0,417,3.9,1,1.0,78.12940896650476,39.03125,5.612500000000001,393.59587500000004,0,0.0,0.0
2025-09-25 16:25:00-03:00,383,26,383,395,0.0,395,3.9,1,1.0,78.55682174340502,38.34375,5.3375,373.916875,0,0.0,0.0
2025-09-25 16:30:00-03:00,361,26,361,374,0.0,374,3.9,1,1.0,78.9209424140138,37.6875,5.075,355.0195,0,0.0,0.0
2025-09-25 16:35:00-03:00,340,26,340,351,0.0,351,3.9,1,1.0,79.19710738519943,36.96875,4.7875000000000005,334.195875,0,0.0,0.0
2025-09-25 16:40:00-03:00,319,26,319,329,0.0,329,4.0,1,1.0,79.36046454837818,36.28125,4.5125,314.153875,0,0.0,0.0
2025-09-25 16:45:00-03:00,298,26,298,307,0.0,307,4.0,1,1.0,79.24740699324259,35.59375,4.2375,293.99087499999996,0,0.0,0.0
2025-09-25 16:50:00-03:00,277,26,277,285,0.0,285,4.0,1,1.0,79.15936170444863,34.90625,3.9625000000000004,273.70687499999997,0,0.0,0.0
2025-09-25 16:55:00-03:00,256,26,256,263,0.0,263,4.0,1,1.0,78.95851423183072,34.21875,3.6875,253.301875,0,0.0,0.0
2025-09-25 17:00:00-03:00,234,25,234,241,0.0,241,4.1,1,1.0,78.53328767298983,32.53125,3.0125,233.739875,0,0.0,0.0
2025-09-25 17:05:00-03:00,213,25,213,219,0.0,219,4.1,1,1.0,77.9037381917183,31.84375,2.7375000000000003,213.004875,0,0.0,0.0
2025-09-25 17:10:00-03:00,193,25,193,198,0.0,198,4.1,1,1.0,77.12814013057375,31.1875,2.475,193.09949999999998,0,0.0,0.0
2025-09-25 17:15:00-03:00,172,25,172,176,0.0,176,4.1,1,1.0,76.14022152144564,30.5,2.2,172.128,0,0.0,0.0
2025-09-25 17:20:00-03:00,152,25,152,155,0.0,155,4.2,1,1.0,74.74562924285692,29.84375,1.9375,151.996875,0,0.0,0.0
2025-09-25 17:25:00-03:00,132,25,132,135,0.0,135,4.2,1,1.0,73.59774988327008,29.21875,1.6875,132.721875,0,0.0,0.0
2025-09-25 17:30:00-03:00,112,25,112,114,0.0,114,4.2,1,1.0,71.92351788006529,28.5625,1.425,112.3755,0,0.0,0.0
2025-09-25 17:35:00-03:00,94,25,94,95,0.0,95,4.2,1,1.0,69.25638576838001,27.96875,1.1875,93.871875,0,0.0,0.0
2025-09-25 17:40:00-03:00,75,25,75,76,0.0,76,4.3,1,1.0,65.89034738707659,27.375,0.9500000000000001,75.278,0,0.0,0.0
2025-09-25 17:45:00-03:00,58,25,58,59,0.0,59,4.3,1,1.0,61.11904677585929,26.84375,0.7375,58.564875,0,0.0,0.0
2025-09-25 17:50:00-03:00,42,25,42,38,0.0,38,4.3,1,1.0,55.22865692243822,26.1875,0.47500000000000003,37.8195,0,0.0,0.0
2025-09-25 17:55:00-03:00,28,25,28,23,0.0,23,4.4,1,1.0,48.516788721850304,25.71875,0.28750000000000003,22.933875,0,0.0,0.0
2025-09-25 18:00:00-03:00,15,25,15,13,0.0,13,4.4,1,1.0,41.185739662133734,25.40625,0.1625,12.978875,0,0.0,0.0
2025-09-25 18:05:00-03:00,3,25,3,3,0.0,3,4.4,0,1.0,33.81623691054062,25.09375,0.037500000000000006,2.998875,0,0.0,0.0
2025-09-25 18:10:00-03:00,0,25,0,0,0.0,0,4.4,0,,26.39329575115645,25.0,0.0,0.0,0,,
2025-09-25 18:15:00-03:00,0,24,0,0,0.0,0,4.4,0,,19.284158988163263,24.0,0.0,0.0,0,,
2025-09-25 18:20:00-03:00,0,24,0,0,0.0,0,4.4,0,,12.273092026085829,24.0,0.0,0.0,0,,
2025-09-25 18:25:00-03:00,0,24,0,0,0.0,0,4.4,0,,7.262919523304138,24.0,0.0,0.0,0,,
2025-09-25 18:30:00-03:00,0,24,0,0,0.0,0,4.4,0,,3.773913650896367,24.0,0.0,0.0,0,,
2025-09-25 18:35:00-03:00,0,24,0,0,0.0,0,4.4,0,,0.8660254049395409,24.0,0.0,0.0,0,,
2025-09-25 18:40:00-03:00,0,24,0,0,0.0,0,4.5,0,,0.0,24.0,0.0,0.0,0,,
2025-09-25 18:45:00-03:00,0,24,0,0,0.0,0,4.5,0,,0.0,24.0,0.0,0.0,0,,
2025-09-25 18:50:00-03:00,0,24,0,0,0.0,0,4.5,0,,0.0,24.0,0.0,0.0,0,,
2025-09-25 18:55:00-03:00,0,24,0,0,0.0,0,4.5,0,,0.0,24.0,0.0,0.0,0,,
2025-09-25 19:00:00-03:00,0,24,0,0,0.0,0,4.5,0,,0.0,24.0,0.0,0.0,0,,
2025-09-25 19:05:00-03:00,0,24,0,0,0.0,0,4.5,0,,0.0,24.0,0.0,0.0,0,,
2025-09-25 19:10:00-03:00,0,23,0,0,0.0,0,4.5,0,,0.0,23.0,0.0,0.0,0,,
2025-09-25 19:15:00-03:00,0,23,0,0,0.0,0,4.5,0,,0.0,23.0,0.0,0.0,0,,
2025-09-25 19:20:00-03:00,0,23,0,0,0.0,0,4.5,0,,0.0,23.0,0.0,0.0,0,,
2025-09-25 19:25:00-03:00,0,23,0,0,0.0,0,4.5,0,,0.0,23.0,0.0,0.0,0,,
2025-09-25 19:30:00-03:00,0,23,0,0,0.0,0,4.5,0,,0.0,23.0,0.0,0.0,0,,
2025-09-25 19:35:00-03:00,0,23,0,0,0.0,0,4.5,0,,0.0,23.0,0.0,0.0,0,,
2025-09-25 19:40:00-03:00,0,23,0,0,0.0,0,4.5,0,,0.0,23.0,0.0,0.0,0,,
2025-09-25 19:45:00-03:00,0,23,0,0,0.0,0,4.5,0,,0.0,23.0,0.0,0.0,0,,
2025-09-25 19:50:00-03:00,0,23,0,0,0.0,0,4.5,0,,0.0,23.0,0.0,0.0,0,,
2025-09-25 19:55:00-03:00,0,23,0,0,0.0,0,4.6,0,,0.0,23.0,0.0,0.0,0,,
2025-09-25 20:00:00-03:00,0,22,0,0,0.0,0,4.6,0,,0.0,22.0,0.0,0.0,0,,
2025-09-25 20:05:00-03:00,0,22,0,0,0.0,0,4.6,0,,0.0,22.0,0.0,0.0,0,,
2025-09-25 20:10:00-03:00,0,22,0,0,0.0,0,4.6,0,,0.0,22.0,0.0,0.0,0,,
2025-09-25 20:15:00-03:00,0,22,0,0,0.0,0,4.6,0,,0.0,22.0,0.0,0.0,0,,
2025-09-25 20:20:00-03:00,0,22,0,0,0.0,0,4.6,0,,0.0,22.0,0.0,0.0,0,,
2025-09-25 20:25:00-03:00,0,22,0,0,0.0,0,4.6,0,,0.0,22.0,0.0,0.0,0,,
2025-09-25 20:30:00-03:00,0,22,0,0,0.0,0,4.6,0,,0.0,22.0,0.0,0.0,0,,
2025-09-25 20:35:00-03:00,0,22,0,0,0.0,0,4.6,0,,0.0,22.0,0.0,0.0,0,,
2025-09-25 20:40:00-03:00,0,22,0,0,0.0,0,4.6,0,,0.0,22.0,0.0,0.0,0,,
2025-09-25 20:45:00-03:00,0,22,0,0,0.0,0,4.6,0,,0.0,22.0,0.0,0.0,0,,
2025-09-25 20:50:00-03:00,0,22,0,0,0.0,0,4.6,0,,0.0,22.0,0.0,0.0,0,,
2025-09-25 20:55:00-03:00,0,21,0,0,0.0,0,4.6,0,,0.0,21.0,0.0,0.0,0,,
2025-09-25 21:00:00-03:00,0,21,0,0,0.0,0,4.6,0,,0.0,21.0,0.0,0.0,0,,
2025-09-25 21:05:00-03:00,0,21,0,0,0.0,0,4.7,0,,0.0,21.0,0.0,0.0,0,,
2025-09-25 21:10:00-03:00,0,21,0,0,0.0,0,4.7,0,,0.0,21.0,0.0,0.0,0,,
2025-09-25 21:15:00-03:00,0,21,0,0,0.0,0,4.7,0,,0.0,21.0,0.0,0.0,0,,
2025-09-25 21:20:00-03:00,0,21,0,0,0.0,0,4.7,0,,0.0,21.0,0.0,0.0,0,,
2025-09-25 21:25:00-03:00,0,21,0,0,0.0,0,4.7,0,,0.0,21.0,0.0,0.0,0,,
2025-09-25 21:30:00-03:00,0,21,0,0,0.0,0,4.8,0,,0.0,21.0,0.0,0.0,0,,
2025-09-25 21:35:00-03:00,0,21,0,0,0.0,0,4.8,0,,0.0,21.0,0.0,0.0,0,,
2025-09-25 21:40:00-03:00,0,21,0,0,0.0,0,4.8,0,,0.0,21.0,0.0,0.0,0,,
2025-09-25 21:45:00-03:00,0,21,0,0,0.0,0,4.8,0,,0.0,21.0,0.0,0.0,0,,
2025-09-25 21:50:00-03:00,0,21,0,0,0.0,0,4.8,0,,0.0,21.0,0.0,0.0,0,,
2025-09-25 21:55:00-03:00,0,21,0,0,0.0,0,4.9,0,,0.0,21.0,0.0,0.0,0,,
2025-09-25 22:00:00-03:00,0,21,0,0,0.0,0,4.9,0,,0.0,21.0,0.0,0.0,0,,
2025-09-25 22:05:00-03:00,0,21,0,0,0.0,0,4.9,0,,0.0,21.0,0.0,0.0,0,,
2025-09-25 22:10:00-03:00,0,21,0,0,0.0,0,4.9,0,,0.0,21.0,0.0,0.0,0,,
2025-09-25 22:15:00-03:00,0,21,0,0,0.0,0,4.9,0,,0.0,21.0,0.0,0.0,0,,
2025-09-25 22:20:00-03:00,0,21,0,0,0.0,0,5.0,0,,0.0,21.0,0.0,0.0,0,,
2025-09-25 22:25:00-03:00,0,21,0,0,0.0,0,5.0,0,,0.0,21.0,0.0,0.0,0,,
2025-09-25 22:30:00-03:00,0,21,0,0,0.0,0,5.0,0,,0.0,21.0,0.0,0.0,0,,
2025-09-25 22:35:00-03:00,0,21,0,0,0.0,0,5.0,0,,0.0,21.0,0.0,0.0,0,,
2025-09-25 22:40:00-03:00,0,21,0,0,0.0,0,5.1,0,,0.0,21.0,0.0,0.0,0,,
2025-09-25 22:45:00-03:00,0,21,0,0,0.0,0,5.1,0,,0.0,21.0,0.0,0.0,0,,
2025-09-25 22:50:00-03:00,0,21,0,0,0.0,0,5.1,0,,0.0,21.0,0.0,0.0,0,,
2025-09-25 22:55:00-03:00,0,21,0,0,0.0,0,5.1,0,,0.0,21.0,0.0,0.0,0,,
2025-09-25 23:00:00-03:00,0,21,0,0,0.0,0,5.1,0,,0.0,21.0,0.0,0.0,0,,
2025-09-25 23:05:00-03:00,0,20,0,0,0.0,0,5.2,0,,0.0,20.0,0.0,0.0,0,,
2025-09-25 23:10:00-03:00,0,20,0,0,0.0,0,5.2,0,,0.0,20.0,0.0,0.0,0,,
2025-09-25 23:15:00-03:00,0,20,0,0,0.0,0,5.2,0,,0.0,20.0,0.0,0.0,0,,
2025-09-25 23:20:00-03:00,0,20,0,0,0.0,0,5.2,0,,0.0,20.0,0.0,0.0,0,,
2025-09-25 23:25:00-03:00,0,20,0,0,0.0,0,5.2,0,,0.0,20.0,0.0,0.0,0,,
2025-09-25 23:30:00-03:00,0,20,0,0,0.0,0,5.3,0,,0.0,20.0,0.0,0.0,0,,
2025-09-25 23:35:00-03:00,0,20,0,0,0.0,0,5.3,0,,0.0,20.0,0.0,0.0,0,,
2025-09-25 23:40:00-03:00,0,20,0,0,0.0,0,5.3,0,,0.0,20.0,0.0,0.0,0,,
2025-09-25 23:45:00-03:00,0,20,0,0,0.0,0,5.3,0,,0.0,20.0,0.0,0.0,0,,
2025-09-25 23:50:00-03:00,0,20,0,0,0.0,0,5.3,0,,0.0,20.0,0.0,0.0,0,,
2025-09-25 23:55:00-03:00,0,20,0,0,0.0,0,5.4,0,,0.0,20.0,0.0,0.0,0,,
2025-09-26 00:00:00-03:00,0,20,0,0,0.0,0,5.4,0,,0.0,20.0,0.0,0.0,0,,
2025-09-26 00:05:00-03:00,0,20,0,0,0.0,0,5.4,0,,0.0,20.0,0.0,0.0,0,,
2025-09-26 00:10:00-03:00,0,20,0,0,0.0,0,5.4,0,,0.0,20.0,0.0,0.0,0,,
2025-09-26 00:15:00-03:00,0,20,0,0,0.0,0,5.4,0,,0.0,20.0,0.0,0.0,0,,
2025-09-26 00:20:00-03:00,0,20,0,0,0.0,0,5.4,0,,0.0,20.0,0.0,0.0,0,,
2025-09-26 00:25:00-03:00,0,20,0,0,0.0,0,5.4,0,,0.0,20.0,0.0,0.0,0,,
2025-09-26 00:30:00-03:00,0,20,0,0,0.0,0,5.4,0,,0.0,20.0,0.0,0.0,0,,
2025-09-26 00:35:00-03:00,0,20,0,0,0.0,0,5.4,0,,0.0,20.0,0.0,0.0,0,,
2025-09-26 00:40:00-03:00,0,20,0,0,0.0,0,5.4,0,,0.0,20.0,0.0,0.0,0,,
2025-09-26 00:45:00-03:00,0,20,0,0,0.0,0,5.4,0,,0.0,20.0,0.0,0.0,0,,
2025-09-26 00:50:00-03:00,0,20,0,0,0.0,0,5.4,0,,0.0,20.0,0.0,0.0,0,,
2025-09-26 00:55:00-03:00,0,20,0,0,0.0,0,5.4,0,,0.0,20.0,0.0,0.0,0,,
2025-09-26 01:00:00-03:00,0,20,0,0,0.0,0,5.4,0,,0.0,20.0,0.0,0.0,0,,
2025-09-26 01:05:00-03:00,0,20,0,0,0.0,0,5.4,0,,0.0,20.0,0.0,0.0,0,,
2025-09-26 01:10:00-03:00,0,20,0,0,0.0,0,5.4,0,,0.0,20.0,0.0,0.0,0,,
2025-09-26 01:15:00-03:00,0,20,0,0,0.0,0,5.4,0,,0.0,20.0,0.0,0.0,0,,
2025-09-26 01:20:00-03:00,0,19,0,0,0.0,0,5.4,0,,0.0,19.0,0.0,0.0,0,,
2025-09-26 01:25:00-03:00,0,19,0,0,0.0,0,5.5,0,,0.0,19.0,0.0,0.0,0,,
2025-09-26 01:30:00-03:00,0,19,0,0,0.0,0,5.5,0,,0.0,19.0,0.0,0.0,0,,
2025-09-26 01:35:00-03:00,0,19,0,0,0.0,0,5.5,0,,0.0,19.0,0.0,0.0,0,,
2025-09-26 01:40:00-03:00,0,19,0,0,0.0,0,5.5,0,,0.0,19.0,0.0,0.0,0,,
2025-09-26 01:45:00-03:00,0,19,0,0,0.0,0,5.5,0,,0.0,19.0,0.0,0.0,0,,
2025-09-26 01:50:00-03:00,0,19,0,0,0.0,0,5.5,0,,0.0,19.0,0.0,0.0,0,,
2025-09-26 01:55:00-03:00,0,19,0,0,0.0,0,5.5,0,,0.0,19.0,0.0,0.0,0,,
2025-09-26 02:00:00-03:00,0,19,0,0,0.0,0,5.5,0,,0.0,19.0,0.0,0.0,0,,
2025-09-26 02:05:00-03:00,0,19,0,0,0.0,0,5.5,0,,0.0,19.0,0.0,0.0,0,,
2025-09-26 02:10:00-03:00,0,19,0,0,0.0,0,5.5,0,,0.0,19.0,0.0,0.0,0,,
2025-09-26 02:15:00-03:00,0,19,0,0,0.0,0,5.5,0,,0.0,19.0,0.0,0.0,0,,
2025-09-26 02:20:00-03:00,0,19,0,0,0.0,0,5.5,0,,0.0,19.0,0.0,0.0,0,,
2025-09-26 02:25:00-03:00,0,19,0,0,0.0,0,5.5,0,,0.0,19.0,0.0,0.0,0,,
2025-09-26 02:30:00-03:00,0,19,0,0,0.0,0,5.5,0,,0.0,19.0,0.0,0.0,0,,
2025-09-26 02:35:00-03:00,0,19,0,0,0.0,0,5.5,0,,0.0,19.0,0.0,0.0,0,,
2025-09-26 02:40:00-03:00,0,19,0,0,0.0,0,5.5,0,,0.0,19.0,0.0,0.0,0,,
2025-09-26 02:45:00-03:00,0,19,0,0,0.0,0,5.5,0,,0.0,19.0,0.0,0.0,0,,
2025-09-26 02:50:00-03:00,0,19,0,0,0.0,0,5.5,0,,0.0,19.0,0.0,0.0,0,,
2025-09-26 02:55:00-03:00,0,19,0,0,0.0,0,5.5,0,,0.0,19.0,0.0,0.0,0,,
2025-09-26 03:00:00-03:00,0,19,0,0,0.0,0,5.5,0,,0.0,19.0,0.0,0.0,0,,
2025-09-26 03:05:00-03:00,0,19,0,0,0.0,0,5.5,0,,0.0,19.0,0.0,0.0,0,,
2025-09-26 03:10:00-03:00,0,19,0,0,0.0,0,5.5,0,,0.0,19.0,0.0,0.0,0,,
2025-09-26 03:15:00-03:00,0,19,0,0,0.0,0,5.5,0,,0.0,19.0,0.0,0.0,0,,
2025-09-26 03:20:00-03:00,0,19,0,0,0.0,0,5.5,0,,0.0,19.0,0.0,0.0,0,,
2025-09-26 03:25:00-03:00,0,19,0,0,0.0,0,5.5,0,,0.0,19.0,0.0,0.0,0,,
2025-09-26 03:30:00-03:00,0,18,0,0,0.0,0,5.6,0,,0.0,18.0,0.0,0.0,0,,
2025-09-26 03:35:00-03:00,0,18,0,0,0.0,0,5.6,0,,0.0,18.0,0.0,0.0,0,,
2025-09-26 03:40:00-03:00,0,18,0,0,0.0,0,5.6,0,,0.0,18.0,0.0,0.0,0,,
2025-09-26 03:45:00-03:00,0,18,0,0,0.0,0,5.6,0,,0.0,18.0,0.0,0.0,0,,
2025-09-26 03:50:00-03:00,0,18,0,0,0.0,0,5.6,0,,0.0,18.0,0.0,0.0,0,,
2025-09-26 03:55:00-03:00,0,18,0,0,0.0,0,5.6,0,,0.0,18.0,0.0,0.0,0,,
2025-09-26 04:00:00-03:00,0,18,0,0,0.0,0,5.6,0,,0.0,18.0,0.0,0.0,0,,
2025-09-26 04:05:00-03:00,0,18,0,0,0.0,0,5.6,0,,0.0,18.0,0.0,0.0,0,,
2025-09-26 04:10:00-03:00,0,18,0,0,0.0,0,5.6,0,,0.0,18.0,0.0,0.0,0,,
2025-09-26 04:15:00-03:00,0,18,0,0,0.0,0,5.6,0,,0.0,18.0,0.0,0.0,0,,
2025-09-26 04:20:00-03:00,0,18,0,0,0.0,0,5.6,0,,0.0,18.0,0.0,0.0,0,,
2025-09-26 04:25:00-03:00,0,18,0,0,0.0,0,5.7,0,,0.0,18.0,0.0,0.0,0,,
2025-09-26 04:30:00-03:00,0,18,0,0,0.0,0,5.7,0,,0.0,18.0,0.0,0.0,0,,
2025-09-26 04:35:00-03:00,0,18,0,0,0.0,0,5.7,0,,0.0,18.0,0.0,0.0,0,,
2025-09-26 04:40:00-03:00,0,18,0,0,0.0,0,5.7,0,,0.0,18.0,0.0,0.0,0,,
2025-09-26 04:45:00-03:00,0,18,0,0,0.0,0,5.7,0,,0.0,18.0,0.0,0.0,0,,
2025-09-26 04:50:00-03:00,0,18,0,0,0.0,0,5.7,0,,0.0,18.0,0.0,0.0,0,,
2025-09-26 04:55:00-03:00,0,18,0,0,0.0,0,5.7,0,,0.0,18.0,0.0,0.0,0,,
2025-09-26 05:00:00-03:00,0,18,0,0,0.0,0,5.7,0,,0.0,18.0,0.0,0.0,0,,
2025-09-26 05:05:00-03:00,0,17,0,0,0.0,0,5.7,0,,0.0,17.0,0.0,0.0,0,,
2025-09-26 05:10:00-03:00,0,17,0,0,0.0,0,5.7,0,,0.0,17.0,0.0,0.0,0,,
2025-09-26 05:15:00-03:00,0,17,0,0,0.0,0,5.7,0,,0.0,17.0,0.0,0.0,0,,
2025-09-26 05:20:00-03:00,0,17,0,0,0.0,0,5.7,0,,0.0,17.0,0.0,0.0,0,,
2025-09-26 05:25:00-03:00,0,17,0,0,0.0,0,5.8,0,,0.0,17.0,0.0,0.0,0,,
2025-09-26 05:30:00-03:00,0,17,0,0,0.0,0,5.8,0,,0.0,17.0,0.0,0.0,0,,
2025-09-26 05:35:00-03:00,0,17,0,0,0.0,0,5.8,0,,0.0,17.0,0.0,0.0,0,,
2025-09-26 05:40:00-03:00,0,17,0,0,0.0,0,5.8,0,,0.0,17.0,0.0,0.0,0,,
2025-09-26 05:45:00-03:00,0,17,0,0,0.0,0,5.8,0,,2.5980762117380842,17.0,0.0,0.0,0,,
2025-09-26 05:50:00-03:00,0,17,0,0,0.0,0,5.8,0,,5.851702679085736,17.0,0.0,0.0,0,,
2025-09-26 05:55:00-03:00,0,17,0,0,0.0,0,5.8,0,,10.295630141083524,17.0,0.0,0.0,0,,
2025-09-26 06:00:00-03:00,0,17,0,0,0.0,0,5.8,0,,16.85409760451688,17.0,0.0,0.0,0,,
2025-09-26 06:05:00-03:00,0,17,0,0,0.0,0,5.8,0,,24.15903745828981,17.0,0.0,0.0,0,,
2025-09-26 06:10:00-03:00,10,17,10,9,0.0,9,5.9,0,1.0,31.7665490156796,17.28125,0.0,9.0,0,0.0,0.0
2025-09-26 06:15:00-03:00,23,17,23,19,0.0,19,5.9,1,1.0,39.52779996026698,17.59375,0.0,19.0,0,0.0,0.0
2025-09-26 06:20:00-03:00,38,17,38,32,0.0,32,5.9,1,1.0,47.24757489369392,18.0,0.0,32.0,0,0.0,0.0
2025-09-26 06:25:00-03:00,54,17,54,52,0.0,52,6.0,1,1.0,54.533559309024916,18.625,0.0,52.0,0,0.0,0.0
2025-09-26 06:30:00-03:00,71,18,71,71,0.0,71,6.0,1,1.0,61.01036921308508,20.21875,0.0,71.0,0,0.0,0.0
2025-09-26 06:35:00-03:00,89,18,89,90,0.0,90,6.0,1,1.0,66.42402814609542,20.8125,0.0,90.0,0,0.0,0.0
2025-09-26 06:40:00-03:00,109,18,109,110,0.0,110,6.1,1,1.0,70.26071577930226,21.4375,0.0,110.0,0,0.0,0.0
2025-09-26 06:45:00-03:00,128,18,128,131,0.0,131,6.1,1,1.0,73.36769167569494,22.09375,0.0,131.0,0,0.0,0.0
2025-09-26 06:50:00-03:00,149,18,149,152,0.0,152,6.1,1,1.0,75.40933749755251,22.75,0.0,152.0,0,0.0,0.0
2025-09-26 06:55:00-03:00,170,18,170,173,0.0,173,6.2,1,1.0,76.68214599992005,23.40625,0.0,173.0,0,0.0,0.0
2025-09-26 07:00:00-03:00,191,18,191,195,0.0,195,6.2,1,1.0,77.89440210175155,24.09375,0.0,195.0,0,0.0,0.0
2025-09-26 07:05:00-03:00,212,19,212,217,0.0,217,6.2,1,1.0,78.98254506056286,25.78125,0.3125,216.32187499999998,0,0.0,0.0
2025-09-26 07:10:00-03:00,234,19,234,240,0.0,240,6.3,1,1.0,79.8481039034181,26.5,0.6000000000000001,238.56,0,0.0,0.0
2025-09-26 07:15:00-03:00,255,19,255,262,0.0,262,6.3,1,1.0,80.41181882075483,27.1875,0.875,259.7075,0,0.0,0.0
2025-09-26 07:20:00-03:00,277,19,277,285,0.0,285,6.3,1,1.0,80.92584521797505,27.90625,1.1625,281.686875,0,0.0,0.0
2025-09-26 07:25:00-03:00,299,19,299,307,0.0,307,6.4,1,1.0,81.2013490707529,28.59375,1.4375,302.58687499999996,0,0.0,0.0
2025-09-26 07:30:00-03:00,321,19,321,330,0.0,330,6.4,1,1.0,81.2138964075612,29.3125,1.725,324.3075,0,0.0,0.0
2025-09-26 07:35:00-03:00,342,19,342,353,0.0,353,6.4,1,1.0,81.10090049196194,30.03125,2.0125,345.89587500000005,0,0.0,0.0
2025-09-26 07:40:00-03:00,364,20,364,375,0.0,375,6.5,1,1.0,80.8618350251672,31.71875,2.6875,364.921875,0,0.0,0.0
2025-09-26 07:45:00-03:00,386,20,386,398,0.0,398,6.5,1,1.0,80.66071853853305,32.4375,2.975,386.1595,0,0.0,0.0
2025-09-26 07:50:00-03:00,407,20,407,420,0.0,420,6.5,1,1.0,80.35810004240466,33.125,3.25,406.35,0,0.0,0.0
2025-09-26 07:55:00-03:00,428,20,428,442,0.0,442,6.6,1,1.0,79.98105836365578,33.8125,3.5250000000000004,426.41949999999997,0,0.0,0.0
2025-09-26 08:00:00-03:00,450,20,450,464,0.0,464,6.6,1,1.0,79.41428579216426,34.5,3.8000000000000003,446.368,0,0.0,0.0
2025-09-26 08:05:00-03:00,471,20,471,486,0.0,486,6.6,1,1.0,78.84776278988767,35.1875,4.075,466.19550000000004,0,0.0,0.0
2025-09-26 08:10:00-03:00,492,20,492,508,0.0,508,6.7,1,1.0,78.19555904618942,35.875,4.3500000000000005,485.902,0,0.0,0.0
2025-09-26 08:15:00-03:00,512,20,512,530,0.0,530,6.7,1,1.0,77.50244375424153,36.5625,4.625,505.4875,0,0.0,0.0
2025-09-26 08:20:00-03:00,533,21,533,551,0.0,551,6.7,1,1.0,76.82383429087645,38.21875,5.2875000000000005,521.865875,0,0.0,0.0
2025-09-26 08:25:00-03:00,553,21,553,572,0.0,572,6.8,1,1.0,75.93298480778071,38.875,5.550000000000001,540.254,0,0.0,0.0
2025-09-26 08:30:00-03:00,573,21,573,593,0.0,593,6.8,1,1.0,75.03872737500969,39.53125,5.8125,558.531875,0,0.0,0.0
2025-09-26 08:35:00-03:00,593,21,593,613,0.0,613,6.8,1,1.0,74.05582456171506,40.15625,6.0625,575.836875,0,0.0,0.0
2025-09-26 08:40:00-03:00,612,21,612,634,0.0,634,6.9,1,1.0,72.92394335985836,40.8125,6.325,593.8995,0,0.0,0.0
2025-09-26 08:45:00-03:00,631,21,631,654,0.0,654,6.9,1,1.0,71.74254263853969,41.4375,6.575,610.9995,0,0.0,0.0
2025-09-26 08:50:00-03:00,650,21,650,673,0.0,673,7.0,1,1.0,70.6122038555202,42.03125,6.8125,627.151875,0,0.0,0.0
2025-09-26 08:55:00-03:00,669,22,669,693,0.0,693,7.0,1,1.0,69.46549175997177,43.65625,7.4625,641.284875,0,0.0,0.0
2025-09-26 09:00:00-03:00,687,22,687,712,0.0,712,7.0,1,1.0,68.24349230823667,44.25,7.7,657.176,0,0.0,0.0
2025-09-26 09:05:00-03:00,705,22,705,730,0.0,730,7.0,1,1.0,66.91259563449564,44.8125,7.925000000000001,672.1474999999999,0,0.0,0.0
2025-09-26 09:10:00-03:00,722,22,722,748,0.0,748,7.0,1,1.0,65.4265144102818,45.375,8.15,687.038,0,0.0,0.0
2025-09-26 09:15:00-03:00,739,22,739,766,0.0,766,6.9,1,1.0,64.05537377215816,45.9375,8.375,701.8475,0,0.0,0.0
2025-09-26 09:20:00-03:00,756,22,756,784,0.0,784,6.9,1,1.0,62.62369577665636,46.5,8.6,716.576,0,0.0,0.0
2025-09-26 09:25:00-03:00,772,22,772,801,0.0,801,6.8,1,1.0,61.0846407318012,47.03125,8.8125,730.411875,0,0.0,0.0
2025-09-26 09:30:00-03:00,788,23,788,817,0.0,817,6.8,1,1.0,59.577807542028644,48.53125,9.4125,740.099875,0,0.0,0.0
2025-09-26 09:35:00-03:00,804,23,804,833,0.0,833,6.7,1,1.0,58.08373005385858,49.03125,9.6125,752.927875,0,0.0,0.0
2025-09-26 09:40:00-03:00,819,23,819,849,0.0,849,6.7,1,1.0,56.55648825409994,49.53125,9.8125,765.691875,0,0.0,0.0
2025-09-26 09:45:00-03:00,833,23,833,864,0.0,864,6.6,1,1.0,54.964451321655666,50.0,10.0,777.6,0,0.0,0.0
2025-09-26 09:50:00-03:00,848,23,848,879,0.0,879,6.6,1,1.0,53.30188466734194,50.46875,10.1875,789.4518750000001,0,0.0,0.0
2025-09-26 09:55:00-03:00,861,23,861,893,0.0,893,6.6,1,1.0,51.7204021639399,50.90625,10.3625,800.462875,0,0.0,0.0
2025-09-26 10:00:00-03:00,875,24,875,907,0.0,907,6.5,1,1.0,50.200431605046795,52.34375,10.9375,807.796875,0,0.0,0.0
2025-09-26 10:05:00-03:00,888,24,888,921,0.0,921,6.5,1,1.0,48.43521133400075,52.78125,11.1125,818.653875,0,0.0,0.0
2025-09-26 10:10:00-03:00,900,24,900,934,0.0,934,6.4,1,1.0,46.69890661233373,53.1875,11.275,828.6915,0,0.0,0.0
2025-09-26 10:15:00-03:00,912,24,912,946,0.0,946,6.4,1,1.0,44.990908172444975,53.5625,11.425,837.9195000000001,0,0.0,0.0
2025-09-26 10:20:00-03:00,923,24,923,958,0.0,958,6.3,1,1.0,43.15897322338077,53.9375,11.575000000000001,847.1115,0,0.0,0.0
2025-09-26 10:25:00-03:00,934,24,934,970,0.0,970,6.3,1,1.0,41.35177985249483,54.3125,11.725000000000001,856.2674999999999,0,0.0,0.0
2025-09-26 10:30:00-03:00,945,24,945,980,0.0,980,6.2,1,1.0,39.41619418000473,54.625,11.850000000000001,863.87,0,0.0,0.0
2025-09-26 10:35:00-03:00,955,25,955,991,0.0,991,6.2,1,1.0,37.37392949717834,55.96875,12.387500000000001,868.2398750000001,0,0.0,0.0
2025-09-26 10:40:00-03:00,964,25,964,1001,0.0,1001,6.1,1,1.0,35.400201163604564,56.28125,12.512500000000001,875.749875,0,0.0,0.0
2025-09-26 10:45:00-03:00,973,25,973,1010,0.0,1010,6.1,1,1.0,33.494798329754445,56.5625,12.625,882.4875000000001,0,0.0,0.0
2025-09-26 10:50:00-03:00,982,25,982,1019,0.0,1019,6.1,1,1.0,31.506011932299092,56.84375,12.7375,889.204875,0,0.0,0.0
2025-09-26 10:55:00-03:00,989,25,989,1027,0.0,1027,6.0,1,1.0,29.46029685710001,57.09375,12.8375,895.158875,0,0.0,0.0
2025-09-26 11:00:00-03:00,997,25,997,1034,0.0,1034,6.0,1,1.0,27.536202066402918,57.3125,12.925,900.3555,0,0.0,0.0
2025-09-26 11:05:00-03:00,1003,26,1003,1041,0.0,1041,5.9,1,1.0,25.42129863405397,58.53125,13.412500000000001,901.375875,0,0.0,0.0
2025-09-26 11:10:00-03:00,1010,26,1010,1048,0.0,1048,5.9,1,1.0,23.449979001074347,58.75,13.5,906.52,0,0.0,0.0
2025-09-26 11:15:00-03:00,1015,26,1015,1054,0.0,1054,5.8,1,1.0,21.504580202744407,58.9375,13.575000000000001,910.9195,0,0.0,0.0
2025-09-26 11:20:00-03:00,1021,26,1021,1059,0.0,1059,5.8,1,1.0,19.57328884891142,59.09375,13.637500000000001,914.5788749999999,0,0.0,0.0
2025-09-26 11:25:00-03:00,1025,26,1025,1064,0.0,1064,5.7,1,1.0,17.701224063115088,59.25,13.700000000000001,918.232,0,0.0,0.0
2025-09-26 11:30:00-03:00,1029,26,1029,1068,0.0,1068,5.7,1,1.0,15.770129032326599,59.375,13.75,921.1500000000001,0,0.0,0.0
2025-09-26 11:35:00-03:00,1033,26,1033,1072,0.0,1072,5.6,1,1.0,13.749931129276877,59.5,13.8,924.064,0,0.0,0.0
2025-09-26 11:40:00-03:00,1036,27,1036,1075,0.0,1075,5.6,1,1.0,11.780826744635617,60.59375,14.2375,921.946875,0,0.0,0.0
2025-09-26 11:45:00-03:00,1039,27,1039,1078,0.0,1078,5.6,1,1.0,9.93730345713745,60.6875,14.275,924.1155,0,0.0,0.0
2025-09-26 11:50:00-03:00,1041,27,1041,1080,0.0,1080,5.5,1,1.0,8.129165598790797,60.75,14.3,925.56,0,0.0,0.0
2025-09-26 11:55:00-03:00,1042,27,1042,1081,0.0,1081,5.5,1,1.0,6.286107819181759,60.78125,14.3125,926.281875,0,0.0,0.0
2025-09-26 12:00:00-03:00,1043,27,1043,1082,0.0,1082,5.4,1,1.0,4.680714786046551,60.8125,14.325000000000001,927.0035,0,0.0,0.0
2025-09-26 12:05:00-03:00,1043,27,1043,1083,0.0,1083,5.4,1,1.0,3.4597249845789086,60.84375,14.3375,927.724875,0,0.0,0.0
2025-09-26 12:10:00-03:00,1043,27,1043,1083,0.0,1083,5.3,1,1.0,3.2787192620324137,60.84375,14.3375,927.724875,0,0.0,0.0
2025-09-26 12:15:00-03:00,1042,28,1042,1082,0.0,1082,5.3,1,1.0,4.287932326376756,61.8125,14.725000000000001,922.6755,0,0.0,0.0
2025-09-26 12:20:00-03:00,1041,28,1041,1080,0.0,1080,5.2,1,1.0,5.851702678849055,61.75,14.700000000000001,921.24,0,0.0,0.0
2025-09-26 12:25:00-03:00,1039,28,1039,1078,0.0,1078,5.1,1,1.0,7.687061147807822,61.6875,14.675,919.8035,0,0.0,0.0
2025-09-26 12:30:00-03:00,1037,28,1037,1076,0.0,1076,5.1,1,1.0,9.580599082891899,61.625,14.65,918.366,0,0.0,0.0
2025-09-26 12:35:00-03:00,1034,28,1034,1073,0.0,1073,5.0,1,1.0,11.555859067464977,61.53125,14.6125,916.207875,0,0.0,0.0
2025-09-26 12:40:00-03:00,1030,28,1030,1069,0.0,1069,5.0,1,1.0,13.59367054136288,61.40625,14.5625,913.326875,0,0.0,0.0
2025-09-26 12:45:00-03:00,1026,28,1026,1065,0.0,1065,4.9,1,1.0,15.587485267641478,61.28125,14.512500000000001,910.4418750000001,0,0.0,0.0
2025-09-26 12:50:00-03:00,1022,28,1022,1060,0.0,1060,4.9,1,1.0,17.491989508599236,61.125,14.450000000000001,906.8299999999999,0,0.0,0.0
2025-09-26 12:55:00-03:00,1016,28,1016,1055,0.0,1055,4.8,1,1.0,19.621223821201355,60.96875,14.387500000000001,903.2118750000001,0,0.0,0.0
2025-09-26 13:00:00-03:00,1011,28,1011,1049,0.0,1049,4.8,1,1.0,21.627003322849337,60.78125,14.3125,898.861875,0,0.0,0.0
2025-09-26 13:05:00-03:00,1005,28,1005,1042,0.0,1042,4.7,1,1.0,23.538492009045058,60.5625,14.225000000000001,893.7755,0,0.0,0.0
2025-09-26 13:10:00-03:00,998,28,998,1035,0.0,1035,4.7,1,1.0,25.478897982909764,60.34375,14.137500000000001,888.676875,0,0.0,0.0
2025-09-26 13:15:00-03:00,990,28,990,1028,0.0,1028,4.6,1,1.0,27.56521193624674,60.125,14.05,883.5659999999999,0,0.0,0.0
2025-09-26 13:20:00-03:00,983,28,983,1019,0.0,1019,4.5,1,1.0,29.463253950177265,59.84375,13.9375,876.976875,0,0.0,0.0
2025-09-26 13:25:00-03:00,974,28,974,1011,0.0,1011,4.5,1,1.0,31.48448391306493,59.59375,13.8375,871.1028749999999,0,0.0,0.0
2025-09-26 13:30:00-03:00,965,28,965,1002,0.0,1002,4.4,1,1.0,33.29880787745919,59.3125,13.725000000000001,864.4755,0,0.0,0.0
2025-09-26 13:35:00-03:00,956,28,956,992,0.0,992,4.4,1,1.0,35.21481695725082,59.0,13.600000000000001,857.088,0,0.0,0.0
2025-09-26 13:40:00-03:00,946,29,946,981,0.0,981,4.3,1,1.0,37.19838298863351,59.65625,13.8625,845.008875,0,0.0,0.0
2025-09-26 13:45:00-03:00,936,29,936,971,0.0,971,4.3,1,1.0,39.100007750126906,59.34375,13.7375,837.608875,0,0.0,0.0
2025-09-26 13:50:00-03:00,925,29,925,959,0.0,959,4.3,1,1.0,40.92565321297251,58.96875,13.5875,828.695875,0,0.0,0.0
2025-09-26 13:55:00-03:00,914,29,914,948,0.0,948,4.2,1,1.0,42.798683072341014,58.625,13.450000000000001,820.4939999999999,0,0.0,0.0
2025-09-26 14:00:00-03:00,902,29,902,935,0.0,935,4.2,1,1.0,44.5960828555608,58.21875,13.287500000000001,810.7618749999999,0,0.0,0.0
2025-09-26 14:05:00-03:00,890,29,890,922,0.0,922,4.1,1,1.0,46.29516631617047,57.8125,13.125,800.9875000000001,0,0.0,0.0
2025-09-26 14:10:00-03:00,877,29,877,909,0.0,909,4.1,1,1.0,48.04756166360232,57.40625,12.9625,791.170875,0,0.0,0.0
2025-09-26 14:15:00-03:00,864,29,864,895,0.0,895,4.0,1,1.0,49.85273768355121,56.96875,12.787500000000001,780.551875,0,0.0,0.0
2025-09-26 14:20:00-03:00,850,29,850,881,0.0,881,4.0,1,1.0,51.435970788045125,56.53125,12.6125,769.883875,0,0.0,0.0
2025-09-26 14:25:00-03:00,836,29,836,866,0.0,866,3.9,1,1.0,53.103386869099666,56.0625,12.425,758.3995,0,0.0,0.0
2025-09-26 14:30:00-03:00,821,29,821,851,0.0,851,3.9,1,1.0,54.57681547945418,55.59375,12.2375,746.858875,0,0.0,0.0
2025-09-26 14:35:00-03:00,806,29,806,835,0.0,835,3.9,1,1.0,56.16284493786604,55.09375,12.037500000000001,734.4868749999999,0,0.0,0.0
2025-09-26 14:40:00-03:00,791,29,791,819,0.0,819,3.8,1,1.0,57.73423961777007,54.59375,11.8375,722.050875,0,0.0,0.0
2025-09-26 14:45:00-03:00,775,29,775,803,0.0,803,3.8,1,1.0,59.16745624739651,54.09375,11.637500000000001,709.550875,0,0.0,0.0
2025-09-26 14:50:00-03:00,759,29,759,786,0.0,786,3.8,1,1.0,60.63970846255759,53.5625,11.425,696.1995000000001,0,0.0,0.0
2025-09-26 14:55:00-03:00,742,29,742,769,0.0,769,3.7,1,1.0,62.02559344677013,53.03125,11.2125,682.7758749999999,0,0.0,0.0
2025-09-26 15:00:00-03:00,725,30,725,751,0.0,751,3.7,1,1.0,63.50137197276962,53.46875,11.387500000000001,665.479875,0,0.0,0.0
2025-09-26 15:05:00-03:00,708,30,708,733,0.0,733,3.7,1,1.0,64.79682698927961,52.90625,11.162500000000001,651.1788750000001,0,0.0,0.0
2025-09-26 15:10:00-03:00,690,29,690,715,0.0,715,3.7,1,1.0,66.11537207217631,51.34375,10.537500000000001,639.656875,0,0.0,0.0
2025-09-26 15:15:00-03:00,672,29,672,696,0.0,696,3.7,1,1.0,67.49994388325337,50.75,10.3,624.312,0,0.0,0.0
2025-09-26 15:20:00-03:00,654,29,654,677,0.0,677,3.8,1,1.0,68.82449132438668,50.15625,10.0625,608.876875,0,0.0,0.0
2025-09-26 15:25:00-03:00,636,29,636,657,0.0,657,3.8,1,1.0,70.12175558313282,49.53125,9.8125,592.531875,0,0.0,0.0
2025-09-26 15:30:00-03:00,617,29,617,638,0.0,638,3.8,1,1.0,71.2925577313568,48.9375,9.575000000000001,576.9115,0,0.0,0.0
2025-09-26 15:35:00-03:00,597,29,597,618,0.0,618,3.8,1,1.0,72.39679174207616,48.3125,9.325000000000001,560.3715,0,0.0,0.0
2025-09-26 15:40:00-03:00,578,29,578,597,0.0,597,3.9,1,1.0,73.5025767431246,47.65625,9.0625,542.896875,0,0.0,0.0
2025-09-26 15:45:00-03:00,558,29,558,576,0.0,576,3.9,1,1.0,74.50986308516393,47.0,8.8,525.312,0,0.0,0.0
2025-09-26 15:50:00-03:00,538,29,538,555,0.0,555,3.9,1,1.0,75.90599249710075,46.34375,8.5375,507.616875,0,0.0,0.0
2025-09-26 15:55:00-03:00,517,29,517,534,0.0,534,3.9,1,1.0,77.68175168889287,45.6875,8.275,489.8115,0,0.0,0.0
2025-09-26 16:00:00-03:00,497,29,497,513,0.0,513,4.0,1,1.0,79.66463798609055,45.03125,8.012500000000001,471.895875,0,0.0,0.0
2025-09-26 16:05:00-03:00,476,28,476,491,0.0,491,4.0,1,1.0,81.71286572041633,43.34375,7.3375,454.972875,0,0.0,0.0
2025-09-26 16:10:00-03:00,455,28,455,469,0.1,469,4.0,1,1.0,83.80478759738517,42.65625,7.0625,435.87687500000004,0,0.0,0.0
2025-09-26 16:15:00-03:00,430,28,434,447,0.8,444,4.0,1,0.9932885906040269,85.80046443330112,41.875,6.75,414.03,0,0.6711409395973155,0.005369127516778523
2025-09-26 16:20:00-03:00,406,28,413,425,1.6,418,4.1,1,0.9835294117647059,87.46440834575658,41.0625,6.425000000000001,391.14349999999996,0,1.647058823529412,0.026352941176470593
2025-09-26 16:25:00-03:00,382,28,391,403,2.4,393,4.1,1,0.9751861042183623,88.87491209559973,40.28125,6.112500000000001,368.977875,0,2.481389578163772,0.05955334987593052
2025-09-26 16:30:00-03:00,357,28,370,380,3.4,367,4.1,1,0.9657894736842105,89.66245624901592,39.46875,5.7875000000000005,345.759875,0,3.421052631578948,0.11631578947368423
2025-09-26 16:35:00-03:00,333,28,348,358,4.4,341,4.1,1,0.952513966480447,89.78572978334563,38.65625,5.4625,322.37287499999996,0,4.748603351955307,0.20893854748603352
2025-09-26 16:40:00-03:00,309,28,327,335,5.4,316,4.2,1,0.9432835820895522,89.48755627054227,37.875,5.15,299.726,0,5.6716417910447765,0.30626865671641795
2025-09-26 16:45:00-03:00,285,28,305,313,6.5,292,4.2,1,0.9329073482428115,89.11976959874914,37.125,4.8500000000000005,277.838,0,6.7092651757188495,0.4361022364217252
2025-09-26 16:50:00-03:00,262,28,283,291,7.6,267,4.2,1,0.9175257731958762,88.77597784550221,36.34375,4.5375000000000005,254.884875,0,8.24742268041237,0.6268041237113401
2025-09-26 16:55:00-03:00,239,28,262,268,8.7,244,4.3,1,0.9104477611940298,88.34552517350684,35.625,4.25,233.63,0,8.955223880597014,0.7791044776119402
2025-09-26 17:00:00-03:00,217,28,240,246,9.8,221,4.3,1,0.8983739837398373,87.46475480634646,34.90625,3.9625000000000004,212.242875,0,10.16260162601626,0.9959349593495935
2025-09-26 17:05:00-03:00,194,27,219,224,11.2,197,4.3,1,0.8794642857142857,86.2675102998479,33.15625,3.2625,190.572875,0,12.053571428571429,1.35
2025-09-26 17:10:00-03:00,168,27,198,202,14.8,170,4.3,1,0.8415841584158416,84.51035439519283,32.3125,2.9250000000000003,165.0275,0,15.841584158415841,2.344554455445545
2025-09-26 17:15:00-03:00,144,27,177,180,18.5,145,4.4,1,0.8055555555555556,81.74512310539566,31.53125,2.6125000000000003,141.21187500000002,0,19.444444444444446,3.5972222222222228
2025-09-26 17:20:00-03:00,122,27,156,158,22.1,122,4.4,1,0.7721518987341772,77.96483278707358,30.8125,2.325,119.1635,0,22.78481012658228,5.035443037974684
2025-09-26 17:25:00-03:00,101,27,136,137,25.6,101,4.4,1,0.7372262773722628,73.48154787964879,30.15625,2.0625,98.916875,0,26.277372262773724,6.727007299270074
2025-09-26 17:30:00-03:00,82,27,116,117,29.2,81,4.4,1,0.6923076923076923,68.11281862180822,29.53125,1.8125,79.531875,0,30.76923076923077,8.984615384615385
2025-09-26 17:35:00-03:00,65,27,96,97,32.7,64,4.5,1,0.6597938144329897,61.85246375633389,29.0,1.6,62.976,0,34.02061855670103,11.124742268041238
2025-09-26 17:40:00-03:00,52,27,78,78,33.7,51,4.5,1,0.6538461538461539,55.14794152592477,28.59375,1.4375,50.266875,0,34.61538461538461,11.665384615384617
2025-09-26 17:45:00-03:00,40,27,60,60,34.3,39,4.5,1,0.65,48.32740297997893,28.21875,1.2875,38.497875,0,35.0,12.005
2025-09-26 17:50:00-03:00,28,27,44,39,34.9,28,4.5,1,0.717948717948718,41.437795659184566,27.875,1.1500000000000001,27.678,0,28.205128205128204,9.843589743589742
2025-09-26 17:55:00-03:00,19,27,29,23,35.5,18,4.6,1,0.782608695652174,34.71398286083083,27.5625,1.0250000000000001,17.8155,0,21.73913043478261,7.717391304347826
2025-09-26 18:00:00-03:00,10,26,15,13,36.1,10,4.6,0,0.7692307692307693,28.343536487311027,26.3125,0.525,9.9475,0,23.076923076923077,8.330769230769231
2025-09-26 18:05:00-03:00,2,26,4,3,36.2,2,4.6,0,0.6666666666666666,22.73296898316113,26.0625,0.42500000000000004,1.9915,0,33.33333333333333,12.066666666666665
2025-09-26 18:10:00-03:00,0,26,0,0,35.9,0,4.5,0,,17.859722757400153,26.0,0.4,0.0,0,,
2025-09-26 18:15:00-03:00,0,26,0,0,35.5,0,4.5,0,,13.310681516201665,26.0,0.4,0.0,0,,
2025-09-26 18:20:00-03:00,0,26,0,0,35.2,0,4.4,0,,9.203095658444921,26.0,0.4,0.0,0,,
2025-09-26 18:25:00-03:00,0,26,0,0,34.8,0,4.4,0,,5.664883855158265,26.0,0.4,0.0,0,,
2025-09-26 18:30:00-03:00,0,26,0,0,34.5,0,4.3,0,,2.8919952221889402,26.0,0.4,0.0,0,,
2025-09-26 18:35:00-03:00,0,26,0,0,34.1,0,4.3,0,,0.5773502705140423,26.0,0.4,0.0,0,,
2025-09-26 18:40:00-03:00,0,26,0,0,33.7,0,4.2,0,,0.0,26.0,0.4,0.0,0,,
2025-09-26 18:45:00-03:00,0,25,0,0,33.4,0,4.2,0,,0.0,25.0,0.0,0.0,0,,
2025-09-26 18:50:00-03:00,0,25,0,0,33.0,0,4.1,0,,0.0,25.0,0.0,0.0,0,,
2025-09-26 18:55:00-03:00,0,25,0,0,32.7,0,4.1,0,,0.0,25.0,0.0,0.0,0,,
2025-09-26 19:00:00-03:00,0,25,0,0,32.3,0,4.0,0,,0.0,25.0,0.0,0.0,0,,
2025-09-26 19:05:00-03:00,0,25,0,0,31.9,0,4.0,0,,0.0,25.0,0.0,0.0,0,,
2025-09-26 19:10:00-03:00,0,25,0,0,31.6,0,3.9,0,,0.0,25.0,0.0,0.0,0,,
2025-09-26 19:15:00-03:00,0,25,0,0,31.2,0,3.9,0,,0.0,25.0,0.0,0.0,0,,
2025-09-26 19:20:00-03:00,0,25,0,0,30.9,0,3.8,0,,0.0,25.0,0.0,0.0,0,,
2025-09-26 19:25:00-03:00,0,25,0,0,30.5,0,3.8,0,,0.0,25.0,0.0,0.0,0,,
2025-09-26 19:30:00-03:00,0,24,0,0,30.1,0,3.7,0,,0.0,24.0,0.0,0.0,0,,
2025-09-26 19:35:00-03:00,0,24,0,0,29.7,0,3.7,0,,0.0,24.0,0.0,0.0,0,,
2025-09-26 19:40:00-03:00,0,24,0,0,29.4,0,3.6,0,,0.0,24.0,0.0,0.0,0,,
2025-09-26 19:45:00-03:00,0,24,0,0,29.0,0,3.6,0,,0.0,24.0,0.0,0.0,0,,
2025-09-26 19:50:00-03:00,0,24,0,0,28.6,0,3.6,0,,0.0,24.0,0.0,0.0,0,,
2025-09-26 19:55:00-03:00,0,24,0,0,28.3,0,3.5,0,,0.0,24.0,0.0,0.0,0,,
2025-09-26 20:00:00-03:00,0,24,0,0,27.9,0,3.5,0,,0.0,24.0,0.0,0.0,0,,
2025-09-26 20:05:00-03:00,0,24,0,0,27.5,0,3.4,0,,0.0,24.0,0.0,0.0,0,,
2025-09-26 20:10:00-03:00,0,23,0,0,27.1,0,3.4,0,,0.0,23.0,0.0,0.0,0,,
2025-09-26 20:15:00-03:00,0,23,0,0,26.8,0,3.4,0,,0.0,23.0,0.0,0.0,0,,
2025-09-26 20:20:00-03:00,0,23,0,0,26.4,0,3.3,0,,0.0,23.0,0.0,0.0,0,,
2025-09-26 20:25:00-03:00,0,23,0,0,26.0,0,3.3,0,,0.0,23.0,0.0,0.0,0,,
2025-09-26 20:30:00-03:00,0,23,0,0,25.6,0,3.3,0,,0.0,23.0,0.0,0.0,0,,
2025-09-26 20:35:00-03:00,0,23,0,0,25.3,0,3.2,0,,0.0,23.0,0.0,0.0,0,,
2025-09-26 20:40:00-03:00,0,23,0,0,24.9,0,3.2,0,,0.0,23.0,0.0,0.0,0,,
2025-09-26 20:45:00-03:00,0,23,0,0,24.5,0,3.2,0,,0.0,23.0,0.0,0.0,0,,
2025-09-26 20:50:00-03:00,0,23,0,0,24.1,0,3.2,0,,0.0,23.0,0.0,0.0,0,,
2025-09-26 20:55:00-03:00,0,22,0,0,23.7,0,3.1,0,,0.0,22.0,0.0,0.0,0,,
2025-09-26 21:00:00-03:00,0,22,0,0,23.3,0,3.1,0,,0.0,22.0,0.0,0.0,0,,
2025-09-26 21:05:00-03:00,0,22,0,0,23.2,0,3.1,0,,0.0,22.0,0.0,0.0,0,,
2025-09-26 21:10:00-03:00,0,22,0,0,23.3,0,3.2,0,,0.0,22.0,0.0,0.0,0,,
2025-09-26 21:15:00-03:00,0,22,0,0,23.5,0,3.2,0,,0.0,22.0,0.0,0.0,0,,
2025-09-26 21:20:00-03:00,0,22,0,0,23.6,0,3.3,0,,0.0,22.0,0.0,0.0,0,,
2025-09-26 21:25:00-03:00,0,22,0,0,23.7,0,3.3,0,,0.0,22.0,0.0,0.0,0,,
2025-09-26 21:30:00-03:00,0,22,0,0,23.8,0,3.4,0,,0.0,22.0,0.0,0.0,0,,
2025-09-26 21:35:00-03:00,0,22,0,0,24.0,0,3.4,0,,0.0,22.0,0.0,0.0,0,,
2025-09-26 21:40:00-03:00,0,22,0,0,24.1,0,3.5,0,,0.0,22.0,0.0,0.0,0,,
2025-09-26 21:45:00-03:00,0,22,0,0,24.2,0,3.5,0,,0.0,22.0,0.0,0.0,0,,
2025-09-26 21:50:00-03:00,0,22,0,0,24.4,0,3.5,0,,0.0,22.0,0.0,0.0,0,,
2025-09-26 21:55:00-03:00,0,22,0,0,24.5,0,3.6,0,,0.0,22.0,0.0,0.0,0,,
2025-09-26 22:00:00-03:00,0,22,0,0,24.6,0,3.6,0,,0.0,22.0,0.0,0.0,0,,
2025-09-26 22:05:00-03:00,0,22,0,0,24.7,0,3.7,0,,0.0,22.0,0.0,0.0,0,,
2025-09-26 22:10:00-03:00,0,22,0,0,24.9,0,3.7,0,,0.0,22.0,0.0,0.0,0,,
2025-09-26 22:15:00-03:00,0,22,0,0,25.0,0,3.8,0,,0.0,22.0,0.0,0.0,0,,
2025-09-26 22:20:00-03:00,0,22,0,0,25.1,0,3.8,0,,0.0,22.0,0.0,0.0,0,,
2025-09-26 22:25:00-03:00,0,22,0,0,25.3,0,3.9,0,,0.0,22.0,0.0,0.0,0,,
2025-09-26 22:30:00-03:00,0,22,0,0,25.4,0,3.9,0,,0.0,22.0,0.0,0.0,0,,
2025-09-26 22:35:00-03:00,0,22,0,0,25.5,0,4.0,0,,0.0,22.0,0.0,0.0,0,,
2025-09-26 22:40:00-03:00,0,22,0,0,25.6,0,4.0,0,,0.0,22.0,0.0,0.0,0,,
2025-09-26 22:45:00-03:00,0,22,0,0,25.8,0,4.1,0,,0.0,22.0,0.0,0.0,0,,
2025-09-26 22:50:00-03:00,0,22,0,0,25.9,0,4.1,0,,0.0,22.0,0.0,0.0,0,,
2025-09-26 22:55:00-03:00,0,22,0,0,26.0,0,4.2,0,,0.0,22.0,0.0,0.0,0,,
2025-09-26 23:00:00-03:00,0,22,0,0,26.1,0,4.2,0,,0.0,22.0,0.0,0.0,0,,
2025-09-26 23:05:00-03:00,0,22,0,0,26.3,0,4.3,0,,0.0,22.0,0.0,0.0,0,,
2025-09-26 23:10:00-03:00,0,22,0,0,26.6,0,4.3,0,,0.0,22.0,0.0,0.0,0,,
2025-09-26 23:15:00-03:00,0,22,0,0,26.8,0,4.4,0,,0.0,22.0,0.0,0.0,0,,
2025-09-26 23:20:00-03:00,0,21,0,0,27.1,0,4.5,0,,0.0,21.0,0.0,0.0,0,,
2025-09-26 23:25:00-03:00,0,21,0,0,27.3,0,4.5,0,,0.0,21.0,0.0,0.0,0,,
2025-09-26 23:30:00-03:00,0,21,0,0,27.6,0,4.6,0,,0.0,21.0,0.0,0.0,0,,
2025-09-26 23:35:00-03:00,0,21,0,0,27.8,0,4.6,0,,0.0,21.0,0.0,0.0,0,,
2025-09-26 23:40:00-03:00,0,21,0,0,28.1,0,4.7,0,,0.0,21.0,0.0,0.0,0,,
2025-09-26 23:45:00-03:00,0,21,0,0,28.3,0,4.7,0,,0.0,21.0,0.0,0.0,0,,
2025-09-26 23:50:00-03:00,0,21,0,0,28.6,0,4.8,0,,0.0,21.0,0.0,0.0,0,,
2025-09-26 23:55:00-03:00,0,21,0,0,28.8,0,4.8,0,,0.0,21.0,0.0,0.0,0,,
2025-09-27 00:00:00-03:00,0,21,0,0,29.1,0,4.9,0,,0.0,21.0,0.0,0.0,0,,
2025-09-27 00:05:00-03:00,0,21,0,0,28.9,0,4.9,0,,0.0,21.0,0.0,0.0,0,,
2025-09-27 00:10:00-03:00,0,21,0,0,28.5,0,4.9,0,,0.0,21.0,0.0,0.0,0,,
2025-09-27 00:15:00-03:00,0,21,0,0,28.0,0,4.9,0,,0.0,21.0,0.0,0.0,0,,
2025-09-27 00:20:00-03:00,0,21,0,0,27.5,0,4.9,0,,0.0,21.0,0.0,0.0,0,,
2025-09-27 00:25:00-03:00,0,21,0,0,27.0,0,4.9,0,,0.0,21.0,0.0,0.0,0,,
2025-09-27 00:30:00-03:00,0,21,0,0,26.5,0,4.9,0,,0.0,21.0,0.0,0.0,0,,
2025-09-27 00:35:00-03:00,0,21,0,0,25.9,0,5.0,0,,0.0,21.0,0.0,0.0,0,,
2025-09-27 00:40:00-03:00,0,21,0,0,25.4,0,5.0,0,,0.0,21.0,0.0,0.0,0,,
2025-09-27 00:45:00-03:00,0,21,0,0,24.9,0,5.0,0,,0.0,21.0,0.0,0.0,0,,
2025-09-27 00:50:00-03:00,0,21,0,0,24.4,0,5.0,0,,0.0,21.0,0.0,0.0,0,,
2025-09-27 00:55:00-03:00,0,21,0,0,23.9,0,5.0,0,,0.0,21.0,0.0,0.0,0,,
2025-09-27 01:00:00-03:00,0,21,0,0,23.4,0,5.0,0,,0.0,21.0,0.0,0.0,0,,
2025-09-27 01:05:00-03:00,0,21,0,0,22.9,0,5.0,0,,0.0,21.0,0.0,0.0,0,,
2025-09-27 01:10:00-03:00,0,21,0,0,22.4,0,5.0,0,,0.0,21.0,0.0,0.0,0,,
2025-09-27 01:15:00-03:00,0,20,0,0,21.8,0,5.0,0,,0.0,20.0,0.0,0.0,0,,
2025-09-27 01:20:00-03:00,0,20,0,0,21.3,0,5.0,0,,0.0,20.0,0.0,0.0,0,,
2025-09-27 01:25:00-03:00,0,20,0,0,20.8,0,5.0,0,,0.0,20.0,0.0,0.0,0,,
2025-09-27 01:30:00-03:00,0,20,0,0,20.3,0,5.0,0,,0.0,20.0,0.0,0.0,0,,
2025-09-27 01:35:00-03:00,0,20,0,0,19.8,0,5.1,0,,0.0,20.0,0.0,0.0,0,,
2025-09-27 01:40:00-03:00,0,20,0,0,19.2,0,5.1,0,,0.0,20.0,0.0,0.0,0,,
2025-09-27 01:45:00-03:00,0,20,0,0,18.7,0,5.1,0,,0.0,20.0,0.0,0.0,0,,
2025-09-27 01:50:00-03:00,0,20,0,0,18.2,0,5.1,0,,0.0,20.0,0.0,0.0,0,,
2025-09-27 01:55:00-03:00,0,20,0,0,17.6,0,5.1,0,,0.0,20.0,0.0,0.0,0,,
2025-09-27 02:00:00-03:00,0,20,0,0,17.1,0,5.1,0,,0.0,20.0,0.0,0.0,0,,
2025-09-27 02:05:00-03:00,0,20,0,0,16.6,0,5.1,0,,0.0,20.0,0.0,0.0,0,,
2025-09-27 02:10:00-03:00,0,20,0,0,16.2,0,5.1,0,,0.0,20.0,0.0,0.0,0,,
2025-09-27 02:15:00-03:00,0,20,0,0,15.8,0,5.1,0,,0.0,20.0,0.0,0.0,0,,
2025-09-27 02:20:00-03:00,0,20,0,0,15.4,0,5.1,0,,0.0,20.0,0.0,0.0,0,,
2025-09-27 02:25:00-03:00,0,20,0,0,15.0,0,5.1,0,,0.0,20.0,0.0,0.0,0,,
2025-09-27 02:30:00-03:00,0,20,0,0,14.6,0,5.1,0,,0.0,20.0,0.0,0.0,0,,
2025-09-27 02:35:00-03:00,0,20,0,0,14.2,0,5.2,0,,0.0,20.0,0.0,0.0,0,,
2025-09-27 02:40:00-03:00,0,20,0,0,13.8,0,5.2,0,,0.0,20.0,0.0,0.0,0,,
2025-09-27 02:45:00-03:00,0,20,0,0,13.4,0,5.2,0,,0.0,20.0,0.0,0.0,0,,
2025-09-27 02:50:00-03:00,0,19,0,0,13.0,0,5.2,0,,0.0,19.0,0.0,0.0,0,,
2025-09-27 02:55:00-03:00,0,19,0,0,12.6,0,5.2,0,,0.0,19.0,0.0,0.0,0,,
2025-09-27 03:00:00-03:00,0,19,0,0,12.1,0,5.2,0,,0.0,19.0,0.0,0.0,0,,
2025-09-27 03:05:00-03:00,0,19,0,0,0.0,0,5.2,0,,0.0,19.0,0.0,0.0,0,,
2025-09-27 03:10:00-03:00,0,19,0,0,0.0,0,5.2,0,,0.0,19.0,0.0,0.0,0,,
2025-09-27 03:15:00-03:00,0,19,0,0,0.0,0,5.2,0,,0.0,19.0,0.0,0.0,0,,
2025-09-27 03:20:00-03:00,0,19,0,0,0.0,0,5.2,0,,0.0,19.0,0.0,0.0,0,,
2025-09-27 03:25:00-03:00,0,19,0,0,0.0,0,5.2,0,,0.0,19.0,0.0,0.0,0,,
2025-09-27 03:30:00-03:00,0,19,0,0,0.0,0,5.2,0,,0.0,19.0,0.0,0.0,0,,
2025-09-27 03:35:00-03:00,0,19,0,0,0.0,0,5.2,0,,0.0,19.0,0.0,0.0,0,,
2025-09-27 03:40:00-03:00,0,19,0,0,0.0,0,5.2,0,,0.0,19.0,0.0,0.0,0,,
2025-09-27 03:45:00-03:00,0,19,0,0,0.0,0,5.2,0,,0.0,19.0,0.0,0.0,0,,
2025-09-27 03:50:00-03:00,0,19,0,0,0.0,0,5.2,0,,0.0,19.0,0.0,0.0,0,,
2025-09-27 03:55:00-03:00,0,19,0,0,0.0,0,5.2,0,,0.0,19.0,0.0,0.0,0,,
2025-09-27 04:00:00-03:00,0,19,0,0,0.0,0,5.2,0,,0.0,19.0,0.0,0.0,0,,
2025-09-27 04:05:00-03:00,0,19,0,0,0.0,0,5.2,0,,0.0,19.0,0.0,0.0,0,,
2025-09-27 04:10:00-03:00,0,19,0,0,0.0,0,5.2,0,,0.0,19.0,0.0,0.0,0,,
2025-09-27 04:15:00-03:00,0,19,0,0,0.0,0,5.2,0,,0.0,19.0,0.0,0.0,0,,
2025-09-27 04:20:00-03:00,0,19,0,0,0.0,0,5.2,0,,0.0,19.0,0.0,0.0,0,,
2025-09-27 04:25:00-03:00,0,19,0,0,0.0,0,5.2,0,,0.0,19.0,0.0,0.0,0,,
2025-09-27 04:30:00-03:00,0,19,0,0,0.0,0,5.2,0,,0.0,19.0,0.0,0.0,0,,
2025-09-27 04:35:00-03:00,0,18,0,0,0.0,0,5.1,0,,0.0,18.0,0.0,0.0,0,,
2025-09-27 04:40:00-03:00,0,18,0,0,0.0,0,5.1,0,,0.0,18.0,0.0,0.0,0,,
2025-09-27 04:45:00-03:00,0,18,0,0,0.0,0,5.1,0,,0.0,18.0,0.0,0.0,0,,
2025-09-27 04:50:00-03:00,0,18,0,0,0.0,0,5.1,0,,0.0,18.0,0.0,0.0,0,,
2025-09-27 04:55:00-03:00,0,18,0,0,0.0,0,5.1,0,,0.0,18.0,0.0,0.0,0,,
2025-09-27 05:00:00-03:00,0,18,0,0,0.0,0,5.1,0,,0.0,18.0,0.0,0.0,0,,
2025-09-27 05:05:00-03:00,0,18,0,0,0.0,0,5.1,0,,0.0,18.0,0.0,0.0,0,,
2025-09-27 05:10:00-03:00,0,18,0,0,0.0,0,5.1,0,,0.0,18.0,0.0,0.0,0,,
2025-09-27 05:15:00-03:00,0,18,0,0,0.0,0,5.1,0,,0.0,18.0,0.0,0.0,0,,
2025-09-27 05:20:00-03:00,0,18,0,0,0.0,0,5.1,0,,0.0,18.0,0.0,0.0,0,,
2025-09-27 05:25:00-03:00,0,18,0,0,0.0,0,5.1,0,,0.0,18.0,0.0,0.0,0,,
2025-09-27 05:30:00-03:00,0,18,0,0,0.0,0,5.1,0,,0.0,18.0,0.0,0.0,0,,
2025-09-27 05:35:00-03:00,0,18,0,0,0.0,0,5.1,0,,0.0,18.0,0.0,0.0,0,,
2025-09-27 05:40:00-03:00,0,18,0,0,0.0,0,5.1,0,,0.28867513724399385,18.0,0.0,0.0,0,,
2025-09-27 05:45:00-03:00,0,18,0,0,0.0,0,5.1,0,,2.8749176538953267,18.0,0.0,0.0,0,,
2025-09-27 05:50:00-03:00,0,18,0,0,0.0,0,5.1,0,,6.185883244668864,18.0,0.0,0.0,0,,
2025-09-27 05:55:00-03:00,0,18,0,0,0.0,0,5.1,0,,10.89168434542172,18.0,0.0,0.0,0,,
2025-09-27 06:00:00-03:00,0,18,0,0,0.0,0,5.1,0,,17.791724327533856,18.0,0.0,0.0,0,,
2025-09-27 06:05:00-03:00,1,18,1,1,0.0,1,5.1,0,1.0,25.265259415545767,18.03125,0.0,1.0,0,0.0,0.0
2025-09-27 06:10:00-03:00,12,18,12,10,0.0,10,5.1,0,1.0,32.950260954523095,18.3125,0.0,10.0,0,0.0,0.0
2025-09-27 06:15:00-03:00,25,18,25,20,0.0,20,5.2,1,1.0,40.72375525937768,18.625,0.0,20.0,0,0.0,0.0
2025-09-27 06:20:00-03:00,40,18,40,34,0.0,34,5.2,1,1.0,48.233255847997576,19.0625,0.0,34.0,0,0.0,0.0
2025-09-27 06:25:00-03:00,57,18,57,55,0.0,55,5.2,1,1.0,55.30925452729433,19.71875,0.0,55.0,0,0.0,0.0
2025-09-27 06:30:00-03:00,74,18,74,74,0.0,74,5.3,1,1.0,61.71261596868444,20.3125,0.0,74.0,0,0.0,0.0
2025-09-27 06:35:00-03:00,93,18,93,93,0.0,93,5.3,1,1.0,66.98094482536273,20.90625,0.0,93.0,0,0.0,0.0
2025-09-27 06:40:00-03:00,112,19,112,113,0.0,113,5.3,1,1.0,70.72781802392547,22.53125,0.0,113.0,0,0.0,0.0
2025-09-27 06:45:00-03:00,132,19,132,133,0.0,133,5.4,1,1.0,73.5539381554995,23.15625,0.0,133.0,0,0.0,0.0
2025-09-27 06:50:00-03:00,153,19,153,154,0.0,154,5.4,1,1.0,75.43505133356871,23.8125,0.0,154.0,0,0.0,0.0
2025-09-27 06:55:00-03:00,174,19,174,176,0.0,176,5.4,1,1.0,76.50727832281555,24.5,0.0,176.0,0,0.0,0.0
2025-09-27 07:00:00-03:00,195,19,195,198,0.0,198,5.5,1,1.0,77.82162003875028,25.1875,0.07500000000000001,197.8515,0,0.0,0.0
2025-09-27 07:05:00-03:00,216,19,216,220,0.0,220,5.5,1,1.0,78.86942603846808,25.875,0.35000000000000003,219.23000000000002,0,0.0,0.0
2025-09-27 07:10:00-03:00,238,19,238,242,0.0,242,5.5,1,1.0,79.72048708209847,26.5625,0.625,240.4875,0,0.0,0.0
2025-09-27 07:15:00-03:00,259,19,259,265,0.0,265,5.5,1,1.0,80.2954298861833,27.28125,0.9125000000000001,262.58187499999997,0,0.0,0.0
2025-09-27 07:20:00-03:00,281,20,281,287,0.0,287,5.6,1,1.0,80.68494658894848,28.96875,1.5875000000000001,282.443875,0,0.0,0.0
2025-09-27 07:25:00-03:00,303,20,303,310,0.0,310,5.6,1,1.0,80.835785654777,29.6875,1.875,304.1875,0,0.0,0.0
2025-09-27 07:30:00-03:00,324,20,324,332,0.0,332,5.6,1,1.0,80.88600283452142,30.375,2.15,324.862,0,0.0,0.0
2025-09-27 07:35:00-03:00,346,20,346,355,0.0,355,5.7,1,1.0,80.97413541410184,31.09375,2.4375,346.346875,0,0.0,0.0
2025-09-27 07:40:00-03:00,368,20,368,377,0.0,377,5.7,1,1.0,80.93637605982622,31.78125,2.7125000000000004,366.77387500000003,0,0.0,0.0
2025-09-27 07:45:00-03:00,389,20,389,400,0.0,400,5.7,1,1.0,80.63479209975233,32.5,3.0,388.0,0,0.0,0.0
2025-09-27 07:50:00-03:00,411,20,411,422,0.0,422,5.8,1,1.0,80.39613099390051,33.1875,3.2750000000000004,408.17949999999996,0,0.0,0.0
2025-09-27 07:55:00-03:00,432,20,432,444,0.0,444,5.8,1,1.0,79.94368282886963,33.875,3.5500000000000003,428.238,0,0.0,0.0
2025-09-27 08:00:00-03:00,454,21,454,467,0.0,467,5.8,1,1.0,79.4669266062483,35.59375,4.2375,447.210875,0,0.0,0.0
2025-09-27 08:05:00-03:00,475,21,475,489,0.0,489,5.9,1,1.0,78.85026085159144,36.28125,4.5125,466.933875,0,0.0,0.0
2025-09-27 08:10:00-03:00,496,21,496,510,0.0,510,5.9,1,1.0,78.28401090667678,36.9375,4.775,485.64750000000004,0,0.0,0.0
2025-09-27 08:15:00-03:00,516,21,516,532,0.0,532,5.9,1,1.0,77.51578529368871,37.625,5.050000000000001,505.134,0,0.0,0.0
2025-09-27 08:20:00-03:00,537,21,537,553,0.0,553,5.9,1,1.0,76.7615355066166,38.28125,5.3125,523.621875,0,0.0,0.0
2025-09-27 08:25:00-03:00,557,21,557,574,0.0,574,6.0,1,1.0,75.79412906023906,38.9375,5.575,541.9995,0,0.0,0.0
2025-09-27 08:30:00-03:00,577,21,577,595,0.0,595,6.0,1,1.0,74.82201102171376,39.59375,5.8375,560.266875,0,0.0,0.0
2025-09-27 08:35:00-03:00,597,21,597,616,0.0,616,6.0,1,1.0,73.92886630219179,40.25,6.1000000000000005,578.424,0,0.0,0.0
2025-09-27 08:40:00-03:00,616,22,616,636,0.0,636,6.1,1,1.0,72.91339819514427,41.875,6.75,593.07,0,0.0,0.0
2025-09-27 08:45:00-03:00,635,22,635,656,0.0,656,6.1,1,1.0,71.70647238442405,42.5,7.0,610.0799999999999,0,0.0,0.0
2025-09-27 08:50:00-03:00,654,22,654,675,0.0,675,6.1,1,1.0,70.55021852080458,43.09375,7.237500000000001,626.146875,0,0.0,0.0
2025-09-27 08:55:00-03:00,673,22,673,695,0.0,695,6.2,1,1.0,69.37704405943039,43.71875,7.487500000000001,642.961875,0,0.0,0.0
2025-09-27 09:00:00-03:00,691,22,691,714,0.0,714,6.2,1,1.0,68.12799896095662,44.3125,7.7250000000000005,658.8435,0,0.0,0.0
2025-09-27 09:05:00-03:00,709,22,709,732,0.0,732,6.2,1,1.0,66.90353752480623,44.875,7.95,673.806,0,0.0,0.0
2025-09-27 09:10:00-03:00,726,22,726,750,0.0,750,6.2,1,1.0,65.67153112270022,45.4375,8.175,688.6875,0,0.0,0.0
2025-09-27 09:15:00-03:00,743,23,743,768,0.0,768,6.1,1,1.0,64.38820473573286,47.0,8.8,700.416,0,0.0,0.0
2025-09-27 09:20:00-03:00,760,23,760,786,0.0,786,6.1,1,1.0,63.0206796266572,47.5625,9.025,715.0635000000001,0,0.0,0.0
2025-09-27 09:25:00-03:00,777,23,777,803,0.0,803,6.1,1,1.0,61.52229209190839,48.09375,9.2375,728.8228750000001,0,0.0,0.0
2025-09-27 09:30:00-03:00,792,23,792,820,0.0,820,6.1,1,1.0,60.031557357672426,48.625,9.450000000000001,742.51,0,0.0,0.0
2025-09-27 09:35:00-03:00,808,23,808,836,0.0,836,6.0,1,1.0,58.528677249752214,49.125,9.65,755.326,0,0.0,0.0
2025-09-27 09:40:00-03:00,823,23,823,852,0.0,852,6.0,1,1.0,56.96702927344896,49.625,9.850000000000001,768.078,0,0.0,0.0
2025-09-27 09:45:00-03:00,838,23,838,867,0.0,867,6.0,1,1.0,55.314185259376494,50.09375,10.037500000000001,779.974875,0,0.0,0.0
2025-09-27 09:50:00-03:00,852,24,852,882,0.0,882,5.9,1,1.0,53.56361270545618,51.5625,10.625,788.2875,0,0.0,0.0
2025-09-27 09:55:00-03:00,866,24,866,896,0.0,896,5.9,1,1.0,51.86601327779883,52.0,10.8,799.232,0,0.0,0.0
2025-09-27 10:00:00-03:00,880,24,880,910,0.0,910,5.9,1,1.0,50.20043160504474,52.4375,10.975000000000001,810.1274999999999,0,0.0,0.0
2025-09-27 10:05:00-03:00,892,24,892,924,0.0,924,5.9,1,1.0,48.565092214651415,52.875,11.15,820.9739999999999,0,0.0,0.0
2025-09-27 10:10:00-03:00,905,24,905,937,0.0,937,5.8,1,1.0,46.80803803025513,53.28125,11.3125,831.0018749999999,0,0.0,0.0
2025-09-27 10:15:00-03:00,917,24,917,949,0.0,949,5.8,1,1.0,45.07863499855216,53.65625,11.4625,840.220875,0,0.0,0.0
2025-09-27 10:20:00-03:00,929,24,929,961,0.0,961,5.8,1,1.0,43.35337531858946,54.03125,11.6125,849.403875,0,0.0,0.0
2025-09-27 10:25:00-03:00,940,25,940,973,0.0,973,5.7,1,1.0,41.50355954065576,55.40625,12.162500000000001,854.658875,0,0.0,0.0
2025-09-27 10:30:00-03:00,950,25,950,984,0.0,984,5.7,1,1.0,39.65103460760921,55.75,12.3,862.968,0,0.0,0.0
2025-09-27 10:35:00-03:00,960,25,960,994,0.0,994,5.7,1,1.0,37.796103695284636,56.0625,12.425,870.4955,0,0.0,0.0
2025-09-27 10:40:00-03:00,970,25,970,1004,0.0,1004,5.7,1,1.0,35.96673547328548,56.375,12.55,877.998,0,0.0,0.0
2025-09-27 10:45:00-03:00,979,25,979,1014,0.0,1014,5.6,1,1.0,34.037746426833145,56.6875,12.675,885.4755,0,0.0,0.0
2025-09-27 10:50:00-03:00,987,25,987,1022,0.0,1022,5.6,1,1.0,32.12322392212067,56.9375,12.775,891.4395,0,0.0,0.0
2025-09-27 10:55:00-03:00,995,26,995,1031,0.0,1031,5.6,1,1.0,30.104363924054255,58.21875,13.287500000000001,894.005875,0,0.0,0.0
2025-09-27 11:00:00-03:00,1003,26,1003,1039,0.0,1039,5.5,1,1.0,28.157027219103526,58.46875,13.387500000000001,899.9038750000001,0,0.0,0.0
2025-09-27 11:05:00-03:00,1010,26,1010,1046,0.0,1046,5.5,1,1.0,26.158462330846035,58.6875,13.475000000000001,905.0514999999999,0,0.0,0.0
2025-09-27 11:10:00-03:00,1016,26,1016,1052,0.0,1052,5.5,1,1.0,24.09388203495392,58.875,13.55,909.4540000000001,0,0.0,0.0
2025-09-27 11:15:00-03:00,1022,26,1022,1059,0.0,1059,5.5,1,1.0,22.111802689534983,59.09375,13.637500000000001,914.5788749999999,0,0.0,0.0
2025-09-27 11:20:00-03:00,1027,26,1027,1064,0.0,1064,5.4,1,1.0,20.14492943192595,59.25,13.700000000000001,918.232,0,0.0,0.0
2025-09-27 11:25:00-03:00,1032,26,1032,1069,0.0,1069,5.4,1,1.0,18.005680921687645,59.40625,13.762500000000001,921.878875,0,0.0,0.0
2025-09-27 11:30:00-03:00,1036,27,1036,1073,0.0,1073,5.4,1,1.0,16.036653092940302,60.53125,14.2125,920.499875,0,0.0,0.0
2025-09-27 11:35:00-03:00,1040,27,1040,1077,0.0,1077,5.4,1,1.0,14.129273287590635,60.65625,14.262500000000001,923.392875,0,0.0,0.0
2025-09-27 11:40:00-03:00,1043,27,1043,1081,0.0,1081,5.3,1,1.0,12.16926082759175,60.78125,14.3125,926.281875,0,0.0,0.0
2025-09-27 11:45:00-03:00,1046,27,1046,1083,0.0,1083,5.3,1,1.0,10.112997936901289,60.84375,14.3375,927.724875,0,0.0,0.0
2025-09-27 11:50:00-03:00,1048,27,1048,1085,0.0,1085,5.3,1,1.0,8.26639784503321,60.90625,14.3625,929.166875,0,0.0,0.0
2025-09-27 11:55:00-03:00,1049,27,1049,1087,0.0,1087,5.2,1,1.0,6.429100507253276,60.96875,14.387500000000001,930.607875,0,0.0,0.0
2025-09-27 12:00:00-03:00,1050,27,1050,1088,0.0,1088,5.2,1,1.0,4.776045022781192,61.0,14.4,931.328,0,0.0,0.0
2025-09-27 12:05:00-03:00,1050,28,1050,1088,0.0,1088,5.2,1,1.0,3.502163833143206,62.0,14.8,926.976,0,0.0,0.0
2025-09-27 12:10:00-03:00,1050,28,1050,1088,0.0,1088,5.2,1,1.0,3.312053285912147,62.0,14.8,926.976,0,0.0,0.0
2025-09-27 12:15:00-03:00,1049,28,1049,1087,0.0,1087,5.1,1,1.0,4.440686542498059,61.96875,14.787500000000001,926.2598750000001,0,0.0,0.0
2025-09-27 12:20:00-03:00,1048,28,1048,1086,0.0,1086,5.1,1,1.0,6.03022689147485,61.9375,14.775,925.5435,0,0.0,0.0
2025-09-27 12:25:00-03:00,1046,28,1046,1084,0.0,1084,5.1,1,1.0,7.900901367773059,61.875,14.75,924.11,0,0.0,0.0
2025-09-27 12:30:00-03:00,1044,28,1044,1081,0.0,1081,5.0,1,1.0,9.76504278562588,61.78125,14.7125,921.9578750000001,0,0.0,0.0
2025-09-27 12:35:00-03:00,1041,28,1041,1078,0.0,1078,5.0,1,1.0,11.686238993672603,61.6875,14.675,919.8035,0,0.0,0.0
2025-09-27 12:40:00-03:00,1037,28,1037,1074,0.0,1074,5.0,1,1.0,13.749931129269996,61.5625,14.625,916.9275,0,0.0,0.0
2025-09-27 12:45:00-03:00,1033,28,1033,1070,0.0,1070,4.9,1,1.0,15.770129032320659,61.4375,14.575000000000001,914.0474999999999,0,0.0,0.0
2025-09-27 12:50:00-03:00,1028,28,1028,1065,0.0,1065,4.9,1,1.0,17.863752023657373,61.28125,14.512500000000001,910.4418750000001,0,0.0,0.0
2025-09-27 12:55:00-03:00,1023,28,1023,1060,0.0,1060,4.9,1,1.0,19.856111188101618,61.125,14.450000000000001,906.8299999999999,0,0.0,0.0
2025-09-27 13:00:00-03:00,1018,28,1018,1054,0.0,1054,4.8,1,1.0,21.714922951440595,60.9375,14.375,902.4875,0,0.0,0.0
2025-09-27 13:05:00-03:00,1011,28,1011,1047,0.0,1047,4.8,1,1.0,23.751873929243164,60.71875,14.287500000000001,897.409875,0,0.0,0.0
2025-09-27 13:10:00-03:00,1004,28,1004,1040,0.0,1040,4.8,1,1.0,25.783480734513876,60.5,14.200000000000001,892.3199999999999,0,0.0,0.0
2025-09-27 13:15:00-03:00,997,28,997,1032,0.0,1032,4.8,1,1.0,27.77507057513514,60.25,14.100000000000001,886.4879999999999,0,0.0,0.0
2025-09-27 13:20:00-03:00,989,28,989,1024,0.0,1024,4.7,1,1.0,29.739653153595878,60.0,14.0,880.64,0,0.0,0.0
2025-09-27 13:25:00-03:00,981,28,981,1016,0.0,1016,4.7,1,1.0,31.64672418299232,59.75,13.9,874.776,0,0.0,0.0
2025-09-27 13:30:00-03:00,972,28,972,1006,0.0,1006,4.7,1,1.0,33.505313915934686,59.4375,13.775,867.4235,0,0.0,0.0
2025-09-27 13:35:00-03:00,963,28,963,996,0.0,996,4.6,1,1.0,35.43870081070705,59.125,13.65,860.0459999999999,0,0.0,0.0
2025-09-27 13:40:00-03:00,953,29,953,986,0.0,986,4.6,1,1.0,37.264309840356745,59.8125,13.925,848.6995000000001,0,0.0,0.0
2025-09-27 13:45:00-03:00,942,29,942,975,0.0,975,4.6,1,1.0,39.16515148583547,59.46875,13.787500000000001,840.571875,0,0.0,0.0
2025-09-27 13:50:00-03:00,931,29,931,964,0.0,964,4.5,1,1.0,41.11062312021934,59.125,13.65,832.414,0,0.0,0.0
2025-09-27 13:55:00-03:00,920,29,920,952,0.0,952,4.5,1,1.0,42.9520521963526,58.75,13.5,823.48,0,0.0,0.0
2025-09-27 14:00:00-03:00,908,29,908,939,0.0,939,4.5,1,1.0,44.693569464908386,58.34375,13.3375,813.7608749999999,0,0.0,0.0
2025-09-27 14:05:00-03:00,896,29,896,927,0.0,927,4.5,1,1.0,46.463002551062885,57.96875,13.1875,804.751875,0,0.0,0.0
2025-09-27 14:10:00-03:00,883,29,883,913,0.0,913,4.4,1,1.0,48.28325514370616,57.53125,13.012500000000001,794.195875,0,0.0,0.0
2025-09-27 14:15:00-03:00,869,29,869,899,0.0,899,4.4,1,1.0,50.00446949720096,57.09375,12.8375,783.590875,0,0.0,0.0
2025-09-27 14:20:00-03:00,856,29,856,885,0.0,885,4.4,1,1.0,51.77808124070708,56.65625,12.662500000000001,772.936875,0,0.0,0.0
2025-09-27 14:25:00-03:00,842,29,842,870,0.0,870,4.3,1,1.0,53.45367578141895,56.1875,12.475000000000001,761.4675,0,0.0,0.0
2025-09-27 14:30:00-03:00,827,29,827,855,0.0,855,4.3,1,1.0,55.03738398909667,55.71875,12.287500000000001,749.941875,0,0.0,0.0
2025-09-27 14:35:00-03:00,812,29,812,839,0.0,839,4.3,1,1.0,56.70551253198253,55.21875,12.0875,737.585875,0,0.0,0.0
2025-09-27 14:40:00-03:00,796,29,796,823,0.0,823,4.2,1,1.0,58.1791251744156,54.71875,11.887500000000001,725.1658749999999,0,0.0,0.0
2025-09-27 14:45:00-03:00,780,29,780,806,0.0,806,4.2,1,1.0,59.765387266805746,54.1875,11.675,711.8995,0,0.0,0.0
2025-09-27 14:50:00-03:00,764,29,764,789,0.0,789,4.2,1,1.0,61.337121095159134,53.65625,11.4625,698.560875,0,0.0,0.0
2025-09-27 14:55:00-03:00,747,29,747,772,0.0,772,4.1,1,1.0,62.770626212834195,53.125,11.25,685.15,0,0.0,0.0
2025-09-27 15:00:00-03:00,730,29,730,754,0.0,754,4.1,1,1.0,64.24308711779125,52.5625,11.025,670.8715000000001,0,0.0,0.0
2025-09-27 15:05:00-03:00,713,29,713,736,0.0,736,4.1,1,1.0,65.62906553063328,52.0,10.8,656.5120000000001,0,0.0,0.0
2025-09-27 15:10:00-03:00,695,29,695,717,0.0,717,4.1,1,1.0,66.96148825325545,51.40625,10.5625,641.266875,0,0.0,0.0
2025-09-27 15:15:00-03:00,676,29,676,698,0.0,698,4.1,1,1.0,68.14217534395323,50.8125,10.325000000000001,625.9314999999999,0,0.0,0.0
2025-09-27 15:20:00-03:00,658,29,658,679,0.0,679,4.1,1,1.0,69.37311285994627,50.21875,10.0875,610.505875,0,0.0,0.0
2025-09-27 15:25:00-03:00,639,29,639,659,0.0,659,4.1,1,1.0,70.55381569476603,49.59375,9.8375,594.170875,0,0.0,0.0
2025-09-27 15:30:00-03:00,620,29,620,639,0.0,639,4.0,1,1.0,71.58524268099622,48.96875,9.5875,577.735875,0,0.0,0.0
2025-09-27 15:35:00-03:00,601,29,601,619,0.0,619,4.0,1,1.0,72.527528733872,48.34375,9.3375,561.200875,0,0.0,0.0
2025-09-27 15:40:00-03:00,581,29,581,599,0.0,599,4.0,1,1.0,73.44813672162859,47.71875,9.0875,544.565875,0,0.0,0.0
2025-09-27 15:45:00-03:00,561,29,561,578,0.0,578,4.0,1,1.0,74.26488219389456,47.0625,8.825000000000001,526.9915,0,0.0,0.0
2025-09-27 15:50:00-03:00,541,29,541,557,0.0,557,4.0,1,1.0,75.07006827967797,46.40625,8.5625,509.306875,0,0.0,0.0
2025-09-27 15:55:00-03:00,521,28,521,536,0.0,536,4.0,1,1.0,75.78853155426569,44.75,7.9,493.656,0,0.0,0.0
2025-09-27 16:00:00-03:00,501,28,501,515,0.0,515,4.0,1,1.0,76.6469177462503,44.09375,7.6375,475.666875,0,0.0,0.0
2025-09-27 16:05:00-03:00,480,28,480,493,0.0,493,4.0,1,1.0,77.42733641449207,43.40625,7.362500000000001,456.70287499999995,0,0.0,0.0
2025-09-27 16:10:00-03:00,459,28,459,472,0.0,472,4.0,1,1.0,78.08091180230505,42.75,7.1000000000000005,438.488,0,0.0,0.0
2025-09-27 16:15:00-03:00,438,28,438,450,0.0,450,3.9,1,1.0,78.69888913774928,42.0625,6.825,419.28749999999997,0,0.0,0.0
2025-09-27 16:20:00-03:00,417,28,417,428,0.0,428,3.9,1,1.0,79.22675550519176,41.375,6.550000000000001,399.966,0,0.0,0.0
2025-09-27 16:25:00-03:00,395,28,395,405,0.0,405,3.9,1,1.0,79.78019044775137,40.65625,6.2625,379.636875,0,0.0,0.0
2025-09-27 16:30:00-03:00,374,28,374,383,0.0,383,3.9,1,1.0,80.30887342950273,39.96875,5.987500000000001,360.067875,0,0.0,0.0
2025-09-27 16:35:00-03:00,352,28,352,361,0.0,361,3.9,1,1.0,80.62309429272804,39.28125,5.7125,340.377875,0,0.0,0.0
2025-09-27 16:40:00-03:00,331,28,331,338,0.0,338,3.9,1,1.0,80.86108552026731,38.5625,5.425000000000001,319.6635,0,0.0,0.0
2025-09-27 16:45:00-03:00,309,28,309,316,0.0,316,3.9,1,1.0,80.99957912349113,37.875,5.15,299.726,0,0.0,0.0
2025-09-27 16:50:00-03:00,287,27,287,293,0.0,293,3.9,1,1.0,80.87415401647003,36.15625,4.4625,279.924875,0,0.0,0.0
2025-09-27 16:55:00-03:00,265,27,265,270,0.0,270,3.9,1,1.0,80.64789726542352,35.4375,4.175,258.7275,0,0.0,0.0
2025-09-27 17:00:00-03:00,244,27,244,248,0.0,248,3.8,1,1.0,80.34749340813761,34.75,3.9000000000000004,238.328,0,0.0,0.0
2025-09-27 17:05:00-03:00,222,27,222,226,0.0,226,3.8,1,1.0,79.85877686532213,34.0625,3.625,217.8075,0,0.0,0.0
2025-09-27 17:10:00-03:00,201,27,201,203,0.0,203,3.8,1,1.0,79.06896682740093,33.34375,3.3375000000000004,196.224875,0,0.0,0.0
2025-09-27 17:15:00-03:00,180,27,180,182,0.0,182,3.8,1,1.0,78.05747688063494,32.6875,3.075,176.40349999999998,0,0.0,0.0
2025-09-27 17:20:00-03:00,159,27,159,160,0.0,160,3.8,1,1.0,76.75462674832008,32.0,2.8000000000000003,155.51999999999998,0,0.0,0.0
2025-09-27 17:25:00-03:00,138,27,138,139,0.0,139,3.8,1,1.0,75.53380740176752,31.34375,2.5375,135.472875,0,0.0,0.0
2025-09-27 17:30:00-03:00,118,27,118,118,0.0,118,3.8,1,1.0,74.07040058232124,30.6875,2.275,115.3155,0,0.0,0.0
2025-09-27 17:35:00-03:00,99,27,99,98,0.0,98,3.8,1,1.0,71.43989845254839,30.0625,2.025,96.0155,0,0.0,0.0
2025-09-27 17:40:00-03:00,80,27,80,79,0.0,79,3.8,1,1.0,67.93691369517471,29.46875,1.7875,77.587875,0,0.0,0.0
2025-09-27 17:45:00-03:00,62,26,62,60,0.0,60,3.7,1,1.0,63.21122598803555,27.875,1.1500000000000001,59.31,0,0.0,0.0
2025-09-27 17:50:00-03:00,45,26,45,40,0.0,40,3.7,1,1.0,57.06687995571714,27.25,0.9,39.64,0,0.0,0.0
2025-09-27 17:55:00-03:00,30,26,30,23,0.0,23,3.7,1,1.0,50.12371059326947,26.71875,0.6875,22.841875,0,0.0,0.0
2025-09-27 18:00:00-03:00,16,26,16,13,0.0,13,3.7,1,1.0,42.6184623530088,26.40625,0.5625,12.926875,0,0.0,0.0
2025-09-27 18:05:00-03:00,4,26,4,3,0.0,3,3.7,0,1.0,34.94237680769888,26.09375,0.4375,2.986875,0,0.0,0.0
2025-09-27 18:10:00-03:00,0,26,0,0,0.0,0,3.6,0,,27.28247300621529,26.0,0.4,0.0,0,,
2025-09-27 18:15:00-03:00,0,26,0,0,0.0,0,3.6,0,,19.764331202454954,26.0,0.4,0.0,0,,
2025-09-27 18:20:00-03:00,0,26,0,0,0.0,0,3.5,0,,12.74546859470168,26.0,0.4,0.0,0,,
2025-09-27 18:25:00-03:00,0,26,0,0,0.0,0,3.5,0,,7.262919523274656,26.0,0.4,0.0,0,,
2025-09-27 18:30:00-03:00,0,26,0,0,0.0,0,3.4,0,,3.7739136508394586,26.0,0.4,0.0,0,,
2025-09-27 18:35:00-03:00,0,26,0,0,0.0,0,3.3,0,,0.8660254046911375,26.0,0.4,0.0,0,,
2025-09-27 18:40:00-03:00,0,25,0,0,0.0,0,3.3,0,,0.0,25.0,0.0,0.0,0,,
2025-09-27 18:45:00-03:00,0,25,0,0,0.0,0,3.2,0,,0.0,25.0,0.0,0.0,0,,
2025-09-27 18:50:00-03:00,0,25,0,0,0.0,0,3.2,0,,0.0,25.0,0.0,0.0,0,,
2025-09-27 18:55:00-03:00,0,25,0,0,0.0,0,3.1,0,,0.0,25.0,0.0,0.0,0,,
2025-09-27 19:00:00-03:00,0,25,0,0,0.0,0,3.1,0,,0.0,25.0,0.0,0.0,0,,
2025-09-27 19:05:00-03:00,0,25,0,0,0.0,0,3.0,0,,0.0,25.0,0.0,0.0,0,,
2025-09-27 19:10:00-03:00,0,25,0,0,0.0,0,3.0,0,,0.0,25.0,0.0,0.0,0,,
2025-09-27 19:15:00-03:00,0,25,0,0,0.0,0,2.9,0,,0.0,25.0,0.0,0.0,0,,
2025-09-27 19:20:00-03:00,0,25,0,0,0.0,0,2.8,0,,0.0,25.0,0.0,0.0,0,,
2025-09-27 19:25:00-03:00,0,25,0,0,0.0,0,2.8,0,,0.0,25.0,0.0,0.0,0,,
2025-09-27 19:30:00-03:00,0,25,0,0,0.0,0,2.7,0,,0.0,25.0,0.0,0.0,0,,
2025-09-27 19:35:00-03:00,0,24,0,0,0.0,0,2.7,0,,0.0,24.0,0.0,0.0,0,,
2025-09-27 19:40:00-03:00,0,24,0,0,0.0,0,2.6,0,,0.0,24.0,0.0,0.0,0,,
2025-09-27 19:45:00-03:00,0,24,0,0,0.0,0,2.6,0,,0.0,24.0,0.0,0.0,0,,
2025-09-27 19:50:00-03:00,0,24,0,0,0.0,0,2.5,0,,0.0,24.0,0.0,0.0,0,,
2025-09-27 19:55:00-03:00,0,24,0,0,0.0,0,2.5,0,,0.0,24.0,0.0,0.0,0,,
2025-09-27 20:00:00-03:00,0,24,0,0,0.0,0,2.4,0,,0.0,24.0,0.0,0.0,0,,
2025-09-27 20:05:00-03:00,0,24,0,0,0.0,0,2.4,0,,0.0,24.0,0.0,0.0,0,,
2025-09-27 20:10:00-03:00,0,24,0,0,0.0,0,2.3,0,,0.0,24.0,0.0,0.0,0,,
2025-09-27 20:15:00-03:00,0,24,0,0,0.0,0,2.3,0,,0.0,24.0,0.0,0.0,0,,
2025-09-27 20:20:00-03:00,0,24,0,0,0.0,0,2.3,0,,0.0,24.0,0.0,0.0,0,,
2025-09-27 20:25:00-03:00,0,24,0,0,0.0,0,2.2,0,,0.0,24.0,0.0,0.0,0,,
2025-09-27 20:30:00-03:00,0,23,0,0,0.0,0,2.2,0,,0.0,23.0,0.0,0.0,0,,
2025-09-27 20:35:00-03:00,0,23,0,0,0.0,0,2.1,0,,0.0,23.0,0.0,0.0,0,,
2025-09-27 20:40:00-03:00,0,23,0,0,0.0,0,2.1,0,,0.0,23.0,0.0,0.0,0,,
2025-09-27 20:45:00-03:00,0,23,0,0,0.0,0,2.1,0,,0.0,23.0,0.0,0.0,0,,
2025-09-27 20:50:00-03:00,0,23,0,0,0.0,0,2.0,0,,0.0,23.0,0.0,0.0,0,,
2025-09-27 20:55:00-03:00,0,23,0,0,0.0,0,2.0,0,,0.0,23.0,0.0,0.0,0,,
2025-09-27 21:00:00-03:00,0,23,0,0,0.0,0,1.9,0,,0.0,23.0,0.0,0.0,0,,
2025-09-27 21:05:00-03:00,0,23,0,0,0.0,0,2.0,0,,0.0,23.0,0.0,0.0,0,,
2025-09-27 21:10:00-03:00,0,23,0,0,0.0,0,2.0,0,,0.0,23.0,0.0,0.0,0,,
2025-09-27 21:15:00-03:00,0,23,0,0,0.0,0,2.1,0,,0.0,23.0,0.0,0.0,0,,
2025-09-27 21:20:00-03:00,0,23,0,0,0.0,0,2.2,0,,0.0,23.0,0.0,0.0,0,,
2025-09-27 21:25:00-03:00,0,23,0,0,0.0,0,2.3,0,,0.0,23.0,0.0,0.0,0,,
2025-09-27 21:30:00-03:00,0,23,0,0,0.0,0,2.3,0,,0.0,23.0,0.0,0.0,0,,
2025-09-27 21:35:00-03:00,0,23,0,0,0.0,0,2.4,0,,0.0,23.0,0.0,0.0,0,,
2025-09-27 21:40:00-03:00,0,23,0,0,0.0,0,2.5,0,,0.0,23.0,0.0,0.0,0,,
2025-09-27 21:45:00-03:00,0,23,0,0,0.0,0,2.6,0,,0.0,23.0,0.0,0.0,0,,
2025-09-27 21:50:00-03:00,0,23,0,0,0.0,0,2.6,0,,0.0,23.0,0.0,0.0,0,,
2025-09-27 21:55:00-03:00,0,23,0,0,0.0,0,2.7,0,,0.0,23.0,0.0,0.0,0,,
2025-09-27 22:00:00-03:00,0,23,0,0,0.0,0,2.8,0,,0.0,23.0,0.0,0.0,0,,
2025-09-27 22:05:00-03:00,0,23,0,0,0.0,0,2.9,0,,0.0,23.0,0.0,0.0,0,,
2025-09-27 22:10:00-03:00,0,22,0,0,0.0,0,3.0,0,,0.0,22.0,0.0,0.0,0,,
2025-09-27 22:15:00-03:00,0,22,0,0,0.0,0,3.0,0,,0.0,22.0,0.0,0.0,0,,
2025-09-27 22:20:00-03:00,0,22,0,0,0.0,0,3.1,0,,0.0,22.0,0.0,0.0,0,,
2025-09-27 22:25:00-03:00,0,22,0,0,0.0,0,3.2,0,,0.0,22.0,0.0,0.0,0,,
2025-09-27 22:30:00-03:00,0,22,0,0,0.0,0,3.3,0,,0.0,22.0,0.0,0.0,0,,
2025-09-27 22:35:00-03:00,0,22,0,0,0.0,0,3.4,0,,0.0,22.0,0.0,0.0,0,,
2025-09-27 22:40:00-03:00,0,22,0,0,0.0,0,3.4,0,,0.0,22.0,0.0,0.0,0,,
2025-09-27 22:45:00-03:00,0,22,0,0,0.0,0,3.5,0,,0.0,22.0,0.0,0.0,0,,
2025-09-27 22:50:00-03:00,0,22,0,0,0.0,0,3.6,0,,0.0,22.0,0.0,0.0,0,,
2025-09-27 22:55:00-03:00,0,22,0,0,0.0,0,3.7,0,,0.0,22.0,0.0,0.0,0,,
2025-09-27 23:00:00-03:00,0,22,0,0,0.0,0,3.8,0,,0.0,22.0,0.0,0.0,0,,
2025-09-27 23:05:00-03:00,0,22,0,0,0.0,0,3.9,0,,0.0,22.0,0.0,0.0,0,,
2025-09-27 23:10:00-03:00,0,22,0,0,0.0,0,3.9,0,,0.0,22.0,0.0,0.0,0,,
2025-09-27 23:15:00-03:00,0,22,0,0,0.0,0,4.0,0,,0.0,22.0,0.0,0.0,0,,
2025-09-27 23:20:00-03:00,0,22,0,0,0.0,0,4.1,0,,0.0,22.0,0.0,0.0,0,,
2025-09-27 23:25:00-03:00,0,22,0,0,0.0,0,4.2,0,,0.0,22.0,0.0,0.0,0,,
2025-09-27 23:30:00-03:00,0,22,0,0,0.0,0,4.3,0,,0.0,22.0,0.0,0.0,0,,
2025-09-27 23:35:00-03:00,0,22,0,0,0.0,0,4.4,0,,0.0,22.0,0.0,0.0,0,,
2025-09-27 23:40:00-03:00,0,22,0,0,0.0,0,4.4,0,,0.0,22.0,0.0,0.0,0,,
2025-09-27 23:45:00-03:00,0,22,0,0,0.0,0,4.5,0,,0.0,22.0,0.0,0.0,0,,
2025-09-27 23:50:00-03:00,0,22,0,0,0.0,0,4.6,0,,0.0,22.0,0.0,0.0,0,,
2025-09-27 23:55:00-03:00,0,22,0,0,0.0,0,4.7,0,,0.0,22.0,0.0,0.0,0,,
2025-09-28 00:00:00-03:00,0,22,0,0,0.0,0,4.8,0,,0.0,22.0,0.0,0.0,0,,
2025-09-28 00:05:00-03:00,0,22,0,0,0.0,0,4.8,0,,0.0,22.0,0.0,0.0,0,,
2025-09-28 00:10:00-03:00,0,22,0,0,0.0,0,4.9,0,,0.0,22.0,0.0,0.0,0,,
2025-09-28 00:15:00-03:00,0,22,0,0,0.0,0,4.9,0,,0.0,22.0,0.0,0.0,0,,
2025-09-28 00:20:00-03:00,0,22,0,0,0.0,0,4.9,0,,0.0,22.0,0.0,0.0,0,,
2025-09-28 00:25:00-03:00,0,22,0,0,0.0,0,4.9,0,,0.0,22.0,0.0,0.0,0,,
2025-09-28 00:30:00-03:00,0,21,0,0,0.0,0,4.9,0,,0.0,21.0,0.0,0.0,0,,
2025-09-28 00:35:00-03:00,0,21,0,0,0.0,0,4.9,0,,0.0,21.0,0.0,0.0,0,,
2025-09-28 00:40:00-03:00,0,21,0,0,0.0,0,5.0,0,,0.0,21.0,0.0,0.0,0,,
2025-09-28 00:45:00-03:00,0,21,0,0,0.0,0,5.0,0,,0.0,21.0,0.0,0.0,0,,
2025-09-28 00:50:00-03:00,0,21,0,0,0.0,0,5.0,0,,0.0,21.0,0.0,0.0,0,,
2025-09-28 00:55:00-03:00,0,21,0,0,0.0,0,5.0,0,,0.0,21.0,0.0,0.0,0,,
2025-09-28 01:00:00-03:00,0,21,0,0,0.0,0,5.0,0,,0.0,21.0,0.0,0.0,0,,
2025-09-28 01:05:00-03:00,0,21,0,0,0.0,0,5.0,0,,0.0,21.0,0.0,0.0,0,,
2025-09-28 01:10:00-03:00,0,21,0,0,0.0,0,5.0,0,,0.0,21.0,0.0,0.0,0,,
2025-09-28 01:15:00-03:00,0,21,0,0,0.0,0,5.1,0,,0.0,21.0,0.0,0.0,0,,
2025-09-28 01:20:00-03:00,0,21,0,0,0.0,0,5.1,0,,0.0,21.0,0.0,0.0,0,,
2025-09-28 01:25:00-03:00,0,21,0,0,0.0,0,5.1,0,,0.0,21.0,0.0,0.0,0,,
2025-09-28 01:30:00-03:00,0,21,0,0,0.0,0,5.1,0,,0.0,21.0,0.0,0.0,0,,
2025-09-28 01:35:00-03:00,0,21,0,0,0.0,0,5.1,0,,0.0,21.0,0.0,0.0,0,,
2025-09-28 01:40:00-03:00,0,20,0,0,0.0,0,5.1,0,,0.0,20.0,0.0,0.0,0,,
2025-09-28 01:45:00-03:00,0,20,0,0,0.0,0,5.2,0,,0.0,20.0,0.0,0.0,0,,
2025-09-28 01:50:00-03:00,0,20,0,0,0.0,0,5.2,0,,0.0,20.0,0.0,0.0,0,,
2025-09-28 01:55:00-03:00,0,20,0,0,0.0,0,5.2,0,,0.0,20.0,0.0,0.0,0,,
2025-09-28 02:00:00-03:00,0,20,0,0,0.0,0,5.2,0,,0.0,20.0,0.0,0.0,0,,
2025-09-28 02:05:00-03:00,0,20,0,0,0.0,0,5.2,0,,0.0,20.0,0.0,0.0,0,,
2025-09-28 02:10:00-03:00,0,20,0,0,0.0,0,5.2,0,,0.0,20.0,0.0,0.0,0,,
2025-09-28 02:15:00-03:00,0,20,0,0,0.0,0,5.3,0,,0.0,20.0,0.0,0.0,0,,
2025-09-28 02:20:00-03:00,0,20,0,0,0.0,0,5.3,0,,0.0,20.0,0.0,0.0,0,,
2025-09-28 02:25:00-03:00,0,20,0,0,0.0,0,5.3,0,,0.0,20.0,0.0,0.0,0,,
2025-09-28 02:30:00-03:00,0,20,0,0,0.0,0,5.3,0,,0.0,20.0,0.0,0.0,0,,
2025-09-28 02:35:00-03:00,0,20,0,0,0.0,0,5.3,0,,0.0,20.0,0.0,0.0,0,,
2025-09-28 02:40:00-03:00,0,20,0,0,0.0,0,5.3,0,,0.0,20.0,0.0,0.0,0,,
2025-09-28 02:45:00-03:00,0,20,0,0,0.0,0,5.4,0,,0.0,20.0,0.0,0.0,0,,
2025-09-28 02:50:00-03:00,0,19,0,0,0.0,0,5.4,0,,0.0,19.0,0.0,0.0,0,,
2025-09-28 02:55:00-03:00,0,19,0,0,0.0,0,5.4,0,,0.0,19.0,0.0,0.0,0,,
2025-09-28 03:00:00-03:00,0,19,0,0,0.0,0,5.4,0,,0.0,19.0,0.0,0.0,0,,
2025-09-28 03:05:00-03:00,0,19,0,0,0.0,0,5.4,0,,0.0,19.0,0.0,0.0,0,,
2025-09-28 03:10:00-03:00,0,19,0,0,0.0,0,5.4,0,,0.0,19.0,0.0,0.0,0,,
2025-09-28 03:15:00-03:00,0,19,0,0,0.0,0,5.4,0,,0.0,19.0,0.0,0.0,0,,
2025-09-28 03:20:00-03:00,0,19,0,0,0.0,0,5.4,0,,0.0,19.0,0.0,0.0,0,,
2025-09-28 03:25:00-03:00,0,19,0,0,0.0,0,5.4,0,,0.0,19.0,0.0,0.0,0,,
2025-09-28 03:30:00-03:00,0,19,0,0,0.0,0,5.4,0,,0.0,19.0,0.0,0.0,0,,
2025-09-28 03:35:00-03:00,0,19,0,0,0.0,0,5.4,0,,0.0,19.0,0.0,0.0,0,,
2025-09-28 03:40:00-03:00,0,19,0,0,0.0,0,5.4,0,,0.0,19.0,0.0,0.0,0,,
2025-09-28 03:45:00-03:00,0,19,0,0,0.0,0,5.4,0,,0.0,19.0,0.0,0.0,0,,
2025-09-28 03:50:00-03:00,0,19,0,0,0.0,0,5.4,0,,0.0,19.0,0.0,0.0,0,,
2025-09-28 03:55:00-03:00,0,19,0,0,0.0,0,5.4,0,,0.0,19.0,0.0,0.0,0,,
2025-09-28 04:00:00-03:00,0,19,0,0,0.0,0,5.4,0,,0.0,19.0,0.0,0.0,0,,
2025-09-28 04:05:00-03:00,0,19,0,0,0.0,0,5.4,0,,0.0,19.0,0.0,0.0,0,,
2025-09-28 04:10:00-03:00,0,19,0,0,0.0,0,5.4,0,,0.0,19.0,0.0,0.0,0,,
2025-09-28 04:15:00-03:00,0,18,0,0,0.0,0,5.4,0,,0.0,18.0,0.0,0.0,0,,
2025-09-28 04:20:00-03:00,0,18,0,0,0.0,0,5.4,0,,0.0,18.0,0.0,0.0,0,,
2025-09-28 04:25:00-03:00,0,18,0,0,0.0,0,5.4,0,,0.0,18.0,0.0,0.0,0,,
2025-09-28 04:30:00-03:00,0,18,0,0,0.0,0,5.4,0,,0.0,18.0,0.0,0.0,0,,
2025-09-28 04:35:00-03:00,0,18,0,0,0.0,0,5.4,0,,0.0,18.0,0.0,0.0,0,,
2025-09-28 04:40:00-03:00,0,18,0,0,0.0,0,5.4,0,,0.0,18.0,0.0,0.0,0,,
2025-09-28 04:45:00-03:00,0,18,0,0,0.0,0,5.4,0,,0.0,18.0,0.0,0.0,0,,
2025-09-28 04:50:00-03:00,0,18,0,0,0.0,0,5.5,0,,0.0,18.0,0.0,0.0,0,,
2025-09-28 04:55:00-03:00,0,18,0,0,0.0,0,5.5,0,,0.0,18.0,0.0,0.0,0,,
2025-09-28 05:00:00-03:00,0,18,0,0,0.0,0,5.5,0,,0.0,18.0,0.0,0.0,0,,
2025-09-28 05:05:00-03:00,0,18,0,0,0.0,0,5.5,0,,0.0,18.0,0.0,0.0,0,,
2025-09-28 05:10:00-03:00,0,18,0,0,0.0,0,5.5,0,,0.0,18.0,0.0,0.0,0,,
2025-09-28 05:15:00-03:00,0,18,0,0,0.0,0,5.5,0,,0.0,18.0,0.0,0.0,0,,
2025-09-28 05:20:00-03:00,0,18,0,0,0.0,0,5.5,0,,0.0,18.0,0.0,0.0,0,,
2025-09-28 05:25:00-03:00,0,18,0,0,0.0,0,5.5,0,,0.0,18.0,0.0,0.0,0,,
2025-09-28 05:30:00-03:00,0,18,0,0,0.0,0,5.5,0,,0.0,18.0,0.0,0.0,0,,
2025-09-28 05:35:00-03:00,0,18,0,0,0.0,0,5.5,0,,0.0,18.0,0.0,0.0,0,,
2025-09-28 05:40:00-03:00,0,17,0,0,0.0,0,5.5,0,,0.5773502705498259,17.0,0.0,0.0,0,,
2025-09-28 05:45:00-03:00,0,17,0,0,0.0,0,5.5,0,,3.459724984917947,17.0,0.0,0.0,0,,
2025-09-28 05:50:00-03:00,0,17,0,0,0.0,0,5.5,0,,6.901910144150552,17.0,0.0,0.0,0,,
2025-09-28 05:55:00-03:00,0,17,0,0,0.0,0,5.5,0,,11.661903789757416,17.0,0.0,0.0,0,,
2025-09-28 06:00:00-03:00,0,17,0,0,0.0,0,5.5,0,,18.562547826732466,17.0,0.0,0.0,0,,
2025-09-28 06:05:00-03:00,2,17,2,2,0.0,2,5.5,0,1.0,25.617672640516876,17.0625,0.0,2.0,0,0.0,0.0
2025-09-28 06:10:00-03:00,14,17,14,12,0.0,12,5.5,1,1.0,33.0298304108758,17.375,0.0,12.0,0,0.0,0.0
2025-09-28 06:15:00-03:00,27,18,27,22,0.0,22,5.5,1,1.0,40.59883189842598,18.6875,0.0,22.0,0,0.0,0.0
2025-09-28 06:20:00-03:00,42,18,42,36,0.0,36,5.6,1,1.0,48.10617990919692,19.125,0.0,36.0,0,0.0,0.0
2025-09-28 06:25:00-03:00,58,18,58,57,0.0,57,5.6,1,1.0,55.14581222597102,19.78125,0.0,57.0,0,0.0,0.0
2025-09-28 06:30:00-03:00,76,18,76,74,0.0,74,5.6,1,1.0,61.32748654609958,20.3125,0.0,74.0,0,0.0,0.0
2025-09-28 06:35:00-03:00,95,18,95,93,0.0,93,5.6,1,1.0,66.37816362375499,20.90625,0.0,93.0,0,0.0,0.0
2025-09-28 06:40:00-03:00,114,18,114,113,0.0,113,5.7,1,1.0,70.03440712835034,21.53125,0.0,113.0,0,0.0,0.0
2025-09-28 06:45:00-03:00,134,18,134,134,0.0,134,5.7,1,1.0,73.07919116834482,22.1875,0.0,134.0,0,0.0,0.0
2025-09-28 06:50:00-03:00,155,19,155,155,0.0,155,5.7,1,1.0,75.05513125212687,23.84375,0.0,155.0,0,0.0,0.0
2025-09-28 06:55:00-03:00,175,19,175,176,0.0,176,5.8,1,1.0,76.41632381537185,24.5,0.0,176.0,0,0.0,0.0
2025-09-28 07:00:00-03:00,197,19,197,198,0.0,198,5.8,1,1.0,78.0359280114438,25.1875,0.07500000000000001,197.8515,0,0.0,0.0
2025-09-28 07:05:00-03:00,218,19,218,220,0.0,220,5.8,1,1.0,79.09732210155725,25.875,0.35000000000000003,219.23000000000002,0,0.0,0.0
2025-09-28 07:10:00-03:00,240,19,240,243,0.0,243,5.8,1,1.0,79.93671739494859,26.59375,0.6375000000000001,241.450875,0,0.0,0.0
2025-09-28 07:15:00-03:00,261,19,261,265,0.0,265,5.9,1,1.0,80.47486903037239,27.28125,0.9125000000000001,262.58187499999997,0,0.0,0.0
2025-09-28 07:20:00-03:00,283,19,283,288,0.0,288,5.9,1,1.0,80.9635159136009,28.0,1.2000000000000002,284.544,0,0.0,0.0
2025-09-28 07:25:00-03:00,305,19,305,311,0.0,311,5.9,1,1.0,81.2138964075602,28.71875,1.4875,306.373875,0,0.0,0.0
2025-09-28 07:30:00-03:00,327,20,327,333,0.0,333,5.9,1,1.0,81.33972900835371,30.40625,2.1625,325.798875,0,0.0,0.0
2025-09-28 07:35:00-03:00,349,20,349,356,0.0,356,6.0,1,1.0,81.3145780660606,31.125,2.45,347.278,0,0.0,0.0
2025-09-28 07:40:00-03:00,371,20,371,378,0.0,378,6.0,1,1.0,81.13830317689084,31.8125,2.725,367.6995,0,0.0,0.0
2025-09-28 07:45:00-03:00,392,20,392,401,0.0,401,6.0,1,1.0,80.97488387260942,32.53125,3.0125,388.919875,0,0.0,0.0
2025-09-28 07:50:00-03:00,414,20,414,423,0.0,423,6.1,1,1.0,80.54751091841531,33.21875,3.2875,409.093875,0,0.0,0.0
2025-09-28 07:55:00-03:00,435,20,435,446,0.0,446,6.1,1,1.0,80.18255685772996,33.9375,3.575,430.0555,0,0.0,0.0
2025-09-28 08:00:00-03:00,457,20,457,468,0.0,468,6.1,1,1.0,79.76836731589191,34.625,3.85,449.982,0,0.0,0.0
2025-09-28 08:05:00-03:00,478,21,478,490,0.0,490,6.1,1,1.0,79.1895979548009,36.3125,4.525,467.8275,0,0.0,0.0
2025-09-28 08:10:00-03:00,499,21,499,512,0.0,512,6.2,1,1.0,78.49995174675564,37.0,4.800000000000001,487.424,0,0.0,0.0
2025-09-28 08:15:00-03:00,520,21,520,533,0.0,533,6.2,1,1.0,77.60755000760116,37.65625,5.0625,506.01687499999997,0,0.0,0.0
2025-09-28 08:20:00-03:00,540,21,540,555,0.0,555,6.2,1,1.0,76.72792348568217,38.34375,5.3375,525.376875,0,0.0,0.0
2025-09-28 08:25:00-03:00,560,21,560,576,0.0,576,6.2,1,1.0,75.7689370268729,39.0,5.6000000000000005,543.7439999999999,0,0.0,0.0
2025-09-28 08:30:00-03:00,581,21,581,597,0.0,597,6.3,1,1.0,74.81304982583453,39.65625,5.862500000000001,562.000875,0,0.0,0.0
2025-09-28 08:35:00-03:00,600,21,600,617,0.0,617,6.3,1,1.0,73.7931178527143,40.28125,6.112500000000001,579.285875,0,0.0,0.0
2025-09-28 08:40:00-03:00,620,22,620,637,0.0,637,6.3,1,1.0,72.78423905314779,41.90625,6.7625,593.922875,0,0.0,0.0
2025-09-28 08:45:00-03:00,639,22,639,657,0.0,657,6.4,1,1.0,71.72738794782967,42.53125,7.0125,610.927875,0,0.0,0.0
2025-09-28 08:50:00-03:00,658,22,658,677,0.0,677,6.4,1,1.0,70.41930692557999,43.15625,7.2625,627.8328750000001,0,0.0,0.0
2025-09-28 08:55:00-03:00,676,22,676,696,0.0,696,6.4,1,1.0,69.26169084120053,43.75,7.5,643.8000000000001,0,0.0,0.0
2025-09-28 09:00:00-03:00,694,22,694,715,0.0,715,6.4,1,1.0,68.0541228461864,44.34375,7.737500000000001,659.676875,0,0.0,0.0
2025-09-28 09:05:00-03:00,712,22,712,734,0.0,734,6.4,1,1.0,66.76343355914395,44.9375,7.9750000000000005,675.4635,0,0.0,0.0
2025-09-28 09:10:00-03:00,730,22,730,752,0.0,752,6.4,1,1.0,65.34430952943742,45.5,8.200000000000001,690.3359999999999,0,0.0,0.0
2025-09-28 09:15:00-03:00,747,23,747,769,0.0,769,6.3,1,1.0,63.894977751136985,47.03125,8.8125,701.231875,0,0.0,0.0
2025-09-28 09:20:00-03:00,763,23,763,787,0.0,787,6.3,1,1.0,62.51666444503747,47.59375,9.0375,715.874875,0,0.0,0.0
2025-09-28 09:25:00-03:00,780,23,780,804,0.0,804,6.2,1,1.0,61.04612017056319,48.125,9.25,729.63,0,0.0,0.0
2025-09-28 09:30:00-03:00,795,23,795,820,0.0,820,6.2,1,1.0,59.59458995173288,48.625,9.450000000000001,742.51,0,0.0,0.0
2025-09-28 09:35:00-03:00,811,23,811,836,0.0,836,6.1,1,1.0,58.1315123429,49.125,9.65,755.326,0,0.0,0.0
2025-09-28 09:40:00-03:00,826,23,826,852,0.0,852,6.1,1,1.0,56.65178057593806,49.625,9.850000000000001,768.078,0,0.0,0.0
2025-09-28 09:45:00-03:00,841,24,841,868,0.0,868,6.0,1,1.0,55.13475228103308,51.125,10.450000000000001,777.294,0,0.0,0.0
2025-09-28 09:50:00-03:00,855,24,855,882,0.0,882,6.0,1,1.0,53.53220497697553,51.5625,10.625,788.2875,0,0.0,0.0
2025-09-28 09:55:00-03:00,869,24,869,897,0.0,897,5.9,1,1.0,51.98681359612956,52.03125,10.8125,800.011875,0,0.0,0.0
2025-09-28 10:00:00-03:00,882,24,882,911,0.0,911,5.9,1,1.0,50.34788069928072,52.46875,10.9875,810.9038750000001,0,0.0,0.0
2025-09-28 10:05:00-03:00,895,24,895,924,0.0,924,5.9,1,1.0,48.58981062907728,52.875,11.15,820.9739999999999,0,0.0,0.0
2025-09-28 10:10:00-03:00,908,24,908,937,0.0,937,5.8,1,1.0,46.70571959004718,53.28125,11.3125,831.0018749999999,0,0.0,0.0
2025-09-28 10:15:00-03:00,920,25,920,950,0.0,950,5.8,1,1.0,44.8441746495557,54.6875,11.875,837.1875,0,0.0,0.0
2025-09-28 10:20:00-03:00,931,25,931,962,0.0,962,5.7,1,1.0,43.16002639929351,55.0625,12.025,846.3195000000001,0,0.0,0.0
2025-09-28 10:25:00-03:00,942,25,942,973,0.0,973,5.7,1,1.0,41.19870548127875,55.40625,12.162500000000001,854.658875,0,0.0,0.0
2025-09-28 10:30:00-03:00,953,25,953,984,0.0,984,5.6,1,1.0,39.410427784808604,55.75,12.3,862.968,0,0.0,0.0
2025-09-28 10:35:00-03:00,963,25,963,994,0.0,994,5.6,1,1.0,37.52201374062021,56.0625,12.425,870.4955,0,0.0,0.0
2025-09-28 10:40:00-03:00,972,25,972,1004,0.0,1004,5.5,1,1.0,35.652680633626886,56.375,12.55,877.998,0,0.0,0.0
2025-09-28 10:45:00-03:00,981,26,981,1014,0.0,1014,5.5,1,1.0,33.6798653995688,57.6875,13.075000000000001,881.4195,0,0.0,0.0
2025-09-28 10:50:00-03:00,990,26,990,1022,0.0,1022,5.4,1,1.0,31.780020405427948,57.9375,13.175,887.3515,0,0.0,0.0
2025-09-28 10:55:00-03:00,997,26,997,1031,0.0,1031,5.4,1,1.0,29.952487628763283,58.21875,13.287500000000001,894.005875,0,0.0,0.0
2025-09-28 11:00:00-03:00,1005,26,1005,1038,0.0,1038,5.3,1,1.0,28.046498187933324,58.4375,13.375,899.1675,0,0.0,0.0
2025-09-28 11:05:00-03:00,1012,26,1012,1046,0.0,1046,5.3,1,1.0,26.091186251293216,58.6875,13.475000000000001,905.0514999999999,0,0.0,0.0
2025-09-28 11:10:00-03:00,1018,26,1018,1052,0.0,1052,5.2,1,1.0,24.0731209342455,58.875,13.55,909.4540000000001,0,0.0,0.0
2025-09-28 11:15:00-03:00,1024,26,1024,1058,0.0,1058,5.2,1,1.0,22.024779433414356,59.0625,13.625,913.8475,0,0.0,0.0
2025-09-28 11:20:00-03:00,1029,27,1029,1064,0.0,1064,5.1,1,1.0,20.127434917625877,60.25,14.100000000000001,913.976,0,0.0,0.0
2025-09-28 11:25:00-03:00,1034,27,1034,1069,0.0,1069,5.1,1,1.0,18.065537256424257,60.40625,14.162500000000001,917.602875,0,0.0,0.0
2025-09-28 11:30:00-03:00,1038,27,1038,1073,0.0,1073,5.0,1,1.0,16.07628594223725,60.53125,14.2125,920.499875,0,0.0,0.0
2025-09-28 11:35:00-03:00,1042,27,1042,1077,0.0,1077,5.0,1,1.0,13.963154979061615,60.65625,14.262500000000001,923.392875,0,0.0,0.0
2025-09-28 11:40:00-03:00,1045,27,1045,1080,0.0,1080,4.9,1,1.0,12.081791960188912,60.75,14.3,925.56,0,0.0,0.0
2025-09-28 11:45:00-03:00,1047,27,1047,1083,0.0,1083,4.9,1,1.0,10.031390126915106,60.84375,14.3375,927.724875,0,0.0,0.0
2025-09-28 11:50:00-03:00,1049,28,1049,1085,0.0,1085,4.9,1,1.0,7.9824618363806366,61.90625,14.762500000000001,924.826875,0,0.0,0.0
2025-09-28 11:55:00-03:00,1051,28,1051,1086,0.0,1086,4.8,1,1.0,6.147184622853839,61.9375,14.775,925.5435,0,0.0,0.0
2025-09-28 12:00:00-03:00,1052,28,1052,1087,0.0,1087,4.8,1,1.0,4.539389893546213,61.96875,14.787500000000001,926.2598750000001,0,0.0,0.0
2025-09-28 12:05:00-03:00,1052,28,1052,1088,0.0,1088,4.7,1,1.0,3.3967453227238456,62.0,14.8,926.976,0,0.0,0.0
2025-09-28 12:10:00-03:00,1052,28,1052,1087,0.0,1087,4.7,1,1.0,3.396745322723845,61.96875,14.787500000000001,926.2598750000001,0,0.0,0.0
2025-09-28 12:15:00-03:00,1051,28,1051,1086,0.0,1086,4.6,1,1.0,4.539389893546212,61.9375,14.775,925.5435,0,0.0,0.0
2025-09-28 12:20:00-03:00,1050,28,1050,1085,0.0,1085,4.6,1,1.0,6.147184622853839,61.90625,14.762500000000001,924.826875,0,0.0,0.0
2025-09-28 12:25:00-03:00,1048,28,1048,1083,0.0,1083,4.5,1,1.0,7.982461836380636,61.84375,14.7375,923.392875,0,0.0,0.0
2025-09-28 12:30:00-03:00,1045,28,1045,1080,0.0,1080,4.5,1,1.0,10.031390126915106,61.75,14.700000000000001,921.24,0,0.0,0.0
2025-09-28 12:35:00-03:00,1042,28,1042,1077,0.0,1077,4.4,1,1.0,12.081791960188912,61.65625,14.662500000000001,919.084875,0,0.0,0.0
2025-09-28 12:40:00-03:00,1038,28,1038,1073,0.0,1073,4.4,1,1.0,14.13222194027866,61.53125,14.6125,916.207875,0,0.0,0.0
2025-09-28 12:45:00-03:00,1034,28,1034,1069,0.0,1069,4.3,1,1.0,16.200448927549875,61.40625,14.5625,913.326875,0,0.0,0.0
2025-09-28 12:50:00-03:00,1029,29,1029,1064,0.0,1064,4.3,1,1.0,18.314590970694955,62.25,14.9,905.4639999999999,0,0.0,0.0
2025-09-28 12:55:00-03:00,1024,29,1024,1058,0.0,1058,4.2,1,1.0,20.304313618410855,62.0625,14.825000000000001,901.1515,0,0.0,0.0
2025-09-28 13:00:00-03:00,1018,29,1018,1052,0.0,1052,4.2,1,1.0,22.296045307706137,61.875,14.75,896.83,0,0.0,0.0
2025-09-28 13:05:00-03:00,1012,29,1012,1045,0.0,1045,4.1,1,1.0,24.250429549453294,61.65625,14.662500000000001,891.776875,0,0.0,0.0
2025-09-28 13:10:00-03:00,1005,29,1005,1038,0.0,1038,4.1,1,1.0,26.182922956483235,61.4375,14.575000000000001,886.7115,0,0.0,0.0
2025-09-28 13:15:00-03:00,997,29,997,1030,0.0,1030,4.0,1,1.0,28.21347195932647,61.1875,14.475000000000001,880.9074999999999,0,0.0,0.0
2025-09-28 13:20:00-03:00,989,29,989,1022,0.0,1022,4.0,1,1.0,30.164573843355342,60.9375,14.375,875.0875,0,0.0,0.0
2025-09-28 13:25:00-03:00,981,29,981,1013,0.0,1013,3.9,1,1.0,32.00946829620582,60.65625,14.262500000000001,868.520875,0,0.0,0.0
2025-09-28 13:30:00-03:00,972,29,972,1004,0.0,1004,3.9,1,1.0,33.901260368092835,60.375,14.15,861.9340000000001,0,0.0,0.0
2025-09-28 13:35:00-03:00,962,29,962,994,0.0,994,3.8,1,1.0,35.84171853969309,60.0625,14.025,854.5915,0,0.0,0.0
2025-09-28 13:40:00-03:00,952,29,952,983,0.0,983,3.8,1,1.0,37.799611189275794,59.71875,13.887500000000001,846.4858750000001,0,0.0,0.0
2025-09-28 13:45:00-03:00,941,29,941,972,0.0,972,3.7,1,1.0,39.62810068166541,59.375,13.75,838.35,0,0.0,0.0
2025-09-28 13:50:00-03:00,930,29,930,961,0.0,961,3.7,1,1.0,41.48046272498253,59.03125,13.6125,830.183875,0,0.0,0.0
2025-09-28 13:55:00-03:00,919,29,919,949,0.0,949,3.6,1,1.0,43.356520602878064,58.65625,13.4625,821.240875,0,0.0,0.0
2025-09-28 14:00:00-03:00,907,29,907,936,0.0,936,3.6,1,1.0,45.22963295196682,58.25,13.3,811.512,0,0.0,0.0
2025-09-28 14:05:00-03:00,894,29,894,923,0.0,923,3.6,1,1.0,46.952264604757175,57.84375,13.137500000000001,801.740875,0,0.0,0.0
2025-09-28 14:10:00-03:00,881,29,881,910,0.0,910,3.5,1,1.0,48.67789928486948,57.4375,12.975000000000001,791.9275,0,0.0,0.0
2025-09-28 14:15:00-03:00,868,29,868,896,0.0,896,3.5,1,1.0,50.408257500557205,57.0,12.8,781.312,0,0.0,0.0
2025-09-28 14:20:00-03:00,854,29,854,881,0.0,881,3.4,1,1.0,52.166037366715464,56.53125,12.6125,769.883875,0,0.0,0.0
2025-09-28 14:25:00-03:00,840,29,840,866,0.0,866,3.4,1,1.0,53.80175450558215,56.0625,12.425,758.3995,0,0.0,0.0
2025-09-28 14:30:00-03:00,825,30,825,851,0.0,851,3.3,1,1.0,55.3221967617487,56.59375,12.637500000000001,743.454875,0,0.0,0.0
2025-09-28 14:35:00-03:00,810,30,810,835,0.0,835,3.3,1,1.0,56.904225757768955,56.09375,12.4375,731.146875,0,0.0,0.0
2025-09-28 14:40:00-03:00,794,30,794,819,0.0,819,3.2,1,1.0,58.422377925111135,55.59375,12.2375,718.774875,0,0.0,0.0
2025-09-28 14:45:00-03:00,778,30,778,802,0.0,802,3.2,1,1.0,59.89814587103841,55.0625,12.025,705.5595000000001,0,0.0,0.0
2025-09-28 14:50:00-03:00,762,30,762,785,0.0,785,3.1,1,1.0,61.33712109516381,54.53125,11.8125,692.271875,0,0.0,0.0
2025-09-28 14:55:00-03:00,745,30,745,768,0.0,768,3.1,1,1.0,62.77062621283883,54.0,11.600000000000001,678.912,0,0.0,0.0
2025-09-28 15:00:00-03:00,728,30,728,750,0.0,750,3.0,1,1.0,64.24308711779584,53.4375,11.375,664.6875,0,0.0,0.0
2025-09-28 15:05:00-03:00,711,30,711,732,0.0,732,3.0,1,1.0,65.48606143619232,52.875,11.15,650.382,0,0.0,0.0
2025-09-28 15:10:00-03:00,693,30,693,713,0.0,713,3.0,1,1.0,66.84627321268405,52.28125,10.912500000000001,635.1938749999999,0,0.0,0.0
2025-09-28 15:15:00-03:00,675,30,675,694,0.0,694,3.0,1,1.0,68.05390020662989,51.6875,10.675,619.9155,0,0.0,0.0
2025-09-28 15:20:00-03:00,656,30,656,675,0.0,675,3.0,1,1.0,69.31133100771665,51.09375,10.4375,604.546875,0,0.0,0.0
2025-09-28 15:25:00-03:00,637,29,637,655,0.0,655,3.0,1,1.0,70.51799684327817,49.46875,9.787500000000001,590.8918749999999,0,0.0,0.0
2025-09-28 15:30:00-03:00,618,29,618,636,0.0,636,3.0,1,1.0,71.57492366024894,48.875,9.55,575.262,0,0.0,0.0
2025-09-28 15:35:00-03:00,599,29,599,615,0.0,615,3.0,1,1.0,72.54230740497016,48.21875,9.2875,557.8818749999999,0,0.0,0.0
2025-09-28 15:40:00-03:00,579,29,579,595,0.0,595,3.0,1,1.0,73.48778500849942,47.59375,9.0375,541.2268750000001,0,0.0,0.0
2025-09-28 15:45:00-03:00,559,29,559,574,0.0,574,3.0,1,1.0,74.47025031392822,46.9375,8.775,523.6315,0,0.0,0.0
2025-09-28 15:50:00-03:00,539,29,539,553,0.0,553,3.0,1,1.0,75.41415950964686,46.28125,8.512500000000001,505.925875,0,0.0,0.0
2025-09-28 15:55:00-03:00,519,29,519,532,0.0,532,3.0,1,1.0,76.24497002784197,45.625,8.25,488.11,0,0.0,0.0
2025-09-28 16:00:00-03:00,498,29,498,511,0.0,511,3.0,1,1.0,77.0483417712419,44.96875,7.987500000000001,470.183875,0,0.0,0.0
2025-09-28 16:05:00-03:00,477,29,477,489,0.0,489,3.0,1,1.0,77.75539540863195,44.28125,7.7125,451.285875,0,0.0,0.0
2025-09-28 16:10:00-03:00,456,29,456,467,0.0,467,3.0,1,1.0,78.4462757676834,43.59375,7.4375,432.266875,0,0.0,0.0
2025-09-28 16:15:00-03:00,435,29,435,445,0.0,445,3.0,1,1.0,79.07629610737922,42.90625,7.1625000000000005,413.126875,0,0.0,0.0
2025-09-28 16:20:00-03:00,414,28,414,423,0.0,423,3.0,1,1.0,79.73117712703092,41.21875,6.487500000000001,395.55787499999997,0,0.0,0.0
2025-09-28 16:25:00-03:00,392,28,392,401,0.0,401,3.0,1,1.0,80.2206710306483,40.53125,6.2125,376.087875,0,0.0,0.0
2025-09-28 16:30:00-03:00,371,28,371,378,0.0,378,3.0,1,1.0,80.66071853853654,39.8125,5.925000000000001,355.6035,0,0.0,0.0
2025-09-28 16:35:00-03:00,349,28,349,356,0.0,356,3.0,1,1.0,80.86183502517069,39.125,5.65,335.886,0,0.0,0.0
2025-09-28 16:40:00-03:00,327,28,327,333,0.0,333,3.0,1,1.0,80.96220592276626,38.40625,5.362500000000001,315.142875,0,0.0,0.0
2025-09-28 16:45:00-03:00,306,28,306,310,0.0,310,3.0,1,1.0,81.10052684506516,37.6875,5.075,294.2675,0,0.0,0.0
2025-09-28 16:50:00-03:00,284,28,284,288,0.0,288,3.0,1,1.0,80.97525809927478,37.0,4.800000000000001,274.176,0,0.0,0.0
2025-09-28 16:55:00-03:00,262,28,262,265,0.0,265,3.0,1,1.0,80.749284638929,36.28125,4.5125,253.041875,0,0.0,0.0
2025-09-28 17:00:00-03:00,240,28,240,243,0.0,243,3.0,1,1.0,80.28453188882602,35.59375,4.2375,232.70287499999998,0,0.0,0.0
2025-09-28 17:05:00-03:00,219,28,219,221,0.0,221,3.0,1,1.0,79.63420157575503,34.90625,3.9625000000000004,212.242875,0,0.0,0.0
2025-09-28 17:10:00-03:00,197,28,197,198,0.0,198,3.1,1,1.0,78.70658976686295,34.1875,3.6750000000000003,190.7235,0,0.0,0.0
2025-09-28 17:15:00-03:00,176,27,176,177,0.0,177,3.1,1,1.0,77.58104267036002,32.53125,3.0125,171.667875,0,0.0,0.0
2025-09-28 17:20:00-03:00,155,27,155,155,0.0,155,3.1,1,1.0,76.09025741006117,31.84375,2.7375000000000003,150.756875,0,0.0,0.0
2025-09-28 17:25:00-03:00,135,27,135,134,0.0,134,3.1,1,1.0,74.60725450145299,31.1875,2.475,130.68349999999998,0,0.0,0.0
2025-09-28 17:30:00-03:00,115,27,115,114,0.0,114,3.1,1,1.0,72.69050206809207,30.5625,2.225,111.4635,0,0.0,0.0
2025-09-28 17:35:00-03:00,96,27,96,94,0.0,94,3.1,1,1.0,69.72978147280173,29.9375,1.975,92.14349999999999,0,0.0,0.0
2025-09-28 17:40:00-03:00,77,27,77,75,0.0,75,3.1,1,1.0,66.00665714820815,29.34375,1.7375,73.69687499999999,0,0.0,0.0
2025-09-28 17:45:00-03:00,60,27,60,58,0.0,58,3.1,1,1.0,61.17089821051463,28.8125,1.5250000000000001,57.1155,0,0.0,0.0
2025-09-28 17:50:00-03:00,43,27,43,38,0.0,38,3.1,1,1.0,55.019762289804895,28.1875,1.2750000000000001,37.515499999999996,0,0.0,0.0
2025-09-28 17:55:00-03:00,29,27,29,23,0.0,23,3.2,1,1.0,48.18147512744888,27.71875,1.0875000000000001,22.749875,0,0.0,0.0
2025-09-28 18:00:00-03:00,15,27,15,13,0.0,13,3.2,1,1.0,40.91195276188047,27.40625,0.9625,12.874875,0,0.0,0.0
2025-09-28 18:05:00-03:00,4,26,4,3,0.0,3,3.2,0,1.0,33.404771932783405,26.09375,0.4375,2.986875,0,0.0,0.0
2025-09-28 18:10:00-03:00,0,26,0,0,0.0,0,3.2,0,,26.050649965766137,26.0,0.4,0.0,0,,
2025-09-28 18:15:00-03:00,0,26,0,0,0.0,0,3.1,0,,19.060310977210715,26.0,0.4,0.0,0,,
2025-09-28 18:20:00-03:00,0,26,0,0,0.0,0,3.1,0,,12.273092026108413,26.0,0.4,0.0,0,,
2025-09-28 18:25:00-03:00,0,26,0,0,0.0,0,3.1,0,,7.2629195233422985,26.0,0.4,0.0,0,,
2025-09-28 18:30:00-03:00,0,26,0,0,0.0,0,3.1,0,,3.773913650969803,26.0,0.4,0.0,0,,
2025-09-28 18:35:00-03:00,0,26,0,0,0.0,0,3.1,0,,0.8660254052595441,26.0,0.4,0.0,0,,
2025-09-28 18:40:00-03:00,0,26,0,0,0.0,0,3.1,0,,0.0,26.0,0.4,0.0,0,,
2025-09-28 18:45:00-03:00,0,26,0,0,0.0,0,3.1,0,,0.0,26.0,0.4,0.0,0,,
2025-09-28 18:50:00-03:00,0,26,0,0,0.0,0,3.1,0,,0.0,26.0,0.4,0.0,0,,
2025-09-28 18:55:00-03:00,0,25,0,0,0.0,0,3.1,0,,0.0,25.0,0.0,0.0,0,,
2025-09-28 19:00:00-03:00,0,25,0,0,0.0,0,3.1,0,,0.0,25.0,0.0,0.0,0,,
2025-09-28 19:05:00-03:00,0,25,0,0,0.0,0,3.1,0,,0.0,25.0,0.0,0.0,0,,
2025-09-28 19:10:00-03:00,0,25,0,0,0.0,0,3.0,0,,0.0,25.0,0.0,0.0,0,,
2025-09-28 19:15:00-03:00,0,25,0,0,0.0,0,3.0,0,,0.0,25.0,0.0,0.0,0,,
2025-09-28 19:20:00-03:00,0,25,0,0,0.0,0,3.0,0,,0.0,25.0,0.0,0.0,0,,
2025-09-28 19:25:00-03:00,0,25,0,0,0.0,0,3.0,0,,0.0,25.0,0.0,0.0,0,,
2025-09-28 19:30:00-03:00,0,25,0,0,0.0,0,3.0,0,,0.0,25.0,0.0,0.0,0,,
2025-09-28 19:35:00-03:00,0,25,0,0,0.0,0,3.0,0,,0.0,25.0,0.0,0.0,0,,
2025-09-28 19:40:00-03:00,0,25,0,0,0.0,0,3.0,0,,0.0,25.0,0.0,0.0,0,,
2025-09-28 19:45:00-03:00,0,25,0,0,0.0,0,3.0,0,,0.0,25.0,0.0,0.0,0,,
2025-09-28 19:50:00-03:00,0,24,0,0,0.0,0,3.0,0,,0.0,24.0,0.0,0.0,0,,
2025-09-28 19:55:00-03:00,0,24,0,0,0.0,0,3.0,0,,0.0,24.0,0.0,0.0,0,,
2025-09-28 20:00:00-03:00,0,24,0,0,0.0,0,3.0,0,,0.0,24.0,0.0,0.0,0,,
2025-09-28 20:05:00-03:00,0,24,0,0,0.0,0,3.0,0,,0.0,24.0,0.0,0.0,0,,
2025-09-28 20:10:00-03:00,0,24,0,0,0.0,0,3.0,0,,0.0,24.0,0.0,0.0,0,,
2025-09-28 20:15:00-03:00,0,24,0,0,0.0,0,3.0,0,,0.0,24.0,0.0,0.0,0,,
2025-09-28 20:20:00-03:00,0,24,0,0,0.0,0,2.9,0,,0.0,24.0,0.0,0.0,0,,
2025-09-28 20:25:00-03:00,0,24,0,0,0.0,0,2.9,0,,0.0,24.0,0.0,0.0,0,,
2025-09-28 20:30:00-03:00,0,24,0,0,0.0,0,2.9,0,,0.0,24.0,0.0,0.0,0,,
2025-09-28 20:35:00-03:00,0,24,0,0,0.0,0,2.9,0,,0.0,24.0,0.0,0.0,0,,
2025-09-28 20:40:00-03:00,0,23,0,0,0.0,0,2.9,0,,0.0,23.0,0.0,0.0,0,,
2025-09-28 20:45:00-03:00,0,23,0,0,0.0,0,2.9,0,,0.0,23.0,0.0,0.0,0,,
2025-09-28 20:50:00-03:00,0,23,0,0,0.0,0,2.9,0,,0.0,23.0,0.0,0.0,0,,
2025-09-28 20:55:00-03:00,0,23,0,0,0.0,0,2.9,0,,0.0,23.0,0.0,0.0,0,,
2025-09-28 21:00:00-03:00,0,23,0,0,0.0,0,2.9,0,,0.0,23.0,0.0,0.0,0,,
2025-09-28 21:05:00-03:00,0,23,0,0,0.0,0,2.9,0,,0.0,23.0,0.0,0.0,0,,
2025-09-28 21:10:00-03:00,0,23,0,0,0.0,0,2.9,0,,0.0,23.0,0.0,0.0,0,,
2025-09-28 21:15:00-03:00,0,23,0,0,0.0,0,2.9,0,,0.0,23.0,0.0,0.0,0,,
2025-09-28 21:20:00-03:00,0,23,0,0,0.0,0,2.9,0,,0.0,23.0,0.0,0.0,0,,
2025-09-28 21:25:00-03:00,0,23,0,0,0.0,0,2.9,0,,0.0,23.0,0.0,0.0,0,,
2025-09-28 21:30:00-03:00,0,23,0,0,0.0,0,2.9,0,,0.0,23.0,0.0,0.0,0,,
2025-09-28 21:35:00-03:00,0,23,0,0,0.0,0,2.9,0,,0.0,23.0,0.0,0.0,0,,
2025-09-28 21:40:00-03:00,0,23,0,0,0.0,0,2.9,0,,0.0,23.0,0.0,0.0,0,,
2025-09-28 21:45:00-03:00,0,23,0,0,0.0,0,2.9,0,,0.0,23.0,0.0,0.0,0,,
2025-09-28 21:50:00-03:00,0,23,0,0,0.0,0,2.9,0,,0.0,23.0,0.0,0.0,0,,
2025-09-28 21:55:00-03:00,0,22,0,0,0.0,0,2.9,0,,0.0,22.0,0.0,0.0,0,,
2025-09-28 22:00:00-03:00,0,22,0,0,0.0,0,2.9,0,,0.0,22.0,0.0,0.0,0,,
2025-09-28 22:05:00-03:00,0,22,0,0,0.0,0,2.9,0,,0.0,22.0,0.0,0.0,0,,
2025-09-28 22:10:00-03:00,0,22,0,0,0.0,0,2.9,0,,0.0,22.0,0.0,0.0,0,,
2025-09-28 22:15:00-03:00,0,22,0,0,0.0,0,2.9,0,,0.0,22.0,0.0,0.0,0,,
2025-09-28 22:20:00-03:00,0,22,0,0,0.0,0,2.9,0,,0.0,22.0,0.0,0.0,0,,
2025-09-28 22:25:00-03:00,0,22,0,0,0.0,0,2.9,0,,0.0,22.0,0.0,0.0,0,,
2025-09-28 22:30:00-03:00,0,22,0,0,0.0,0,2.9,0,,0.0,22.0,0.0,0.0,0,,
2025-09-28 22:35:00-03:00,0,22,0,0,0.0,0,2.9,0,,0.0,22.0,0.0,0.0,0,,
2025-09-28 22:40:00-03:00,0,22,0,0,0.0,0,2.9,0,,0.0,22.0,0.0,0.0,0,,
2025-09-28 22:45:00-03:00,0,22,0,0,0.0,0,2.9,0,,0.0,22.0,0.0,0.0,0,,
2025-09-28 22:50:00-03:00,0,22,0,0,0.0,0,2.9,0,,0.0,22.0,0.0,0.0,0,,
2025-09-28 22:55:00-03:00,0,22,0,0,0.0,0,2.9,0,,0.0,22.0,0.0,0.0,0,,
2025-09-28 23:00:00-03:00,0,22,0,0,0.0,0,2.9,0,,0.0,22.0,0.0,0.0,0,,
2025-09-28 23:05:00-03:00,0,22,0,0,0.0,0,2.9,0,,0.0,22.0,0.0,0.0,0,,
2025-09-28 23:10:00-03:00,0,22,0,0,0.0,0,2.9,0,,0.0,22.0,0.0,0.0,0,,
2025-09-28 23:15:00-03:00,0,22,0,0,0.0,0,2.9,0,,0.0,22.0,0.0,0.0,0,,
2025-09-28 23:20:00-03:00,0,22,0,0,0.0,0,2.9,0,,0.0,22.0,0.0,0.0,0,,
2025-09-28 23:25:00-03:00,0,22,0,0,0.0,0,2.9,0,,0.0,22.0,0.0,0.0,0,,
2025-09-28 23:30:00-03:00,0,22,0,0,0.0,0,2.9,0,,0.0,22.0,0.0,0.0,0,,
2025-09-28 23:35:00-03:00,0,22,0,0,0.0,0,2.9,0,,0.0,22.0,0.0,0.0,0,,
2025-09-28 23:40:00-03:00,0,22,0,0,0.0,0,2.9,0,,0.0,22.0,0.0,0.0,0,,
2025-09-28 23:45:00-03:00,0,22,0,0,0.0,0,2.9,0,,0.0,22.0,0.0,0.0,0,,
2025-09-28 23:50:00-03:00,0,21,0,0,0.0,0,2.9,0,,0.0,21.0,0.0,0.0,0,,
2025-09-28 23:55:00-03:00,0,21,0,0,0.0,0,2.9,0,,0.0,21.0,0.0,0.0,0,,
2025-09-29 00:00:00-03:00,0,21,0,0,0.0,0,2.9,0,,0.0,21.0,0.0,0.0,0,,
2025-09-29 00:05:00-03:00,0,21,0,0,0.0,0,2.9,0,,0.0,21.0,0.0,0.0,0,,
2025-09-29 00:10:00-03:00,0,21,0,0,0.0,0,3.0,0,,0.0,21.0,0.0,0.0,0,,
2025-09-29 00:15:00-03:00,0,21,0,0,0.0,0,3.0,0,,0.0,21.0,0.0,0.0,0,,
2025-09-29 00:20:00-03:00,0,21,0,0,0.0,0,3.1,0,,0.0,21.0,0.0,0.0,0,,
2025-09-29 00:25:00-03:00,0,21,0,0,0.0,0,3.2,0,,0.0,21.0,0.0,0.0,0,,
2025-09-29 00:30:00-03:00,0,21,0,0,0.0,0,3.2,0,,0.0,21.0,0.0,0.0,0,,
2025-09-29 00:35:00-03:00,0,21,0,0,0.0,0,3.3,0,,0.0,21.0,0.0,0.0,0,,
2025-09-29 00:40:00-03:00,0,21,0,0,0.0,0,3.3,0,,0.0,21.0,0.0,0.0,0,,
2025-09-29 00:45:00-03:00,0,21,0,0,0.0,0,3.4,0,,0.0,21.0,0.0,0.0,0,,
2025-09-29 00:50:00-03:00,0,21,0,0,0.0,0,3.4,0,,0.0,21.0,0.0,0.0,0,,
2025-09-29 00:55:00-03:00,0,21,0,0,0.0,0,3.5,0,,0.0,21.0,0.0,0.0,0,,
2025-09-29 01:00:00-03:00,0,21,0,0,0.0,0,3.5,0,,0.0,21.0,0.0,0.0,0,,
2025-09-29 01:05:00-03:00,0,21,0,0,0.0,0,3.6,0,,0.0,21.0,0.0,0.0,0,,
2025-09-29 01:10:00-03:00,0,21,0,0,0.0,0,3.6,0,,0.0,21.0,0.0,0.0,0,,
2025-09-29 01:15:00-03:00,0,21,0,0,0.0,0,3.7,0,,0.0,21.0,0.0,0.0,0,,
2025-09-29 01:20:00-03:00,0,21,0,0,0.0,0,3.7,0,,0.0,21.0,0.0,0.0,0,,
2025-09-29 01:25:00-03:00,0,21,0,0,0.0,0,3.8,0,,0.0,21.0,0.0,0.0,0,,
2025-09-29 01:30:00-03:00,0,21,0,0,0.0,0,3.8,0,,0.0,21.0,0.0,0.0,0,,
2025-09-29 01:35:00-03:00,0,21,0,0,0.0,0,3.9,0,,0.0,21.0,0.0,0.0,0,,
2025-09-29 01:40:00-03:00,0,21,0,0,0.0,0,3.9,0,,0.0,21.0,0.0,0.0,0,,
2025-09-29 01:45:00-03:00,0,21,0,0,0.0,0,4.0,0,,0.0,21.0,0.0,0.0,0,,
2025-09-29 01:50:00-03:00,0,21,0,0,0.0,0,4.1,0,,0.0,21.0,0.0,0.0,0,,
2025-09-29 01:55:00-03:00,0,20,0,0,0.0,0,4.1,0,,0.0,20.0,0.0,0.0,0,,
2025-09-29 02:00:00-03:00,0,20,0,0,0.0,0,4.2,0,,0.0,20.0,0.0,0.0,0,,
2025-09-29 02:05:00-03:00,0,20,0,0,0.0,0,4.2,0,,0.0,20.0,0.0,0.0,0,,
2025-09-29 02:10:00-03:00,0,20,0,0,0.0,0,4.3,0,,0.0,20.0,0.0,0.0,0,,
2025-09-29 02:15:00-03:00,0,20,0,0,0.0,0,4.3,0,,0.0,20.0,0.0,0.0,0,,
2025-09-29 02:20:00-03:00,0,20,0,0,0.0,0,4.4,0,,0.0,20.0,0.0,0.0,0,,
2025-09-29 02:25:00-03:00,0,20,0,0,0.0,0,4.4,0,,0.0,20.0,0.0,0.0,0,,
2025-09-29 02:30:00-03:00,0,20,0,0,0.0,0,4.5,0,,0.0,20.0,0.0,0.0,0,,
2025-09-29 02:35:00-03:00,0,20,0,0,0.0,0,4.5,0,,0.0,20.0,0.0,0.0,0,,
2025-09-29 02:40:00-03:00,0,20,0,0,0.0,0,4.6,0,,0.0,20.0,0.0,0.0,0,,
2025-09-29 02:45:00-03:00,0,20,0,0,0.0,0,4.6,0,,0.0,20.0,0.0,0.0,0,,
2025-09-29 02:50:00-03:00,0,20,0,0,0.0,0,4.7,0,,0.0,20.0,0.0,0.0,0,,
2025-09-29 02:55:00-03:00,0,20,0,0,0.0,0,4.7,0,,0.0,20.0,0.0,0.0,0,,
2025-09-29 03:00:00-03:00,0,20,0,0,0.0,0,4.8,0,,,20.0,0.0,0.0,0,,
2025-09-29 03:05:00-03:00,0,20,0,0,0.0,0,4.8,0,,,20.0,0.0,0.0,0,,
2025-09-29 03:10:00-03:00,0,20,0,0,0.0,0,4.8,0,,,20.0,0.0,0.0,0,,
2025-09-29 03:15:00-03:00,0,20,0,0,0.0,0,4.8,0,,,20.0,0.0,0.0,0,,
2025-09-29 03:20:00-03:00,0,20,0,0,0.0,0,4.8,0,,,20.0,0.0,0.0,0,,
