date_time,ghi,air_temp,clearsky_ghi,clearsky_gti,cloud_opacity,gti,wind_speed_10m,is_solar,csi,gti_varh,cell_temp,temp_loss_pct,gti_net,gti_jumps,gti_def_pct,cloud_impact
2025-09-15 05:50:00-03:00,0,20,0,0,0.0,0,2.8,0,,,20.0,0.0,0.0,0,,
2025-09-15 05:55:00-03:00,0,20,0,0,0.0,0,2.9,0,,,20.0,0.0,0.0,0,,
2025-09-15 06:00:00-03:00,0,20,0,0,0.0,0,2.9,0,,,20.0,0.0,0.0,0,,
2025-09-15 06:05:00-03:00,0,20,0,0,0.0,0,2.9,0,,,20.0,0.0,0.0,0,,
2025-09-15 06:10:00-03:00,0,20,0,0,0.0,0,3.0,0,,,20.0,0.0,0.0,0,,
2025-09-15 06:15:00-03:00,1,21,1,1,0.0,1,3.0,0,1.0,,21.03125,0.0,1.0,0,0.0,0.0
2025-09-15 06:20:00-03:00,11,21,11,11,0.0,11,3.1,1,1.0,33.43231516018143,21.34375,0.0,11.0,0,0.0,0.0
2025-09-15 06:25:00-03:00,23,21,23,23,0.0,23,3.1,1,1.0,41.70204558604537,21.71875,0.0,23.0,0,0.0,0.0
2025-09-15 06:30:00-03:00,37,21,37,38,0.0,38,3.2,1,1.0,49.5185150558186,22.1875,0.0,38.0,0,0.0,0.0
2025-09-15 06:35:00-03:00,45,22,52,59,13.6,47,3.2,1,0.7966101694915254,56.93031359531235,23.46875,0.0,47.0,0,20.33898305084746,2.766101694915254
2025-09-15 06:40:00-03:00,69,22,69,77,0.0,77,3.3,1,1.0,63.36880984053638,24.40625,0.0,77.0,0,0.0,0.0
2025-09-15 06:45:00-03:00,86,22,86,96,0.0,96,3.3,1,1.0,68.58748008377638,25.0,0.0,96.0,0,0.0,0.0
2025-09-15 06:50:00-03:00,105,22,105,117,0.0,117,3.4,1,1.0,72.34429465892227,25.65625,0.2625,116.692875,0,0.0,0.0
2025-09-15 06:55:00-03:00,124,22,124,137,0.0,137,3.4,1,1.0,75.2039650792188,26.28125,0.5125000000000001,136.297875,0,0.0,0.0
2025-09-15 07:00:00-03:00,144,23,144,159,0.0,159,3.5,1,1.0,77.18513752365445,27.96875,1.1875,157.111875,0,0.0,0.0
2025-09-15 07:05:00-03:00,164,23,164,180,0.0,180,3.5,1,1.0,78.64226637506104,28.625,1.4500000000000002,177.39000000000001,0,0.0,0.0
2025-09-15 07:10:00-03:00,185,23,185,202,0.0,202,3.6,1,1.0,78.38367176906166,29.3125,1.725,198.5155,0,0.0,0.0
2025-09-15 07:15:00-03:00,206,23,206,225,0.0,225,3.6,1,1.0,79.33282403707157,30.03125,2.0125,220.471875,0,0.0,0.0
2025-09-15 07:20:00-03:00,227,23,227,247,0.0,247,3.7,1,1.0,80.03559814043348,30.71875,2.2875,241.349875,0,0.0,0.0
2025-09-15 07:25:00-03:00,248,23,248,269,0.0,269,3.7,1,1.0,80.573089349191,31.40625,2.5625,262.106875,0,0.0,0.0
2025-09-15 07:30:00-03:00,269,23,269,292,0.0,292,3.8,1,1.0,80.761151777099,32.125,2.85,283.678,0,0.0,0.0
2025-09-15 07:35:00-03:00,290,23,290,315,0.0,315,3.9,1,1.0,81.01215771086262,32.84375,3.1375,305.116875,0,0.0,0.0
2025-09-15 07:40:00-03:00,312,24,312,337,0.0,337,3.9,1,1.0,80.99957912348553,34.53125,3.8125,324.151875,0,0.0,0.0
2025-09-15 07:45:00-03:00,333,24,333,360,0.0,360,4.0,1,1.0,80.72338664547668,35.25,4.1000000000000005,345.24,0,0.0,0.0
2025-09-15 07:50:00-03:00,354,24,354,382,0.0,382,4.0,1,1.0,80.51011605928011,35.9375,4.375,365.2875,0,0.0,0.0
2025-09-15 07:55:00-03:00,375,24,375,404,0.0,404,4.1,1,1.0,80.08347917244602,36.625,4.65,385.214,0,0.0,0.0
2025-09-15 08:00:00-03:00,396,24,396,427,0.0,427,4.1,1,1.0,79.4669266062453,37.34375,4.9375,405.916875,0,0.0,0.0
2025-09-15 08:05:00-03:00,417,24,417,449,0.0,449,4.2,1,1.0,78.8502608515887,38.03125,5.2125,425.59587500000004,0,0.0,0.0
2025-09-15 08:10:00-03:00,438,24,438,470,0.0,470,4.2,1,1.0,78.14768458540881,38.6875,5.4750000000000005,444.26750000000004,0,0.0,0.0
2025-09-15 08:15:00-03:00,458,24,458,492,0.0,492,4.1,1,1.0,77.26734384099372,39.375,5.75,463.71,0,0.0,0.0
2025-09-15 08:20:00-03:00,478,25,478,513,0.0,513,4.1,1,1.0,76.42519614669317,41.03125,6.4125000000000005,480.103875,0,0.0,0.0
2025-09-15 08:25:00-03:00,498,25,498,534,0.0,534,4.1,1,1.0,75.52964499272575,41.6875,6.675000000000001,498.3555,0,0.0,0.0
2025-09-15 08:30:00-03:00,518,25,518,555,0.0,555,4.1,1,1.0,74.49445779669881,42.34375,6.9375,516.496875,0,0.0,0.0
2025-09-15 08:35:00-03:00,538,25,538,575,0.0,575,4.1,1,1.0,73.56300124053557,42.96875,7.1875,533.671875,0,0.0,0.0
2025-09-15 08:40:00-03:00,557,25,557,595,0.0,595,4.1,1,1.0,72.66918608365228,43.59375,7.4375,550.746875,0,0.0,0.0
2025-09-15 08:45:00-03:00,576,25,576,615,0.0,615,4.1,1,1.0,71.72083928593315,44.21875,7.6875,567.721875,0,0.0,0.0
2025-09-15 08:50:00-03:00,595,25,595,635,0.0,635,4.1,1,1.0,70.80120483480813,44.84375,7.9375,584.5968750000001,0,0.0,0.0
2025-09-15 08:55:00-03:00,613,26,613,654,0.0,654,4.1,1,1.0,69.84327693724839,46.4375,8.575000000000001,597.9195,0,0.0,0.0
2025-09-15 09:00:00-03:00,631,26,631,673,0.0,673,4.1,1,1.0,68.78749666159922,47.03125,8.8125,613.691875,0,0.0,0.0
2025-09-15 09:05:00-03:00,649,26,649,692,0.0,692,4.1,1,1.0,67.73404989480056,47.625,9.05,629.374,0,0.0,0.0
2025-09-15 09:10:00-03:00,667,26,667,711,0.0,711,4.1,1,1.0,66.61490414723465,48.21875,9.2875,644.965875,0,0.0,0.0
2025-09-15 09:15:00-03:00,684,26,684,729,0.0,729,4.0,1,1.0,65.37044786862984,48.78125,9.512500000000001,659.653875,0,0.0,0.0
2025-09-15 09:20:00-03:00,701,26,701,747,0.0,747,4.0,1,1.0,64.09982744740945,49.34375,9.7375,674.260875,0,0.0,0.0
2025-09-15 09:25:00-03:00,718,26,718,764,0.0,764,4.0,1,1.0,62.77062621283379,49.875,9.950000000000001,687.982,0,0.0,0.0
2025-09-15 09:30:00-03:00,734,27,734,781,0.0,781,3.9,1,1.0,61.337121095159006,51.40625,10.5625,698.506875,0,0.0,0.0
2025-09-15 09:35:00-03:00,750,27,750,798,0.0,798,3.9,1,1.0,59.7653872668059,51.9375,10.775,712.0155,0,0.0,0.0
2025-09-15 09:40:00-03:00,766,27,766,814,0.0,814,3.9,1,1.0,58.17912517441604,52.4375,10.975000000000001,724.6635,0,0.0,0.0
2025-09-15 09:45:00-03:00,781,27,781,830,0.0,830,3.8,1,1.0,56.57356433722331,52.9375,11.175,737.2475,0,0.0,0.0
2025-09-15 09:50:00-03:00,795,27,795,845,0.0,845,3.8,1,1.0,54.92694873165138,53.40625,11.3625,748.986875,0,0.0,0.0
2025-09-15 09:55:00-03:00,809,27,809,860,0.0,860,3.7,1,1.0,53.3655205903451,53.875,11.55,760.67,0,0.0,0.0
2025-09-15 10:00:00-03:00,823,27,823,874,0.0,874,3.7,1,1.0,51.58194422175968,54.3125,11.725000000000001,771.5234999999999,0,0.0,0.0
2025-09-15 10:05:00-03:00,836,28,836,888,0.0,888,3.7,1,1.0,49.85273768355363,55.75,12.3,778.776,0,0.0,0.0
2025-09-15 10:10:00-03:00,849,28,849,901,0.0,901,3.6,1,1.0,48.17738687455306,56.15625,12.4625,788.712875,0,0.0,0.0
2025-09-15 10:15:00-03:00,861,28,861,914,0.0,914,3.5,1,1.0,46.40426769819571,56.5625,12.625,798.6075000000001,0,0.0,0.0
2025-09-15 10:20:00-03:00,873,28,873,927,0.0,927,3.5,1,1.0,44.68373712701423,56.96875,12.787500000000001,808.459875,0,0.0,0.0
2025-09-15 10:25:00-03:00,884,28,884,938,0.0,938,3.4,1,1.0,42.8643915226357,57.3125,12.925,816.7635,0,0.0,0.0
2025-09-15 10:30:00-03:00,895,28,895,950,0.0,950,3.4,1,1.0,40.968853653680725,57.6875,13.075000000000001,825.7875,0,0.0,0.0
2025-09-15 10:35:00-03:00,906,28,906,961,0.0,961,3.3,1,1.0,39.11947511576642,58.03125,13.2125,834.027875,0,0.0,0.0
2025-09-15 10:40:00-03:00,915,28,915,971,0.0,971,3.2,1,1.0,37.1931893406987,58.34375,13.3375,841.492875,0,0.0,0.0
2025-09-15 10:45:00-03:00,925,28,925,981,0.0,981,3.2,1,1.0,35.1835016432207,58.65625,13.4625,848.932875,0,0.0,0.0
2025-09-15 10:50:00-03:00,934,28,934,990,0.0,990,3.1,1,1.0,33.11538596904028,58.9375,13.575000000000001,855.6075,0,0.0,0.0
2025-09-15 10:55:00-03:00,942,28,942,998,0.0,998,3.1,1,1.0,31.166585642411654,59.1875,13.675,861.5235,0,0.0,0.0
2025-09-15 11:00:00-03:00,950,29,950,1007,0.0,1007,3.0,1,1.0,29.027025025274284,60.46875,14.1875,864.131875,0,0.0,0.0
2025-09-15 11:05:00-03:00,957,29,957,1014,0.0,1014,2.9,1,1.0,27.02860437657058,60.6875,14.275,869.2515,0,0.0,0.0
2025-09-15 11:10:00-03:00,963,29,963,1021,0.0,1021,2.8,1,1.0,25.052066992680942,60.90625,14.3625,874.358875,0,0.0,0.0
2025-09-15 11:15:00-03:00,970,29,970,1027,0.0,1027,2.7,1,1.0,22.970831306437322,61.09375,14.4375,878.726875,0,0.0,0.0
2025-09-15 11:20:00-03:00,975,29,975,1033,0.0,1033,2.6,1,1.0,20.959376291892873,61.28125,14.512500000000001,883.0858750000001,0,0.0,0.0
2025-09-15 11:25:00-03:00,980,29,980,1038,0.0,1038,2.5,1,1.0,19.00777352940525,61.4375,14.575000000000001,886.7115,0,0.0,0.0
2025-09-15 11:30:00-03:00,984,30,984,1043,0.0,1043,2.4,1,1.0,16.85140044534573,62.59375,15.037500000000001,886.158875,0,0.0,0.0
2025-09-15 11:35:00-03:00,988,30,988,1047,0.0,1047,2.4,1,1.0,14.969666298572179,62.71875,15.0875,889.033875,0,0.0,0.0
2025-09-15 11:40:00-03:00,992,30,992,1050,0.0,1050,2.3,1,1.0,12.264756109435673,62.8125,15.125,891.1875,0,0.0,0.0
2025-09-15 11:45:00-03:00,995,30,995,1053,0.0,1053,2.2,1,1.0,9.82999429697109,62.90625,15.162500000000001,893.338875,0,0.0,0.0
2025-09-15 11:50:00-03:00,997,30,997,1056,0.0,1056,2.1,1,1.0,7.655459529365718,63.0,15.200000000000001,895.4879999999999,0,0.0,0.0
2025-09-15 11:55:00-03:00,999,30,999,1057,0.0,1057,2.0,1,1.0,24.60906460241345,63.03125,15.2125,896.2038749999999,0,0.0,0.0
2025-09-15 12:00:00-03:00,1000,31,1000,1059,0.0,1059,1.9,1,1.0,43.47717966375987,64.09375,15.637500000000001,893.398875,0,0.0,0.0
2025-09-15 12:05:00-03:00,990,31,1000,1059,1.0,1048,1.8,1,0.9896128423040604,52.576279361655665,63.75,15.5,885.56,0,1.0387157695939566,0.010387157695939566
2025-09-15 12:10:00-03:00,990,31,1000,1059,1.0,1048,1.8,1,0.9896128423040604,58.868626207130596,63.75,15.5,885.56,0,1.0387157695939566,0.010387157695939566
2025-09-15 12:15:00-03:00,990,31,1000,1059,1.0,1048,1.7,1,0.9896128423040604,65.88258610220812,63.75,15.5,885.56,0,1.0387157695939566,0.010387157695939566
2025-09-15 12:20:00-03:00,919,31,999,1058,8.0,967,1.6,1,0.9139886578449905,80.33226454714475,61.21875,14.4875,826.905875,0,8.601134215500945,0.6880907372400756
2025-09-15 12:25:00-03:00,878,31,997,1056,12.0,919,1.6,1,0.8702651515151515,78.13057252853129,59.71875,13.887500000000001,791.373875,0,12.973484848484848,1.5568181818181819
2025-09-15 12:30:00-03:00,886,31,995,1054,11.0,929,1.5,1,0.881404174573055,79.83429808994929,60.03125,14.012500000000001,798.8238749999999,0,11.859582542694497,1.3045540796963946
2025-09-15 12:35:00-03:00,884,31,993,1051,11.0,926,1.5,1,0.8810656517602283,78.98038690175713,59.9375,13.975000000000001,796.5915,0,11.893434823977165,1.3082778306374883
2025-09-15 12:40:00-03:00,861,31,990,1048,13.0,900,1.4,1,0.8587786259541985,99.10172306852824,59.125,13.65,777.15,0,14.122137404580155,1.8358778625954202
2025-09-15 12:45:00-03:00,798,31,986,1044,19.0,827,1.4,1,0.7921455938697318,97.76254472708304,56.84375,12.7375,721.660875,0,20.78544061302682,3.949233716475096
2025-09-15 12:50:00-03:00,883,31,982,1039,10.0,927,1.3,1,0.8922040423484119,132.46852113203673,59.96875,13.9875,797.335875,0,10.779595765158806,1.0779595765158805
2025-09-15 12:55:00-03:00,820,31,977,1034,16.0,854,1.3,1,0.8259187620889749,156.3615420050007,57.6875,13.075000000000001,742.3394999999999,0,17.408123791102515,2.7852998065764023
2025-09-15 13:00:00-03:00,806,31,971,1029,17.0,838,1.2,1,0.814382896015549,185.6777919521939,57.1875,12.875,730.1075,0,18.56171039844509,3.155490767735665
2025-09-15 13:05:00-03:00,676,31,965,1022,30.0,685,1.2,1,0.6702544031311155,213.36927372444413,52.40625,10.9625,609.906875,1,32.974559686888455,9.892367906066536
2025-09-15 13:10:00-03:00,729,31,959,1015,24.0,748,1.2,1,0.7369458128078817,222.22286111019224,54.375,11.75,660.11,0,26.305418719211822,6.313300492610838
2025-09-15 13:15:00-03:00,514,31,952,1008,46.0,506,1.2,1,0.501984126984127,220.95268930042627,46.8125,8.725,461.8515,1,49.801587301587304,22.908730158730158
2025-09-15 13:20:00-03:00,510,31,944,1000,46.0,502,1.1,1,0.502,216.2954453911813,46.6875,8.675,458.4515,0,49.8,22.907999999999998
2025-09-15 13:25:00-03:00,421,31,936,992,55.0,414,1.1,1,0.4173387096774194,192.8382899234637,43.9375,7.575,382.6395,0,58.266129032258064,32.046370967741936
2025-09-15 13:30:00-03:00,334,31,928,983,64.0,328,1.1,1,0.3336724313326551,167.75006209636143,41.25,6.5,306.68,0,66.63275686673448,42.644964394710065
2025-09-15 13:35:00-03:00,367,31,919,973,60.0,361,1.0,1,0.3710174717368962,134.10406971882432,42.28125,6.9125000000000005,336.045875,0,62.89825282631038,37.738951695786234
2025-09-15 13:40:00-03:00,391,31,909,963,57.0,384,1.0,1,0.3987538940809969,115.54649464281555,43.0,7.2,356.352,0,60.12461059190031,34.271028037383175
2025-09-15 13:45:00-03:00,431,31,899,952,52.0,424,1.0,1,0.44537815126050423,59.377579688774304,44.25,7.7,391.35200000000003,0,55.46218487394958,28.840336134453782
2025-09-15 13:50:00-03:00,391,31,888,941,56.0,384,1.0,1,0.40807651434643993,54.606790009588444,43.0,7.2,356.352,0,59.192348565356,33.147715196599364
2025-09-15 13:55:00-03:00,403,31,877,929,54.0,397,0.9,1,0.42734122712594186,84.30082317438284,43.40625,7.362500000000001,367.770875,0,57.26587728740581,30.923573735199135
2025-09-15 14:00:00-03:00,346,31,865,917,60.0,340,0.9,1,0.3707742639040349,92.95453434096278,41.625,6.65,317.39,0,62.92257360959651,37.75354416575791
2025-09-15 14:05:00-03:00,358,31,853,905,58.0,353,0.9,1,0.39005524861878454,119.76403568026595,42.03125,6.8125,328.95187500000003,0,60.99447513812155,35.3767955801105
2025-09-15 14:10:00-03:00,345,31,841,891,59.0,339,0.9,1,0.38047138047138046,132.34001204427392,41.59375,6.6375,316.498875,0,61.95286195286195,36.55218855218855
2025-09-15 14:15:00-03:00,298,31,828,878,64.0,293,0.9,1,0.3337129840546697,143.66403885665275,40.15625,6.0625,275.236875,0,66.62870159453303,42.642369020501135
2025-09-15 14:20:00-03:00,106,31,814,863,87.0,104,0.9,1,0.1205098493626883,138.98157715279592,34.25,3.7,100.152,1,87.94901506373117,76.51564310544612
2025-09-15 14:25:00-03:00,184,31,800,849,77.0,181,0.9,1,0.21319199057714958,129.48671980577922,36.65625,4.6625000000000005,172.56087499999998,0,78.68080094228505,60.58421672555948
2025-09-15 14:30:00-03:00,63,31,786,834,92.0,62,0.9,1,0.07434052757793765,116.67291108829828,32.9375,3.1750000000000003,60.0315,1,92.56594724220624,85.16067146282974
2025-09-15 14:35:00-03:00,93,31,771,818,88.0,91,0.9,1,0.11124694376528117,111.29931661419873,33.84375,3.5375,87.780875,0,88.87530562347187,78.21026894865525
2025-09-15 14:40:00-03:00,45,31,756,802,94.0,45,0.9,1,0.05610972568578554,107.86730765438541,32.40625,2.9625000000000004,43.666875,0,94.38902743142144,88.72568578553616
2025-09-15 14:45:00-03:00,96,31,740,785,87.0,95,0.9,1,0.12101910828025478,97.462191581549,33.96875,3.5875000000000004,91.591875,0,87.89808917197452,76.47133757961782
2025-09-15 14:50:00-03:00,210,31,724,769,71.0,207,0.9,1,0.26918075422626786,91.1016748008231,37.46875,4.987500000000001,196.675875,1,73.08192457737321,51.88816644993498
2025-09-15 14:55:00-03:00,261,31,708,751,63.1,257,0.9,1,0.3422103861517976,92.58358222152279,39.03125,5.612500000000001,242.575875,0,65.77896138482025,41.506524633821584
2025-09-15 15:00:00-03:00,287,31,691,733,58.5,282,0.9,1,0.38472032742155526,99.15460838325235,39.8125,5.925000000000001,265.2915,0,61.52796725784447,35.993860845839016
2025-09-15 15:05:00-03:00,331,31,673,715,50.9,325,0.9,1,0.45454545454545453,101.5550306111126,41.15625,6.4625,303.996875,0,54.54545454545454,27.763636363636362
2025-09-15 15:10:00-03:00,207,31,656,697,68.4,204,0.9,1,0.2926829268292683,105.80123588669127,37.375,4.95,193.90200000000002,1,70.73170731707317,48.38048780487806
2025-09-15 15:15:00-03:00,137,31,638,678,78.5,135,1.0,1,0.19911504424778761,106.51202094627808,35.21875,4.0875,129.481875,0,80.08849557522124,62.86946902654868
2025-09-15 15:20:00-03:00,85,31,620,659,86.3,83,1.0,1,0.125948406676783,108.72888161371601,33.59375,3.4375,80.146875,0,87.4051593323217,75.43065250379362
2025-09-15 15:25:00-03:00,38,31,601,639,93.6,38,1.0,1,0.0594679186228482,108.4303994051082,32.1875,2.875,36.9075,0,94.05320813771519,88.03380281690141
2025-09-15 15:30:00-03:00,37,31,582,619,93.7,36,1.0,1,0.05815831987075929,101.5439522690742,32.125,2.85,34.974000000000004,0,94.18416801292408,88.25056542810985
2025-09-15 15:35:00-03:00,35,31,563,599,93.8,34,1.0,1,0.05676126878130217,86.84887605908926,32.0625,2.825,33.0395,0,94.32387312186978,88.47579298831386
2025-09-15 15:40:00-03:00,38,31,543,578,93.1,37,1.0,1,0.06401384083044982,49.871653453455835,32.15625,2.8625000000000003,35.940875,0,93.59861591695503,87.14031141868513
2025-09-15 15:45:00-03:00,57,31,523,557,89.1,56,1.1,1,0.10053859964093358,32.451712379524935,32.75,3.1,54.263999999999996,0,89.94614003590664,80.14201077199282
2025-09-15 15:50:00-03:00,71,31,503,536,86.0,69,1.1,1,0.1287313432835821,24.031544925678983,33.15625,3.2625,66.748875,0,87.1268656716418,74.92910447761194
2025-09-15 15:55:00-03:00,75,31,483,515,84.5,74,1.1,1,0.1436893203883495,23.25794097037814,33.3125,3.325,71.5395,0,85.63106796116506,72.35825242718447
2025-09-15 16:00:00-03:00,87,31,463,493,81.3,85,1.1,1,0.1724137931034483,22.48416951518678,33.65625,3.4625000000000004,82.056875,0,82.75862068965517,67.28275862068966
2025-09-15 16:05:00-03:00,105,31,442,471,76.3,103,1.1,1,0.21868365180467092,21.594752448988828,34.21875,3.6875,99.201875,0,78.13163481953292,59.614437367303616
2025-09-15 16:10:00-03:00,33,31,421,450,92.1,33,1.2,1,0.07333333333333333,23.538974772345306,32.03125,2.8125,32.071875,0,92.66666666666666,85.34599999999999
2025-09-15 16:15:00-03:00,69,31,400,428,82.8,68,1.2,1,0.1588785046728972,29.192153366642778,33.125,3.25,65.79,0,84.11214953271028,69.64485981308411
2025-09-15 16:20:00-03:00,74,31,379,405,80.6,72,1.2,1,0.17777777777777778,37.07271724106743,33.25,3.3000000000000003,69.624,0,82.22222222222221,66.27111111111111
2025-09-15 16:25:00-03:00,71,30,358,383,80.2,70,1.2,1,0.18276762402088773,37.4006765454902,32.1875,2.875,67.9875,0,81.72323759791122,65.54203655352481
2025-09-15 16:30:00-03:00,82,30,337,361,75.7,81,1.3,1,0.22437673130193905,43.714206136925235,32.53125,3.0125,78.559875,0,77.5623268698061,58.71468144044322
2025-09-15 16:35:00-03:00,117,30,316,338,63.1,115,1.3,1,0.34023668639053256,47.00644701108385,33.59375,3.4375,111.046875,0,65.97633136094674,41.631065088757396
2025-09-15 16:40:00-03:00,149,30,295,316,49.6,146,1.3,1,0.4620253164556962,49.0518433224798,34.5625,3.825,140.4155,0,53.79746835443038,26.683544303797465
2025-09-15 16:45:00-03:00,170,30,274,294,38.0,167,1.3,1,0.5680272108843537,41.933840388124985,35.21875,4.0875,160.173875,0,43.197278911564624,16.414965986394556
2025-09-15 16:50:00-03:00,123,30,253,271,51.2,121,1.4,1,0.44649446494464945,38.47273729735496,33.78125,3.5125,116.749875,0,55.35055350553506,28.33948339483395
2025-09-15 16:55:00-03:00,176,30,232,249,23.9,178,1.4,1,0.714859437751004,34.12499306248902,35.5625,4.2250000000000005,170.4795,0,28.514056224899598,6.814859437751004
2025-09-15 17:00:00-03:00,166,30,211,227,21.4,168,1.4,1,0.7400881057268722,35.35908866917986,35.25,4.1000000000000005,161.112,0,25.991189427312776,5.562114537444934
2025-09-15 17:05:00-03:00,156,30,190,205,18.0,160,1.4,1,0.7804878048780488,45.45293936556216,35.0,4.0,153.6,0,21.951219512195124,3.951219512195122
2025-09-15 17:10:00-03:00,135,30,170,183,20.8,137,1.4,1,0.7486338797814208,55.45650766523273,34.28125,3.7125000000000004,131.91387500000002,0,25.136612021857925,5.228415300546448
2025-09-15 17:15:00-03:00,139,30,150,162,7.6,147,1.4,1,0.9074074074074074,63.20169733048567,34.59375,3.8375000000000004,141.35887499999998,0,9.25925925925926,0.7037037037037037
2025-09-15 17:20:00-03:00,115,30,131,142,12.4,120,1.4,1,0.8450704225352113,65.25631282593385,33.75,3.5,115.8,0,15.492957746478872,1.9211267605633802
2025-09-15 17:25:00-03:00,64,30,113,122,43.3,63,1.4,1,0.5163934426229508,69.12154424481311,31.96875,2.7875,61.243875,0,48.36065573770492,20.940163934426227
2025-09-15 17:30:00-03:00,24,29,95,102,74.7,24,1.4,1,0.23529411764705882,66.31393427318014,29.75,1.9000000000000001,23.544,0,76.47058823529412,57.1235294117647
2025-09-15 17:35:00-03:00,20,29,78,84,74.7,19,1.4,1,0.2261904761904762,61.955201312696474,29.59375,1.8375000000000001,18.650875,0,77.38095238095238,57.80357142857143
2025-09-15 17:40:00-03:00,10,29,62,67,83.8,10,1.4,0,0.14925373134328357,55.45097479810778,29.3125,1.725,9.8275,0,85.07462686567165,71.29253731343285
2025-09-15 17:45:00-03:00,21,29,47,51,55.6,20,1.4,1,0.39215686274509803,48.981134277916574,29.625,1.85,19.630000000000003,0,60.78431372549019,33.79607843137255
2025-09-15 17:50:00-03:00,12,29,33,34,64.3,12,1.4,1,0.35294117647058826,34.98950058967591,29.375,1.75,11.790000000000001,0,64.70588235294117,41.60588235294117
2025-09-15 17:55:00-03:00,9,29,21,21,57.9,9,1.4,0,0.42857142857142855,17.804281065019286,29.28125,1.7125000000000001,8.845875,0,57.14285714285714,33.08571428571428
2025-09-15 18:00:00-03:00,4,29,10,10,62.3,4,1.3,0,0.4,8.93240610292989,29.125,1.6500000000000001,3.934,0,60.0,37.38
2025-09-15 18:05:00-03:00,0,29,1,1,75.5,0,1.4,0,0.0,7.661394761840051,29.0,1.6,0.0,0,100.0,75.5
2025-09-15 18:10:00-03:00,0,29,0,0,59.0,0,1.5,0,,6.666856057899425,29.0,1.6,0.0,0,,
2025-09-15 18:15:00-03:00,0,28,0,0,64.3,0,1.6,0,,6.552237646911076,28.0,1.2000000000000002,0.0,0,,
2025-09-15 18:20:00-03:00,0,28,0,0,64.3,0,1.8,0,,4.144181755669401,28.0,1.2000000000000002,0.0,0,,
2025-09-15 18:25:00-03:00,0,28,0,0,49.6,0,1.9,0,,2.745519766393886,28.0,1.2000000000000002,0.0,0,,
2025-09-15 18:30:00-03:00,0,28,0,0,36.4,0,2.0,0,,1.1547005382843305,28.0,1.2000000000000002,0.0,0,,
2025-09-15 18:35:00-03:00,0,28,0,0,41.9,0,2.1,0,,0.0,28.0,1.2000000000000002,0.0,0,,
2025-09-15 18:40:00-03:00,0,27,0,0,68.3,0,2.2,0,,0.0,27.0,0.8,0.0,0,,
2025-09-15 18:45:00-03:00,0,27,0,0,64.3,0,2.4,0,,0.0,27.0,0.8,0.0,0,,
2025-09-15 18:50:00-03:00,0,27,0,0,67.4,0,2.5,0,,0.0,27.0,0.8,0.0,0,,
2025-09-15 18:55:00-03:00,0,27,0,0,69.3,0,2.6,0,,0.0,27.0,0.8,0.0,0,,
2025-09-15 19:00:00-03:00,0,27,0,0,67.4,0,2.7,0,,0.0,27.0,0.8,0.0,0,,
2025-09-15 19:05:00-03:00,0,27,0,0,61.2,0,2.8,0,,0.0,27.0,0.8,0.0,0,,
2025-09-15 19:10:00-03:00,0,27,0,0,50.8,0,2.8,0,,0.0,27.0,0.8,0.0,0,,
2025-09-15 19:15:00-03:00,0,27,0,0,29.2,0,2.8,0,,0.0,27.0,0.8,0.0,0,,
2025-09-15 19:20:00-03:00,0,26,0,0,43.2,0,2.8,0,,0.0,26.0,0.4,0.0,0,,
2025-09-15 19:25:00-03:00,0,26,0,0,41.9,0,2.8,0,,0.0,26.0,0.4,0.0,0,,
2025-09-15 19:30:00-03:00,0,26,0,0,43.2,0,2.8,0,,0.0,26.0,0.4,0.0,0,,
2025-09-15 19:35:00-03:00,0,26,0,0,40.5,0,2.8,0,,0.0,26.0,0.4,0.0,0,,
2025-09-15 19:40:00-03:00,0,26,0,0,36.4,0,2.8,0,,0.0,26.0,0.4,0.0,0,,
2025-09-15 19:45:00-03:00,0,26,0,0,39.2,0,2.8,0,,0.0,26.0,0.4,0.0,0,,
2025-09-15 19:50:00-03:00,0,26,0,0,39.2,0,2.8,0,,0.0,26.0,0.4,0.0,0,,
2025-09-15 19:55:00-03:00,0,26,0,0,37.8,0,2.8,0,,0.0,26.0,0.4,0.0,0,,
2025-09-15 20:00:00-03:00,0,26,0,0,40.5,0,2.8,0,,0.0,26.0,0.4,0.0,0,,
2025-09-15 20:05:00-03:00,0,26,0,0,37.8,0,2.8,0,,0.0,26.0,0.4,0.0,0,,
2025-09-15 20:10:00-03:00,0,26,0,0,43.2,0,2.8,0,,0.0,26.0,0.4,0.0,0,,
2025-09-15 20:15:00-03:00,0,26,0,0,45.8,0,2.8,0,,0.0,26.0,0.4,0.0,0,,
2025-09-15 20:20:00-03:00,0,26,0,0,53.2,0,2.8,0,,0.0,26.0,0.4,0.0,0,,
2025-09-15 20:25:00-03:00,0,26,0,0,50.8,0,2.8,0,,0.0,26.0,0.4,0.0,0,,
2025-09-15 20:30:00-03:00,0,26,0,0,41.9,0,2.8,0,,0.0,26.0,0.4,0.0,0,,
2025-09-15 20:35:00-03:00,0,26,0,0,39.2,0,2.9,0,,0.0,26.0,0.4,0.0,0,,
2025-09-15 20:40:00-03:00,0,26,0,0,44.5,0,2.9,0,,0.0,26.0,0.4,0.0,0,,
2025-09-15 20:45:00-03:00,0,26,0,0,32.1,0,2.9,0,,0.0,26.0,0.4,0.0,0,,
2025-09-15 20:50:00-03:00,0,26,0,0,49.6,0,2.9,0,,0.0,26.0,0.4,0.0,0,,
2025-09-15 20:55:00-03:00,0,26,0,0,63.3,0,2.9,0,,0.0,26.0,0.4,0.0,0,,
2025-09-15 21:00:00-03:00,0,26,0,0,57.9,0,2.9,0,,0.0,26.0,0.4,0.0,0,,
2025-09-15 21:05:00-03:00,0,26,0,0,57.9,0,2.9,0,,0.0,26.0,0.4,0.0,0,,
2025-09-15 21:10:00-03:00,0,26,0,0,53.2,0,3.0,0,,0.0,26.0,0.4,0.0,0,,
2025-09-15 21:15:00-03:00,0,26,0,0,49.6,0,3.0,0,,0.0,26.0,0.4,0.0,0,,
2025-09-15 21:20:00-03:00,0,26,0,0,52.0,0,3.1,0,,0.0,26.0,0.4,0.0,0,,
2025-09-15 21:25:00-03:00,0,26,0,0,54.4,0,3.1,0,,0.0,26.0,0.4,0.0,0,,
2025-09-15 21:30:00-03:00,0,26,0,0,50.8,0,3.2,0,,0.0,26.0,0.4,0.0,0,,
2025-09-15 21:35:00-03:00,0,26,0,0,33.6,0,3.2,0,,0.0,26.0,0.4,0.0,0,,
2025-09-15 21:40:00-03:00,0,26,0,0,37.8,0,3.3,0,,0.0,26.0,0.4,0.0,0,,
2025-09-15 21:45:00-03:00,0,26,0,0,52.0,0,3.3,0,,0.0,26.0,0.4,0.0,0,,
2025-09-15 21:50:00-03:00,0,26,0,0,40.5,0,3.4,0,,0.0,26.0,0.4,0.0,0,,
2025-09-15 21:55:00-03:00,0,26,0,0,43.2,0,3.4,0,,0.0,26.0,0.4,0.0,0,,
2025-09-15 22:00:00-03:00,0,26,0,0,50.8,0,3.5,0,,0.0,26.0,0.4,0.0,0,,
2025-09-15 22:05:00-03:00,0,26,0,0,54.4,0,3.5,0,,0.0,26.0,0.4,0.0,0,,
2025-09-15 22:10:00-03:00,0,26,0,0,61.2,0,3.5,0,,0.0,26.0,0.4,0.0,0,,
2025-09-15 22:15:00-03:00,0,26,0,0,56.7,0,3.5,0,,0.0,26.0,0.4,0.0,0,,
2025-09-15 22:20:00-03:00,0,26,0,0,56.7,0,3.5,0,,0.0,26.0,0.4,0.0,0,,
2025-09-15 22:25:00-03:00,0,26,0,0,55.6,0,3.5,0,,0.0,26.0,0.4,0.0,0,,
2025-09-15 22:30:00-03:00,0,26,0,0,57.9,0,3.6,0,,0.0,26.0,0.4,0.0,0,,
2025-09-15 22:35:00-03:00,0,26,0,0,54.4,0,3.6,0,,0.0,26.0,0.4,0.0,0,,
2025-09-15 22:40:00-03:00,0,25,0,0,43.2,0,3.6,0,,0.0,25.0,0.0,0.0,0,,
2025-09-15 22:45:00-03:00,0,25,0,0,45.8,0,3.6,0,,0.0,25.0,0.0,0.0,0,,
2025-09-15 22:50:00-03:00,0,25,0,0,41.9,0,3.6,0,,0.0,25.0,0.0,0.0,0,,
2025-09-15 22:55:00-03:00,0,25,0,0,41.9,0,3.6,0,,0.0,25.0,0.0,0.0,0,,
2025-09-15 23:00:00-03:00,0,25,0,0,39.2,0,3.6,0,,0.0,25.0,0.0,0.0,0,,
2025-09-15 23:05:00-03:00,0,25,0,0,39.2,0,3.6,0,,0.0,25.0,0.0,0.0,0,,
2025-09-15 23:10:00-03:00,0,25,0,0,37.8,0,3.5,0,,0.0,25.0,0.0,0.0,0,,
2025-09-15 23:15:00-03:00,0,25,0,0,47.1,0,3.4,0,,0.0,25.0,0.0,0.0,0,,
2025-09-15 23:20:00-03:00,0,25,0,0,41.9,0,3.4,0,,0.0,25.0,0.0,0.0,0,,
2025-09-15 23:25:00-03:00,0,25,0,0,53.2,0,3.3,0,,0.0,25.0,0.0,0.0,0,,
2025-09-15 23:30:00-03:00,0,25,0,0,49.6,0,3.2,0,,0.0,25.0,0.0,0.0,0,,
2025-09-15 23:35:00-03:00,0,25,0,0,60.1,0,3.1,0,,0.0,25.0,0.0,0.0,0,,
2025-09-15 23:40:00-03:00,0,24,0,0,59.0,0,3.0,0,,0.0,24.0,0.0,0.0,0,,
2025-09-15 23:45:00-03:00,0,24,0,0,62.3,0,3.0,0,,0.0,24.0,0.0,0.0,0,,
2025-09-15 23:50:00-03:00,0,24,0,0,64.3,0,2.9,0,,0.0,24.0,0.0,0.0,0,,
2025-09-15 23:55:00-03:00,0,24,0,0,57.9,0,2.8,0,,0.0,24.0,0.0,0.0,0,,
2025-09-16 00:00:00-03:00,0,24,0,0,57.9,0,2.7,0,,0.0,24.0,0.0,0.0,0,,
2025-09-16 00:05:00-03:00,0,24,0,0,60.1,0,2.7,0,,0.0,24.0,0.0,0.0,0,,
2025-09-16 00:10:00-03:00,0,24,0,0,61.2,0,2.8,0,,0.0,24.0,0.0,0.0,0,,
2025-09-16 00:15:00-03:00,0,24,0,0,60.1,0,2.8,0,,0.0,24.0,0.0,0.0,0,,
2025-09-16 00:20:00-03:00,0,24,0,0,43.2,0,2.9,0,,0.0,24.0,0.0,0.0,0,,
2025-09-16 00:25:00-03:00,0,24,0,0,45.8,0,3.0,0,,0.0,24.0,0.0,0.0,0,,
2025-09-16 00:30:00-03:00,0,24,0,0,33.6,0,3.0,0,,0.0,24.0,0.0,0.0,0,,
2025-09-16 00:35:00-03:00,0,24,0,0,35.0,0,3.1,0,,0.0,24.0,0.0,0.0,0,,
2025-09-16 00:40:00-03:00,0,24,0,0,37.8,0,3.1,0,,0.0,24.0,0.0,0.0,0,,
2025-09-16 00:45:00-03:00,0,24,0,0,24.7,0,3.2,0,,0.0,24.0,0.0,0.0,0,,
2025-09-16 00:50:00-03:00,0,24,0,0,20.0,0,3.3,0,,0.0,24.0,0.0,0.0,0,,
2025-09-16 00:55:00-03:00,0,24,0,0,21.6,0,3.3,0,,0.0,24.0,0.0,0.0,0,,
2025-09-16 01:00:00-03:00,0,24,0,0,33.6,0,3.4,0,,0.0,24.0,0.0,0.0,0,,
2025-09-16 01:05:00-03:00,0,24,0,0,26.2,0,3.4,0,,0.0,24.0,0.0,0.0,0,,
2025-09-16 01:10:00-03:00,0,24,0,0,26.2,0,3.4,0,,0.0,24.0,0.0,0.0,0,,
2025-09-16 01:15:00-03:00,0,24,0,0,40.5,0,3.3,0,,0.0,24.0,0.0,0.0,0,,
2025-09-16 01:20:00-03:00,0,24,0,0,55.6,0,3.3,0,,0.0,24.0,0.0,0.0,0,,
2025-09-16 01:25:00-03:00,0,23,0,0,53.2,0,3.3,0,,0.0,23.0,0.0,0.0,0,,
2025-09-16 01:30:00-03:00,0,23,0,0,43.2,0,3.3,0,,0.0,23.0,0.0,0.0,0,,
2025-09-16 01:35:00-03:00,0,23,0,0,49.6,0,3.3,0,,0.0,23.0,0.0,0.0,0,,
2025-09-16 01:40:00-03:00,0,23,0,0,54.4,0,3.2,0,,0.0,23.0,0.0,0.0,0,,
2025-09-16 01:45:00-03:00,0,23,0,0,56.7,0,3.2,0,,0.0,23.0,0.0,0.0,0,,
2025-09-16 01:50:00-03:00,0,23,0,0,67.4,0,3.2,0,,0.0,23.0,0.0,0.0,0,,
2025-09-16 01:55:00-03:00,0,23,0,0,63.3,0,3.2,0,,0.0,23.0,0.0,0.0,0,,
2025-09-16 02:00:00-03:00,0,23,0,0,70.2,0,3.1,0,,0.0,23.0,0.0,0.0,0,,
2025-09-16 02:05:00-03:00,0,23,0,0,75.5,0,3.1,0,,0.0,23.0,0.0,0.0,0,,
2025-09-16 02:10:00-03:00,0,23,0,0,78.8,0,3.1,0,,0.0,23.0,0.0,0.0,0,,
2025-09-16 02:15:00-03:00,0,23,0,0,83.8,0,3.1,0,,0.0,23.0,0.0,0.0,0,,
2025-09-16 02:20:00-03:00,0,23,0,0,87.4,0,3.1,0,,0.0,23.0,0.0,0.0,0,,
2025-09-16 02:25:00-03:00,0,23,0,0,85.7,0,3.1,0,,0.0,23.0,0.0,0.0,0,,
2025-09-16 02:30:00-03:00,0,23,0,0,83.1,0,3.1,0,,0.0,23.0,0.0,0.0,0,,
2025-09-16 02:35:00-03:00,0,23,0,0,80.3,0,3.1,0,,0.0,23.0,0.0,0.0,0,,
2025-09-16 02:40:00-03:00,0,23,0,0,77.2,0,3.0,0,,0.0,23.0,0.0,0.0,0,,
2025-09-16 02:45:00-03:00,0,22,0,0,76.4,0,3.0,0,,0.0,22.0,0.0,0.0,0,,
2025-09-16 02:50:00-03:00,0,22,0,0,77.2,0,3.0,0,,0.0,22.0,0.0,0.0,0,,
2025-09-16 02:55:00-03:00,0,22,0,0,76.4,0,3.0,0,,0.0,22.0,0.0,0.0,0,,
2025-09-16 03:00:00-03:00,0,22,0,0,75.5,0,3.0,0,,0.0,22.0,0.0,0.0,0,,
2025-09-16 03:05:00-03:00,0,22,0,0,72.1,0,3.0,0,,0.0,22.0,0.0,0.0,0,,
2025-09-16 03:10:00-03:00,0,22,0,0,70.2,0,2.9,0,,0.0,22.0,0.0,0.0,0,,
2025-09-16 03:15:00-03:00,0,22,0,0,66.4,0,2.9,0,,0.0,22.0,0.0,0.0,0,,
2025-09-16 03:20:00-03:00,0,22,0,0,63.3,0,2.9,0,,0.0,22.0,0.0,0.0,0,,
2025-09-16 03:25:00-03:00,0,22,0,0,59.0,0,2.8,0,,0.0,22.0,0.0,0.0,0,,
2025-09-16 03:30:00-03:00,0,22,0,0,55.6,0,2.8,0,,0.0,22.0,0.0,0.0,0,,
2025-09-16 03:35:00-03:00,0,22,0,0,55.6,0,2.8,0,,0.0,22.0,0.0,0.0,0,,
2025-09-16 03:40:00-03:00,0,22,0,0,62.3,0,2.7,0,,0.0,22.0,0.0,0.0,0,,
2025-09-16 03:45:00-03:00,0,22,0,0,64.3,0,2.7,0,,0.0,22.0,0.0,0.0,0,,
2025-09-16 03:50:00-03:00,0,22,0,0,69.3,0,2.7,0,,0.0,22.0,0.0,0.0,0,,
2025-09-16 03:55:00-03:00,0,22,0,0,66.4,0,2.6,0,,0.0,22.0,0.0,0.0,0,,
2025-09-16 04:00:00-03:00,0,22,0,0,57.9,0,2.6,0,,0.0,22.0,0.0,0.0,0,,
2025-09-16 04:05:00-03:00,0,22,0,0,50.8,0,2.6,0,,0.0,22.0,0.0,0.0,0,,
2025-09-16 04:10:00-03:00,0,22,0,0,49.6,0,2.6,0,,0.0,22.0,0.0,0.0,0,,
2025-09-16 04:15:00-03:00,0,22,0,0,55.6,0,2.6,0,,0.0,22.0,0.0,0.0,0,,
2025-09-16 04:20:00-03:00,0,22,0,0,57.9,0,2.6,0,,0.0,22.0,0.0,0.0,0,,
2025-09-16 04:25:00-03:00,0,22,0,0,53.2,0,2.6,0,,0.0,22.0,0.0,0.0,0,,
2025-09-16 04:30:00-03:00,0,22,0,0,56.7,0,2.6,0,,0.0,22.0,0.0,0.0,0,,
2025-09-16 04:35:00-03:00,0,22,0,0,55.6,0,2.6,0,,0.0,22.0,0.0,0.0,0,,
2025-09-16 04:40:00-03:00,0,23,0,0,56.7,0,2.6,0,,0.0,23.0,0.0,0.0,0,,
2025-09-16 04:45:00-03:00,0,23,0,0,56.7,0,2.6,0,,0.0,23.0,0.0,0.0,0,,
2025-09-16 04:50:00-03:00,0,23,0,0,64.3,0,2.6,0,,0.0,23.0,0.0,0.0,0,,
2025-09-16 04:55:00-03:00,0,23,0,0,67.4,0,2.6,0,,0.0,23.0,0.0,0.0,0,,
2025-09-16 05:00:00-03:00,0,23,0,0,74.7,0,2.7,0,,0.0,23.0,0.0,0.0,0,,
2025-09-16 05:05:00-03:00,0,23,0,0,75.5,0,2.7,0,,0.0,23.0,0.0,0.0,0,,
2025-09-16 05:10:00-03:00,0,23,0,0,73.0,0,2.7,0,,0.0,23.0,0.0,0.0,0,,
2025-09-16 05:15:00-03:00,0,22,0,0,69.3,0,2.7,0,,0.0,22.0,0.0,0.0,0,,
2025-09-16 05:20:00-03:00,0,22,0,0,69.3,0,2.7,0,,0.0,22.0,0.0,0.0,0,,
2025-09-16 05:25:00-03:00,0,22,0,0,64.3,0,2.7,0,,0.0,22.0,0.0,0.0,0,,
2025-09-16 05:30:00-03:00,0,22,0,0,60.1,0,2.7,0,,0.0,22.0,0.0,0.0,0,,
2025-09-16 05:35:00-03:00,0,22,0,0,62.3,0,2.7,0,,0.0,22.0,0.0,0.0,0,,
2025-09-16 05:40:00-03:00,0,22,0,0,63.3,0,2.7,0,,0.0,22.0,0.0,0.0,0,,
2025-09-16 05:45:00-03:00,0,22,0,0,60.1,0,2.8,0,,0.0,22.0,0.0,0.0,0,,
2025-09-16 05:50:00-03:00,0,22,0,0,59.0,0,2.8,0,,0.577350268999791,22.0,0.0,0.0,0,,
2025-09-16 05:55:00-03:00,0,22,0,0,59.0,0,2.8,0,,2.6097137889789406,22.0,0.0,0.0,0,,
2025-09-16 06:00:00-03:00,0,22,0,0,37.8,0,2.8,0,,5.80751863768455,22.0,0.0,0.0,0,,
2025-09-16 06:05:00-03:00,0,22,0,0,20.0,0,2.9,0,,8.628265740967317,22.0,0.0,0.0,0,,
2025-09-16 06:10:00-03:00,0,22,0,0,53.2,0,3.0,0,,10.121609046824036,22.0,0.0,0.0,0,,
2025-09-16 06:15:00-03:00,2,22,2,2,27.7,2,3.1,0,1.0,13.12411613184692,22.0625,0.0,2.0,0,0.0,0.0
2025-09-16 06:20:00-03:00,9,22,12,12,26.2,9,3.2,0,0.75,20.250514396753317,22.28125,0.0,9.0,0,25.0,6.55
2025-09-16 06:25:00-03:00,19,22,23,23,18.4,19,3.3,1,0.8260869565217391,33.41780962301059,22.59375,0.0,19.0,0,17.391304347826086,3.1999999999999993
2025-09-16 06:30:00-03:00,25,22,36,37,30.7,25,3.4,1,0.6756756756756757,44.18032950478407,22.78125,0.0,25.0,0,32.432432432432435,9.956756756756757
2025-09-16 06:35:00-03:00,24,22,51,55,52.0,24,3.5,1,0.43636363636363634,50.1576303147154,22.75,0.0,24.0,0,56.36363636363636,29.309090909090905
2025-09-16 06:40:00-03:00,38,22,66,73,43.2,37,3.6,1,0.5068493150684932,55.029124520151356,23.15625,0.0,37.0,0,49.31506849315068,21.304109589041094
2025-09-16 06:45:00-03:00,66,22,83,91,21.4,65,3.7,1,0.7142857142857143,64.24591721493013,24.03125,0.0,65.0,0,28.57142857142857,6.114285714285713
2025-09-16 06:50:00-03:00,101,22,101,110,0.0,110,3.8,1,1.0,71.73324954934682,25.4375,0.17500000000000002,109.80749999999999,0,0.0,0.0
2025-09-16 06:55:00-03:00,120,22,120,130,0.0,130,3.9,1,1.0,76.46865073645748,26.0625,0.42500000000000004,129.4475,0,0.0,0.0
2025-09-16 07:00:00-03:00,123,22,139,151,12.0,129,4.0,1,0.8543046357615894,81.99870656777246,26.03125,0.41250000000000003,128.467875,0,14.56953642384106,1.7483443708609272
2025-09-16 07:05:00-03:00,137,23,159,172,13.9,143,4.1,1,0.8313953488372093,83.52716850694539,27.46875,0.9875,141.587875,0,16.86046511627907,2.343604651162791
2025-09-16 07:10:00-03:00,180,23,180,194,0.0,194,4.2,1,1.0,83.71538180952722,29.0625,1.625,190.8475,0,0.0,0.0
2025-09-16 07:15:00-03:00,200,23,200,216,0.0,216,4.3,1,1.0,80.55752696995434,29.75,1.9000000000000001,211.896,0,0.0,0.0
2025-09-16 07:20:00-03:00,213,23,221,238,3.6,228,4.4,1,0.957983193277311,80.3293881842777,30.125,2.0500000000000003,223.32600000000002,0,4.201680672268908,0.1512605042016807
2025-09-16 07:25:00-03:00,242,23,242,261,0.0,261,4.5,1,1.0,83.38410574509305,31.15625,2.4625000000000004,254.572875,0,0.0,0.0
2025-09-16 07:30:00-03:00,251,23,263,283,4.8,267,4.7,1,0.9434628975265018,86.0733918692563,31.34375,2.5375,260.224875,0,5.6537102473498235,0.27137809187279155
2025-09-16 07:35:00-03:00,281,23,284,305,1.4,301,4.8,1,0.9868852459016394,85.13033679261473,32.40625,2.9625000000000004,292.082875,0,1.3114754098360655,0.018360655737704915
2025-09-16 07:40:00-03:00,293,24,306,328,4.3,312,4.9,1,0.9512195121951219,82.099856051251,33.75,3.5,301.08,0,4.878048780487805,0.20975609756097557
2025-09-16 07:45:00-03:00,327,24,327,350,0.0,350,5.0,1,1.0,83.16467781674747,34.9375,3.975,336.08750000000003,0,0.0,0.0
2025-09-16 07:50:00-03:00,348,24,348,373,0.0,373,5.1,1,1.0,84.14395133017177,35.65625,4.2625,357.100875,0,0.0,0.0
2025-09-16 07:55:00-03:00,369,24,369,395,0.0,395,5.2,1,1.0,83.45530467734002,36.34375,4.5375000000000005,377.076875,0,0.0,0.0
2025-09-16 08:00:00-03:00,390,24,390,417,0.0,417,5.4,1,1.0,84.0664870351082,37.03125,4.8125,396.931875,0,0.0,0.0
2025-09-16 08:05:00-03:00,411,24,411,439,0.0,439,5.4,1,1.0,81.89363944665027,37.71875,5.0875,416.66587499999997,0,0.0,0.0
2025-09-16 08:10:00-03:00,432,25,432,461,0.0,461,5.4,1,1.0,81.18665362775153,39.40625,5.7625,434.434875,0,0.0,0.0
2025-09-16 08:15:00-03:00,453,25,453,483,0.0,483,5.4,1,1.0,78.33199547535659,40.09375,6.0375000000000005,453.83887500000003,0,0.0,0.0
2025-09-16 08:20:00-03:00,473,25,473,505,0.0,505,5.4,1,1.0,77.61482207710313,40.78125,6.3125,473.121875,0,0.0,0.0
2025-09-16 08:25:00-03:00,494,25,494,526,0.0,526,5.4,1,1.0,76.91199220833066,41.4375,6.575,491.4155,0,0.0,0.0
2025-09-16 08:30:00-03:00,514,25,514,547,0.0,547,5.4,1,1.0,76.13246032508921,42.09375,6.8375,509.598875,0,0.0,0.0
2025-09-16 08:35:00-03:00,534,25,534,568,0.0,568,5.4,1,1.0,73.75491765833411,42.75,7.1000000000000005,527.672,0,0.0,0.0
2025-09-16 08:40:00-03:00,553,26,553,589,0.0,589,5.4,1,1.0,72.98671527107085,44.40625,7.7625,543.278875,0,0.0,0.0
2025-09-16 08:45:00-03:00,573,26,573,609,0.0,609,5.4,1,1.0,72.06920075156549,45.03125,8.012500000000001,560.203875,0,0.0,0.0
2025-09-16 08:50:00-03:00,592,26,592,629,0.0,629,5.4,1,1.0,71.10406372906982,45.65625,8.262500000000001,577.0288750000001,0,0.0,0.0
2025-09-16 08:55:00-03:00,611,26,611,649,0.0,649,5.4,1,1.0,70.05728175766215,46.28125,8.512500000000001,593.753875,0,0.0,0.0
2025-09-16 09:00:00-03:00,619,26,629,668,1.6,657,5.4,1,0.9835329341317365,68.885939982499,46.53125,8.6125,600.415875,0,1.6467065868263475,0.02634730538922156
2025-09-16 09:05:00-03:00,647,26,647,687,0.0,687,5.3,1,1.0,67.68974453453959,47.46875,8.9875,625.255875,0,0.0,0.0
2025-09-16 09:10:00-03:00,664,26,664,705,0.0,705,5.2,1,1.0,66.43583142378367,48.03125,9.2125,640.051875,0,0.0,0.0
2025-09-16 09:15:00-03:00,681,27,681,723,0.0,723,5.1,1,1.0,65.249869383357,49.59375,9.8375,651.874875,0,0.0,0.0
2025-09-16 09:20:00-03:00,698,27,698,740,0.0,740,5.0,1,1.0,63.95713526663649,50.125,10.05,665.63,0,0.0,0.0
2025-09-16 09:25:00-03:00,714,27,714,757,0.0,757,4.9,1,1.0,62.68167534648467,50.65625,10.262500000000001,679.3128750000001,0,0.0,0.0
2025-09-16 09:30:00-03:00,730,27,730,774,0.0,774,4.8,1,1.0,61.41784362179437,51.1875,10.475000000000001,692.9235,0,0.0,0.0
2025-09-16 09:35:00-03:00,745,27,745,790,0.0,790,4.7,1,1.0,58.179125174415184,51.6875,10.675,705.6675,0,0.0,0.0
2025-09-16 09:40:00-03:00,760,27,760,806,0.0,806,4.6,1,1.0,56.70551253198238,52.1875,10.875,718.3475,0,0.0,0.0
2025-09-16 09:45:00-03:00,775,27,775,821,0.0,821,4.5,1,1.0,55.16888670805053,52.65625,11.0625,730.176875,0,0.0,0.0
2025-09-16 09:50:00-03:00,789,28,789,836,0.0,836,4.4,1,1.0,52.43603607050716,54.125,11.65,738.606,0,0.0,0.0
2025-09-16 09:55:00-03:00,803,28,803,850,0.0,850,4.3,1,1.0,48.623709767096095,54.5625,11.825000000000001,749.4875000000001,0,0.0,0.0
2025-09-16 10:00:00-03:00,816,28,816,864,0.0,864,4.2,1,1.0,46.37691431971108,55.0,12.0,760.32,0,0.0,0.0
2025-09-16 10:05:00-03:00,829,28,829,878,0.0,878,4.0,1,1.0,44.371281320920225,55.4375,12.175,771.1034999999999,0,0.0,0.0
2025-09-16 10:10:00-03:00,842,28,842,891,0.0,891,3.9,1,1.0,44.014718612585625,55.84375,12.3375,781.072875,0,0.0,0.0
2025-09-16 10:15:00-03:00,846,28,854,904,1.0,894,3.7,1,0.9889380530973452,43.642052975065525,55.9375,12.375,783.3675,0,1.1061946902654867,0.011061946902654867
2025-09-16 10:20:00-03:00,849,28,866,916,2.0,896,3.6,1,0.9781659388646288,43.23929189563587,56.0,12.4,784.896,0,2.1834061135371177,0.043668122270742356
2025-09-16 10:25:00-03:00,869,29,877,928,1.0,918,3.5,1,0.9892241379310345,42.79859456768802,57.6875,13.075000000000001,797.9715,0,1.0775862068965518,0.010775862068965518
2025-09-16 10:30:00-03:00,879,29,888,939,1.0,929,3.3,1,0.9893503727369543,42.307227693990434,58.03125,13.2125,806.255875,0,1.0649627263045793,0.010649627263045794
2025-09-16 10:35:00-03:00,898,29,898,950,0.0,950,3.2,1,1.0,41.760046876783434,58.6875,13.475000000000001,821.9875,0,0.0,0.0
2025-09-16 10:40:00-03:00,908,29,908,960,0.0,960,3.0,1,1.0,41.30035952590885,59.0,13.600000000000001,829.4399999999999,0,0.0,0.0
2025-09-16 10:45:00-03:00,918,29,918,970,0.0,970,2.9,1,1.0,40.79094893663479,59.3125,13.725000000000001,836.8675000000001,0,0.0,0.0
2025-09-16 10:50:00-03:00,926,29,926,979,0.0,979,2.7,1,1.0,38.66836464400911,59.59375,13.8375,843.5308749999999,0,0.0,0.0
2025-09-16 10:55:00-03:00,935,30,935,988,0.0,988,2.6,1,1.0,34.24809218309022,60.875,14.350000000000001,846.2220000000001,0,0.0,0.0
2025-09-16 11:00:00-03:00,942,30,942,996,0.0,996,2.5,1,1.0,31.20314669445998,61.125,14.450000000000001,852.078,0,0.0,0.0
2025-09-16 11:05:00-03:00,950,30,950,1004,0.0,1004,2.4,1,1.0,27.677115588015134,61.375,14.55,857.918,0,0.0,0.0
2025-09-16 11:10:00-03:00,957,30,957,1011,0.0,1011,2.2,1,1.0,25.755699575155823,61.59375,14.637500000000001,863.014875,0,0.0,0.0
2025-09-16 11:15:00-03:00,963,30,963,1017,0.0,1017,2.1,1,1.0,22.679586335805507,61.78125,14.7125,867.373875,0,0.0,0.0
2025-09-16 11:20:00-03:00,969,30,969,1023,0.0,1023,2.0,1,1.0,19.754554518946826,61.96875,14.787500000000001,871.723875,0,0.0,0.0
2025-09-16 11:25:00-03:00,974,31,974,1029,0.0,1029,1.9,1,1.0,18.198193383516355,63.15625,15.262500000000001,871.948875,0,0.0,0.0
2025-09-16 11:30:00-03:00,978,31,978,1034,0.0,1034,1.8,1,1.0,14.94434118096038,63.3125,15.325000000000001,875.5395,0,0.0,0.0
2025-09-16 11:35:00-03:00,983,31,983,1038,0.0,1038,1.7,1,1.0,13.422053313525833,63.4375,15.375,878.4074999999999,0,0.0,0.0
2025-09-16 11:40:00-03:00,976,31,986,1042,1.0,1031,1.6,1,0.989443378119002,12.322374328453215,63.21875,15.287500000000001,873.385875,0,1.055662188099808,0.01055662188099808
2025-09-16 11:45:00-03:00,979,31,989,1045,1.0,1034,1.6,1,0.9894736842105263,12.78019300843872,63.3125,15.325000000000001,875.5395,0,1.0526315789473684,0.010526315789473684
2025-09-16 11:50:00-03:00,992,32,992,1048,0.0,1048,1.5,1,1.0,14.083086782837976,64.75,15.9,881.3679999999999,0,0.0,0.0
2025-09-16 11:55:00-03:00,974,32,994,1050,2.0,1027,1.4,1,0.9780952380952381,39.88420740092013,64.09375,15.637500000000001,866.402875,0,2.1904761904761907,0.04380952380952381
2025-09-16 12:00:00-03:00,955,32,995,1051,4.0,1006,1.3,1,0.9571836346336822,84.69996064540375,63.4375,15.375,851.3275,0,4.281636536631779,0.17126546146527116
2025-09-16 12:05:00-03:00,986,32,996,1052,1.0,1041,1.2,1,0.9895437262357415,90.7314969867364,64.53125,15.8125,876.391875,0,1.0456273764258555,0.010456273764258554
2025-09-16 12:10:00-03:00,996,32,996,1052,0.0,1052,1.2,1,1.0,89.5241206704528,64.875,15.950000000000001,884.206,0,0.0,0.0
2025-09-16 12:15:00-03:00,956,32,996,1052,4.0,1007,1.1,1,0.9572243346007605,104.35352936488877,63.46875,15.387500000000001,852.047875,0,4.277566539923954,0.17110266159695814
2025-09-16 12:20:00-03:00,865,32,995,1051,13.0,902,1.1,1,0.8582302568981922,123.4393483751123,60.1875,14.075000000000001,775.0435,1,14.176974310180782,1.8430066603235016
2025-09-16 12:25:00-03:00,745,33,993,1049,25.0,761,1.1,1,0.7254528122020972,124.02125917467674,56.78125,12.7125,664.257875,1,27.454718779790277,6.863679694947569
2025-09-16 12:30:00-03:00,842,33,991,1047,15.0,876,1.0,1,0.836676217765043,127.26311922607871,60.375,14.15,752.046,1,16.332378223495702,2.449856733524355
2025-09-16 12:35:00-03:00,909,33,989,1044,8.0,954,1.0,1,0.9137931034482759,123.76688743053221,62.8125,15.125,809.7075,0,8.620689655172415,0.6896551724137931
2025-09-16 12:40:00-03:00,759,33,985,1041,23.0,779,0.9,1,0.7483189241114313,111.13338286886795,57.34375,12.9375,678.216875,1,25.16810758885687,5.78866474543708
2025-09-16 12:45:00-03:00,697,33,982,1037,29.0,707,0.9,1,0.6817743490838959,96.56317605431468,55.09375,12.037500000000001,621.894875,0,31.822565091610418,9.228543876567022
2025-09-16 12:50:00-03:00,762,33,978,1033,22.0,784,0.9,1,0.7589545014520813,76.18378893812842,57.5,13.0,682.08,0,24.10454985479187,5.303000968054212
2025-09-16 12:55:00-03:00,720,33,973,1028,26.0,734,0.8,1,0.7140077821011673,138.22015267702537,55.9375,12.375,643.1675,0,28.599221789883266,7.435797665369649
2025-09-16 13:00:00-03:00,764,33,967,1022,21.0,787,0.8,1,0.7700587084148728,170.42271419957817,57.59375,13.037500000000001,684.394875,0,22.99412915851272,4.828767123287671
2025-09-16 13:05:00-03:00,789,33,962,1016,18.0,816,0.8,1,0.8031496062992126,165.424431158889,58.5,13.4,706.656,0,19.68503937007874,3.5433070866141736
2025-09-16 13:10:00-03:00,697,33,955,1009,27.0,710,0.8,1,0.7036669970267592,146.87066563559247,55.1875,12.075000000000001,624.2674999999999,1,29.633300297324084,8.000991080277503
2025-09-16 13:15:00-03:00,787,33,948,1002,17.0,816,0.8,1,0.8143712574850299,144.54337715297598,58.5,13.4,706.656,1,18.562874251497004,3.1556886227544907
2025-09-16 13:20:00-03:00,386,33,941,994,59.0,379,0.8,1,0.3812877263581489,144.97742771015814,44.84375,7.9375,348.916875,1,61.87122736418511,36.50402414486921
2025-09-16 13:25:00-03:00,420,33,933,986,55.0,413,0.8,1,0.41886409736308317,149.5198375406467,45.90625,8.3625,378.462875,0,58.113590263691684,31.962474645030426
2025-09-16 13:30:00-03:00,638,33,925,977,31.0,643,0.9,1,0.6581371545547595,148.37633867563738,53.09375,11.2375,570.742875,1,34.18628454452406,10.597748208802457
2025-09-16 13:35:00-03:00,705,33,916,968,23.0,723,0.9,1,0.746900826446281,148.28869774459358,55.59375,12.2375,634.522875,0,25.3099173553719,5.821280991735538
2025-09-16 13:40:00-03:00,698,33,906,958,23.0,716,0.9,1,0.7473903966597077,137.64279087110748,55.375,12.15,629.0060000000001,0,25.260960334029225,5.810020876826721
2025-09-16 13:45:00-03:00,708,33,896,947,21.0,729,1.0,1,0.7697993664202746,148.4330274445791,55.78125,12.3125,639.2418749999999,0,23.020063357972546,4.834213305174234
2025-09-16 13:50:00-03:00,523,33,886,936,41.0,514,1.0,1,0.5491452991452992,145.71420242336814,49.0625,9.625,464.52750000000003,1,45.085470085470085,18.485042735042736
2025-09-16 13:55:00-03:00,612,33,875,925,30.0,619,1.0,1,0.6691891891891892,153.56165477807713,52.34375,10.9375,551.296875,1,33.08108108108108,9.924324324324324
2025-09-16 14:00:00-03:00,509,33,863,913,41.0,501,1.1,1,0.5487404162102957,173.5920636015773,48.65625,9.4625,453.592875,1,45.125958378970424,18.501642935377873
2025-09-16 14:05:00-03:00,553,33,851,900,35.0,552,1.1,1,0.6133333333333333,178.26002458104807,50.25,10.100000000000001,496.248,0,38.666666666666664,13.533333333333333
2025-09-16 14:10:00-03:00,386,33,839,887,54.0,379,1.2,1,0.42728297632469,164.85942128940732,44.84375,7.9375,348.916875,1,57.271702367531006,30.926719278466745
2025-09-16 14:15:00-03:00,330,33,826,873,60.0,325,1.2,1,0.3722794959908362,145.45321022114243,43.15625,7.2625,301.396875,0,62.77205040091638,37.66323024054983
2025-09-16 14:20:00-03:00,317,33,812,859,61.0,312,1.3,1,0.36321303841676367,116.15203594662016,42.75,7.1000000000000005,289.848,0,63.67869615832363,38.84400465657742
2025-09-16 14:25:00-03:00,240,33,798,845,70.0,236,1.3,1,0.27928994082840236,112.31840562625402,40.375,6.15,221.486,0,72.07100591715975,50.449704142011825
2025-09-16 14:30:00-03:00,321,33,784,830,59.0,316,1.4,1,0.38072289156626504,95.61994688569811,42.875,7.15,293.406,0,61.9277108433735,36.53734939759036
2025-09-16 14:35:00-03:00,392,32,769,814,49.0,386,1.4,1,0.4742014742014742,90.31107855125191,44.0625,7.625,356.5675,0,52.579852579852584,25.764127764127764
2025-09-16 14:40:00-03:00,400,32,754,798,47.0,393,1.5,1,0.4924812030075188,78.5265830303581,44.28125,7.7125,362.689875,0,50.75187969924813,23.853383458646622
2025-09-16 14:45:00-03:00,502,32,739,782,32.0,504,1.6,1,0.6445012787723785,94.07282800945472,47.75,9.1,458.136,1,35.54987212276215,11.37595907928389
2025-09-16 14:50:00-03:00,426,32,723,765,41.0,419,1.6,1,0.5477124183006536,126.4188265131787,45.09375,8.0375,385.322875,0,45.22875816993464,18.543790849673204
2025-09-16 14:55:00-03:00,487,32,706,748,31.0,490,1.7,1,0.6550802139037433,148.1893751558808,47.3125,8.925,446.2675,0,34.49197860962567,10.692513368983958
2025-09-16 15:00:00-03:00,405,32,689,730,41.3,398,1.8,1,0.5452054794520548,168.09113238918425,44.4375,7.775,367.0555,0,45.47945205479452,18.783013698630135
2025-09-16 15:05:00-03:00,303,32,672,712,54.9,298,1.8,1,0.41853932584269665,182.69221923688062,41.3125,6.525,278.5555,0,58.14606741573034,31.92219101123596
2025-09-16 15:10:00-03:00,194,32,655,694,70.3,191,1.8,1,0.27521613832853026,190.65572653504418,37.96875,5.1875,181.091875,1,72.47838616714697,50.95230547550432
2025-09-16 15:15:00-03:00,65,32,637,675,89.7,64,1.8,1,0.09481481481481481,192.50129869691654,34.0,3.6,61.696,1,90.51851851851852,81.19511111111112
2025-09-16 15:20:00-03:00,68,32,619,656,89.0,67,1.8,1,0.10213414634146341,175.9384362023626,34.09375,3.6375,64.56287499999999,0,89.78658536585365,79.91006097560975
2025-09-16 15:25:00-03:00,33,31,600,637,94.4,33,1.9,1,0.05180533751962323,159.48829158127765,32.03125,2.8125,32.071875,0,94.81946624803767,89.50957613814757
2025-09-16 15:30:00-03:00,47,31,581,617,92.0,46,1.9,1,0.07455429497568881,119.4569784356242,32.4375,2.975,44.631499999999996,0,92.54457050243113,85.14100486223664
2025-09-16 15:35:00-03:00,40,31,562,597,93.0,39,1.9,1,0.06532663316582915,79.13524097161678,32.21875,2.8875,37.873875,0,93.46733668341709,86.92462311557789
2025-09-16 15:40:00-03:00,46,31,543,576,91.5,46,1.9,1,0.0798611111111111,45.36017476316584,32.4375,2.975,44.631499999999996,0,92.01388888888889,84.19270833333334
2025-09-16 15:45:00-03:00,32,31,523,556,93.9,31,1.9,1,0.05575539568345324,38.76610124915967,31.96875,2.7875,30.135875000000002,0,94.42446043165468,88.66456834532374
2025-09-16 15:50:00-03:00,97,31,504,535,80.8,95,2.0,1,0.17757009345794392,52.80151512977152,33.96875,3.5875000000000004,91.591875,0,82.2429906542056,66.45233644859813
2025-09-16 15:55:00-03:00,59,31,483,514,87.8,58,2.0,1,0.11284046692607004,72.88824987401235,32.8125,3.125,56.1875,0,88.715953307393,77.89260700389104
2025-09-16 16:00:00-03:00,87,31,463,493,81.3,85,2.0,1,0.1724137931034483,83.97402195700676,33.65625,3.4625000000000004,82.056875,0,82.75862068965517,67.28275862068966
2025-09-16 16:05:00-03:00,117,31,443,471,73.5,115,1.9,1,0.24416135881104034,95.4315159809574,34.59375,3.8375000000000004,110.58687499999999,0,75.58386411889597,55.554140127388536
2025-09-16 16:10:00-03:00,164,30,422,449,61.1,162,1.8,1,0.36080178173719374,96.0408293856857,35.0625,4.025,155.4795,0,63.91982182628062,39.055011135857455
2025-09-16 16:15:00-03:00,198,30,402,428,50.7,195,1.6,1,0.45560747663551404,95.39816877728882,36.09375,4.4375,186.34687499999998,0,54.4392523364486,27.60070093457944
2025-09-16 16:20:00-03:00,259,30,381,406,32.0,257,1.5,1,0.6330049261083743,85.45475499651629,38.03125,5.2125,243.60387500000002,0,36.69950738916256,11.74384236453202
2025-09-16 16:25:00-03:00,261,30,360,384,27.4,263,1.3,1,0.6848958333333334,81.13526864552362,38.21875,5.2875000000000005,249.093875,0,31.510416666666668,8.633854166666666
2025-09-16 16:30:00-03:00,286,30,339,361,15.6,297,1.2,1,0.8227146814404432,66.61422179575479,39.28125,5.7125,280.033875,0,17.72853185595568,2.7656509695290863
2025-09-16 16:35:00-03:00,253,30,318,339,20.3,259,1.0,1,0.7640117994100295,55.004338671842405,38.09375,5.237500000000001,245.43487499999998,0,23.59882005899705,4.790560471976401
2025-09-16 16:40:00-03:00,265,30,297,317,10.5,278,0.9,1,0.8769716088328076,48.1821040586089,38.6875,5.4750000000000005,262.7795,0,12.302839116719243,1.2917981072555205
2025-09-16 16:45:00-03:00,233,30,276,295,15.4,242,0.7,1,0.8203389830508474,52.03750104637021,37.5625,5.025,229.8395,0,17.966101694915253,2.766779661016949
2025-09-16 16:50:00-03:00,238,29,255,272,6.5,252,0.6,1,0.9264705882352942,66.59710385912972,36.875,4.75,240.03,0,7.352941176470589,0.47794117647058826
2025-09-16 16:55:00-03:00,203,29,234,250,13.2,211,0.4,1,0.844,79.69387452221852,35.59375,4.2375,202.058875,0,15.6,2.0591999999999997
2025-09-16 17:00:00-03:00,164,29,213,228,22.9,166,0.3,1,0.7280701754385965,88.91070597157079,34.1875,3.6750000000000003,159.8995,0,27.192982456140353,6.22719298245614
2025-09-16 17:05:00-03:00,155,29,192,206,19.5,158,0.2,1,0.7669902912621359,87.16702879581472,33.9375,3.575,152.35150000000002,0,23.300970873786408,4.543689320388349
2025-09-16 17:10:00-03:00,134,29,172,185,22.3,135,0.1,1,0.7297297297297297,86.21796726197717,33.21875,3.2875,130.56187500000001,0,27.027027027027028,6.027027027027027
2025-09-16 17:15:00-03:00,82,29,152,164,46.1,81,0.1,1,0.49390243902439024,79.59328432154562,31.53125,2.6125000000000003,78.883875,0,50.609756097560975,23.331097560975607
2025-09-16 17:20:00-03:00,56,29,133,143,58.0,55,0.2,1,0.38461538461538464,75.42164306367064,30.71875,2.2875,53.741875,0,61.53846153846154,35.69230769230769
2025-09-16 17:25:00-03:00,42,29,114,123,63.3,41,0.3,1,0.3333333333333333,63.88122264061723,30.28125,2.1125000000000003,40.133875,0,66.66666666666666,42.19999999999999
2025-09-16 17:30:00-03:00,61,29,96,104,36.4,60,0.4,1,0.5769230769230769,54.66066116310143,30.875,2.35,58.59,0,42.30769230769231,15.4
2025-09-16 17:35:00-03:00,57,29,79,85,27.7,56,0.5,1,0.6588235294117647,48.69843815552393,30.75,2.3000000000000003,54.711999999999996,0,34.11764705882353,9.450588235294116
2025-09-16 17:40:00-03:00,43,28,63,68,30.7,43,0.6,1,0.6323529411764706,39.039509901289065,29.34375,1.7375,42.252874999999996,0,36.76470588235294,11.286764705882353
2025-09-16 17:45:00-03:00,22,28,48,51,53.2,22,0.7,1,0.43137254901960786,27.975097150958696,28.6875,1.475,21.6755,0,56.86274509803921,30.250980392156862
2025-09-16 17:50:00-03:00,17,28,34,34,49.6,17,0.8,1,0.5,24.552201654029414,28.53125,1.4125,16.759874999999997,0,50.0,24.8
2025-09-16 17:55:00-03:00,4,28,22,21,79.5,4,1.0,0,0.19047619047619047,23.538492009050323,28.125,1.25,3.95,0,80.95238095238095,64.35714285714285
2025-09-16 18:00:00-03:00,1,28,11,10,88.5,1,1.1,0,0.1,23.239693055908766,28.03125,1.2125000000000001,0.987875,0,90.0,79.65
2025-09-16 18:05:00-03:00,0,28,2,2,89.1,0,1.1,0,0.0,19.23755008655872,28.0,1.2000000000000002,0.0,0,100.0,89.1
2025-09-16 18:10:00-03:00,0,28,0,0,90.1,0,1.1,0,,13.511779372743812,28.0,1.2000000000000002,0.0,0,,
2025-09-16 18:15:00-03:00,0,28,0,0,89.6,0,1.2,0,,7.5598621119065035,28.0,1.2000000000000002,0.0,0,,
2025-09-16 18:20:00-03:00,0,28,0,0,85.7,0,1.2,0,,4.9144191061650355,28.0,1.2000000000000002,0.0,0,,
2025-09-16 18:25:00-03:00,0,28,0,0,90.1,0,1.2,0,,1.1645001526774437,28.0,1.2000000000000002,0.0,0,,
2025-09-16 18:30:00-03:00,0,27,0,0,88.5,0,1.2,0,,0.28867513377256476,27.0,0.8,0.0,0,,
2025-09-16 18:35:00-03:00,0,27,0,0,88.0,0,1.3,0,,0.0,27.0,0.8,0.0,0,,
2025-09-16 18:40:00-03:00,0,27,0,0,86.9,0,1.3,0,,0.0,27.0,0.8,0.0,0,,
2025-09-16 18:45:00-03:00,0,27,0,0,81.0,0,1.4,0,,0.0,27.0,0.8,0.0,0,,
2025-09-16 18:50:00-03:00,0,27,0,0,81.0,0,1.4,0,,0.0,27.0,0.8,0.0,0,,
2025-09-16 18:55:00-03:00,0,27,0,0,77.2,0,1.4,0,,0.0,27.0,0.8,0.0,0,,
2025-09-16 19:00:00-03:00,0,27,0,0,80.3,0,1.5,0,,0.0,27.0,0.8,0.0,0,,
2025-09-16 19:05:00-03:00,0,27,0,0,74.7,0,1.4,0,,0.0,27.0,0.8,0.0,0,,
2025-09-16 19:10:00-03:00,0,27,0,0,80.3,0,1.3,0,,0.0,27.0,0.8,0.0,0,,
2025-09-16 19:15:00-03:00,0,27,0,0,73.0,0,1.2,0,,0.0,27.0,0.8,0.0,0,,
2025-09-16 19:20:00-03:00,0,27,0,0,78.8,0,1.0,0,,0.0,27.0,0.8,0.0,0,,
2025-09-16 19:25:00-03:00,0,27,0,0,77.2,0,0.9,0,,0.0,27.0,0.8,0.0,0,,
2025-09-16 19:30:00-03:00,0,27,0,0,76.4,0,0.8,0,,0.0,27.0,0.8,0.0,0,,
2025-09-16 19:35:00-03:00,0,27,0,0,77.2,0,0.7,0,,0.0,27.0,0.8,0.0,0,,
2025-09-16 19:40:00-03:00,0,27,0,0,79.5,0,0.6,0,,0.0,27.0,0.8,0.0,0,,
2025-09-16 19:45:00-03:00,0,27,0,0,75.5,0,0.6,0,,0.0,27.0,0.8,0.0,0,,
2025-09-16 19:50:00-03:00,0,27,0,0,70.2,0,0.6,0,,0.0,27.0,0.8,0.0,0,,
2025-09-16 19:55:00-03:00,0,27,0,0,66.4,0,0.6,0,,0.0,27.0,0.8,0.0,0,,
2025-09-16 20:00:00-03:00,0,27,0,0,67.4,0,0.7,0,,0.0,27.0,0.8,0.0,0,,
2025-09-16 20:05:00-03:00,0,27,0,0,65.4,0,0.8,0,,0.0,27.0,0.8,0.0,0,,
2025-09-16 20:10:00-03:00,0,27,0,0,55.6,0,0.9,0,,0.0,27.0,0.8,0.0,0,,
2025-09-16 20:15:00-03:00,0,27,0,0,56.7,0,1.0,0,,0.0,27.0,0.8,0.0,0,,
2025-09-16 20:20:00-03:00,0,27,0,0,45.8,0,1.1,0,,0.0,27.0,0.8,0.0,0,,
2025-09-16 20:25:00-03:00,0,27,0,0,40.5,0,1.2,0,,0.0,27.0,0.8,0.0,0,,
2025-09-16 20:30:00-03:00,0,27,0,0,44.5,0,1.3,0,,0.0,27.0,0.8,0.0,0,,
2025-09-16 20:35:00-03:00,0,27,0,0,48.4,0,1.4,0,,0.0,27.0,0.8,0.0,0,,
2025-09-16 20:40:00-03:00,0,27,0,0,43.2,0,1.5,0,,0.0,27.0,0.8,0.0,0,,
2025-09-16 20:45:00-03:00,0,27,0,0,37.8,0,1.7,0,,0.0,27.0,0.8,0.0,0,,
2025-09-16 20:50:00-03:00,0,27,0,0,36.4,0,1.8,0,,0.0,27.0,0.8,0.0,0,,
2025-09-16 20:55:00-03:00,0,27,0,0,37.8,0,1.9,0,,0.0,27.0,0.8,0.0,0,,
2025-09-16 21:00:00-03:00,0,27,0,0,59.0,0,2.0,0,,0.0,27.0,0.8,0.0,0,,
2025-09-16 21:05:00-03:00,0,27,0,0,64.3,0,1.9,0,,0.0,27.0,0.8,0.0,0,,
2025-09-16 21:10:00-03:00,0,27,0,0,73.0,0,1.7,0,,0.0,27.0,0.8,0.0,0,,
2025-09-16 21:15:00-03:00,0,27,0,0,72.1,0,1.4,0,,0.0,27.0,0.8,0.0,0,,
2025-09-16 21:20:00-03:00,0,27,0,0,72.1,0,1.1,0,,0.0,27.0,0.8,0.0,0,,
2025-09-16 21:25:00-03:00,0,27,0,0,68.3,0,0.9,0,,0.0,27.0,0.8,0.0,0,,
2025-09-16 21:30:00-03:00,0,27,0,0,65.4,0,0.7,0,,0.0,27.0,0.8,0.0,0,,
2025-09-16 21:35:00-03:00,0,27,0,0,62.3,0,0.5,0,,0.0,27.0,0.8,0.0,0,,
2025-09-16 21:40:00-03:00,0,27,0,0,60.1,0,0.4,0,,0.0,27.0,0.8,0.0,0,,
2025-09-16 21:45:00-03:00,0,27,0,0,59.0,0,0.5,0,,0.0,27.0,0.8,0.0,0,,
2025-09-16 21:50:00-03:00,0,26,0,0,59.0,0,0.7,0,,0.0,26.0,0.4,0.0,0,,
2025-09-16 21:55:00-03:00,0,26,0,0,67.4,0,0.9,0,,0.0,26.0,0.4,0.0,0,,
2025-09-16 22:00:00-03:00,0,26,0,0,77.2,0,1.2,0,,0.0,26.0,0.4,0.0,0,,
2025-09-16 22:05:00-03:00,0,26,0,0,80.3,0,1.3,0,,0.0,26.0,0.4,0.0,0,,
2025-09-16 22:10:00-03:00,0,26,0,0,83.8,0,1.4,0,,0.0,26.0,0.4,0.0,0,,
2025-09-16 22:15:00-03:00,0,26,0,0,76.4,0,1.4,0,,0.0,26.0,0.4,0.0,0,,
2025-09-16 22:20:00-03:00,0,26,0,0,64.3,0,1.5,0,,0.0,26.0,0.4,0.0,0,,
2025-09-16 22:25:00-03:00,0,26,0,0,63.3,0,1.6,0,,0.0,26.0,0.4,0.0,0,,
2025-09-16 22:30:00-03:00,0,26,0,0,68.3,0,1.6,0,,0.0,26.0,0.4,0.0,0,,
2025-09-16 22:35:00-03:00,0,26,0,0,65.4,0,1.7,0,,0.0,26.0,0.4,0.0,0,,
2025-09-16 22:40:00-03:00,0,26,0,0,64.3,0,1.8,0,,0.0,26.0,0.4,0.0,0,,
2025-09-16 22:45:00-03:00,0,26,0,0,63.3,0,1.8,0,,0.0,26.0,0.4,0.0,0,,
2025-09-16 22:50:00-03:00,0,26,0,0,62.3,0,1.9,0,,0.0,26.0,0.4,0.0,0,,
2025-09-16 22:55:00-03:00,0,26,0,0,57.9,0,2.0,0,,0.0,26.0,0.4,0.0,0,,
2025-09-16 23:00:00-03:00,0,25,0,0,56.7,0,2.0,0,,0.0,25.0,0.0,0.0,0,,
2025-09-16 23:05:00-03:00,0,25,0,0,57.9,0,2.1,0,,0.0,25.0,0.0,0.0,0,,
2025-09-16 23:10:00-03:00,0,25,0,0,61.2,0,2.0,0,,0.0,25.0,0.0,0.0,0,,
2025-09-16 23:15:00-03:00,0,25,0,0,63.3,0,2.0,0,,0.0,25.0,0.0,0.0,0,,
2025-09-16 23:20:00-03:00,0,25,0,0,70.2,0,1.9,0,,0.0,25.0,0.0,0.0,0,,
2025-09-16 23:25:00-03:00,0,25,0,0,65.4,0,1.9,0,,0.0,25.0,0.0,0.0,0,,
2025-09-16 23:30:00-03:00,0,25,0,0,66.4,0,1.9,0,,0.0,25.0,0.0,0.0,0,,
2025-09-16 23:35:00-03:00,0,25,0,0,66.4,0,1.8,0,,0.0,25.0,0.0,0.0,0,,
2025-09-16 23:40:00-03:00,0,25,0,0,61.2,0,1.8,0,,0.0,25.0,0.0,0.0,0,,
2025-09-16 23:45:00-03:00,0,25,0,0,62.3,0,1.7,0,,0.0,25.0,0.0,0.0,0,,
2025-09-16 23:50:00-03:00,0,25,0,0,66.4,0,1.7,0,,0.0,25.0,0.0,0.0,0,,
2025-09-16 23:55:00-03:00,0,25,0,0,64.3,0,1.7,0,,0.0,25.0,0.0,0.0,0,,
2025-09-17 00:00:00-03:00,0,25,0,0,62.3,0,1.6,0,,0.0,25.0,0.0,0.0,0,,
2025-09-17 00:05:00-03:00,0,25,0,0,63.3,0,1.6,0,,0.0,25.0,0.0,0.0,0,,
2025-09-17 00:10:00-03:00,0,25,0,0,60.1,0,1.5,0,,0.0,25.0,0.0,0.0,0,,
2025-09-17 00:15:00-03:00,0,25,0,0,55.6,0,1.4,0,,0.0,25.0,0.0,0.0,0,,
2025-09-17 00:20:00-03:00,0,25,0,0,48.4,0,1.4,0,,0.0,25.0,0.0,0.0,0,,
2025-09-17 00:25:00-03:00,0,25,0,0,53.2,0,1.3,0,,0.0,25.0,0.0,0.0,0,,
2025-09-17 00:30:00-03:00,0,25,0,0,49.6,0,1.2,0,,0.0,25.0,0.0,0.0,0,,
2025-09-17 00:35:00-03:00,0,25,0,0,59.0,0,1.2,0,,0.0,25.0,0.0,0.0,0,,
2025-09-17 00:40:00-03:00,0,25,0,0,61.2,0,1.1,0,,0.0,25.0,0.0,0.0,0,,
2025-09-17 00:45:00-03:00,0,25,0,0,59.0,0,1.0,0,,0.0,25.0,0.0,0.0,0,,
2025-09-17 00:50:00-03:00,0,25,0,0,59.0,0,1.0,0,,0.0,25.0,0.0,0.0,0,,
2025-09-17 00:55:00-03:00,0,25,0,0,55.6,0,0.9,0,,0.0,25.0,0.0,0.0,0,,
2025-09-17 01:00:00-03:00,0,25,0,0,48.4,0,0.8,0,,0.0,25.0,0.0,0.0,0,,
2025-09-17 01:05:00-03:00,0,25,0,0,54.4,0,0.8,0,,0.0,25.0,0.0,0.0,0,,
2025-09-17 01:10:00-03:00,0,25,0,0,56.7,0,0.7,0,,0.0,25.0,0.0,0.0,0,,
2025-09-17 01:15:00-03:00,0,25,0,0,41.9,0,0.7,0,,0.0,25.0,0.0,0.0,0,,
2025-09-17 01:20:00-03:00,0,25,0,0,37.8,0,0.7,0,,0.0,25.0,0.0,0.0,0,,
2025-09-17 01:25:00-03:00,0,25,0,0,37.8,0,0.7,0,,0.0,25.0,0.0,0.0,0,,
2025-09-17 01:30:00-03:00,0,25,0,0,35.0,0,0.7,0,,0.0,25.0,0.0,0.0,0,,
2025-09-17 01:35:00-03:00,0,25,0,0,30.7,0,0.8,0,,0.0,25.0,0.0,0.0,0,,
2025-09-17 01:40:00-03:00,0,25,0,0,29.2,0,0.8,0,,0.0,25.0,0.0,0.0,0,,
2025-09-17 01:45:00-03:00,0,25,0,0,24.7,0,0.9,0,,0.0,25.0,0.0,0.0,0,,
2025-09-17 01:50:00-03:00,0,25,0,0,24.7,0,0.9,0,,0.0,25.0,0.0,0.0,0,,
2025-09-17 01:55:00-03:00,0,25,0,0,27.7,0,1.0,0,,0.0,25.0,0.0,0.0,0,,
2025-09-17 02:00:00-03:00,0,25,0,0,29.2,0,1.1,0,,0.0,25.0,0.0,0.0,0,,
2025-09-17 02:05:00-03:00,0,25,0,0,30.7,0,1.1,0,,0.0,25.0,0.0,0.0,0,,
2025-09-17 02:10:00-03:00,0,25,0,0,37.8,0,1.1,0,,0.0,25.0,0.0,0.0,0,,
2025-09-17 02:15:00-03:00,0,25,0,0,33.6,0,1.1,0,,0.0,25.0,0.0,0.0,0,,
2025-09-17 02:20:00-03:00,0,25,0,0,35.0,0,1.2,0,,0.0,25.0,0.0,0.0,0,,
2025-09-17 02:25:00-03:00,0,25,0,0,48.4,0,1.2,0,,0.0,25.0,0.0,0.0,0,,
2025-09-17 02:30:00-03:00,0,25,0,0,48.4,0,1.2,0,,0.0,25.0,0.0,0.0,0,,
2025-09-17 02:35:00-03:00,0,25,0,0,54.4,0,1.2,0,,0.0,25.0,0.0,0.0,0,,
2025-09-17 02:40:00-03:00,0,25,0,0,60.1,0,1.2,0,,0.0,25.0,0.0,0.0,0,,
2025-09-17 02:45:00-03:00,0,25,0,0,68.3,0,1.2,0,,0.0,25.0,0.0,0.0,0,,
2025-09-17 02:50:00-03:00,0,25,0,0,65.4,0,1.3,0,,0.0,25.0,0.0,0.0,0,,
2025-09-17 02:55:00-03:00,0,25,0,0,52.0,0,1.3,0,,0.0,25.0,0.0,0.0,0,,
2025-09-17 03:00:00-03:00,0,25,0,0,43.2,0,1.3,0,,0.0,25.0,0.0,0.0,0,,
2025-09-17 03:05:00-03:00,0,25,0,0,43.2,0,1.3,0,,0.0,25.0,0.0,0.0,0,,
2025-09-17 03:10:00-03:00,0,25,0,0,40.5,0,1.3,0,,0.0,25.0,0.0,0.0,0,,
2025-09-17 03:15:00-03:00,0,25,0,0,47.1,0,1.2,0,,0.0,25.0,0.0,0.0,0,,
2025-09-17 03:20:00-03:00,0,25,0,0,48.4,0,1.2,0,,0.0,25.0,0.0,0.0,0,,
2025-09-17 03:25:00-03:00,0,25,0,0,48.4,0,1.2,0,,0.0,25.0,0.0,0.0,0,,
2025-09-17 03:30:00-03:00,0,25,0,0,48.4,0,1.2,0,,0.0,25.0,0.0,0.0,0,,
2025-09-17 03:35:00-03:00,0,25,0,0,45.8,0,1.3,0,,0.0,25.0,0.0,0.0,0,,
2025-09-17 03:40:00-03:00,0,25,0,0,44.5,0,1.3,0,,0.0,25.0,0.0,0.0,0,,
2025-09-17 03:45:00-03:00,0,25,0,0,37.8,0,1.3,0,,0.0,25.0,0.0,0.0,0,,
2025-09-17 03:50:00-03:00,0,24,0,0,33.6,0,1.4,0,,0.0,24.0,0.0,0.0,0,,
2025-09-17 03:55:00-03:00,0,24,0,0,35.0,0,1.5,0,,0.0,24.0,0.0,0.0,0,,
2025-09-17 04:00:00-03:00,0,24,0,0,39.2,0,1.5,0,,0.0,24.0,0.0,0.0,0,,
2025-09-17 04:05:00-03:00,0,24,0,0,64.3,0,1.5,0,,0.0,24.0,0.0,0.0,0,,
2025-09-17 04:10:00-03:00,0,24,0,0,54.4,0,1.4,0,,0.0,24.0,0.0,0.0,0,,
2025-09-17 04:15:00-03:00,0,24,0,0,45.8,0,1.3,0,,0.0,24.0,0.0,0.0,0,,
2025-09-17 04:20:00-03:00,0,24,0,0,45.8,0,1.3,0,,0.0,24.0,0.0,0.0,0,,
2025-09-17 04:25:00-03:00,0,24,0,0,43.2,0,1.2,0,,0.0,24.0,0.0,0.0,0,,
2025-09-17 04:30:00-03:00,0,24,0,0,41.9,0,1.2,0,,0.0,24.0,0.0,0.0,0,,
2025-09-17 04:35:00-03:00,0,24,0,0,41.9,0,1.1,0,,0.0,24.0,0.0,0.0,0,,
2025-09-17 04:40:00-03:00,0,24,0,0,50.8,0,1.1,0,,0.0,24.0,0.0,0.0,0,,
2025-09-17 04:45:00-03:00,0,24,0,0,45.8,0,1.1,0,,0.0,24.0,0.0,0.0,0,,
2025-09-17 04:50:00-03:00,0,24,0,0,45.8,0,1.2,0,,0.0,24.0,0.0,0.0,0,,
2025-09-17 04:55:00-03:00,0,24,0,0,45.8,0,1.2,0,,0.0,24.0,0.0,0.0,0,,
2025-09-17 05:00:00-03:00,0,24,0,0,44.5,0,1.3,0,,0.0,24.0,0.0,0.0,0,,
2025-09-17 05:05:00-03:00,0,24,0,0,40.5,0,1.4,0,,0.0,24.0,0.0,0.0,0,,
2025-09-17 05:10:00-03:00,0,24,0,0,37.8,0,1.4,0,,0.0,24.0,0.0,0.0,0,,
2025-09-17 05:15:00-03:00,0,24,0,0,43.2,0,1.4,0,,0.0,24.0,0.0,0.0,0,,
2025-09-17 05:20:00-03:00,0,24,0,0,40.5,0,1.5,0,,0.0,24.0,0.0,0.0,0,,
2025-09-17 05:25:00-03:00,0,24,0,0,40.5,0,1.5,0,,0.0,24.0,0.0,0.0,0,,
2025-09-17 05:30:00-03:00,0,24,0,0,44.5,0,1.6,0,,0.0,24.0,0.0,0.0,0,,
2025-09-17 05:35:00-03:00,0,24,0,0,50.8,0,1.6,0,,0.0,24.0,0.0,0.0,0,,
2025-09-17 05:40:00-03:00,0,24,0,0,49.6,0,1.7,0,,0.0,24.0,0.0,0.0,0,,
2025-09-17 05:45:00-03:00,0,24,0,0,43.2,0,1.7,0,,0.0,24.0,0.0,0.0,0,,
2025-09-17 05:50:00-03:00,0,24,0,0,41.9,0,1.8,0,,0.577350268778482,24.0,0.0,0.0,0,,
2025-09-17 05:55:00-03:00,0,23,0,0,53.2,0,1.9,0,,1.243163120825142,23.0,0.0,0.0,0,,
2025-09-17 06:00:00-03:00,0,23,0,0,48.4,0,1.9,0,,2.9949452364311946,23.0,0.0,0.0,0,,
2025-09-17 06:05:00-03:00,0,23,0,0,50.8,0,2.0,0,,5.621926769852585,23.0,0.0,0.0,0,,
2025-09-17 06:10:00-03:00,0,23,0,0,56.7,0,2.0,0,,10.264310040406242,23.0,0.0,0.0,0,,
2025-09-17 06:15:00-03:00,2,23,3,3,54.4,2,2.0,0,0.6666666666666666,13.486244394875499,23.0625,0.0,2.0,0,33.33333333333333,18.13333333333333
2025-09-17 06:20:00-03:00,5,23,13,12,64.3,4,2.0,0,0.3333333333333333,16.37695165328601,23.125,0.0,4.0,0,66.66666666666666,42.86666666666666
2025-09-17 06:25:00-03:00,10,23,23,23,56.7,10,2.0,0,0.43478260869565216,18.644196432283735,23.3125,0.0,10.0,0,56.52173913043478,32.047826086956526
2025-09-17 06:30:00-03:00,19,23,35,36,47.1,18,2.1,1,0.5,22.55280000084928,23.5625,0.0,18.0,0,50.0,23.55
2025-09-17 06:35:00-03:00,34,23,48,51,30.7,33,2.1,1,0.6470588235294118,26.808524198405394,24.03125,0.0,33.0,0,35.294117647058826,10.83529411764706
2025-09-17 06:40:00-03:00,37,23,63,67,40.5,37,2.1,1,0.5522388059701493,32.4274247942601,24.15625,0.0,37.0,0,44.776119402985074,18.134328358208954
2025-09-17 06:45:00-03:00,44,23,79,84,43.9,43,2.1,1,0.5119047619047619,36.285066633610775,24.34375,0.0,43.0,0,48.80952380952381,21.427380952380954
2025-09-17 06:50:00-03:00,48,23,95,102,50.2,47,2.1,1,0.46078431372549017,35.268128800525,24.46875,0.0,47.0,0,53.92156862745098,27.068627450980394
2025-09-17 06:55:00-03:00,66,23,113,120,41.3,65,2.2,1,0.5416666666666666,33.67075432729725,25.03125,0.0125,64.991875,0,45.83333333333333,18.929166666666664
2025-09-17 07:00:00-03:00,81,23,132,140,38.7,79,2.2,1,0.5642857142857143,31.755099805163123,25.46875,0.1875,78.851875,0,43.57142857142857,16.862142857142857
2025-09-17 07:05:00-03:00,103,23,151,160,31.8,101,2.2,1,0.63125,29.246082358716677,26.15625,0.4625,100.532875,0,36.875,11.72625
2025-09-17 07:10:00-03:00,111,23,170,181,34.9,109,2.3,1,0.6022099447513812,27.92034123260241,26.40625,0.5625,108.386875,0,39.77900552486188,13.882872928176797
2025-09-17 07:15:00-03:00,88,24,190,202,53.5,87,2.3,1,0.4306930693069307,24.37009468900393,26.71875,0.6875,86.401875,0,56.930693069306926,30.457920792079204
2025-09-17 07:20:00-03:00,97,24,210,224,53.8,96,2.4,1,0.42857142857142855,19.87841832619026,27.0,0.8,95.232,0,57.14285714285714,30.742857142857137
2025-09-17 07:25:00-03:00,106,24,231,245,54.2,104,2.5,1,0.42448979591836733,14.559179131022374,27.25,0.9,103.064,0,57.55102040816327,31.19265306122449
2025-09-17 07:30:00-03:00,109,24,252,267,56.8,107,2.6,1,0.40074906367041196,14.080665876110071,27.34375,0.9375,105.996875,0,59.925093632958806,34.037453183520604
2025-09-17 07:35:00-03:00,117,24,273,289,57.1,115,2.6,1,0.39792387543252594,20.46874927711008,27.59375,1.0375,113.80687499999999,0,60.207612456747405,34.378546712802766
2025-09-17 07:40:00-03:00,104,24,293,312,64.7,102,2.7,1,0.3269230769230769,29.659685933881118,27.1875,0.875,101.1075,0,67.3076923076923,43.54807692307693
2025-09-17 07:45:00-03:00,89,24,314,334,71.7,88,2.8,1,0.2634730538922156,42.5522851289618,26.75,0.7000000000000001,87.384,0,73.65269461077844,52.808982035928146
2025-09-17 07:50:00-03:00,110,25,335,356,67.1,109,2.9,1,0.3061797752808989,50.219216411341854,28.40625,1.3625,107.514875,0,69.3820224719101,46.555337078651675
2025-09-17 07:55:00-03:00,134,25,356,378,62.3,132,3.0,1,0.3492063492063492,49.64624859946105,29.125,1.6500000000000001,129.822,0,65.07936507936508,40.54444444444444
2025-09-17 08:00:00-03:00,164,25,377,400,56.5,162,3.1,1,0.405,50.04626647291759,30.0625,2.025,158.7195,0,59.5,33.6175
2025-09-17 08:05:00-03:00,188,25,398,421,52.8,185,3.2,1,0.43942992874109266,48.05363165413203,30.78125,2.3125,180.721875,0,56.057007125890735,29.598099762470305
2025-09-17 08:10:00-03:00,227,25,418,443,45.7,223,3.2,1,0.5033860045146726,46.21753569869438,31.96875,2.7875,216.783875,0,49.66139954853273,22.695259593679456
2025-09-17 08:15:00-03:00,234,25,438,464,46.5,231,3.2,1,0.4978448275862069,42.25490826787764,32.21875,2.8875,224.32987500000002,0,50.21551724137932,23.35021551724138
2025-09-17 08:20:00-03:00,182,25,458,485,60.3,179,3.3,1,0.36907216494845363,33.80514574421116,30.59375,2.2375000000000003,174.994875,0,63.092783505154635,38.04494845360824
2025-09-17 08:25:00-03:00,202,26,478,506,57.9,198,3.3,1,0.391304347826087,26.259053272868695,32.1875,2.875,192.30749999999998,0,60.86956521739131,35.24347826086957
2025-09-17 08:30:00-03:00,171,26,498,527,65.7,168,3.3,1,0.3187855787476281,20.860285596103207,31.25,2.5,163.79999999999998,0,68.1214421252372,44.75578747628084
2025-09-17 08:35:00-03:00,174,26,517,547,66.4,171,3.4,1,0.3126142595978062,20.38325961976512,31.34375,2.5375,166.660875,0,68.73857404021938,45.64241316270567
2025-09-17 08:40:00-03:00,182,26,537,567,66.0,179,3.4,1,0.31569664902998235,26.92905944186903,31.59375,2.6375,174.278875,0,68.43033509700176,45.16402116402116
2025-09-17 08:45:00-03:00,186,26,555,587,66.6,183,3.4,1,0.31175468483816016,37.58172911982411,31.71875,2.6875,178.081875,0,68.82453151618398,45.83713798977853
2025-09-17 08:50:00-03:00,189,27,574,606,67.1,186,3.5,1,0.3069306930693069,55.87648716751338,32.8125,3.125,180.1875,0,69.3069306930693,46.5049504950495
2025-09-17 08:55:00-03:00,198,27,592,626,66.6,195,3.5,1,0.31150159744408945,77.27690273923484,33.09375,3.2375000000000003,188.686875,0,68.84984025559106,45.85399361022364
2025-09-17 09:00:00-03:00,219,27,610,644,64.2,215,3.6,1,0.3338509316770186,92.61831090638059,33.71875,3.4875000000000003,207.501875,0,66.61490683229813,42.76677018633541
2025-09-17 09:05:00-03:00,260,27,628,663,58.7,255,3.5,1,0.38461538461538464,93.89210442165374,34.96875,3.9875000000000003,244.831875,0,61.53846153846154,36.12307692307692
2025-09-17 09:10:00-03:00,296,27,645,681,54.2,291,3.4,1,0.42731277533039647,92.37715019845184,36.09375,4.4375,278.08687499999996,0,57.268722466960355,31.039647577092513
2025-09-17 09:15:00-03:00,353,27,662,699,46.6,348,3.3,1,0.4978540772532189,86.38690276712332,37.875,5.15,330.07800000000003,0,50.21459227467812,23.400000000000006
2025-09-17 09:20:00-03:00,413,27,679,716,39.2,406,3.3,1,0.5670391061452514,80.42877519139107,39.6875,5.875,382.14750000000004,0,43.296089385474865,16.972067039106147
2025-09-17 09:25:00-03:00,424,28,695,733,39.0,417,3.2,1,0.5688949522510232,70.6469562277234,41.03125,6.4125000000000005,390.259875,0,43.11050477489768,16.81309686221009
2025-09-17 09:30:00-03:00,370,28,711,750,48.0,364,3.1,1,0.48533333333333334,59.469625554864564,39.375,5.75,343.07,0,51.46666666666667,24.704
2025-09-17 09:35:00-03:00,370,28,726,766,49.0,364,3.1,1,0.4751958224543081,49.99659079285831,39.375,5.75,343.07,0,52.48041775456919,25.7154046997389
2025-09-17 09:40:00-03:00,311,28,741,782,58.0,306,3.1,1,0.391304347826087,47.76045022882463,37.5625,5.025,290.6235,0,60.86956521739131,35.30434782608696
2025-09-17 09:45:00-03:00,363,28,756,797,52.0,357,3.0,1,0.4479297365119197,46.64241794241134,39.15625,5.6625000000000005,336.784875,0,55.20702634880803,28.707653701380178
2025-09-17 09:50:00-03:00,339,28,770,812,56.0,333,3.0,1,0.4100985221674877,54.97678573449334,38.40625,5.362500000000001,315.142875,0,58.99014778325123,33.03448275862069
2025-09-17 09:55:00-03:00,376,28,784,826,52.0,370,3.1,1,0.44794188861985473,64.06453895498328,39.5625,5.825,348.4475,0,55.205811138014525,28.707021791767552
2025-09-17 10:00:00-03:00,423,28,797,840,47.0,416,3.1,1,0.49523809523809526,71.67096533971541,41.0,6.4,389.376,0,50.476190476190474,23.72380952380952
2025-09-17 10:05:00-03:00,462,29,810,854,43.0,454,3.1,1,0.531615925058548,71.35756102299831,43.1875,7.275,420.9715,0,46.8384074941452,20.140515222482435
2025-09-17 10:10:00-03:00,461,29,823,866,44.0,453,3.0,1,0.523094688221709,72.69050206807282,43.15625,7.2625,420.10087500000003,0,47.6905311778291,20.983833718244806
2025-09-17 10:15:00-03:00,501,29,835,879,40.0,493,3.0,1,0.5608646188850968,68.84826311050072,44.40625,7.7625,454.73087499999997,0,43.91353811149033,17.565415244596135
2025-09-17 10:20:00-03:00,516,29,846,891,39.0,508,2.9,1,0.5701459034792368,77.37291633263915,44.875,7.95,467.614,0,42.98540965207632,16.764309764309765
2025-09-17 10:25:00-03:00,523,29,857,902,39.0,514,2.9,1,0.5698447893569845,82.6232779584873,45.0625,8.025,472.75149999999996,0,43.01552106430155,16.776053215077603
2025-09-17 10:30:00-03:00,469,29,868,913,46.0,461,2.9,1,0.5049288061336255,98.95740589676736,43.40625,7.362500000000001,427.058875,0,49.50711938663746,22.773274917853232
2025-09-17 10:35:00-03:00,509,29,878,924,42.0,501,2.9,1,0.5422077922077922,112.09844158622359,44.65625,7.862500000000001,461.608875,0,45.77922077922078,19.227272727272727
2025-09-17 10:40:00-03:00,559,29,887,934,37.0,551,2.8,1,0.5899357601713062,116.08291185287261,46.21875,8.4875,504.23387499999995,0,41.00642398286938,15.172376873661669
2025-09-17 10:45:00-03:00,618,30,896,943,31.0,619,2.8,1,0.6564156945917285,117.78511507543176,49.34375,9.7375,558.724875,0,34.35843054082714,10.651113467656414
2025-09-17 10:50:00-03:00,660,30,905,952,27.0,668,2.9,1,0.7016806722689075,117.9825359444276,50.875,10.350000000000001,598.862,0,29.831932773109244,8.054621848739496
2025-09-17 10:55:00-03:00,730,30,913,961,20.0,749,2.9,1,0.7793964620187305,125.56671533491414,53.40625,11.3625,663.8948750000001,0,22.06035379812695,4.41207075962539
2025-09-17 11:00:00-03:00,745,30,920,968,19.0,765,2.9,1,0.7902892561983471,126.17529292794967,53.90625,11.5625,676.546875,0,20.971074380165287,3.9845041322314048
2025-09-17 11:05:00-03:00,714,30,927,976,23.0,728,2.9,1,0.7459016393442623,124.38317507775561,52.75,11.100000000000001,647.192,0,25.40983606557377,5.8442622950819665
2025-09-17 11:10:00-03:00,738,30,934,983,21.0,755,2.9,1,0.768056968463886,110.2766150105324,53.59375,11.4375,668.646875,0,23.194303153611393,4.870803662258393
2025-09-17 11:15:00-03:00,733,30,940,989,22.0,749,2.9,1,0.7573306370070778,92.99201660096695,53.40625,11.3625,663.8948750000001,0,24.26693629929221,5.338725985844287
2025-09-17 11:20:00-03:00,813,30,946,995,14.0,842,2.9,1,0.8462311557788945,87.04557322564531,56.3125,12.525,736.5395,0,15.376884422110553,2.1527638190954774
2025-09-17 11:25:00-03:00,808,30,951,1000,15.0,835,2.9,1,0.835,91.57460942263666,56.09375,12.4375,731.146875,0,16.5,2.475
2025-09-17 11:30:00-03:00,898,30,955,1005,6.0,939,2.9,1,0.9343283582089552,97.342724744099,59.34375,13.7375,810.004875,1,6.567164179104477,0.3940298507462686
2025-09-17 11:35:00-03:00,854,30,959,1009,11.0,887,2.9,1,0.8790882061446977,100.16108238353752,57.71875,13.0875,770.9138750000001,0,12.091179385530229,1.3300297324083252
2025-09-17 11:40:00-03:00,837,31,962,1012,13.0,868,2.9,1,0.857707509881423,91.5308773865458,58.125,13.25,752.9899999999999,0,14.229249011857709,1.8498023715415022
2025-09-17 11:45:00-03:00,898,31,965,1015,7.0,938,2.9,1,0.9241379310344827,80.37238143149091,60.3125,14.125,805.5075,0,7.586206896551724,0.5310344827586208
2025-09-17 11:50:00-03:00,958,31,968,1018,1.0,1007,2.9,1,0.9891944990176817,61.57601855110017,62.46875,14.9875,856.075875,0,1.080550098231827,0.010805500982318271
2025-09-17 11:55:00-03:00,950,31,969,1019,2.0,997,2.9,1,0.9784102060843964,54.69474519105584,62.15625,14.8625,848.820875,0,2.1589793915603535,0.04317958783120707
2025-09-17 12:00:00-03:00,951,31,971,1021,2.0,999,2.9,1,0.9784524975514202,60.15604707757462,62.21875,14.887500000000001,850.273875,0,2.1547502448579823,0.043095004897159644
2025-09-17 12:05:00-03:00,932,31,971,1021,4.0,977,2.9,1,0.9569049951028403,114.42461459075047,61.53125,14.6125,834.235875,0,4.3095004897159646,0.17238001958863858
2025-09-17 12:10:00-03:00,913,31,972,1022,6.0,955,2.9,1,0.9344422700587084,149.3016825901228,60.84375,14.3375,818.076875,0,6.555772994129158,0.3933463796477495
2025-09-17 12:15:00-03:00,923,31,971,1022,5.0,966,2.9,1,0.9452054794520548,194.4472157089657,61.1875,14.475000000000001,826.1714999999999,0,5.47945205479452,0.273972602739726
2025-09-17 12:20:00-03:00,883,31,970,1021,9.0,920,2.9,1,0.901077375122429,218.84898626193842,59.75,13.9,792.12,0,9.892262487757101,0.8903036238981392
2025-09-17 12:25:00-03:00,785,31,969,1019,19.0,806,2.9,1,0.7909715407262021,227.87056067917536,56.1875,12.475000000000001,705.4515,1,20.902845927379783,3.9715407262021585
2025-09-17 12:30:00-03:00,609,31,967,1017,37.0,601,2.9,1,0.5909537856440511,240.50305548364454,49.78125,9.912500000000001,541.425875,1,40.90462143559488,15.134709931170107
2025-09-17 12:35:00-03:00,588,31,965,1015,39.0,579,2.9,1,0.5704433497536946,253.33752488557795,49.09375,9.637500000000001,523.198875,0,42.95566502463054,16.75270935960591
2025-09-17 12:40:00-03:00,462,31,962,1012,52.0,454,2.9,1,0.44861660079051385,254.7013699978608,45.1875,8.075000000000001,417.3395,1,55.13833992094862,28.67193675889328
2025-09-17 12:45:00-03:00,489,31,958,1008,49.0,481,2.9,1,0.4771825396825397,249.4552094367861,46.03125,8.4125,440.535875,0,52.28174603174603,25.618055555555557
2025-09-17 12:50:00-03:00,496,31,954,1003,48.0,488,2.9,1,0.4865403788634098,228.71185722730456,46.25,8.5,446.52000000000004,0,51.34596211365903,24.646061814556333
2025-09-17 12:55:00-03:00,389,31,949,999,59.0,383,2.9,1,0.3833833833833834,192.0096272838846,42.96875,7.1875,355.471875,1,61.66166166166166,36.38038038038038
2025-09-17 13:00:00-03:00,283,31,944,993,70.0,279,2.9,1,0.2809667673716012,154.43288235189576,39.71875,5.8875,262.573875,1,71.90332326283988,50.33232628398791
2025-09-17 13:05:00-03:00,272,31,939,987,71.0,268,2.9,1,0.27152988855116517,139.02286164730384,39.375,5.75,252.59,0,72.8470111448835,51.72137791286728
2025-09-17 13:10:00-03:00,224,31,932,981,76.0,220,2.8,1,0.22426095820591233,118.78271479189497,37.875,5.15,208.67000000000002,0,77.57390417940877,58.95616717635066
2025-09-17 13:15:00-03:00,185,31,926,974,80.0,182,2.7,1,0.1868583162217659,116.1108078387582,36.6875,4.675,173.4915,0,81.3141683778234,65.05133470225873
2025-09-17 13:20:00-03:00,202,31,919,967,78.0,199,2.6,1,0.20579110651499483,99.16560987468148,37.21875,4.8875,189.273875,0,79.42088934850051,61.94829369183039
2025-09-17 13:25:00-03:00,210,31,911,959,77.0,206,2.6,1,0.21480709071949947,68.34582295320514,37.4375,4.9750000000000005,195.75150000000002,0,78.51929092805005,60.45985401459854
2025-09-17 13:30:00-03:00,226,31,903,950,75.0,222,2.5,1,0.2336842105263158,49.019708466913286,37.9375,5.175000000000001,210.5115,0,76.63157894736841,57.47368421052631
2025-09-17 13:35:00-03:00,206,31,894,941,77.0,202,2.4,1,0.2146652497343252,48.44928620044559,37.3125,4.925000000000001,192.0515,0,78.53347502656747,60.47077577045696
2025-09-17 13:40:00-03:00,142,31,885,931,84.0,139,2.3,1,0.14930182599355532,45.232396542401474,35.34375,4.1375,133.248875,0,85.06981740064447,71.45864661654136
2025-09-17 13:45:00-03:00,166,31,875,921,81.0,164,2.3,1,0.1780673181324647,53.176948754015946,36.125,4.45,156.702,0,82.19326818675353,66.57654723127035
2025-09-17 13:50:00-03:00,138,31,865,911,84.0,136,2.2,1,0.14928649835345773,58.95163657223449,35.25,4.1000000000000005,130.424,0,85.07135016465422,71.45993413830955
2025-09-17 13:55:00-03:00,128,31,854,900,85.0,126,2.1,1,0.14,62.67877462010686,34.9375,3.975,120.9915,0,86.0,73.1
2025-09-17 14:00:00-03:00,101,30,843,888,88.0,100,2.0,1,0.11261261261261261,61.56660596213126,33.125,3.25,96.75,0,88.73873873873875,78.0900900900901
2025-09-17 14:05:00-03:00,100,30,832,876,88.0,98,1.9,1,0.11187214611872145,54.93818840709908,33.0625,3.225,94.8395,0,88.81278538812786,78.15525114155251
2025-09-17 14:10:00-03:00,49,30,819,862,94.0,48,1.7,1,0.05568445475638051,46.95161919949,31.5,2.6,46.751999999999995,0,94.43155452436194,88.76566125290023
2025-09-17 14:15:00-03:00,56,30,806,849,93.0,55,1.4,1,0.06478209658421673,46.29025684512081,31.71875,2.6875,53.521875,0,93.52179034157832,86.97526501766784
2025-09-17 14:20:00-03:00,40,30,793,835,95.0,39,1.2,1,0.046706586826347304,38.940514074200586,31.21875,2.4875000000000003,38.029875000000004,0,95.32934131736526,90.56287425149699
2025-09-17 14:25:00-03:00,47,30,779,820,94.0,46,1.0,1,0.05609756097560976,32.59798748202359,31.4375,2.575,44.8155,0,94.39024390243902,88.72682926829268
2025-09-17 14:30:00-03:00,38,30,765,806,95.0,38,0.8,1,0.04714640198511166,24.329181879144056,31.1875,2.475,37.0595,0,95.28535980148884,90.5210918114144
2025-09-17 14:35:00-03:00,38,30,750,790,95.0,37,0.7,1,0.04683544303797468,18.72993876284671,31.15625,2.4625000000000004,36.088875,0,95.31645569620252,90.5506329113924
2025-09-17 14:40:00-03:00,29,30,735,774,96.0,29,0.6,1,0.037467700258397935,7.925314256229141,30.90625,2.3625000000000003,28.314875,0,96.2532299741602,92.40310077519379
2025-09-17 14:45:00-03:00,29,30,720,758,96.0,28,0.6,1,0.036939313984168866,7.4888806461791315,30.875,2.35,27.342000000000002,0,96.30606860158312,92.4538258575198
2025-09-17 14:50:00-03:00,35,30,704,742,95.0,35,0.7,1,0.04716981132075472,5.395705362880721,31.09375,2.4375,34.146875,0,95.28301886792453,90.5188679245283
2025-09-17 14:55:00-03:00,41,30,687,725,94.0,41,0.8,1,0.05655172413793103,5.446016058411362,31.28125,2.5125,39.969875,0,94.34482758620689,88.68413793103447
2025-09-17 15:00:00-03:00,33,30,671,707,95.0,33,1.0,1,0.04667609618104668,5.104958967512856,31.03125,2.4125,32.203875000000004,0,95.33239038189534,90.56577086280056
2025-09-17 15:05:00-03:00,45,30,654,690,93.2,44,1.1,1,0.06376811594202898,4.999242366780007,31.375,2.5500000000000003,42.878,0,93.6231884057971,87.2568115942029
2025-09-17 15:10:00-03:00,37,29,637,672,94.2,36,1.2,1,0.05357142857142857,4.944387696808747,30.125,2.0500000000000003,35.262,0,94.64285714285714,89.15357142857142
2025-09-17 15:15:00-03:00,35,29,619,653,94.3,35,1.2,1,0.05359877488514548,4.935953440118754,30.09375,2.0375,34.286875,0,94.64012251148544,89.24563552833077
2025-09-17 15:20:00-03:00,34,29,601,634,94.4,33,1.2,1,0.052050473186119876,5.2194275779828665,30.03125,2.0125,32.335875,0,94.79495268138801,89.4864353312303
2025-09-17 15:25:00-03:00,27,29,583,615,95.3,27,1.3,1,0.04390243902439024,5.939084716697624,29.84375,1.9375,26.476875,0,95.60975609756098,91.11609756097562
2025-09-17 15:30:00-03:00,36,29,565,596,93.7,35,1.3,1,0.0587248322147651,6.141636342953016,30.09375,2.0375,34.286875,0,94.12751677852349,88.1974832214765
2025-09-17 15:35:00-03:00,34,29,546,576,93.8,33,1.3,1,0.057291666666666664,7.128687243635142,30.03125,2.0125,32.335875,0,94.27083333333334,88.42604166666668
2025-09-17 15:40:00-03:00,41,28,527,556,92.3,40,1.4,1,0.07194244604316546,6.788470618093471,29.25,1.7000000000000002,39.32,0,92.80575539568345,85.65971223021583
2025-09-17 15:45:00-03:00,27,28,508,536,94.7,26,1.4,1,0.048507462686567165,6.464354475681539,28.8125,1.5250000000000001,25.6035,0,95.1492537313433,90.1063432835821
2025-09-17 15:50:00-03:00,26,28,488,516,94.7,25,1.5,1,0.04844961240310078,6.721742198359263,28.78125,1.5125000000000002,24.621875,0,95.15503875968993,90.11182170542638
2025-09-17 15:55:00-03:00,24,28,468,495,94.8,24,1.5,1,0.048484848484848485,6.596601512486333,28.75,1.5,23.64,0,95.15151515151516,90.20363636363636
2025-09-17 16:00:00-03:00,20,28,449,474,95.6,20,1.6,1,0.04219409282700422,7.27542563574142,28.625,1.4500000000000002,19.71,0,95.78059071729957,91.56624472573839
2025-09-17 16:05:00-03:00,19,27,428,453,95.6,19,1.6,1,0.04194260485651214,9.690279415522554,27.59375,1.0375,18.802875,0,95.80573951434879,91.59028697571743
2025-09-17 16:10:00-03:00,29,27,408,431,92.8,29,1.6,1,0.06728538283062645,9.771247245191255,27.90625,1.1625,28.662875,0,93.27146171693735,86.55591647331786
2025-09-17 16:15:00-03:00,19,27,387,410,95.0,19,1.6,1,0.046341463414634146,9.32697294098195,27.59375,1.0375,18.802875,0,95.36585365853658,90.59756097560975
2025-09-17 16:20:00-03:00,31,27,367,388,91.5,31,1.6,1,0.07989690721649484,9.437192700162022,27.96875,1.1875,30.631875,0,92.0103092783505,84.1894329896907
2025-09-17 16:25:00-03:00,38,27,346,366,88.9,38,1.6,1,0.10382513661202186,10.156353437671449,28.1875,1.2750000000000001,37.515499999999996,0,89.61748633879782,79.66994535519126
2025-09-17 16:30:00-03:00,52,27,325,344,84.0,51,1.7,1,0.14825581395348839,10.645812948418685,28.59375,1.4375,50.266875,0,85.17441860465115,71.54651162790697
2025-09-17 16:35:00-03:00,36,27,305,322,88.2,35,1.7,1,0.10869565217391304,10.932298546716387,28.09375,1.2375,34.566874999999996,0,89.13043478260869,78.61304347826086
2025-09-17 16:40:00-03:00,25,27,284,300,91.2,24,1.7,1,0.08,11.4243228033235,27.75,1.1,23.736,0,92.0,83.904
2025-09-17 16:45:00-03:00,24,27,263,279,90.9,23,1.8,1,0.08243727598566308,12.342339054357545,27.71875,1.0875000000000001,22.749875,0,91.75627240143369,83.40645161290324
2025-09-17 16:50:00-03:00,16,27,243,257,93.5,15,1.8,1,0.058365758754863814,13.251643694479828,27.46875,0.9875,14.851875,0,94.16342412451361,88.04280155642022
2025-09-17 16:55:00-03:00,16,27,222,235,92.7,16,1.9,1,0.06808510638297872,13.371158468407483,27.5,1.0,15.84,0,93.19148936170212,86.38851063829787
2025-09-17 17:00:00-03:00,16,27,202,214,91.9,16,1.9,1,0.07476635514018691,12.561364527282272,27.5,1.0,15.84,0,92.5233644859813,85.02897196261682
2025-09-17 17:05:00-03:00,13,27,182,193,92.8,13,1.9,1,0.06735751295336788,8.821461433207586,27.40625,0.9625,12.874875,0,93.26424870466322,86.54922279792747
2025-09-17 17:10:00-03:00,10,27,162,171,94.1,9,1.7,0,0.05263157894736842,11.070025047164139,27.28125,0.9125000000000001,8.917874999999999,0,94.73684210526315,89.14736842105262
2025-09-17 17:15:00-03:00,7,27,143,151,94.8,7,1.6,0,0.046357615894039736,15.817136851567176,27.21875,0.8875000000000001,6.937875,0,95.36423841059603,90.40529801324503
2025-09-17 17:20:00-03:00,33,27,124,131,73.1,33,1.4,1,0.25190839694656486,16.18337156314781,28.03125,1.2125000000000001,32.599875,0,74.80916030534351,54.685496183206105
2025-09-17 17:25:00-03:00,24,26,106,112,77.2,24,1.3,1,0.21428571428571427,16.035944473304376,26.75,0.7000000000000001,23.832,0,78.57142857142857,60.657142857142865
2025-09-17 17:30:00-03:00,26,26,89,94,71.1,25,1.2,1,0.26595744680851063,16.70850808491376,26.78125,0.7125,24.821875,0,73.40425531914893,52.19042553191489
2025-09-17 17:35:00-03:00,48,26,72,76,33.6,47,1.0,1,0.618421052631579,17.81449018651522,27.46875,0.9875,46.535875000000004,0,38.15789473684211,12.82105263157895
2025-09-17 17:40:00-03:00,57,26,57,60,0.0,60,0.9,1,1.0,18.869568253142216,27.875,1.1500000000000001,59.31,0,0.0,0.0
2025-09-17 17:45:00-03:00,37,26,44,46,15.2,36,0.8,1,0.782608695652174,19.61195522833393,27.125,0.8500000000000001,35.694,0,21.73913043478261,3.304347826086956
2025-09-17 17:50:00-03:00,18,26,31,31,41.9,18,0.7,1,0.5806451612903226,20.18099916436533,26.5625,0.625,17.8875,0,41.935483870967744,17.570967741935483
2025-09-17 17:55:00-03:00,7,26,20,19,63.3,7,0.7,0,0.3684210526315789,20.640318003173174,26.21875,0.48750000000000004,6.9658750000000005,0,63.1578947368421,39.978947368421046
2025-09-17 18:00:00-03:00,2,25,10,10,76.4,2,0.6,0,0.2,21.188011189849934,25.0625,0.025,1.9995,0,80.0,61.12
2025-09-17 18:05:00-03:00,0,25,2,2,78.0,0,0.6,0,0.0,21.476555222889274,25.0,0.0,0.0,0,100.0,78.0
2025-09-17 18:10:00-03:00,0,25,0,0,89.1,0,0.6,0,,19.098429254768288,25.0,0.0,0.0,0,,
2025-09-17 18:15:00-03:00,0,25,0,0,89.6,0,0.6,0,,11.046389784545788,25.0,0.0,0.0,0,,
2025-09-17 18:20:00-03:00,0,25,0,0,88.5,0,0.6,0,,5.361902647325007,25.0,0.0,0.0,0,,
2025-09-17 18:25:00-03:00,0,25,0,0,44.5,0,0.6,0,,2.0504988305133667,25.0,0.0,0.0,0,,
2025-09-17 18:30:00-03:00,0,25,0,0,60.1,0,0.7,0,,0.5773502686625239,25.0,0.0,0.0,0,,
2025-09-17 18:35:00-03:00,0,25,0,0,54.4,0,0.7,0,,0.0,25.0,0.0,0.0,0,,
2025-09-17 18:40:00-03:00,0,25,0,0,52.0,0,0.8,0,,0.0,25.0,0.0,0.0,0,,
2025-09-17 18:45:00-03:00,0,25,0,0,60.1,0,0.8,0,,0.0,25.0,0.0,0.0,0,,
2025-09-17 18:50:00-03:00,0,25,0,0,59.0,0,0.9,0,,0.0,25.0,0.0,0.0,0,,
2025-09-17 18:55:00-03:00,0,25,0,0,44.5,0,1.0,0,,0.0,25.0,0.0,0.0,0,,
2025-09-17 19:00:00-03:00,0,25,0,0,41.9,0,1.0,0,,0.0,25.0,0.0,0.0,0,,
2025-09-17 19:05:00-03:00,0,25,0,0,44.5,0,1.1,0,,0.0,25.0,0.0,0.0,0,,
2025-09-17 19:10:00-03:00,0,24,0,0,47.1,0,1.3,0,,0.0,24.0,0.0,0.0,0,,
2025-09-17 19:15:00-03:00,0,24,0,0,41.9,0,1.4,0,,0.0,24.0,0.0,0.0,0,,
2025-09-17 19:20:00-03:00,0,24,0,0,40.5,0,1.6,0,,0.0,24.0,0.0,0.0,0,,
2025-09-17 19:25:00-03:00,0,24,0,0,40.5,0,1.7,0,,0.0,24.0,0.0,0.0,0,,
2025-09-17 19:30:00-03:00,0,24,0,0,40.5,0,1.8,0,,0.0,24.0,0.0,0.0,0,,
2025-09-17 19:35:00-03:00,0,24,0,0,40.5,0,2.0,0,,0.0,24.0,0.0,0.0,0,,
2025-09-17 19:40:00-03:00,0,23,0,0,40.5,0,2.1,0,,0.0,23.0,0.0,0.0,0,,
2025-09-17 19:45:00-03:00,0,23,0,0,40.5,0,2.2,0,,0.0,23.0,0.0,0.0,0,,
2025-09-17 19:50:00-03:00,0,23,0,0,41.9,0,2.4,0,,0.0,23.0,0.0,0.0,0,,
2025-09-17 19:55:00-03:00,0,23,0,0,36.4,0,2.5,0,,0.0,23.0,0.0,0.0,0,,
2025-09-17 20:00:00-03:00,0,23,0,0,37.8,0,2.7,0,,0.0,23.0,0.0,0.0,0,,
2025-09-17 20:05:00-03:00,0,23,0,0,35.0,0,2.7,0,,0.0,23.0,0.0,0.0,0,,
2025-09-17 20:10:00-03:00,0,23,0,0,52.0,0,2.7,0,,0.0,23.0,0.0,0.0,0,,
2025-09-17 20:15:00-03:00,0,23,0,0,56.7,0,2.7,0,,0.0,23.0,0.0,0.0,0,,
2025-09-17 20:20:00-03:00,0,22,0,0,71.2,0,2.7,0,,0.0,22.0,0.0,0.0,0,,
2025-09-17 20:25:00-03:00,0,22,0,0,74.7,0,2.7,0,,0.0,22.0,0.0,0.0,0,,
2025-09-17 20:30:00-03:00,0,22,0,0,78.0,0,2.7,0,,0.0,22.0,0.0,0.0,0,,
2025-09-17 20:35:00-03:00,0,22,0,0,77.2,0,2.7,0,,0.0,22.0,0.0,0.0,0,,
2025-09-17 20:40:00-03:00,0,22,0,0,74.7,0,2.7,0,,0.0,22.0,0.0,0.0,0,,
2025-09-17 20:45:00-03:00,0,22,0,0,78.0,0,2.7,0,,0.0,22.0,0.0,0.0,0,,
2025-09-17 20:50:00-03:00,0,22,0,0,78.8,0,2.7,0,,0.0,22.0,0.0,0.0,0,,
2025-09-17 20:55:00-03:00,0,22,0,0,70.2,0,2.7,0,,0.0,22.0,0.0,0.0,0,,
2025-09-17 21:00:00-03:00,0,22,0,0,61.2,0,2.7,0,,0.0,22.0,0.0,0.0,0,,
2025-09-17 21:05:00-03:00,0,22,0,0,57.9,0,2.7,0,,0.0,22.0,0.0,0.0,0,,
2025-09-17 21:10:00-03:00,0,22,0,0,30.7,0,2.6,0,,0.0,22.0,0.0,0.0,0,,
2025-09-17 21:15:00-03:00,0,22,0,0,32.1,0,2.4,0,,0.0,22.0,0.0,0.0,0,,
2025-09-17 21:20:00-03:00,0,22,0,0,37.8,0,2.3,0,,0.0,22.0,0.0,0.0,0,,
2025-09-17 21:25:00-03:00,0,22,0,0,36.4,0,2.2,0,,0.0,22.0,0.0,0.0,0,,
2025-09-17 21:30:00-03:00,0,22,0,0,37.8,0,2.1,0,,0.0,22.0,0.0,0.0,0,,
2025-09-17 21:35:00-03:00,0,22,0,0,35.0,0,2.1,0,,0.0,22.0,0.0,0.0,0,,
2025-09-17 21:40:00-03:00,0,22,0,0,35.0,0,2.0,0,,0.0,22.0,0.0,0.0,0,,
2025-09-17 21:45:00-03:00,0,22,0,0,36.4,0,1.9,0,,0.0,22.0,0.0,0.0,0,,
2025-09-17 21:50:00-03:00,0,23,0,0,60.1,0,1.9,0,,0.0,23.0,0.0,0.0,0,,
2025-09-17 21:55:00-03:00,0,23,0,0,63.3,0,1.8,0,,0.0,23.0,0.0,0.0,0,,
2025-09-17 22:00:00-03:00,0,23,0,0,73.8,0,1.8,0,,0.0,23.0,0.0,0.0,0,,
2025-09-17 22:05:00-03:00,0,23,0,0,76.4,0,1.8,0,,0.0,23.0,0.0,0.0,0,,
2025-09-17 22:10:00-03:00,0,23,0,0,83.8,0,1.7,0,,0.0,23.0,0.0,0.0,0,,
2025-09-17 22:15:00-03:00,0,23,0,0,81.7,0,1.7,0,,0.0,23.0,0.0,0.0,0,,
2025-09-17 22:20:00-03:00,0,23,0,0,68.3,0,1.6,0,,0.0,23.0,0.0,0.0,0,,
2025-09-17 22:25:00-03:00,0,23,0,0,78.0,0,1.6,0,,0.0,23.0,0.0,0.0,0,,
2025-09-17 22:30:00-03:00,0,23,0,0,61.2,0,1.5,0,,0.0,23.0,0.0,0.0,0,,
2025-09-17 22:35:00-03:00,0,23,0,0,64.3,0,1.5,0,,0.0,23.0,0.0,0.0,0,,
2025-09-17 22:40:00-03:00,0,23,0,0,54.4,0,1.5,0,,0.0,23.0,0.0,0.0,0,,
2025-09-17 22:45:00-03:00,0,23,0,0,63.3,0,1.5,0,,0.0,23.0,0.0,0.0,0,,
2025-09-17 22:50:00-03:00,0,23,0,0,66.4,0,1.4,0,,0.0,23.0,0.0,0.0,0,,
2025-09-17 22:55:00-03:00,0,23,0,0,69.3,0,1.4,0,,0.0,23.0,0.0,0.0,0,,
2025-09-17 23:00:00-03:00,0,24,0,0,66.4,0,1.4,0,,0.0,24.0,0.0,0.0,0,,
2025-09-17 23:05:00-03:00,0,24,0,0,53.2,0,1.4,0,,0.0,24.0,0.0,0.0,0,,
2025-09-17 23:10:00-03:00,0,24,0,0,74.7,0,1.3,0,,0.0,24.0,0.0,0.0,0,,
2025-09-17 23:15:00-03:00,0,24,0,0,78.0,0,1.2,0,,0.0,24.0,0.0,0.0,0,,
2025-09-17 23:20:00-03:00,0,24,0,0,74.7,0,1.2,0,,0.0,24.0,0.0,0.0,0,,
2025-09-17 23:25:00-03:00,0,24,0,0,74.7,0,1.1,0,,0.0,24.0,0.0,0.0,0,,
2025-09-17 23:30:00-03:00,0,24,0,0,75.5,0,1.0,0,,0.0,24.0,0.0,0.0,0,,
2025-09-17 23:35:00-03:00,0,24,0,0,73.8,0,1.0,0,,0.0,24.0,0.0,0.0,0,,
2025-09-17 23:40:00-03:00,0,24,0,0,73.0,0,0.9,0,,0.0,24.0,0.0,0.0,0,,
2025-09-17 23:45:00-03:00,0,24,0,0,68.3,0,0.8,0,,0.0,24.0,0.0,0.0,0,,
2025-09-17 23:50:00-03:00,0,24,0,0,63.3,0,0.8,0,,0.0,24.0,0.0,0.0,0,,
2025-09-17 23:55:00-03:00,0,24,0,0,60.1,0,0.7,0,,0.0,24.0,0.0,0.0,0,,
2025-09-18 00:00:00-03:00,0,24,0,0,50.8,0,0.7,0,,0.0,24.0,0.0,0.0,0,,
2025-09-18 00:05:00-03:00,0,24,0,0,52.0,0,0.6,0,,0.0,24.0,0.0,0.0,0,,
2025-09-18 00:10:00-03:00,0,24,0,0,45.8,0,0.5,0,,0.0,24.0,0.0,0.0,0,,
2025-09-18 00:15:00-03:00,0,24,0,0,48.4,0,0.4,0,,0.0,24.0,0.0,0.0,0,,
2025-09-18 00:20:00-03:00,0,24,0,0,47.1,0,0.3,0,,0.0,24.0,0.0,0.0,0,,
2025-09-18 00:25:00-03:00,0,24,0,0,56.7,0,0.3,0,,0.0,24.0,0.0,0.0,0,,
2025-09-18 00:30:00-03:00,0,24,0,0,57.9,0,0.3,0,,0.0,24.0,0.0,0.0,0,,
2025-09-18 00:35:00-03:00,0,24,0,0,52.0,0,0.4,0,,0.0,24.0,0.0,0.0,0,,
2025-09-18 00:40:00-03:00,0,24,0,0,49.6,0,0.5,0,,0.0,24.0,0.0,0.0,0,,
2025-09-18 00:45:00-03:00,0,24,0,0,54.4,0,0.6,0,,0.0,24.0,0.0,0.0,0,,
2025-09-18 00:50:00-03:00,0,24,0,0,53.2,0,0.7,0,,0.0,24.0,0.0,0.0,0,,
2025-09-18 00:55:00-03:00,0,24,0,0,54.4,0,0.8,0,,0.0,24.0,0.0,0.0,0,,
2025-09-18 01:00:00-03:00,0,24,0,0,55.6,0,0.9,0,,0.0,24.0,0.0,0.0,0,,
2025-09-18 01:05:00-03:00,0,24,0,0,55.6,0,1.0,0,,0.0,24.0,0.0,0.0,0,,
2025-09-18 01:10:00-03:00,0,24,0,0,48.4,0,1.0,0,,0.0,24.0,0.0,0.0,0,,
2025-09-18 01:15:00-03:00,0,24,0,0,48.4,0,1.0,0,,0.0,24.0,0.0,0.0,0,,
2025-09-18 01:20:00-03:00,0,24,0,0,41.9,0,1.0,0,,0.0,24.0,0.0,0.0,0,,
2025-09-18 01:25:00-03:00,0,24,0,0,41.9,0,1.1,0,,0.0,24.0,0.0,0.0,0,,
2025-09-18 01:30:00-03:00,0,24,0,0,44.5,0,1.1,0,,0.0,24.0,0.0,0.0,0,,
2025-09-18 01:35:00-03:00,0,23,0,0,43.2,0,1.2,0,,0.0,23.0,0.0,0.0,0,,
2025-09-18 01:40:00-03:00,0,23,0,0,39.2,0,1.2,0,,0.0,23.0,0.0,0.0,0,,
2025-09-18 01:45:00-03:00,0,23,0,0,39.2,0,1.2,0,,0.0,23.0,0.0,0.0,0,,
2025-09-18 01:50:00-03:00,0,23,0,0,49.6,0,1.3,0,,0.0,23.0,0.0,0.0,0,,
2025-09-18 01:55:00-03:00,0,23,0,0,40.5,0,1.3,0,,0.0,23.0,0.0,0.0,0,,
2025-09-18 02:00:00-03:00,0,23,0,0,23.1,0,1.4,0,,0.0,23.0,0.0,0.0,0,,
2025-09-18 02:05:00-03:00,0,23,0,0,23.1,0,1.4,0,,0.0,23.0,0.0,0.0,0,,
2025-09-18 02:10:00-03:00,0,23,0,0,20.0,0,1.3,0,,0.0,23.0,0.0,0.0,0,,
2025-09-18 02:15:00-03:00,0,23,0,0,23.1,0,1.3,0,,0.0,23.0,0.0,0.0,0,,
2025-09-18 02:20:00-03:00,0,23,0,0,36.4,0,1.3,0,,0.0,23.0,0.0,0.0,0,,
2025-09-18 02:25:00-03:00,0,23,0,0,44.5,0,1.2,0,,0.0,23.0,0.0,0.0,0,,
2025-09-18 02:30:00-03:00,0,23,0,0,44.5,0,1.2,0,,0.0,23.0,0.0,0.0,0,,
2025-09-18 02:35:00-03:00,0,23,0,0,49.6,0,1.2,0,,0.0,23.0,0.0,0.0,0,,
2025-09-18 02:40:00-03:00,0,23,0,0,52.0,0,1.2,0,,0.0,23.0,0.0,0.0,0,,
2025-09-18 02:45:00-03:00,0,23,0,0,50.8,0,1.1,0,,0.0,23.0,0.0,0.0,0,,
2025-09-18 02:50:00-03:00,0,23,0,0,53.2,0,1.1,0,,0.0,23.0,0.0,0.0,0,,
2025-09-18 02:55:00-03:00,0,23,0,0,62.3,0,1.1,0,,0.0,23.0,0.0,0.0,0,,
2025-09-18 03:00:00-03:00,0,23,0,0,72.1,0,1.1,0,,0.0,23.0,0.0,0.0,0,,
2025-09-18 03:05:00-03:00,0,23,0,0,72.1,0,1.1,0,,0.0,23.0,0.0,0.0,0,,
2025-09-18 03:10:00-03:00,0,23,0,0,71.2,0,1.1,0,,0.0,23.0,0.0,0.0,0,,
2025-09-18 03:15:00-03:00,0,23,0,0,67.4,0,1.1,0,,0.0,23.0,0.0,0.0,0,,
2025-09-18 03:20:00-03:00,0,23,0,0,67.4,0,1.1,0,,0.0,23.0,0.0,0.0,0,,
2025-09-18 03:25:00-03:00,0,23,0,0,67.4,0,1.2,0,,0.0,23.0,0.0,0.0,0,,
2025-09-18 03:30:00-03:00,0,23,0,0,68.3,0,1.2,0,,0.0,23.0,0.0,0.0,0,,
2025-09-18 03:35:00-03:00,0,23,0,0,68.3,0,1.2,0,,0.0,23.0,0.0,0.0,0,,
2025-09-18 03:40:00-03:00,0,23,0,0,71.2,0,1.3,0,,0.0,23.0,0.0,0.0,0,,
2025-09-18 03:45:00-03:00,0,23,0,0,70.2,0,1.3,0,,0.0,23.0,0.0,0.0,0,,
2025-09-18 03:50:00-03:00,0,23,0,0,70.2,0,1.3,0,,0.0,23.0,0.0,0.0,0,,
2025-09-18 03:55:00-03:00,0,23,0,0,68.3,0,1.4,0,,0.0,23.0,0.0,0.0,0,,
2025-09-18 04:00:00-03:00,0,23,0,0,65.4,0,1.4,0,,0.0,23.0,0.0,0.0,0,,
2025-09-18 04:05:00-03:00,0,23,0,0,60.1,0,1.4,0,,0.0,23.0,0.0,0.0,0,,
2025-09-18 04:10:00-03:00,0,23,0,0,54.4,0,1.4,0,,0.0,23.0,0.0,0.0,0,,
2025-09-18 04:15:00-03:00,0,23,0,0,55.6,0,1.4,0,,0.0,23.0,0.0,0.0,0,,
2025-09-18 04:20:00-03:00,0,23,0,0,56.7,0,1.5,0,,0.0,23.0,0.0,0.0,0,,
2025-09-18 04:25:00-03:00,0,23,0,0,49.6,0,1.5,0,,0.0,23.0,0.0,0.0,0,,
2025-09-18 04:30:00-03:00,0,23,0,0,41.9,0,1.5,0,,0.0,23.0,0.0,0.0,0,,
2025-09-18 04:35:00-03:00,0,23,0,0,37.8,0,1.5,0,,0.0,23.0,0.0,0.0,0,,
2025-09-18 04:40:00-03:00,0,23,0,0,37.8,0,1.5,0,,0.0,23.0,0.0,0.0,0,,
2025-09-18 04:45:00-03:00,0,23,0,0,33.6,0,1.5,0,,0.0,23.0,0.0,0.0,0,,
2025-09-18 04:50:00-03:00,0,23,0,0,36.4,0,1.5,0,,0.0,23.0,0.0,0.0,0,,
2025-09-18 04:55:00-03:00,0,23,0,0,33.6,0,1.5,0,,0.0,23.0,0.0,0.0,0,,
2025-09-18 05:00:00-03:00,0,23,0,0,32.1,0,1.5,0,,0.0,23.0,0.0,0.0,0,,
2025-09-18 05:05:00-03:00,0,23,0,0,35.0,0,1.5,0,,0.0,23.0,0.0,0.0,0,,
2025-09-18 05:10:00-03:00,0,23,0,0,39.2,0,1.5,0,,0.0,23.0,0.0,0.0,0,,
2025-09-18 05:15:00-03:00,0,23,0,0,45.8,0,1.5,0,,0.0,23.0,0.0,0.0,0,,
2025-09-18 05:20:00-03:00,0,23,0,0,49.6,0,1.5,0,,0.0,23.0,0.0,0.0,0,,
2025-09-18 05:25:00-03:00,0,23,0,0,48.4,0,1.5,0,,0.0,23.0,0.0,0.0,0,,
2025-09-18 05:30:00-03:00,0,23,0,0,59.0,0,1.5,0,,0.0,23.0,0.0,0.0,0,,
2025-09-18 05:35:00-03:00,0,23,0,0,62.3,0,1.5,0,,0.0,23.0,0.0,0.0,0,,
2025-09-18 05:40:00-03:00,0,23,0,0,50.8,0,1.5,0,,0.0,23.0,0.0,0.0,0,,
2025-09-18 05:45:00-03:00,0,23,0,0,37.8,0,1.5,0,,0.0,23.0,0.0,0.0,0,,
2025-09-18 05:50:00-03:00,0,23,0,0,47.1,0,1.5,0,,0.8660254034330271,23.0,0.0,0.0,0,,
2025-09-18 05:55:00-03:00,0,23,0,0,48.4,0,1.5,0,,3.214550253569615,23.0,0.0,0.0,0,,
2025-09-18 06:00:00-03:00,0,23,0,0,33.6,0,1.5,0,,6.782329983080353,23.0,0.0,0.0,0,,
2025-09-18 06:05:00-03:00,0,23,0,0,27.7,0,1.5,0,,8.27189472996561,23.0,0.0,0.0,0,,
2025-09-18 06:10:00-03:00,0,23,0,0,32.1,0,1.5,0,,11.866364483699119,23.0,0.0,0.0,0,,
2025-09-18 06:15:00-03:00,3,23,5,5,33.6,3,1.5,0,0.6,14.621486887018976,23.09375,0.0,3.0,0,40.0,13.44
2025-09-18 06:20:00-03:00,12,23,15,15,24.7,11,1.5,1,0.7333333333333333,20.092777233849105,23.34375,0.0,11.0,0,26.666666666666668,6.586666666666666
2025-09-18 06:25:00-03:00,22,23,27,26,18.4,22,1.5,1,0.8461538461538461,20.26640749434048,23.6875,0.0,22.0,0,15.384615384615385,2.8307692307692305
2025-09-18 06:30:00-03:00,21,23,40,41,48.4,20,1.5,1,0.4878048780487805,21.364087680582777,23.625,0.0,20.0,0,51.21951219512195,24.790243902439023
2025-09-18 06:35:00-03:00,36,23,54,58,33.6,35,1.5,1,0.603448275862069,24.306595937316917,24.09375,0.0,35.0,0,39.6551724137931,13.324137931034484
2025-09-18 06:40:00-03:00,40,23,70,75,43.2,39,1.5,1,0.52,26.236684934705835,24.21875,0.0,39.0,0,48.0,20.736000000000004
2025-09-18 06:45:00-03:00,62,23,87,93,28.0,61,1.5,1,0.6559139784946236,26.954507128583096,24.90625,0.0,61.0,0,34.40860215053764,9.63440860215054
2025-09-18 06:50:00-03:00,38,23,104,112,63.5,37,1.6,1,0.33035714285714285,30.04075514524144,24.15625,0.0,37.0,0,66.96428571428571,42.52232142857142
2025-09-18 06:55:00-03:00,53,23,123,131,57.0,52,1.6,1,0.3969465648854962,32.88824050683986,24.625,0.0,52.0,0,60.30534351145038,34.37404580152672
2025-09-18 07:00:00-03:00,75,23,142,151,47.5,73,1.6,1,0.48344370860927155,34.58881847701277,25.28125,0.1125,72.917875,0,51.65562913907284,24.5364238410596
2025-09-18 07:05:00-03:00,80,23,161,172,50.1,79,1.6,1,0.45930232558139533,33.4540616730408,25.46875,0.1875,78.851875,0,54.06976744186046,27.088953488372095
2025-09-18 07:10:00-03:00,85,23,181,193,52.8,84,1.6,1,0.43523316062176165,32.952100222751845,25.625,0.25,83.79,0,56.476683937823836,29.819689119170985
2025-09-18 07:15:00-03:00,112,23,201,214,44.5,110,1.6,1,0.514018691588785,32.485311365982405,26.4375,0.5750000000000001,109.36749999999999,0,48.598130841121495,21.626168224299068
2025-09-18 07:20:00-03:00,122,24,222,236,45.0,120,1.6,1,0.5084745762711864,34.66418988820351,27.75,1.1,118.67999999999999,0,49.152542372881356,22.11864406779661
2025-09-18 07:25:00-03:00,123,24,242,257,49.3,121,1.7,1,0.4708171206225681,32.26124422255358,27.78125,1.1125,119.653875,0,52.918287937743195,26.088715953307393
2025-09-18 07:30:00-03:00,120,24,263,279,54.4,118,1.7,1,0.4229390681003584,37.60641466880071,27.6875,1.075,116.7315,0,57.70609318996416,31.392114695340503
2025-09-18 07:35:00-03:00,125,24,283,301,55.8,123,1.7,1,0.40863787375415284,41.201187832236606,27.84375,1.1375,121.600875,0,59.136212624584715,32.99800664451827
2025-09-18 07:40:00-03:00,137,24,304,323,55.0,135,1.7,1,0.4179566563467492,46.357226235418615,28.21875,1.2875,133.261875,0,58.204334365325074,32.01238390092879
2025-09-18 07:45:00-03:00,153,24,325,344,53.0,150,1.7,1,0.436046511627907,49.16915761537326,28.6875,1.475,147.7875,0,56.395348837209305,29.88953488372093
2025-09-18 07:50:00-03:00,161,24,345,366,53.3,159,1.7,1,0.4344262295081967,51.351064430848695,28.96875,1.5875000000000001,156.475875,0,56.557377049180324,30.14508196721311
2025-09-18 07:55:00-03:00,212,24,366,388,42.1,208,1.8,1,0.5360824742268041,55.54332188535323,30.5,2.2,203.424,0,46.391752577319586,19.530927835051546
2025-09-18 08:00:00-03:00,212,24,386,409,45.2,208,1.8,1,0.508557457212714,55.77199253670701,30.5,2.2,203.424,0,49.1442542787286,22.21320293398533
2025-09-18 08:05:00-03:00,239,24,407,431,41.3,235,1.8,1,0.5452436194895591,51.98506487152169,31.34375,2.5375,229.03687499999998,0,45.47563805104408,18.781438515081206
2025-09-18 08:10:00-03:00,247,24,428,453,42.2,243,1.9,1,0.5364238410596026,45.621881379502625,31.59375,2.6375,236.59087499999998,0,46.35761589403973,19.56291390728477
2025-09-18 08:15:00-03:00,245,25,448,474,45.3,241,2.0,1,0.5084388185654009,38.05289380943417,32.53125,3.0125,233.739875,0,49.15611814345991,22.26772151898734
2025-09-18 08:20:00-03:00,274,25,469,496,41.5,269,2.0,1,0.5423387096774194,34.054657493051394,33.40625,3.3625000000000003,259.954875,0,45.766129032258064,18.992943548387096
2025-09-18 08:25:00-03:00,265,25,489,517,45.8,261,2.1,1,0.504835589941973,46.295166316169194,33.15625,3.2625,252.484875,0,49.51644100580271,22.67852998065764
2025-09-18 08:30:00-03:00,255,25,509,538,49.9,251,2.1,1,0.46654275092936803,82.31696868406097,32.84375,3.1375,243.124875,0,53.3457249070632,26.619516728624536
2025-09-18 08:35:00-03:00,249,25,528,558,52.8,245,2.2,1,0.4390681003584229,97.15915559097276,32.65625,3.0625,237.496875,0,56.09318996415771,29.617204301075265
2025-09-18 08:40:00-03:00,249,25,548,579,54.6,245,2.3,1,0.4231433506044905,106.66809894871415,32.65625,3.0625,237.496875,0,57.68566493955095,31.49637305699482
2025-09-18 08:45:00-03:00,296,25,567,599,47.7,292,2.3,1,0.48747913188647746,109.29567902961577,34.125,3.6500000000000004,281.342,0,51.25208681135225,24.447245409015025
2025-09-18 08:50:00-03:00,386,25,586,619,34.1,384,2.4,1,0.6203554119547657,110.40915640553168,37.0,4.800000000000001,365.568,0,37.964458804523424,12.945880452342488
2025-09-18 08:55:00-03:00,489,25,605,638,19.1,503,2.5,1,0.7884012539184952,111.05155095583451,40.71875,6.2875000000000005,471.373875,1,21.15987460815047,4.04153605015674
2025-09-18 09:00:00-03:00,475,25,623,657,23.8,484,2.5,1,0.7366818873668188,114.2869859236584,40.125,6.050000000000001,454.718,0,26.331811263318112,6.266971080669711
2025-09-18 09:05:00-03:00,474,26,641,676,26.0,481,2.6,1,0.7115384615384616,119.30439169949791,41.03125,6.4125000000000005,450.155875,0,28.846153846153843,7.499999999999999
2025-09-18 09:10:00-03:00,452,26,658,695,31.3,454,2.7,1,0.6532374100719425,122.35204423004984,40.1875,6.075,426.4195,0,34.67625899280576,10.853669064748201
2025-09-18 09:15:00-03:00,472,26,675,713,30.2,475,2.8,1,0.6661991584852734,112.82203067690261,40.84375,6.3375,444.896875,0,33.38008415147265,10.08078541374474
2025-09-18 09:20:00-03:00,477,26,692,730,31.1,480,2.8,1,0.6575342465753424,98.38175489880756,41.0,6.4,449.28,0,34.24657534246575,10.65068493150685
2025-09-18 09:25:00-03:00,539,26,709,747,24.0,550,2.9,1,0.7362784471218207,86.48011682496707,43.1875,7.275,509.9875,0,26.37215528781794,6.329317269076305
2025-09-18 09:30:00-03:00,601,26,725,764,17.0,622,3.0,1,0.8141361256544503,89.5945412298158,45.4375,8.175,571.1515,0,18.586387434554975,3.159685863874346
2025-09-18 09:35:00-03:00,652,26,740,781,12.0,679,3.1,1,0.8693982074263764,85.67923796452185,47.21875,8.887500000000001,618.653875,0,13.060179257362355,1.5672215108834826
2025-09-18 09:40:00-03:00,650,26,756,797,14.0,675,3.2,1,0.8469259723964868,81.43611550835568,47.09375,8.8375,615.3468750000001,0,15.30740276035132,2.1430363864491846
2025-09-18 09:45:00-03:00,639,27,770,812,17.0,661,3.3,1,0.8140394088669951,72.43947316709728,47.65625,9.0625,601.0968750000001,0,18.59605911330049,3.1613300492610836
2025-09-18 09:50:00-03:00,581,27,785,827,26.0,591,3.4,1,0.7146311970979444,66.35487696446302,45.46875,8.1875,542.6118749999999,0,28.536880290205563,7.419588875453446
2025-09-18 09:55:00-03:00,639,27,799,842,20.0,658,3.5,1,0.7814726840855107,60.46806069021629,47.5625,9.025,598.6155,0,21.852731591448933,4.370546318289787
2025-09-18 10:00:00-03:00,577,27,812,856,29.0,583,3.6,1,0.6810747663551402,65.28329871344124,45.21875,8.0875,535.849875,0,31.89252336448598,9.248831775700936
2025-09-18 10:05:00-03:00,619,27,825,870,25.0,631,3.6,1,0.725287356321839,90.55518993542955,46.71875,8.6875,576.181875,0,27.47126436781609,6.8678160919540225
2025-09-18 10:10:00-03:00,653,27,838,883,22.0,670,3.6,1,0.7587768969422424,109.49425749436229,47.9375,9.175,608.5275,0,24.122310305775766,5.306908267270669
2025-09-18 10:15:00-03:00,697,27,850,895,18.0,720,3.6,1,0.8044692737430168,127.84851357853834,49.5,9.8,649.44,0,19.553072625698324,3.519553072625698
2025-09-18 10:20:00-03:00,741,28,861,907,14.0,769,3.7,1,0.8478500551267916,138.99866469818355,52.03125,10.8125,685.851875,0,15.214994487320837,2.130099228224917
2025-09-18 10:25:00-03:00,768,28,872,919,12.0,799,3.7,1,0.8694232861806311,139.82031217591015,52.96875,11.1875,709.611875,0,13.057671381936888,1.5669205658324268
2025-09-18 10:30:00-03:00,856,28,883,930,3.0,900,3.7,1,0.967741935483871,142.24498713007648,56.125,12.450000000000001,787.9499999999999,1,3.225806451612903,0.09677419354838708
2025-09-18 10:35:00-03:00,866,28,893,940,3.0,910,3.7,1,0.9680851063829787,128.26216050800434,56.4375,12.575000000000001,795.5675,0,3.1914893617021276,0.09574468085106382
2025-09-18 10:40:00-03:00,903,28,903,950,0.0,950,3.7,1,1.0,112.17042634069726,57.6875,13.075000000000001,825.7875,0,0.0,0.0
2025-09-18 10:45:00-03:00,902,28,912,960,1.0,950,3.7,1,0.9895833333333334,93.70585829491726,57.6875,13.075000000000001,825.7875,0,1.0416666666666665,0.010416666666666664
2025-09-18 10:50:00-03:00,920,29,920,969,0.0,969,3.7,1,1.0,74.4901864596076,59.28125,13.7125,836.1258750000001,0,0.0,0.0
2025-09-18 10:55:00-03:00,928,29,928,977,0.0,977,3.7,1,1.0,55.351493916488856,59.53125,13.8125,842.051875,0,0.0,0.0
2025-09-18 11:00:00-03:00,936,29,936,985,0.0,985,3.7,1,1.0,29.595761367268643,59.78125,13.912500000000001,847.961875,0,0.0,0.0
2025-09-18 11:05:00-03:00,933,29,943,993,1.0,982,3.7,1,0.9889224572004028,22.6493360662436,59.6875,13.875,845.7475,0,1.1077542799597182,0.011077542799597183
2025-09-18 11:10:00-03:00,940,29,949,999,1.0,989,3.6,1,0.98998998998999,24.024450928657274,59.90625,13.9625,850.910875,0,1.001001001001001,0.010010010010010012
2025-09-18 11:15:00-03:00,936,29,955,1006,2.0,984,3.5,1,0.9781312127236581,33.57341570980622,59.75,13.9,847.2239999999999,0,2.1868787276341948,0.04373757455268389
2025-09-18 11:20:00-03:00,932,29,961,1011,3.0,979,3.5,1,0.9683481701285855,33.82441291567571,59.59375,13.8375,843.5308749999999,0,3.165182987141444,0.09495548961424331
2025-09-18 11:25:00-03:00,908,29,966,1017,6.0,951,3.4,1,0.9351032448377581,34.20083288015351,58.71875,13.4875,822.733875,0,6.489675516224189,0.3893805309734513
2025-09-18 11:30:00-03:00,922,29,970,1021,5.0,967,3.3,1,0.9471106758080313,35.12693432610843,59.21875,13.6875,834.641875,0,5.288932419196866,0.2644466209598433
2025-09-18 11:35:00-03:00,867,29,974,1025,11.0,904,3.3,1,0.8819512195121951,36.765431721879615,57.25,12.9,787.384,0,11.804878048780488,1.2985365853658535
2025-09-18 11:40:00-03:00,851,29,978,1029,13.0,884,3.2,1,0.859086491739553,38.64631779079481,56.625,12.65,772.174,0,14.091350826044705,1.8318756073858118
2025-09-18 11:45:00-03:00,902,29,981,1032,8.0,943,3.2,1,0.9137596899224806,39.66908574237111,58.46875,13.387500000000001,816.7558750000001,0,8.624031007751938,0.689922480620155
2025-09-18 11:50:00-03:00,934,29,983,1034,5.0,979,3.1,1,0.9468085106382979,40.76614757219546,59.59375,13.8375,843.5308749999999,0,5.319148936170213,0.26595744680851063
2025-09-18 11:55:00-03:00,945,29,985,1036,4.0,992,3.0,1,0.9575289575289575,55.50996361560052,60.0,14.0,853.12,0,4.247104247104247,0.16988416988416988
2025-09-18 12:00:00-03:00,877,29,986,1037,11.0,914,3.0,1,0.8813886210221794,73.72856647969463,57.5625,13.025,794.9515,0,11.861137897782063,1.304725168756027
2025-09-18 12:05:00-03:00,868,29,986,1038,12.0,903,2.9,1,0.869942196531792,109.41369229034045,57.21875,12.887500000000001,786.625875,0,13.005780346820808,1.560693641618497
2025-09-18 12:10:00-03:00,858,29,986,1038,13.0,892,2.8,1,0.859344894026975,109.37685063369076,56.875,12.75,778.2700000000001,0,14.065510597302506,1.8285163776493258
2025-09-18 12:15:00-03:00,848,29,986,1037,14.0,880,2.7,1,0.8486017357762777,109.34221370069723,56.5,12.600000000000001,769.12,0,15.139826422372227,2.119575699132112
2025-09-18 12:20:00-03:00,768,29,985,1036,22.0,788,2.5,1,0.7606177606177607,113.22102278287034,53.625,11.450000000000001,697.774,0,23.93822393822394,5.2664092664092665
2025-09-18 12:25:00-03:00,728,29,983,1035,26.0,741,2.4,1,0.7159420289855073,113.15191585035272,52.15625,10.8625,660.508875,0,28.405797101449277,7.385507246376813
2025-09-18 12:30:00-03:00,608,29,981,1032,38.0,603,2.3,1,0.5843023255813954,102.44566187185711,47.84375,9.137500000000001,547.900875,1,41.56976744186046,15.796511627906975
2025-09-18 12:35:00-03:00,802,29,979,1030,18.0,828,2.2,1,0.8038834951456311,95.61222186361016,54.875,11.950000000000001,729.054,1,19.611650485436893,3.530097087378641
2025-09-18 12:40:00-03:00,849,29,975,1026,13.0,882,2.1,1,0.8596491228070176,88.76676111466006,56.5625,12.625,770.6475,0,14.035087719298245,1.8245614035087718
2025-09-18 12:45:00-03:00,709,29,972,1022,27.0,720,1.9,1,0.7045009784735812,81.15207385463626,51.5,10.600000000000001,643.6800000000001,1,29.549902152641877,7.978473581213307
2025-09-18 12:50:00-03:00,677,29,967,1018,30.0,684,1.8,1,0.6719056974459725,82.1329299478439,50.375,10.15,614.574,0,32.80943025540275,9.842829076620825
2025-09-18 12:55:00-03:00,703,29,963,1013,27.0,714,1.7,1,0.7048371174728529,108.91458287867435,51.3125,10.525,638.8515,0,29.516288252714705,7.96939782823297
2025-09-18 13:00:00-03:00,747,29,957,1007,22.0,765,1.6,1,0.759682224428997,132.30483053092752,52.90625,11.162500000000001,679.6068750000001,0,24.0317775571003,5.286991062562065
2025-09-18 13:05:00-03:00,790,29,951,1001,17.0,816,1.6,1,0.8151848151848152,165.83203897773922,54.5,11.8,719.712,0,18.48151848151848,3.141858141858142
2025-09-18 13:10:00-03:00,727,29,945,994,23.0,744,1.6,1,0.7484909456740443,191.37562224034195,52.25,10.9,662.904,0,25.15090543259557,5.7847082494969815
2025-09-18 13:15:00-03:00,619,29,937,986,34.0,619,1.6,1,0.6277890466531441,194.34131175471867,48.34375,9.3375,561.200875,1,37.2210953346856,12.655172413793105
2025-09-18 13:20:00-03:00,493,28,930,978,47.0,485,1.6,1,0.49591002044989774,203.4056999886633,43.15625,7.2625,449.776875,1,50.40899795501023,23.69222903885481
2025-09-18 13:25:00-03:00,461,28,921,969,50.0,453,1.6,1,0.4674922600619195,204.9577931421401,42.15625,6.862500000000001,421.912875,0,53.25077399380805,26.625386996904027
2025-09-18 13:30:00-03:00,347,28,913,960,62.0,341,1.6,1,0.35520833333333335,200.33855814292767,38.65625,5.4625,322.37287499999996,1,64.47916666666667,39.97708333333333
2025-09-18 13:35:00-03:00,289,28,903,950,68.0,284,1.7,1,0.29894736842105263,180.39172442887613,36.875,4.75,270.51,0,70.10526315789474,47.671578947368424
2025-09-18 13:40:00-03:00,304,28,893,940,66.0,299,1.7,1,0.3180851063829787,141.1891864259998,37.34375,4.9375,284.236875,0,68.19148936170212,45.0063829787234
2025-09-18 13:45:00-03:00,309,28,883,929,65.0,304,1.8,1,0.32723358449946177,106.10240193779342,37.5,5.0,288.8,0,67.27664155005382,43.72981700753498
2025-09-18 13:50:00-03:00,358,28,872,918,59.0,352,1.9,1,0.38344226579520696,115.0895566965371,39.0,5.6000000000000005,332.288,0,61.6557734204793,36.37690631808279
2025-09-18 13:55:00-03:00,344,28,861,906,60.0,339,2.0,1,0.3741721854304636,135.42581554176027,38.59375,5.4375,320.56687500000004,0,62.58278145695364,37.549668874172184
2025-09-18 14:00:00-03:00,408,28,849,894,52.0,401,2.1,1,0.44854586129753915,155.39770580576896,40.53125,6.2125,376.087875,0,55.14541387024609,28.675615212527966
2025-09-18 14:05:00-03:00,502,28,837,881,40.0,494,2.2,1,0.5607264472190693,153.4100022419599,43.4375,7.375,457.5675,0,43.927355278093074,17.57094211123723
2025-09-18 14:10:00-03:00,528,28,825,868,36.0,524,2.3,1,0.6036866359447005,143.81835660641184,44.375,7.75,483.39,0,39.63133640552996,14.267281105990785
2025-09-18 14:15:00-03:00,649,28,812,854,20.0,666,2.4,1,0.7798594847775175,133.8095378672304,48.8125,9.525,602.5635,1,22.01405152224824,4.402810304449648
2025-09-18 14:20:00-03:00,647,28,798,840,19.0,665,2.6,1,0.7916666666666666,141.60829456959235,48.78125,9.512500000000001,601.7418749999999,0,20.833333333333336,3.958333333333334
2025-09-18 14:25:00-03:00,667,28,784,825,15.0,690,2.7,1,0.8363636363636363,153.0320574456867,49.5625,9.825000000000001,622.2075,0,16.363636363636363,2.4545454545454546
2025-09-18 14:30:00-03:00,531,28,770,810,31.0,533,2.8,1,0.6580246913580247,159.74240627846982,44.65625,7.862500000000001,491.09287500000005,1,34.19753086419753,10.601234567901235
2025-09-18 14:35:00-03:00,536,28,755,795,29.0,540,3.0,1,0.6792452830188679,178.130187324785,44.875,7.95,497.07,0,32.075471698113205,9.30188679245283
2025-09-18 14:40:00-03:00,422,28,740,779,43.0,415,3.1,1,0.5327342747111682,182.48129833608596,40.96875,6.3875,388.491875,1,46.72657252888318,20.09242618741977
2025-09-18 14:45:00-03:00,254,28,724,762,65.0,249,3.2,1,0.32677165354330706,197.05842465439557,35.78125,4.3125,238.261875,1,67.32283464566929,43.75984251968504
2025-09-18 14:50:00-03:00,255,28,708,746,64.0,251,3.4,1,0.33646112600536193,188.00537951684282,35.84375,4.3375,240.11287499999997,0,66.3538873994638,42.46648793565683
2025-09-18 14:55:00-03:00,277,28,692,728,60.0,272,3.5,1,0.37362637362637363,179.92597383536776,36.5,4.6000000000000005,259.488,0,62.637362637362635,37.58241758241758
2025-09-18 15:00:00-03:00,200,28,675,711,70.4,197,3.7,1,0.2770745428973277,142.13957608952012,34.15625,3.6625,189.784875,0,72.29254571026723,50.89395218002814
2025-09-18 15:05:00-03:00,317,28,659,693,51.8,312,3.7,1,0.45021645021645024,128.80649687171461,37.75,5.1000000000000005,296.08799999999997,1,54.97835497835498,28.478787878787877
2025-09-18 15:10:00-03:00,166,28,642,676,74.2,163,3.6,1,0.2411242603550296,96.77152097971111,33.09375,3.2375000000000003,157.722875,1,75.88757396449705,56.30857988165681
2025-09-18 15:15:00-03:00,208,28,625,658,66.8,204,3.5,1,0.3100303951367781,85.15493900158133,34.375,3.75,196.35,0,68.9969604863222,46.08996960486323
2025-09-18 15:20:00-03:00,95,28,608,640,84.4,93,3.4,1,0.1453125,82.32028175290819,30.90625,2.3625000000000003,90.802875,1,85.46875,72.135625
2025-09-18 15:25:00-03:00,191,28,590,622,67.7,188,3.4,1,0.3022508038585209,78.5584129321847,33.875,3.5500000000000003,181.326,0,69.77491961414792,47.23762057877814
2025-09-18 15:30:00-03:00,91,28,572,603,84.1,89,3.3,1,0.14759535655058043,70.95389027709437,30.78125,2.3125,86.94187500000001,0,85.24046434494196,71.68723051409619
2025-09-18 15:35:00-03:00,101,28,554,584,81.8,99,3.2,1,0.1695205479452055,70.63027936824098,31.09375,2.4375,96.58687499999999,0,83.04794520547945,67.9332191780822
2025-09-18 15:40:00-03:00,37,28,536,565,93.1,37,3.1,1,0.06548672566371681,48.955375474795346,29.15625,1.6625,36.384875,0,93.45132743362832,87.00318584070796
2025-09-18 15:45:00-03:00,168,28,517,545,67.4,166,3.1,1,0.30458715596330277,48.02926822324084,33.1875,3.2750000000000004,160.56349999999998,1,69.54128440366972,46.87082568807339
2025-09-18 15:50:00-03:00,161,28,498,525,67.7,158,3.0,1,0.30095238095238097,41.938175998247864,32.9375,3.1750000000000003,152.98350000000002,0,69.9047619047619,47.32552380952381
2025-09-18 15:55:00-03:00,162,28,479,505,66.1,160,2.9,1,0.31683168316831684,41.52135266669588,33.0,3.2,154.88,0,68.31683168316832,45.15742574257425
2025-09-18 16:00:00-03:00,115,28,459,485,75.0,113,2.9,1,0.2329896907216495,36.9848453812936,31.53125,2.6125000000000003,110.047875,0,76.70103092783506,57.5257731958763
2025-09-18 16:05:00-03:00,108,28,439,464,75.3,107,2.8,1,0.23060344827586207,36.9848453812936,31.34375,2.5375,104.284875,0,76.9396551724138,57.93556034482758
2025-09-18 16:10:00-03:00,142,28,418,442,66.1,139,2.8,1,0.31447963800904977,37.664789441012026,32.34375,2.9375,134.916875,0,68.55203619909503,45.312895927601815
2025-09-18 16:15:00-03:00,118,28,397,420,70.4,116,2.8,1,0.2761904761904762,28.134282979796822,31.625,2.6500000000000004,112.926,0,72.38095238095238,50.95619047619048
2025-09-18 16:20:00-03:00,152,28,376,398,59.7,149,2.8,1,0.3743718592964824,29.08243247713792,32.65625,3.0625,144.436875,0,62.562814070351756,37.35
2025-09-18 16:25:00-03:00,137,28,355,375,61.4,135,2.8,1,0.36,27.407558125882925,32.21875,2.8875,131.101875,0,64.0,39.296
2025-09-18 16:30:00-03:00,90,28,334,353,73.0,89,2.8,1,0.2521246458923513,26.749539786457806,30.78125,2.3125,86.94187500000001,0,74.78753541076487,54.59490084985836
2025-09-18 16:35:00-03:00,91,28,312,330,70.9,89,2.8,1,0.2696969696969697,30.73678577859779,30.78125,2.3125,86.94187500000001,0,73.03030303030303,51.77848484848485
2025-09-18 16:40:00-03:00,99,28,291,308,65.9,98,2.8,1,0.3181818181818182,33.64914785718301,31.0625,2.4250000000000003,95.6235,0,68.18181818181817,44.93181818181818
2025-09-18 16:45:00-03:00,74,28,270,285,72.4,73,2.8,1,0.256140350877193,33.10177144393766,30.28125,2.1125000000000003,71.457875,0,74.3859649122807,53.85543859649123
2025-09-18 16:50:00-03:00,91,28,248,263,63.4,89,2.8,1,0.33840304182509506,33.97994060671353,30.78125,2.3125,86.94187500000001,0,66.15969581749049,41.94524714828897
2025-09-18 16:55:00-03:00,63,28,227,240,72.1,62,2.8,1,0.25833333333333336,28.013389655652475,29.9375,1.975,60.775499999999994,0,74.16666666666667,53.47416666666667
2025-09-18 17:00:00-03:00,52,28,207,218,74.7,51,2.8,1,0.23394495412844038,21.485019446243918,29.59375,1.8375000000000001,50.062875,0,76.60550458715596,57.22431192660551
2025-09-18 17:05:00-03:00,52,28,186,197,72.0,51,2.8,1,0.25888324873096447,22.980063823513483,29.59375,1.8375000000000001,50.062875,0,74.11167512690355,53.36040609137055
2025-09-18 17:10:00-03:00,49,28,166,176,70.7,48,2.7,1,0.2727272727272727,25.773341877113506,29.5,1.8,47.135999999999996,0,72.72727272727273,51.41818181818183
2025-09-18 17:15:00-03:00,45,28,147,156,69.5,44,2.6,1,0.28205128205128205,23.231378988264822,29.375,1.75,43.230000000000004,0,71.7948717948718,49.8974358974359
2025-09-18 17:20:00-03:00,44,27,128,136,65.4,44,2.5,1,0.3235294117647059,22.960275312453593,28.375,1.35,43.406,0,67.64705882352942,44.24117647058824
2025-09-18 17:25:00-03:00,40,27,110,116,63.3,40,2.5,1,0.3448275862068966,17.578180345014356,28.25,1.3,39.48,0,65.51724137931035,41.47241379310345
2025-09-18 17:30:00-03:00,24,27,93,98,73.8,24,2.4,1,0.24489795918367346,16.869148817222744,27.75,1.1,23.736,0,75.51020408163265,55.72653061224489
2025-09-18 17:35:00-03:00,5,27,76,80,93.7,5,2.3,0,0.0625,17.31700862961656,27.15625,0.8625,4.956875,0,93.75,87.84375
2025-09-18 17:40:00-03:00,17,27,60,64,71.2,17,2.2,1,0.265625,17.119012999002994,27.53125,1.0125,16.827875,0,73.4375,52.2875
2025-09-18 17:45:00-03:00,16,27,46,48,65.4,16,2.1,1,0.3333333333333333,16.380883167056705,27.5,1.0,15.84,0,66.66666666666666,43.6
2025-09-18 17:50:00-03:00,25,26,33,33,23.1,25,2.0,1,0.7575757575757576,15.198684153551888,26.78125,0.7125,24.821875,0,24.242424242424242,5.6
2025-09-18 17:55:00-03:00,11,26,21,20,49.6,10,1.9,0,0.5,12.819256348664045,26.3125,0.525,9.9475,0,50.0,24.8
2025-09-18 18:00:00-03:00,4,26,11,10,61.2,4,1.8,0,0.4,9.634219315420044,26.125,0.45,3.982,0,60.0,36.72
2025-09-18 18:05:00-03:00,1,26,2,2,57.9,1,1.8,0,0.5,8.554637232592011,26.03125,0.41250000000000003,0.995875,0,50.0,28.95
2025-09-18 18:10:00-03:00,0,26,0,0,65.4,0,1.8,0,,8.753787059222956,26.0,0.4,0.0,0,,
2025-09-18 18:15:00-03:00,0,26,0,0,64.3,0,1.7,0,,8.183501510302829,26.0,0.4,0.0,0,,
2025-09-18 18:20:00-03:00,0,26,0,0,68.3,0,1.7,0,,7.4386378681022896,26.0,0.4,0.0,0,,
2025-09-18 18:25:00-03:00,0,26,0,0,62.3,0,1.7,0,,2.988614759591925,26.0,0.4,0.0,0,,
2025-09-18 18:30:00-03:00,0,25,0,0,63.3,0,1.7,0,,1.1645001526377377,25.0,0.0,0.0,0,,
2025-09-18 18:35:00-03:00,0,25,0,0,48.4,0,1.6,0,,0.28867513361236674,25.0,0.0,0.0,0,,
2025-09-18 18:40:00-03:00,0,25,0,0,39.2,0,1.6,0,,0.0,25.0,0.0,0.0,0,,
2025-09-18 18:45:00-03:00,0,25,0,0,36.4,0,1.6,0,,0.0,25.0,0.0,0.0,0,,
2025-09-18 18:50:00-03:00,0,25,0,0,48.4,0,1.6,0,,0.0,25.0,0.0,0.0,0,,
2025-09-18 18:55:00-03:00,0,25,0,0,61.2,0,1.5,0,,0.0,25.0,0.0,0.0,0,,
2025-09-18 19:00:00-03:00,0,25,0,0,67.4,0,1.5,0,,0.0,25.0,0.0,0.0,0,,
2025-09-18 19:05:00-03:00,0,25,0,0,75.5,0,1.4,0,,0.0,25.0,0.0,0.0,0,,
2025-09-18 19:10:00-03:00,0,25,0,0,74.7,0,1.3,0,,0.0,25.0,0.0,0.0,0,,
2025-09-18 19:15:00-03:00,0,25,0,0,79.5,0,1.2,0,,0.0,25.0,0.0,0.0,0,,
2025-09-18 19:20:00-03:00,0,25,0,0,79.5,0,1.1,0,,0.0,25.0,0.0,0.0,0,,
2025-09-18 19:25:00-03:00,0,25,0,0,79.5,0,0.9,0,,0.0,25.0,0.0,0.0,0,,
2025-09-18 19:30:00-03:00,0,24,0,0,78.8,0,0.8,0,,0.0,24.0,0.0,0.0,0,,
2025-09-18 19:35:00-03:00,0,24,0,0,78.8,0,0.7,0,,0.0,24.0,0.0,0.0,0,,
2025-09-18 19:40:00-03:00,0,24,0,0,74.7,0,0.6,0,,0.0,24.0,0.0,0.0,0,,
2025-09-18 19:45:00-03:00,0,24,0,0,71.2,0,0.5,0,,0.0,24.0,0.0,0.0,0,,
2025-09-18 19:50:00-03:00,0,24,0,0,59.0,0,0.4,0,,0.0,24.0,0.0,0.0,0,,
2025-09-18 19:55:00-03:00,0,24,0,0,59.0,0,0.3,0,,0.0,24.0,0.0,0.0,0,,
2025-09-18 20:00:00-03:00,0,24,0,0,45.8,0,0.2,0,,0.0,24.0,0.0,0.0,0,,
2025-09-18 20:05:00-03:00,0,24,0,0,55.6,0,0.2,0,,0.0,24.0,0.0,0.0,0,,
2025-09-18 20:10:00-03:00,0,24,0,0,52.0,0,0.2,0,,0.0,24.0,0.0,0.0,0,,
2025-09-18 20:15:00-03:00,0,24,0,0,55.6,0,0.2,0,,0.0,24.0,0.0,0.0,0,,
2025-09-18 20:20:00-03:00,0,24,0,0,47.1,0,0.3,0,,0.0,24.0,0.0,0.0,0,,
2025-09-18 20:25:00-03:00,0,24,0,0,55.6,0,0.4,0,,0.0,24.0,0.0,0.0,0,,
2025-09-18 20:30:00-03:00,0,24,0,0,60.1,0,0.5,0,,0.0,24.0,0.0,0.0,0,,
2025-09-18 20:35:00-03:00,0,24,0,0,60.1,0,0.5,0,,0.0,24.0,0.0,0.0,0,,
2025-09-18 20:40:00-03:00,0,24,0,0,55.6,0,0.6,0,,0.0,24.0,0.0,0.0,0,,
2025-09-18 20:45:00-03:00,0,24,0,0,53.2,0,0.7,0,,0.0,24.0,0.0,0.0,0,,
2025-09-18 20:50:00-03:00,0,24,0,0,54.4,0,0.8,0,,0.0,24.0,0.0,0.0,0,,
2025-09-18 20:55:00-03:00,0,24,0,0,55.6,0,0.9,0,,0.0,24.0,0.0,0.0,0,,
2025-09-18 21:00:00-03:00,0,24,0,0,59.0,0,1.0,0,,0.0,24.0,0.0,0.0,0,,
2025-09-18 21:05:00-03:00,0,24,0,0,70.2,0,1.0,0,,0.0,24.0,0.0,0.0,0,,
2025-09-18 21:10:00-03:00,0,24,0,0,73.0,0,1.0,0,,0.0,24.0,0.0,0.0,0,,
2025-09-18 21:15:00-03:00,0,24,0,0,77.2,0,0.9,0,,0.0,24.0,0.0,0.0,0,,
2025-09-18 21:20:00-03:00,0,24,0,0,79.5,0,0.9,0,,0.0,24.0,0.0,0.0,0,,
2025-09-18 21:25:00-03:00,0,24,0,0,76.4,0,0.9,0,,0.0,24.0,0.0,0.0,0,,
2025-09-18 21:30:00-03:00,0,24,0,0,79.5,0,0.8,0,,0.0,24.0,0.0,0.0,0,,
2025-09-18 21:35:00-03:00,0,23,0,0,72.1,0,0.8,0,,0.0,23.0,0.0,0.0,0,,
2025-09-18 21:40:00-03:00,0,23,0,0,73.8,0,0.8,0,,0.0,23.0,0.0,0.0,0,,
2025-09-18 21:45:00-03:00,0,23,0,0,77.2,0,0.7,0,,0.0,23.0,0.0,0.0,0,,
2025-09-18 21:50:00-03:00,0,23,0,0,80.3,0,0.7,0,,0.0,23.0,0.0,0.0,0,,
2025-09-18 21:55:00-03:00,0,23,0,0,86.3,0,0.7,0,,0.0,23.0,0.0,0.0,0,,
2025-09-18 22:00:00-03:00,0,23,0,0,76.4,0,0.7,0,,0.0,23.0,0.0,0.0,0,,
2025-09-18 22:05:00-03:00,0,23,0,0,52.0,0,0.6,0,,0.0,23.0,0.0,0.0,0,,
2025-09-18 22:10:00-03:00,0,23,0,0,32.1,0,0.6,0,,0.0,23.0,0.0,0.0,0,,
2025-09-18 22:15:00-03:00,0,23,0,0,43.2,0,0.6,0,,0.0,23.0,0.0,0.0,0,,
2025-09-18 22:20:00-03:00,0,23,0,0,47.1,0,0.6,0,,0.0,23.0,0.0,0.0,0,,
2025-09-18 22:25:00-03:00,0,23,0,0,39.2,0,0.6,0,,0.0,23.0,0.0,0.0,0,,
2025-09-18 22:30:00-03:00,0,23,0,0,50.8,0,0.7,0,,0.0,23.0,0.0,0.0,0,,
2025-09-18 22:35:00-03:00,0,23,0,0,47.1,0,0.8,0,,0.0,23.0,0.0,0.0,0,,
2025-09-18 22:40:00-03:00,0,23,0,0,59.0,0,0.9,0,,0.0,23.0,0.0,0.0,0,,
2025-09-18 22:45:00-03:00,0,23,0,0,79.5,0,1.0,0,,0.0,23.0,0.0,0.0,0,,
2025-09-18 22:50:00-03:00,0,23,0,0,85.7,0,1.1,0,,0.0,23.0,0.0,0.0,0,,
2025-09-18 22:55:00-03:00,0,23,0,0,86.3,0,1.2,0,,0.0,23.0,0.0,0.0,0,,
2025-09-18 23:00:00-03:00,0,23,0,0,86.3,0,1.3,0,,0.0,23.0,0.0,0.0,0,,
2025-09-18 23:05:00-03:00,0,23,0,0,84.4,0,1.4,0,,0.0,23.0,0.0,0.0,0,,
2025-09-18 23:10:00-03:00,0,23,0,0,85.1,0,1.5,0,,0.0,23.0,0.0,0.0,0,,
2025-09-18 23:15:00-03:00,0,23,0,0,83.1,0,1.6,0,,0.0,23.0,0.0,0.0,0,,
2025-09-18 23:20:00-03:00,0,23,0,0,86.3,0,1.6,0,,0.0,23.0,0.0,0.0,0,,
2025-09-18 23:25:00-03:00,0,23,0,0,85.7,0,1.7,0,,0.0,23.0,0.0,0.0,0,,
2025-09-18 23:30:00-03:00,0,23,0,0,86.3,0,1.8,0,,0.0,23.0,0.0,0.0,0,,
2025-09-18 23:35:00-03:00,0,23,0,0,83.1,0,1.8,0,,0.0,23.0,0.0,0.0,0,,
2025-09-18 23:40:00-03:00,0,23,0,0,82.4,0,1.9,0,,0.0,23.0,0.0,0.0,0,,
2025-09-18 23:45:00-03:00,0,23,0,0,81.0,0,2.0,0,,0.0,23.0,0.0,0.0,0,,
2025-09-18 23:50:00-03:00,0,23,0,0,78.0,0,2.0,0,,0.0,23.0,0.0,0.0,0,,
2025-09-18 23:55:00-03:00,0,22,0,0,77.2,0,2.1,0,,0.0,22.0,0.0,0.0,0,,
2025-09-19 00:00:00-03:00,0,22,0,0,79.5,0,2.2,0,,0.0,22.0,0.0,0.0,0,,
2025-09-19 00:05:00-03:00,0,22,0,0,81.7,0,2.2,0,,0.0,22.0,0.0,0.0,0,,
2025-09-19 00:10:00-03:00,0,22,0,0,81.7,0,2.2,0,,0.0,22.0,0.0,0.0,0,,
2025-09-19 00:15:00-03:00,0,22,0,0,81.0,0,2.2,0,,0.0,22.0,0.0,0.0,0,,
2025-09-19 00:20:00-03:00,0,22,0,0,78.0,0,2.3,0,,0.0,22.0,0.0,0.0,0,,
2025-09-19 00:25:00-03:00,0,22,0,0,83.1,0,2.3,0,,0.0,22.0,0.0,0.0,0,,
2025-09-19 00:30:00-03:00,0,22,0,0,83.8,0,2.3,0,,0.0,22.0,0.0,0.0,0,,
2025-09-19 00:35:00-03:00,0,22,0,0,83.8,0,2.3,0,,0.0,22.0,0.0,0.0,0,,
2025-09-19 00:40:00-03:00,0,22,0,0,85.1,0,2.3,0,,0.0,22.0,0.0,0.0,0,,
2025-09-19 00:45:00-03:00,0,22,0,0,83.8,0,2.4,0,,0.0,22.0,0.0,0.0,0,,
2025-09-19 00:50:00-03:00,0,22,0,0,87.4,0,2.4,0,,0.0,22.0,0.0,0.0,0,,
2025-09-19 00:55:00-03:00,0,22,0,0,85.1,0,2.4,0,,0.0,22.0,0.0,0.0,0,,
2025-09-19 01:00:00-03:00,0,22,0,0,83.1,0,2.4,0,,0.0,22.0,0.0,0.0,0,,
2025-09-19 01:05:00-03:00,0,22,0,0,85.1,0,2.4,0,,0.0,22.0,0.0,0.0,0,,
2025-09-19 01:10:00-03:00,0,22,0,0,85.7,0,2.4,0,,0.0,22.0,0.0,0.0,0,,
2025-09-19 01:15:00-03:00,0,22,0,0,82.4,0,2.5,0,,0.0,22.0,0.0,0.0,0,,
2025-09-19 01:20:00-03:00,0,22,0,0,83.1,0,2.5,0,,0.0,22.0,0.0,0.0,0,,
2025-09-19 01:25:00-03:00,0,22,0,0,86.9,0,2.5,0,,0.0,22.0,0.0,0.0,0,,
2025-09-19 01:30:00-03:00,0,22,0,0,87.4,0,2.5,0,,0.0,22.0,0.0,0.0,0,,
2025-09-19 01:35:00-03:00,0,22,0,0,88.0,0,2.5,0,,0.0,22.0,0.0,0.0,0,,
2025-09-19 01:40:00-03:00,0,22,0,0,89.6,0,2.6,0,,0.0,22.0,0.0,0.0,0,,
2025-09-19 01:45:00-03:00,0,22,0,0,88.5,0,2.6,0,,0.0,22.0,0.0,0.0,0,,
2025-09-19 01:50:00-03:00,0,22,0,0,88.5,0,2.6,0,,0.0,22.0,0.0,0.0,0,,
2025-09-19 01:55:00-03:00,0,22,0,0,90.1,0,2.6,0,,0.0,22.0,0.0,0.0,0,,
2025-09-19 02:00:00-03:00,0,22,0,0,90.1,0,2.6,0,,0.0,22.0,0.0,0.0,0,,
2025-09-19 02:05:00-03:00,0,22,0,0,90.5,0,2.6,0,,0.0,22.0,0.0,0.0,0,,
2025-09-19 02:10:00-03:00,0,22,0,0,90.5,0,2.6,0,,0.0,22.0,0.0,0.0,0,,
2025-09-19 02:15:00-03:00,0,22,0,0,91.0,0,2.6,0,,0.0,22.0,0.0,0.0,0,,
2025-09-19 02:20:00-03:00,0,22,0,0,91.0,0,2.6,0,,0.0,22.0,0.0,0.0,0,,
2025-09-19 02:25:00-03:00,0,22,0,0,90.5,0,2.6,0,,0.0,22.0,0.0,0.0,0,,
2025-09-19 02:30:00-03:00,0,22,0,0,90.5,0,2.6,0,,0.0,22.0,0.0,0.0,0,,
2025-09-19 02:35:00-03:00,0,22,0,0,90.1,0,2.6,0,,0.0,22.0,0.0,0.0,0,,
2025-09-19 02:40:00-03:00,0,22,0,0,89.6,0,2.6,0,,0.0,22.0,0.0,0.0,0,,
2025-09-19 02:45:00-03:00,0,22,0,0,89.6,0,2.6,0,,0.0,22.0,0.0,0.0,0,,
2025-09-19 02:50:00-03:00,0,22,0,0,89.1,0,2.5,0,,0.0,22.0,0.0,0.0,0,,
2025-09-19 02:55:00-03:00,0,22,0,0,90.1,0,2.5,0,,0.0,22.0,0.0,0.0,0,,
2025-09-19 03:00:00-03:00,0,22,0,0,90.5,0,2.5,0,,0.0,22.0,0.0,0.0,0,,
2025-09-19 03:05:00-03:00,0,22,0,0,90.1,0,2.5,0,,0.0,22.0,0.0,0.0,0,,
2025-09-19 03:10:00-03:00,0,22,0,0,90.1,0,2.5,0,,0.0,22.0,0.0,0.0,0,,
2025-09-19 03:15:00-03:00,0,22,0,0,90.5,0,2.4,0,,0.0,22.0,0.0,0.0,0,,
2025-09-19 03:20:00-03:00,0,21,0,0,91.0,0,2.4,0,,0.0,21.0,0.0,0.0,0,,
2025-09-19 03:25:00-03:00,0,21,0,0,90.5,0,2.3,0,,0.0,21.0,0.0,0.0,0,,
2025-09-19 03:30:00-03:00,0,21,0,0,89.6,0,2.3,0,,0.0,21.0,0.0,0.0,0,,
2025-09-19 03:35:00-03:00,0,21,0,0,89.1,0,2.3,0,,0.0,21.0,0.0,0.0,0,,
2025-09-19 03:40:00-03:00,0,21,0,0,88.5,0,2.2,0,,0.0,21.0,0.0,0.0,0,,
2025-09-19 03:45:00-03:00,0,21,0,0,88.5,0,2.2,0,,0.0,21.0,0.0,0.0,0,,
2025-09-19 03:50:00-03:00,0,21,0,0,86.9,0,2.1,0,,0.0,21.0,0.0,0.0,0,,
2025-09-19 03:55:00-03:00,0,21,0,0,86.9,0,2.1,0,,0.0,21.0,0.0,0.0,0,,
2025-09-19 04:00:00-03:00,0,21,0,0,86.3,0,2.1,0,,0.0,21.0,0.0,0.0,0,,
2025-09-19 04:05:00-03:00,0,21,0,0,87.4,0,2.1,0,,0.0,21.0,0.0,0.0,0,,
2025-09-19 04:10:00-03:00,0,21,0,0,82.4,0,2.1,0,,0.0,21.0,0.0,0.0,0,,
2025-09-19 04:15:00-03:00,0,21,0,0,85.1,0,2.1,0,,0.0,21.0,0.0,0.0,0,,
2025-09-19 04:20:00-03:00,0,21,0,0,86.9,0,2.1,0,,0.0,21.0,0.0,0.0,0,,
2025-09-19 04:25:00-03:00,0,21,0,0,83.1,0,2.1,0,,0.0,21.0,0.0,0.0,0,,
2025-09-19 04:30:00-03:00,0,21,0,0,81.7,0,2.1,0,,0.0,21.0,0.0,0.0,0,,
2025-09-19 04:35:00-03:00,0,21,0,0,85.1,0,2.1,0,,0.0,21.0,0.0,0.0,0,,
2025-09-19 04:40:00-03:00,0,21,0,0,88.5,0,2.1,0,,0.0,21.0,0.0,0.0,0,,
2025-09-19 04:45:00-03:00,0,21,0,0,89.1,0,2.2,0,,0.0,21.0,0.0,0.0,0,,
2025-09-19 04:50:00-03:00,0,21,0,0,86.3,0,2.2,0,,0.0,21.0,0.0,0.0,0,,
2025-09-19 04:55:00-03:00,0,21,0,0,85.7,0,2.2,0,,0.0,21.0,0.0,0.0,0,,
2025-09-19 05:00:00-03:00,0,21,0,0,83.1,0,2.2,0,,0.0,21.0,0.0,0.0,0,,
2025-09-19 05:05:00-03:00,0,21,0,0,80.3,0,2.2,0,,0.0,21.0,0.0,0.0,0,,
2025-09-19 05:10:00-03:00,0,21,0,0,72.1,0,2.2,0,,0.0,21.0,0.0,0.0,0,,
2025-09-19 05:15:00-03:00,0,21,0,0,67.4,0,2.2,0,,0.0,21.0,0.0,0.0,0,,
2025-09-19 05:20:00-03:00,0,21,0,0,67.4,0,2.2,0,,0.0,21.0,0.0,0.0,0,,
2025-09-19 05:25:00-03:00,0,21,0,0,70.2,0,2.2,0,,0.0,21.0,0.0,0.0,0,,
2025-09-19 05:30:00-03:00,0,21,0,0,75.5,0,2.2,0,,0.0,21.0,0.0,0.0,0,,
2025-09-19 05:35:00-03:00,0,21,0,0,85.1,0,2.2,0,,0.0,21.0,0.0,0.0,0,,
2025-09-19 05:40:00-03:00,0,21,0,0,91.0,0,2.3,0,,0.0,21.0,0.0,0.0,0,,
2025-09-19 05:45:00-03:00,0,21,0,0,93.0,0,2.3,0,,0.0,21.0,0.0,0.0,0,,
2025-09-19 05:50:00-03:00,0,21,0,0,94.1,0,2.3,0,,0.28867513361236674,21.0,0.0,0.0,0,,
2025-09-19 05:55:00-03:00,0,21,0,0,93.4,0,2.3,0,,0.8876253642790493,21.0,0.0,0.0,0,,
2025-09-19 06:00:00-03:00,0,21,0,0,92.7,0,2.3,0,,2.6443192397773756,21.0,0.0,0.0,0,,
2025-09-19 06:05:00-03:00,0,21,0,0,93.0,0,2.4,0,,7.629190353764777,21.0,0.0,0.0,0,,
2025-09-19 06:10:00-03:00,0,21,0,0,92.7,0,2.5,0,,12.264756109424834,21.0,0.0,0.0,0,,
2025-09-19 06:15:00-03:00,1,21,6,6,89.1,1,2.5,0,0.16666666666666666,15.066519173300469,21.03125,0.0,1.0,0,83.33333333333334,74.25
2025-09-19 06:20:00-03:00,3,22,16,15,83.8,3,2.6,0,0.2,19.982378600779338,22.09375,0.0,3.0,0,80.0,67.04
2025-09-19 06:25:00-03:00,9,22,27,26,64.3,9,2.7,0,0.34615384615384615,27.13267067911388,22.28125,0.0,9.0,0,65.38461538461539,42.042307692307695
2025-09-19 06:30:00-03:00,27,22,38,39,30.7,26,2.8,1,0.6666666666666666,36.39388893089851,22.8125,0.0,26.0,0,33.33333333333333,10.23333333333333
2025-09-19 06:35:00-03:00,37,22,52,54,27.7,37,2.9,1,0.6851851851851852,37.08058382724201,23.15625,0.0,37.0,0,31.48148148148148,8.72037037037037
2025-09-19 06:40:00-03:00,38,22,66,69,41.9,38,2.9,1,0.5507246376811594,37.52413364836061,23.1875,0.0,38.0,0,44.927536231884055,18.824637681159416
2025-09-19 06:45:00-03:00,58,22,82,85,29.0,57,3.0,1,0.6705882352941176,39.23462833525356,23.78125,0.0,57.0,0,32.94117647058823,9.552941176470588
2025-09-19 06:50:00-03:00,82,22,98,103,16.7,81,3.1,1,0.7864077669902912,39.09506672744864,24.53125,0.0,81.0,0,21.35922330097087,3.5669902912621354
2025-09-19 06:55:00-03:00,107,22,115,121,6.9,110,3.2,1,0.9090909090909091,35.82491091996824,25.4375,0.17500000000000002,109.80749999999999,0,9.090909090909092,0.6272727272727273
2025-09-19 07:00:00-03:00,76,22,133,140,43.2,74,3.3,1,0.5285714285714286,31.233601758159338,24.3125,0.0,74.0,0,47.14285714285714,20.365714285714283
2025-09-19 07:05:00-03:00,86,22,152,159,43.4,84,3.4,1,0.5283018867924528,28.398009960143035,24.625,0.0,84.0,0,47.16981132075472,20.471698113207548
2025-09-19 07:10:00-03:00,110,22,171,179,35.4,109,3.6,1,0.6089385474860335,25.216637124688134,25.40625,0.1625,108.822875,0,39.10614525139665,13.843575418994412
2025-09-19 07:15:00-03:00,114,23,191,200,40.4,112,3.7,1,0.56,18.781034921608644,26.5,0.6000000000000001,111.328,0,44.0,17.776
2025-09-19 07:20:00-03:00,103,23,211,221,51.1,101,3.9,1,0.45701357466063347,14.534181237408385,26.15625,0.4625,100.532875,0,54.29864253393665,27.74660633484163
2025-09-19 07:25:00-03:00,104,23,231,243,55.0,102,4.1,1,0.41975308641975306,12.98571476192963,26.1875,0.47500000000000003,101.5155,0,58.0246913580247,31.913580246913583
2025-09-19 07:30:00-03:00,118,23,251,264,53.1,116,4.2,1,0.4393939393939394,13.613718571086387,26.625,0.65,115.24600000000001,0,56.060606060606055,29.768181818181816
2025-09-19 07:35:00-03:00,118,23,272,286,56.8,116,4.4,1,0.40559440559440557,9.621235981805576,26.625,0.65,115.24600000000001,0,59.44055944055944,33.76223776223776
2025-09-19 07:40:00-03:00,104,23,293,308,64.4,102,4.5,1,0.33116883116883117,6.367531275530781,26.1875,0.47500000000000003,101.5155,0,66.88311688311688,43.07272727272728
2025-09-19 07:45:00-03:00,117,23,313,329,62.6,115,4.7,1,0.3495440729483283,7.866307130934839,26.59375,0.6375000000000001,114.266875,0,65.04559270516718,40.71854103343466
2025-09-19 07:50:00-03:00,108,24,334,351,67.8,106,4.9,1,0.301994301994302,8.454423263989154,27.3125,0.925,105.01950000000001,0,69.8005698005698,47.32478632478633
2025-09-19 07:55:00-03:00,121,24,355,373,66.0,119,5.0,1,0.3190348525469169,11.904608224091398,27.71875,1.0875000000000001,117.705875,0,68.09651474530831,44.943699731903486
2025-09-19 08:00:00-03:00,107,24,375,395,71.4,105,5.2,1,0.26582278481012656,12.499696966000068,27.28125,0.9125000000000001,104.04187499999999,0,73.41772151898735,52.42025316455697
2025-09-19 08:05:00-03:00,107,24,396,416,73.0,105,5.3,1,0.25240384615384615,12.719586423594352,27.28125,0.9125000000000001,104.04187499999999,0,74.75961538461539,54.574519230769226
2025-09-19 08:10:00-03:00,95,24,417,438,77.2,93,5.3,1,0.21232876712328766,13.839721051642819,26.90625,0.7625000000000001,92.290875,0,78.76712328767124,60.8082191780822
2025-09-19 08:15:00-03:00,121,24,438,460,72.4,119,5.3,1,0.25869565217391305,16.27858790687417,27.71875,1.0875000000000001,117.705875,0,74.1304347826087,53.67043478260871
2025-09-19 08:20:00-03:00,141,24,459,482,69.2,139,5.3,1,0.2883817427385892,19.576578461054655,28.34375,1.3375000000000001,137.140875,0,71.16182572614107,49.24398340248963
2025-09-19 08:25:00-03:00,131,25,479,504,72.7,129,5.3,1,0.25595238095238093,20.07769001561286,29.03125,1.6125,126.919875,0,74.40476190476191,54.092261904761905
2025-09-19 08:30:00-03:00,124,25,499,525,75.2,122,5.3,1,0.23238095238095238,20.255190131720088,28.8125,1.5250000000000001,120.1395,0,76.76190476190476,57.72495238095238
2025-09-19 08:35:00-03:00,135,25,519,546,74.0,133,5.3,1,0.24358974358974358,18.951892845403215,29.15625,1.6625,130.788875,0,75.64102564102564,55.974358974358964
2025-09-19 08:40:00-03:00,153,25,539,567,71.7,150,5.4,1,0.26455026455026454,17.3955758917451,29.6875,1.875,147.1875,0,73.54497354497354,52.731746031746034
2025-09-19 08:45:00-03:00,161,25,559,587,71.3,158,5.4,1,0.26916524701873934,15.173741273721085,29.9375,1.975,154.87949999999998,0,73.08347529812606,52.10851788756388
2025-09-19 08:50:00-03:00,152,25,578,607,73.7,149,5.4,1,0.24546952224052718,17.068489485971984,29.65625,1.8625,146.224875,0,75.45304777594728,55.608896210873155
2025-09-19 08:55:00-03:00,142,25,597,627,76.1,140,5.4,1,0.22328548644338117,17.1243225922028,29.375,1.75,137.55,0,77.67145135566189,59.107974481658694
2025-09-19 09:00:00-03:00,126,26,615,647,79.5,124,5.4,1,0.19165378670788252,17.52314486786003,29.875,1.9500000000000002,121.58200000000001,0,80.83462132921174,64.26352395672333
2025-09-19 09:05:00-03:00,126,26,634,666,80.1,124,5.4,1,0.18618618618618618,17.707000841115974,29.875,1.9500000000000002,121.58200000000001,0,81.38138138138137,65.18648648648647
2025-09-19 09:10:00-03:00,106,26,651,684,83.7,105,5.3,1,0.15350877192982457,18.132508893897768,29.28125,1.7125000000000001,103.201875,0,84.64912280701753,70.85131578947367
2025-09-19 09:15:00-03:00,105,26,669,703,84.4,103,5.2,1,0.1465149359886202,17.95364401264368,29.21875,1.6875,101.261875,0,85.34850640113798,72.03413940256046
2025-09-19 09:20:00-03:00,123,26,686,721,82.1,121,5.1,1,0.1678224687933426,16.98930144637403,29.78125,1.9125,118.68587500000001,0,83.21775312066573,68.32177531206656
2025-09-19 09:25:00-03:00,119,26,702,738,83.0,117,5.0,1,0.15853658536585366,17.41907696818765,29.65625,1.8625,114.820875,0,84.14634146341463,69.84146341463415
2025-09-19 09:30:00-03:00,144,26,719,755,80.0,141,5.0,1,0.18675496688741722,17.469237030381304,30.40625,2.1625,137.950875,0,81.32450331125828,65.05960264900664
2025-09-19 09:35:00-03:00,147,27,735,772,80.0,144,4.9,1,0.18652849740932642,17.36157373119284,31.5,2.6,140.256,0,81.34715025906736,65.07772020725389
2025-09-19 09:40:00-03:00,150,27,750,788,80.0,148,4.8,1,0.18781725888324874,17.23346814317498,31.625,2.6500000000000004,144.078,0,81.21827411167513,64.9746192893401
2025-09-19 09:45:00-03:00,153,27,765,804,80.0,150,4.7,1,0.1865671641791045,15.258380707584406,31.6875,2.6750000000000003,145.98749999999998,0,81.34328358208955,65.07462686567165
2025-09-19 09:50:00-03:00,156,27,780,819,80.0,153,4.7,1,0.18681318681318682,11.031634951192476,31.78125,2.7125000000000004,148.849875,0,81.31868131868131,65.05494505494505
2025-09-19 09:55:00-03:00,143,27,794,834,82.0,141,4.6,1,0.16906474820143885,12.2795716043875,31.40625,2.5625,137.386875,0,83.09352517985612,68.13669064748201
2025-09-19 10:00:00-03:00,137,27,808,849,83.0,135,4.6,1,0.15901060070671377,13.058145025789521,31.21875,2.4875000000000003,131.641875,0,84.09893992932862,69.80212014134275
2025-09-19 10:05:00-03:00,140,27,821,863,83.0,137,4.5,1,0.15874855156431056,25.276051667105495,31.28125,2.5125,133.557875,0,84.12514484356895,69.82387022016222
2025-09-19 10:10:00-03:00,150,27,833,876,82.0,148,4.5,1,0.1689497716894977,32.16187748928474,31.625,2.6500000000000004,144.078,0,83.10502283105022,68.14611872146118
2025-09-19 10:15:00-03:00,144,28,845,888,83.0,141,4.5,1,0.15878378378378377,37.07843856016595,32.40625,2.9625000000000004,136.822875,0,84.12162162162163,69.82094594594595
2025-09-19 10:20:00-03:00,171,28,857,900,80.0,169,4.5,1,0.18777777777777777,43.03583777891082,33.28125,3.3125,163.40187500000002,0,81.22222222222221,64.97777777777777
2025-09-19 10:25:00-03:00,182,28,868,912,79.0,179,4.5,1,0.1962719298245614,49.62648364318462,33.59375,3.4375,172.84687499999998,0,80.37280701754386,63.49451754385966
2025-09-19 10:30:00-03:00,229,28,879,923,74.0,225,4.5,1,0.2437703141928494,54.06638736242355,35.03125,4.0125,215.971875,0,75.62296858071505,55.96099674972914
2025-09-19 10:35:00-03:00,231,28,889,934,74.0,227,4.5,1,0.2430406852248394,74.02579403030789,35.09375,4.0375000000000005,217.83487499999998,0,75.69593147751607,56.014989293361886
2025-09-19 10:40:00-03:00,234,28,899,944,74.0,230,4.5,1,0.24364406779661016,98.36188594196426,35.1875,4.075,220.6275,0,75.63559322033898,55.970338983050844
2025-09-19 10:45:00-03:00,254,28,908,954,72.0,250,4.6,1,0.2620545073375262,168.37377252032644,35.8125,4.325,239.1875,0,73.79454926624737,53.13207547169811
2025-09-19 10:50:00-03:00,275,28,917,963,70.0,270,4.6,1,0.2803738317757009,178.93546746006191,36.4375,4.575,257.64750000000004,0,71.96261682242991,50.373831775700936
2025-09-19 10:55:00-03:00,287,28,925,971,69.0,282,4.6,1,0.29042224510813597,224.29828286674208,36.8125,4.7250000000000005,268.6755,0,70.9577754891864,48.960865087538615
2025-09-19 11:00:00-03:00,401,28,932,979,57.0,394,4.6,1,0.4024514811031665,243.32063582479222,40.3125,6.125,369.8675,1,59.754851889683344,34.06026557711951
2025-09-19 11:05:00-03:00,479,28,940,987,49.0,471,4.6,1,0.47720364741641336,258.318807020715,42.71875,7.0875,437.61787499999997,0,52.27963525835866,25.617021276595743
2025-09-19 11:10:00-03:00,728,28,946,993,23.0,744,4.5,1,0.7492447129909365,258.6229705751023,51.25,10.5,665.88,1,25.075528700906347,5.76737160120846
2025-09-19 11:15:00-03:00,590,28,952,1000,38.0,584,4.5,1,0.584,254.18383945959962,46.25,8.5,534.36,1,41.6,15.808
2025-09-19 11:20:00-03:00,823,28,957,1005,14.0,853,4.4,1,0.8487562189054726,240.93132115843878,54.65625,11.8625,751.812875,1,15.124378109452735,2.117412935323383
2025-09-19 11:25:00-03:00,789,28,962,1011,18.0,813,4.4,1,0.8041543026706232,214.87690274511257,53.40625,11.3625,720.622875,0,19.584569732937684,3.5252225519287834
2025-09-19 11:30:00-03:00,822,28,967,1015,15.0,850,4.4,1,0.8374384236453202,179.17054259373253,54.5625,11.825000000000001,749.4875000000001,0,16.25615763546798,2.4384236453201966
2025-09-19 11:35:00-03:00,796,29,971,1019,18.0,820,4.3,1,0.8047105004906772,150.49514237604825,54.625,11.850000000000001,722.8299999999999,0,19.528949950932287,3.5152109911678115
2025-09-19 11:40:00-03:00,847,29,974,1023,13.0,879,4.3,1,0.8592375366568915,117.30648151768825,56.46875,12.5875,768.3558750000001,0,14.076246334310852,1.8299120234604107
2025-09-19 11:45:00-03:00,860,29,977,1025,12.0,893,4.3,1,0.871219512195122,117.89553028255641,56.90625,12.762500000000001,779.030875,0,12.878048780487806,1.5453658536585368
2025-09-19 11:50:00-03:00,842,29,979,1028,14.0,872,4.2,1,0.8482490272373541,79.92662354631423,56.25,12.5,763.0,0,15.17509727626459,2.124513618677043
2025-09-19 11:55:00-03:00,912,29,981,1030,7.0,952,4.2,1,0.9242718446601942,82.45917263418437,58.75,13.5,823.48,0,7.572815533980583,0.5300970873786408
2025-09-19 12:00:00-03:00,962,29,982,1031,2.0,1009,4.1,1,0.9786614936954413,76.45096467670669,60.53125,14.2125,865.595875,0,2.133850630455868,0.04267701260911736
2025-09-19 12:05:00-03:00,973,29,982,1031,1.0,1020,4.1,1,0.9893307468477207,70.83827077265263,60.875,14.350000000000001,873.63,0,1.066925315227934,0.01066925315227934
2025-09-19 12:10:00-03:00,953,29,982,1031,3.0,998,4.1,1,0.967992240543162,56.59337952499075,60.1875,14.075000000000001,857.5314999999999,0,3.200775945683802,0.09602327837051407
2025-09-19 12:15:00-03:00,972,29,982,1031,1.0,1020,4.0,1,0.9893307468477207,49.06736247858744,60.875,14.350000000000001,873.63,0,1.066925315227934,0.01066925315227934
2025-09-19 12:20:00-03:00,971,29,981,1029,1.0,1018,4.0,1,0.989310009718173,41.169549647534915,60.8125,14.325000000000001,872.1715,0,1.0689990281827018,0.010689990281827018
2025-09-19 12:25:00-03:00,959,29,979,1028,2.0,1006,3.9,1,0.9785992217898832,21.180858997637586,60.4375,14.175,863.3995,0,2.140077821011673,0.042801556420233464
2025-09-19 12:30:00-03:00,938,29,977,1025,4.0,981,3.9,1,0.9570731707317073,31.011239409220487,59.65625,13.8625,845.008875,0,4.2926829268292686,0.17170731707317075
2025-09-19 12:35:00-03:00,935,29,974,1022,4.0,979,3.8,1,0.9579256360078278,55.958520893650274,59.59375,13.8375,843.5308749999999,0,4.207436399217221,0.16829745596868884
2025-09-19 12:40:00-03:00,941,29,971,1019,3.0,986,3.8,1,0.9676153091265947,89.98901448105643,59.8125,13.925,848.6995000000001,0,3.23846908734053,0.09715407262021591
2025-09-19 12:45:00-03:00,938,29,967,1015,3.0,982,3.7,1,0.967487684729064,129.52874958747987,59.6875,13.875,845.7475,0,3.251231527093596,0.09753694581280788
2025-09-19 12:50:00-03:00,933,29,962,1010,3.0,978,3.7,1,0.9683168316831683,162.86999835339688,59.5625,13.825000000000001,842.7915,0,3.1683168316831685,0.09504950495049506
2025-09-19 12:55:00-03:00,871,29,957,1005,9.0,907,3.6,1,0.9024875621890547,177.84320213450312,57.34375,12.9375,789.656875,0,9.751243781094528,0.8776119402985075
2025-09-19 13:00:00-03:00,800,29,952,999,16.0,826,3.6,1,0.8268268268268268,184.34626509518625,54.8125,11.925,727.4995,0,17.31731731731732,2.770770770770771
2025-09-19 13:05:00-03:00,709,29,946,993,25.0,722,3.5,1,0.7270896273917422,184.73147998370217,51.5625,10.625,645.2875,1,27.291037260825778,6.8227593152064445
2025-09-19 13:10:00-03:00,620,29,939,986,34.0,619,3.4,1,0.6277890466531441,177.539986959829,48.34375,9.3375,561.200875,1,37.2210953346856,12.655172413793105
2025-09-19 13:15:00-03:00,559,29,932,979,40.0,550,3.4,1,0.5617977528089888,160.69555253976355,46.1875,8.475,503.3875,0,43.82022471910113,17.52808988764045
2025-09-19 13:20:00-03:00,582,29,925,971,37.0,577,3.3,1,0.5942327497425335,138.94938581433584,47.03125,8.8125,526.151875,0,40.576725025746654,15.01338825952626
2025-09-19 13:25:00-03:00,587,29,916,962,36.0,583,3.2,1,0.606029106029106,111.954908401333,47.21875,8.887500000000001,531.185875,0,39.397089397089395,14.182952182952183
2025-09-19 13:30:00-03:00,599,29,908,953,34.0,598,3.2,1,0.6274921301154249,90.40460399914257,47.6875,9.075000000000001,543.7315,0,37.2507869884575,12.66526757607555
2025-09-19 13:35:00-03:00,620,28,899,943,31.0,623,3.1,1,0.6606574761399788,79.29901218383932,47.46875,8.9875,567.007875,0,33.93425238600212,10.519618239660659
2025-09-19 13:40:00-03:00,693,28,889,933,22.0,709,3.0,1,0.759914255091104,77.19220403405859,50.15625,10.0625,637.656875,0,24.008574490889604,5.281886387995713
2025-09-19 13:45:00-03:00,721,28,879,922,18.0,741,2.9,1,0.8036876355748374,76.36212570655435,51.15625,10.4625,663.472875,0,19.63123644251627,3.5336225596529283
2025-09-19 13:50:00-03:00,747,28,868,911,14.0,772,2.9,1,0.8474204171240395,69.22405432340018,52.125,10.850000000000001,688.2379999999999,0,15.257958287596049,2.1361141602634466
2025-09-19 13:55:00-03:00,720,28,857,900,16.0,743,2.8,1,0.8255555555555556,63.1899493350727,51.21875,10.4875,665.077875,0,17.444444444444446,2.7911111111111113
2025-09-19 14:00:00-03:00,710,28,845,887,16.0,733,2.7,1,0.826381059751973,56.30974941151161,50.90625,10.3625,657.042875,0,17.36189402480271,2.7779030439684336
2025-09-19 14:05:00-03:00,642,28,833,875,23.0,654,2.6,1,0.7474285714285714,69.60989785071686,48.4375,9.375,592.6875,0,25.257142857142856,5.809142857142857
2025-09-19 14:10:00-03:00,632,28,821,862,23.0,644,2.5,1,0.7470997679814385,109.11045279481834,48.125,9.25,584.43,0,25.290023201856147,5.816705336426914
2025-09-19 14:15:00-03:00,614,28,808,848,24.0,625,2.4,1,0.7370283018867925,155.92733350292607,47.53125,9.012500000000001,568.671875,0,26.297169811320753,6.311320754716981
2025-09-19 14:20:00-03:00,659,28,794,834,17.0,679,2.3,1,0.8141486810551559,183.30821453265798,49.21875,9.6875,613.221875,0,18.585131894484412,3.15947242206235
2025-09-19 14:25:00-03:00,648,28,781,819,17.0,667,2.2,1,0.8144078144078144,194.5687344468322,48.84375,9.5375,603.384875,0,18.55921855921856,3.1550671550671554
2025-09-19 14:30:00-03:00,521,28,766,804,32.0,521,2.1,1,0.6480099502487562,198.34426376806687,44.28125,7.7125,480.817875,1,35.199004975124375,11.2636815920398
2025-09-19 14:35:00-03:00,391,28,752,789,48.0,384,2.0,1,0.4866920152091255,192.54956071965697,40.0,6.0,360.96,1,51.33079847908745,24.638783269961976
2025-09-19 14:40:00-03:00,265,28,736,773,64.0,261,1.9,1,0.33764553686934023,192.96459087960386,36.15625,4.4625,249.35287499999998,1,66.23544631306598,42.39068564036223
2025-09-19 14:45:00-03:00,252,28,721,757,65.0,248,1.8,1,0.3276089828269485,193.63085779624248,35.75,4.3,237.33599999999998,0,67.23910171730515,43.705416116248344
2025-09-19 14:50:00-03:00,254,28,705,740,64.0,250,1.8,1,0.33783783783783783,190.04901680324053,35.8125,4.325,239.1875,0,66.21621621621621,42.37837837837837
2025-09-19 14:55:00-03:00,255,28,689,723,63.0,251,1.7,1,0.34716459197787,171.3435986194945,35.84375,4.3375,240.11287499999997,0,65.283540802213,41.12863070539419
2025-09-19 15:00:00-03:00,273,28,672,706,59.4,268,1.7,1,0.37960339943342775,133.88877677181986,36.375,4.55,255.806,0,62.03966005665722,36.85155807365439
2025-09-19 15:05:00-03:00,217,27,655,688,66.8,214,1.6,1,0.311046511627907,107.70874728834205,33.6875,3.475,206.56349999999998,0,68.8953488372093,46.02209302325581
2025-09-19 15:10:00-03:00,146,27,638,670,77.1,144,1.7,1,0.21492537313432836,94.47602710195535,31.5,2.6,140.256,0,78.50746268656717,60.52925373134328
2025-09-19 15:15:00-03:00,116,27,620,651,81.3,114,1.7,1,0.17511520737327188,92.5495772136424,30.5625,2.225,111.4635,0,82.48847926267281,67.06313364055299
2025-09-19 15:20:00-03:00,55,27,602,632,90.8,55,1.7,1,0.08702531645569621,89.58705770975308,28.71875,1.4875,54.181875000000005,0,91.29746835443038,82.89810126582279
2025-09-19 15:25:00-03:00,48,27,584,613,91.8,47,1.7,1,0.0766721044045677,83.36170729072174,28.46875,1.3875000000000002,46.347875,0,92.33278955954323,84.76150081566067
2025-09-19 15:30:00-03:00,45,27,565,594,92.0,45,1.7,1,0.07575757575757576,72.99730173510386,28.40625,1.3625,44.386875,0,92.42424242424242,85.03030303030302
2025-09-19 15:35:00-03:00,61,27,547,574,88.8,60,1.8,1,0.10452961672473868,50.80167916575545,28.875,1.55,59.07,0,89.54703832752612,79.5177700348432
2025-09-19 15:40:00-03:00,72,27,527,554,86.4,70,1.8,1,0.1263537906137184,29.606894160278518,29.1875,1.675,68.8275,0,87.36462093862815,75.48303249097472
2025-09-19 15:45:00-03:00,64,26,508,534,87.4,63,1.8,1,0.11797752808988764,18.50040949587081,27.96875,1.1875,62.251875000000005,0,88.20224719101124,77.08876404494383
2025-09-19 15:50:00-03:00,61,26,488,513,87.6,60,1.8,1,0.11695906432748537,11.06591819300605,27.875,1.1500000000000001,59.31,0,88.30409356725146,77.35438596491227
2025-09-19 15:55:00-03:00,57,26,469,492,87.8,56,1.9,1,0.11382113821138211,13.593670541381902,27.75,1.1,55.384,0,88.6178861788618,77.80650406504066
2025-09-19 16:00:00-03:00,58,26,449,471,87.1,57,1.9,1,0.12101910828025478,12.802698579160765,27.78125,1.1125,56.365874999999996,0,87.89808917197452,76.5592356687898
2025-09-19 16:05:00-03:00,54,26,428,450,87.3,54,1.9,1,0.12,11.453463152320866,27.6875,1.075,53.4195,0,88.0,76.824
2025-09-19 16:10:00-03:00,82,26,408,429,80.0,80,1.8,1,0.1864801864801865,12.188854819790736,28.5,1.4000000000000001,78.88,0,81.35198135198135,65.08158508158508
2025-09-19 16:15:00-03:00,80,26,388,408,79.4,79,1.7,1,0.19362745098039216,15.526126563324118,28.46875,1.3875000000000002,77.903875,0,80.63725490196079,64.02598039215687
2025-09-19 16:20:00-03:00,91,26,368,386,75.3,89,1.7,1,0.23056994818652848,16.06497224812683,28.78125,1.5125000000000002,87.653875,0,76.94300518134715,57.938082901554395
2025-09-19 16:25:00-03:00,75,26,347,365,78.5,73,1.6,1,0.2,38.367738183701675,28.28125,1.3125,72.04187499999999,0,80.0,62.8
2025-09-19 16:30:00-03:00,57,26,326,343,82.4,57,1.6,1,0.1661807580174927,42.08937100403014,27.78125,1.1125,56.365874999999996,0,83.38192419825073,68.70670553935861
2025-09-19 16:35:00-03:00,52,26,306,321,83.0,51,1.5,1,0.1588785046728972,42.68799774544234,27.59375,1.0375,50.470875,0,84.11214953271028,69.81308411214953
2025-09-19 16:40:00-03:00,100,26,285,300,64.9,99,1.5,1,0.33,42.3015867601202,29.09375,1.6375000000000002,97.378875,0,67.0,43.483000000000004
2025-09-19 16:45:00-03:00,86,26,265,278,67.7,84,1.4,1,0.302158273381295,44.13065999410028,28.625,1.4500000000000002,82.78200000000001,0,69.7841726618705,47.243884892086335
2025-09-19 16:50:00-03:00,191,26,244,257,21.9,192,1.3,1,0.7470817120622568,43.21475617789462,32.0,2.8000000000000003,186.624,1,25.291828793774318,5.538910505836575
2025-09-19 16:55:00-03:00,151,26,224,235,32.5,149,1.3,1,0.6340425531914894,46.42189595699593,30.65625,2.2625,145.628875,0,36.59574468085106,11.893617021276595
2025-09-19 17:00:00-03:00,136,26,204,214,33.2,134,1.2,1,0.6261682242990654,50.073279634282656,30.1875,2.075,131.21949999999998,0,37.38317757009346,12.411214953271028
2025-09-19 17:05:00-03:00,140,26,184,193,23.9,139,1.2,1,0.7202072538860104,53.477480392129955,30.34375,2.1375,136.028875,0,27.979274611398964,6.6870466321243525
2025-09-19 17:10:00-03:00,149,26,164,173,9.3,154,1.2,1,0.8901734104046243,55.74203299507454,30.8125,2.325,150.4195,0,10.982658959537572,1.0213872832369943
2025-09-19 17:15:00-03:00,118,26,145,153,18.8,119,1.1,1,0.7777777777777778,56.81302400831551,29.71875,1.8875000000000002,116.75387500000001,0,22.22222222222222,4.177777777777778
2025-09-19 17:20:00-03:00,51,26,127,133,60.1,50,1.1,1,0.37593984962406013,58.53896656126025,27.5625,1.0250000000000001,49.487500000000004,0,62.40601503759399,37.50601503759399
2025-09-19 17:25:00-03:00,37,26,109,114,66.3,36,1.1,1,0.3157894736842105,53.23895532066827,27.125,0.8500000000000001,35.694,0,68.42105263157895,45.363157894736844
2025-09-19 17:30:00-03:00,26,26,92,96,71.1,26,1.1,1,0.2708333333333333,51.84672924431288,26.8125,0.7250000000000001,25.811500000000002,0,72.91666666666666,51.84374999999999
2025-09-19 17:35:00-03:00,29,26,75,79,61.1,29,1.1,1,0.3670886075949367,50.50135011696346,26.90625,0.7625000000000001,28.778875,0,63.29113924050633,38.67088607594937
2025-09-19 17:40:00-03:00,60,26,60,63,0.0,63,1.2,1,1.0,46.085148465537976,27.96875,1.1875,62.251875000000005,0,0.0,0.0
2025-09-19 17:45:00-03:00,46,25,46,48,0.0,48,1.2,1,1.0,33.33428028957605,26.5,0.6000000000000001,47.712,0,0.0,0.0
2025-09-19 17:50:00-03:00,23,25,33,32,30.7,22,1.2,1,0.6875,21.475144194663756,25.6875,0.275,21.9395,0,31.25,9.59375
2025-09-19 17:55:00-03:00,13,25,21,20,39.2,13,1.3,1,0.65,20.921208609847433,25.40625,0.1625,12.978875,0,35.0,13.72
2025-09-19 18:00:00-03:00,6,25,11,10,44.5,6,1.3,0,0.6,21.051164223180187,25.1875,0.07500000000000001,5.9955,0,40.0,17.8
2025-09-19 18:05:00-03:00,1,25,2,2,41.9,1,1.4,0,0.5,21.412966901271275,25.03125,0.0125,0.999875,0,50.0,20.95
2025-09-19 18:10:00-03:00,0,25,0,0,32.1,0,1.4,0,,21.34617274615944,25.0,0.0,0.0,0,,
2025-09-19 18:15:00-03:00,0,25,0,0,35.0,0,1.4,0,,14.519579257608468,25.0,0.0,0.0,0,,
2025-09-19 18:20:00-03:00,0,25,0,0,35.0,0,1.5,0,,7.025926014656783,25.0,0.0,0.0,0,,
2025-09-19 18:25:00-03:00,0,25,0,0,48.4,0,1.5,0,,3.9619401430063723,25.0,0.0,0.0,0,,
2025-09-19 18:30:00-03:00,0,25,0,0,35.0,0,1.6,0,,1.7298624922867543,25.0,0.0,0.0,0,,
2025-09-19 18:35:00-03:00,0,25,0,0,16.8,0,1.6,0,,0.2886751342425044,25.0,0.0,0.0,0,,
2025-09-19 18:40:00-03:00,0,25,0,0,16.8,0,1.7,0,,0.0,25.0,0.0,0.0,0,,
2025-09-19 18:45:00-03:00,0,25,0,0,18.4,0,1.7,0,,0.0,25.0,0.0,0.0,0,,
2025-09-19 18:50:00-03:00,0,25,0,0,20.0,0,1.8,0,,0.0,25.0,0.0,0.0,0,,
2025-09-19 18:55:00-03:00,0,24,0,0,20.0,0,1.8,0,,0.0,24.0,0.0,0.0,0,,
2025-09-19 19:00:00-03:00,0,24,0,0,16.8,0,1.9,0,,0.0,24.0,0.0,0.0,0,,
2025-09-19 19:05:00-03:00,0,24,0,0,20.0,0,1.9,0,,0.0,24.0,0.0,0.0,0,,
2025-09-19 19:10:00-03:00,0,24,0,0,43.2,0,1.9,0,,0.0,24.0,0.0,0.0,0,,
2025-09-19 19:15:00-03:00,0,24,0,0,52.0,0,1.9,0,,0.0,24.0,0.0,0.0,0,,
2025-09-19 19:20:00-03:00,0,24,0,0,61.2,0,1.9,0,,0.0,24.0,0.0,0.0,0,,
2025-09-19 19:25:00-03:00,0,24,0,0,68.3,0,1.9,0,,0.0,24.0,0.0,0.0,0,,
2025-09-19 19:30:00-03:00,0,24,0,0,73.8,0,1.9,0,,0.0,24.0,0.0,0.0,0,,
2025-09-19 19:35:00-03:00,0,23,0,0,81.7,0,1.9,0,,0.0,23.0,0.0,0.0,0,,
2025-09-19 19:40:00-03:00,0,23,0,0,90.1,0,1.9,0,,0.0,23.0,0.0,0.0,0,,
2025-09-19 19:45:00-03:00,0,23,0,0,89.6,0,1.9,0,,0.0,23.0,0.0,0.0,0,,
2025-09-19 19:50:00-03:00,0,23,0,0,88.0,0,1.9,0,,0.0,23.0,0.0,0.0,0,,
2025-09-19 19:55:00-03:00,0,23,0,0,87.4,0,1.9,0,,0.0,23.0,0.0,0.0,0,,
2025-09-19 20:00:00-03:00,0,23,0,0,90.1,0,1.9,0,,0.0,23.0,0.0,0.0,0,,
2025-09-19 20:05:00-03:00,0,23,0,0,89.6,0,1.9,0,,0.0,23.0,0.0,0.0,0,,
2025-09-19 20:10:00-03:00,0,23,0,0,90.5,0,1.9,0,,0.0,23.0,0.0,0.0,0,,
2025-09-19 20:15:00-03:00,0,22,0,0,91.0,0,1.9,0,,0.0,22.0,0.0,0.0,0,,
2025-09-19 20:20:00-03:00,0,22,0,0,93.0,0,1.9,0,,0.0,22.0,0.0,0.0,0,,
2025-09-19 20:25:00-03:00,0,22,0,0,92.7,0,1.8,0,,0.0,22.0,0.0,0.0,0,,
2025-09-19 20:30:00-03:00,0,22,0,0,93.0,0,1.8,0,,0.0,22.0,0.0,0.0,0,,
2025-09-19 20:35:00-03:00,0,22,0,0,92.7,0,1.8,0,,0.0,22.0,0.0,0.0,0,,
2025-09-19 20:40:00-03:00,0,22,0,0,93.0,0,1.8,0,,0.0,22.0,0.0,0.0,0,,
2025-09-19 20:45:00-03:00,0,22,0,0,92.7,0,1.8,0,,0.0,22.0,0.0,0.0,0,,
2025-09-19 20:50:00-03:00,0,22,0,0,90.5,0,1.8,0,,0.0,22.0,0.0,0.0,0,,
2025-09-19 20:55:00-03:00,0,22,0,0,89.1,0,1.8,0,,0.0,22.0,0.0,0.0,0,,
2025-09-19 21:00:00-03:00,0,22,0,0,89.1,0,1.7,0,,0.0,22.0,0.0,0.0,0,,
2025-09-19 21:05:00-03:00,0,22,0,0,91.9,0,1.7,0,,0.0,22.0,0.0,0.0,0,,
2025-09-19 21:10:00-03:00,0,22,0,0,92.3,0,1.7,0,,0.0,22.0,0.0,0.0,0,,
2025-09-19 21:15:00-03:00,0,22,0,0,92.3,0,1.7,0,,0.0,22.0,0.0,0.0,0,,
2025-09-19 21:20:00-03:00,0,22,0,0,91.9,0,1.7,0,,0.0,22.0,0.0,0.0,0,,
2025-09-19 21:25:00-03:00,0,22,0,0,91.9,0,1.7,0,,0.0,22.0,0.0,0.0,0,,
2025-09-19 21:30:00-03:00,0,22,0,0,89.1,0,1.7,0,,0.0,22.0,0.0,0.0,0,,
2025-09-19 21:35:00-03:00,0,22,0,0,89.1,0,1.7,0,,0.0,22.0,0.0,0.0,0,,
2025-09-19 21:40:00-03:00,0,22,0,0,89.6,0,1.6,0,,0.0,22.0,0.0,0.0,0,,
2025-09-19 21:45:00-03:00,0,22,0,0,90.1,0,1.6,0,,0.0,22.0,0.0,0.0,0,,
2025-09-19 21:50:00-03:00,0,22,0,0,91.4,0,1.6,0,,0.0,22.0,0.0,0.0,0,,
2025-09-19 21:55:00-03:00,0,22,0,0,91.4,0,1.6,0,,0.0,22.0,0.0,0.0,0,,
2025-09-19 22:00:00-03:00,0,22,0,0,91.4,0,1.6,0,,0.0,22.0,0.0,0.0,0,,
2025-09-19 22:05:00-03:00,0,22,0,0,91.4,0,1.6,0,,0.0,22.0,0.0,0.0,0,,
2025-09-19 22:10:00-03:00,0,22,0,0,91.9,0,1.6,0,,0.0,22.0,0.0,0.0,0,,
2025-09-19 22:15:00-03:00,0,22,0,0,92.3,0,1.5,0,,0.0,22.0,0.0,0.0,0,,
2025-09-19 22:20:00-03:00,0,22,0,0,93.0,0,1.5,0,,0.0,22.0,0.0,0.0,0,,
2025-09-19 22:25:00-03:00,0,22,0,0,93.0,0,1.5,0,,0.0,22.0,0.0,0.0,0,,
2025-09-19 22:30:00-03:00,0,22,0,0,92.3,0,1.5,0,,0.0,22.0,0.0,0.0,0,,
2025-09-19 22:35:00-03:00,0,22,0,0,91.4,0,1.4,0,,0.0,22.0,0.0,0.0,0,,
2025-09-19 22:40:00-03:00,0,22,0,0,90.1,0,1.4,0,,0.0,22.0,0.0,0.0,0,,
2025-09-19 22:45:00-03:00,0,22,0,0,89.1,0,1.4,0,,0.0,22.0,0.0,0.0,0,,
2025-09-19 22:50:00-03:00,0,22,0,0,88.0,0,1.4,0,,0.0,22.0,0.0,0.0,0,,
2025-09-19 22:55:00-03:00,0,22,0,0,87.4,0,1.4,0,,0.0,22.0,0.0,0.0,0,,
2025-09-19 23:00:00-03:00,0,22,0,0,87.4,0,1.3,0,,0.0,22.0,0.0,0.0,0,,
2025-09-19 23:05:00-03:00,0,22,0,0,86.9,0,1.3,0,,0.0,22.0,0.0,0.0,0,,
2025-09-19 23:10:00-03:00,0,22,0,0,86.3,0,1.3,0,,0.0,22.0,0.0,0.0,0,,
2025-09-19 23:15:00-03:00,0,22,0,0,85.1,0,1.3,0,,0.0,22.0,0.0,0.0,0,,
2025-09-19 23:20:00-03:00,0,22,0,0,85.1,0,1.3,0,,0.0,22.0,0.0,0.0,0,,
2025-09-19 23:25:00-03:00,0,22,0,0,85.1,0,1.3,0,,0.0,22.0,0.0,0.0,0,,
2025-09-19 23:30:00-03:00,0,22,0,0,85.7,0,1.3,0,,0.0,22.0,0.0,0.0,0,,
2025-09-19 23:35:00-03:00,0,22,0,0,86.9,0,1.3,0,,0.0,22.0,0.0,0.0,0,,
2025-09-19 23:40:00-03:00,0,22,0,0,88.0,0,1.3,0,,0.0,22.0,0.0,0.0,0,,
2025-09-19 23:45:00-03:00,0,21,0,0,90.1,0,1.3,0,,0.0,21.0,0.0,0.0,0,,
2025-09-19 23:50:00-03:00,0,21,0,0,90.1,0,1.3,0,,0.0,21.0,0.0,0.0,0,,
2025-09-19 23:55:00-03:00,0,21,0,0,89.6,0,1.3,0,,0.0,21.0,0.0,0.0,0,,
2025-09-20 00:00:00-03:00,0,21,0,0,88.0,0,1.3,0,,0.0,21.0,0.0,0.0,0,,
2025-09-20 00:05:00-03:00,0,21,0,0,88.0,0,1.2,0,,0.0,21.0,0.0,0.0,0,,
2025-09-20 00:10:00-03:00,0,21,0,0,86.9,0,1.2,0,,0.0,21.0,0.0,0.0,0,,
2025-09-20 00:15:00-03:00,0,21,0,0,87.4,0,1.1,0,,0.0,21.0,0.0,0.0,0,,
2025-09-20 00:20:00-03:00,0,21,0,0,88.0,0,1.1,0,,0.0,21.0,0.0,0.0,0,,
2025-09-20 00:25:00-03:00,0,21,0,0,87.4,0,1.0,0,,0.0,21.0,0.0,0.0,0,,
2025-09-20 00:30:00-03:00,0,21,0,0,87.4,0,0.9,0,,0.0,21.0,0.0,0.0,0,,
2025-09-20 00:35:00-03:00,0,21,0,0,86.9,0,0.9,0,,0.0,21.0,0.0,0.0,0,,
2025-09-20 00:40:00-03:00,0,21,0,0,88.0,0,0.8,0,,0.0,21.0,0.0,0.0,0,,
2025-09-20 00:45:00-03:00,0,21,0,0,87.4,0,0.8,0,,0.0,21.0,0.0,0.0,0,,
2025-09-20 00:50:00-03:00,0,21,0,0,90.5,0,0.7,0,,0.0,21.0,0.0,0.0,0,,
2025-09-20 00:55:00-03:00,0,21,0,0,91.4,0,0.7,0,,0.0,21.0,0.0,0.0,0,,
2025-09-20 01:00:00-03:00,0,20,0,0,93.8,0,0.6,0,,0.0,20.0,0.0,0.0,0,,
2025-09-20 01:05:00-03:00,0,20,0,0,93.4,0,0.6,0,,0.0,20.0,0.0,0.0,0,,
2025-09-20 01:10:00-03:00,0,20,0,0,92.3,0,0.5,0,,0.0,20.0,0.0,0.0,0,,
2025-09-20 01:15:00-03:00,0,20,0,0,92.3,0,0.4,0,,0.0,20.0,0.0,0.0,0,,
2025-09-20 01:20:00-03:00,0,20,0,0,90.1,0,0.4,0,,0.0,20.0,0.0,0.0,0,,
2025-09-20 01:25:00-03:00,0,20,0,0,88.5,0,0.4,0,,0.0,20.0,0.0,0.0,0,,
2025-09-20 01:30:00-03:00,0,20,0,0,87.4,0,0.4,0,,0.0,20.0,0.0,0.0,0,,
2025-09-20 01:35:00-03:00,0,20,0,0,86.3,0,0.4,0,,0.0,20.0,0.0,0.0,0,,
2025-09-20 01:40:00-03:00,0,20,0,0,84.4,0,0.4,0,,0.0,20.0,0.0,0.0,0,,
2025-09-20 01:45:00-03:00,0,20,0,0,84.4,0,0.4,0,,0.0,20.0,0.0,0.0,0,,
2025-09-20 01:50:00-03:00,0,20,0,0,83.1,0,0.4,0,,0.0,20.0,0.0,0.0,0,,
2025-09-20 01:55:00-03:00,0,20,0,0,80.3,0,0.5,0,,0.0,20.0,0.0,0.0,0,,
2025-09-20 02:00:00-03:00,0,20,0,0,85.7,0,0.5,0,,0.0,20.0,0.0,0.0,0,,
2025-09-20 02:05:00-03:00,0,20,0,0,87.4,0,0.5,0,,0.0,20.0,0.0,0.0,0,,
2025-09-20 02:10:00-03:00,0,20,0,0,88.5,0,0.5,0,,0.0,20.0,0.0,0.0,0,,
2025-09-20 02:15:00-03:00,0,20,0,0,88.5,0,0.5,0,,0.0,20.0,0.0,0.0,0,,
2025-09-20 02:20:00-03:00,0,20,0,0,88.5,0,0.4,0,,0.0,20.0,0.0,0.0,0,,
2025-09-20 02:25:00-03:00,0,20,0,0,89.1,0,0.4,0,,0.0,20.0,0.0,0.0,0,,
2025-09-20 02:30:00-03:00,0,20,0,0,90.1,0,0.3,0,,0.0,20.0,0.0,0.0,0,,
2025-09-20 02:35:00-03:00,0,20,0,0,90.5,0,0.3,0,,0.0,20.0,0.0,0.0,0,,
2025-09-20 02:40:00-03:00,0,20,0,0,90.5,0,0.3,0,,0.0,20.0,0.0,0.0,0,,
2025-09-20 02:45:00-03:00,0,20,0,0,91.0,0,0.2,0,,0.0,20.0,0.0,0.0,0,,
2025-09-20 02:50:00-03:00,0,20,0,0,83.8,0,0.2,0,,0.0,20.0,0.0,0.0,0,,
2025-09-20 02:55:00-03:00,0,20,0,0,85.1,0,0.1,0,,0.0,20.0,0.0,0.0,0,,
2025-09-20 03:00:00-03:00,0,20,0,0,88.5,0,0.1,0,,0.0,20.0,0.0,0.0,0,,
2025-09-20 03:05:00-03:00,0,20,0,0,82.4,0,0.1,0,,0.0,20.0,0.0,0.0,0,,
2025-09-20 03:10:00-03:00,0,20,0,0,79.5,0,0.3,0,,0.0,20.0,0.0,0.0,0,,
2025-09-20 03:15:00-03:00,0,20,0,0,78.8,0,0.4,0,,0.0,20.0,0.0,0.0,0,,
2025-09-20 03:20:00-03:00,0,20,0,0,80.3,0,0.6,0,,0.0,20.0,0.0,0.0,0,,
2025-09-20 03:25:00-03:00,0,20,0,0,78.0,0,0.7,0,,0.0,20.0,0.0,0.0,0,,
2025-09-20 03:30:00-03:00,0,20,0,0,73.0,0,0.9,0,,0.0,20.0,0.0,0.0,0,,
2025-09-20 03:35:00-03:00,0,20,0,0,76.4,0,1.0,0,,0.0,20.0,0.0,0.0,0,,
2025-09-20 03:40:00-03:00,0,19,0,0,72.1,0,1.2,0,,0.0,19.0,0.0,0.0,0,,
2025-09-20 03:45:00-03:00,0,19,0,0,66.4,0,1.3,0,,0.0,19.0,0.0,0.0,0,,
2025-09-20 03:50:00-03:00,0,19,0,0,69.3,0,1.5,0,,0.0,19.0,0.0,0.0,0,,
2025-09-20 03:55:00-03:00,0,19,0,0,76.4,0,1.6,0,,0.0,19.0,0.0,0.0,0,,
2025-09-20 04:00:00-03:00,0,19,0,0,74.7,0,1.8,0,,0.0,19.0,0.0,0.0,0,,
2025-09-20 04:05:00-03:00,0,19,0,0,68.3,0,1.9,0,,0.0,19.0,0.0,0.0,0,,
2025-09-20 04:10:00-03:00,0,19,0,0,50.8,0,1.9,0,,0.0,19.0,0.0,0.0,0,,
2025-09-20 04:15:00-03:00,0,19,0,0,44.5,0,1.9,0,,0.0,19.0,0.0,0.0,0,,
2025-09-20 04:20:00-03:00,0,19,0,0,35.0,0,1.8,0,,0.0,19.0,0.0,0.0,0,,
2025-09-20 04:25:00-03:00,0,19,0,0,27.7,0,1.8,0,,0.0,19.0,0.0,0.0,0,,
2025-09-20 04:30:00-03:00,0,19,0,0,27.7,0,1.8,0,,0.0,19.0,0.0,0.0,0,,
2025-09-20 04:35:00-03:00,0,19,0,0,29.2,0,1.8,0,,0.0,19.0,0.0,0.0,0,,
2025-09-20 04:40:00-03:00,0,19,0,0,36.4,0,1.8,0,,0.0,19.0,0.0,0.0,0,,
2025-09-20 04:45:00-03:00,0,19,0,0,24.7,0,1.8,0,,0.0,19.0,0.0,0.0,0,,
2025-09-20 04:50:00-03:00,0,19,0,0,32.1,0,1.8,0,,0.0,19.0,0.0,0.0,0,,
2025-09-20 04:55:00-03:00,0,19,0,0,47.1,0,1.8,0,,0.0,19.0,0.0,0.0,0,,
2025-09-20 05:00:00-03:00,0,19,0,0,53.2,0,1.8,0,,0.0,19.0,0.0,0.0,0,,
2025-09-20 05:05:00-03:00,0,19,0,0,40.5,0,1.8,0,,0.0,19.0,0.0,0.0,0,,
2025-09-20 05:10:00-03:00,0,19,0,0,37.8,0,1.8,0,,0.0,19.0,0.0,0.0,0,,
2025-09-20 05:15:00-03:00,0,19,0,0,39.2,0,1.8,0,,0.0,19.0,0.0,0.0,0,,
2025-09-20 05:20:00-03:00,0,19,0,0,36.4,0,1.8,0,,0.0,19.0,0.0,0.0,0,,
2025-09-20 05:25:00-03:00,0,18,0,0,59.0,0,1.8,0,,0.0,18.0,0.0,0.0,0,,
2025-09-20 05:30:00-03:00,0,18,0,0,69.3,0,1.8,0,,0.0,18.0,0.0,0.0,0,,
2025-09-20 05:35:00-03:00,0,18,0,0,67.4,0,1.8,0,,0.0,18.0,0.0,0.0,0,,
2025-09-20 05:40:00-03:00,0,18,0,0,61.2,0,1.8,0,,0.0,18.0,0.0,0.0,0,,
2025-09-20 05:45:00-03:00,0,18,0,0,69.3,0,1.8,0,,0.0,18.0,0.0,0.0,0,,
2025-09-20 05:50:00-03:00,0,18,0,0,70.2,0,1.9,0,,0.5773502690134288,18.0,0.0,0.0,0,,
2025-09-20 05:55:00-03:00,0,18,0,0,76.4,0,1.9,0,,1.243163120934213,18.0,0.0,0.0,0,,
2025-09-20 06:00:00-03:00,0,18,0,0,76.4,0,1.9,0,,3.260182184876128,18.0,0.0,0.0,0,,
2025-09-20 06:05:00-03:00,0,18,0,0,77.2,0,1.9,0,,7.763063281652807,18.0,0.0,0.0,0,,
2025-09-20 06:10:00-03:00,0,18,0,0,77.2,0,2.0,0,,11.812935898634485,18.0,0.0,0.0,0,,
2025-09-20 06:15:00-03:00,2,18,9,8,77.2,2,2.1,0,0.25,16.171430101105532,18.0625,0.0,2.0,0,75.0,57.9
2025-09-20 06:20:00-03:00,4,19,20,18,77.2,4,2.2,0,0.2222222222222222,20.61975369455295,19.125,0.0,4.0,0,77.77777777777779,60.04444444444445
2025-09-20 06:25:00-03:00,11,19,32,31,65.4,11,2.3,1,0.3548387096774194,23.52561466687598,19.34375,0.0,11.0,0,64.51612903225806,42.19354838709678
2025-09-20 06:30:00-03:00,26,19,46,48,43.2,26,2.4,1,0.5416666666666666,25.595187757924695,19.8125,0.0,26.0,0,45.83333333333333,19.8
2025-09-20 06:35:00-03:00,36,19,62,65,41.9,35,2.5,1,0.5384615384615384,27.641646225584758,20.09375,0.0,35.0,0,46.15384615384615,19.338461538461537
2025-09-20 06:40:00-03:00,47,19,79,83,40.5,46,2.6,1,0.5542168674698795,29.143713912365982,20.4375,0.0,46.0,0,44.57831325301205,18.05421686746988
2025-09-20 06:45:00-03:00,58,19,96,102,39.9,57,2.7,1,0.5588235294117647,34.35068699414125,20.78125,0.0,57.0,0,44.11764705882353,17.602941176470587
2025-09-20 06:50:00-03:00,60,19,115,122,47.7,59,2.8,1,0.48360655737704916,35.11366823573777,20.84375,0.0,59.0,0,51.63934426229508,24.63196721311476
2025-09-20 06:55:00-03:00,64,19,134,143,52.7,63,2.9,1,0.4405594405594406,34.85674144612748,20.96875,0.0,63.0,0,55.94405594405595,29.482517482517487
2025-09-20 07:00:00-03:00,75,20,154,164,51.6,73,3.0,1,0.4451219512195122,33.368012263603504,22.28125,0.0,73.0,0,55.487804878048784,28.631707317073175
2025-09-20 07:05:00-03:00,82,20,175,185,53.0,81,3.1,1,0.43783783783783786,34.166592756753,22.53125,0.0,81.0,0,56.21621621621622,29.794594594594596
2025-09-20 07:10:00-03:00,119,20,195,207,39.2,117,3.2,1,0.5652173913043478,35.402448126267664,23.65625,0.0,117.0,0,43.47826086956522,17.043478260869566
2025-09-20 07:15:00-03:00,109,20,216,229,49.3,108,3.3,1,0.47161572052401746,37.85728783766708,23.375,0.0,108.0,0,52.838427947598255,26.049344978165937
2025-09-20 07:20:00-03:00,119,20,237,251,49.8,117,3.4,1,0.46613545816733065,41.43441330657806,23.65625,0.0,117.0,0,53.38645418326693,26.586454183266927
2025-09-20 07:25:00-03:00,122,21,258,273,52.6,120,3.5,1,0.43956043956043955,38.09189446906187,24.75,0.0,120.0,0,56.043956043956044,29.479120879120877
2025-09-20 07:30:00-03:00,141,21,279,295,49.4,139,3.6,1,0.4711864406779661,36.51016877860386,25.34375,0.1375,138.808875,0,52.88135593220339,26.123389830508472
2025-09-20 07:35:00-03:00,154,21,300,317,48.6,152,3.8,1,0.4794952681388013,37.64386545056598,25.75,0.30000000000000004,151.544,0,52.05047318611987,25.296529968454262
2025-09-20 07:40:00-03:00,172,21,322,340,46.6,169,3.9,1,0.4970588235294118,43.59203082576965,26.28125,0.5125000000000001,168.133875,0,50.294117647058826,23.437058823529416
2025-09-20 07:45:00-03:00,190,21,343,362,44.6,187,4.0,1,0.5165745856353591,58.05561596826129,26.84375,0.7375,185.62087499999998,0,48.34254143646409,21.560773480662984
2025-09-20 07:50:00-03:00,147,22,364,384,59.5,145,4.1,1,0.3776041666666667,64.15653206073631,26.53125,0.6125,144.111875,0,62.239583333333336,37.032552083333336
2025-09-20 07:55:00-03:00,184,22,385,406,52.2,181,4.2,1,0.4458128078817734,67.87616844242103,27.65625,1.0625,179.076875,0,55.41871921182266,28.92857142857143
2025-09-20 08:00:00-03:00,213,22,406,428,47.4,210,4.3,1,0.49065420560747663,78.50472867440587,28.5625,1.425,207.0075,0,50.93457943925234,24.142990654205608
2025-09-20 08:05:00-03:00,256,22,427,450,40.0,252,4.4,1,0.56,81.68435182660741,29.875,1.9500000000000002,247.086,0,44.0,17.6
2025-09-20 08:10:00-03:00,302,22,447,472,32.4,302,4.4,1,0.6398305084745762,82.81244782731129,31.4375,2.575,294.2235,0,36.016949152542374,11.669491525423728
2025-09-20 08:15:00-03:00,300,22,468,493,35.8,298,4.4,1,0.6044624746450304,84.42945773444812,31.3125,2.5250000000000004,290.4755,0,39.553752535496955,14.160243407707908
2025-09-20 08:20:00-03:00,309,23,488,514,36.7,306,4.4,1,0.5953307392996109,83.86510633514798,32.5625,3.0250000000000004,296.7435,0,40.46692607003891,14.85136186770428
2025-09-20 08:25:00-03:00,373,23,508,535,26.7,378,4.4,1,0.7065420560747664,71.26433933325748,34.8125,3.9250000000000003,363.1635,0,29.345794392523366,7.835327102803738
2025-09-20 08:30:00-03:00,356,23,528,556,32.5,358,4.4,1,0.6438848920863309,58.02892434472365,34.1875,3.6750000000000003,344.8435,0,35.61151079136691,11.573741007194247
2025-09-20 08:35:00-03:00,365,23,548,577,33.4,365,4.4,1,0.6325823223570191,43.49111717037017,34.40625,3.7625,351.26687499999997,0,36.741767764298096,12.271750433275564
2025-09-20 08:40:00-03:00,386,23,567,597,32.0,388,4.4,1,0.6499162479061976,33.06776788243897,35.125,4.05,372.286,0,35.00837520938023,11.202680067001674
2025-09-20 08:45:00-03:00,386,23,586,617,34.2,386,4.4,1,0.6256077795786061,29.692362042046295,35.0625,4.025,370.4635,0,37.439222042139384,12.804213938411669
2025-09-20 08:50:00-03:00,379,23,605,637,37.4,376,4.4,1,0.5902668759811617,24.502782773308585,34.75,3.9000000000000004,361.336,0,40.97331240188383,15.324018838304553
2025-09-20 08:55:00-03:00,372,23,624,657,40.4,366,4.4,1,0.5570776255707762,24.270570781507885,34.4375,3.7750000000000004,352.18350000000004,0,44.29223744292237,17.894063926940635
2025-09-20 09:00:00-03:00,344,24,642,676,46.5,338,4.5,1,0.5,38.49754025986829,34.5625,3.825,325.0715,0,50.0,23.25
2025-09-20 09:05:00-03:00,342,24,660,694,48.2,336,4.4,1,0.484149855907781,58.87325883676027,34.5,3.8000000000000003,323.23199999999997,0,51.5850144092219,24.863976945244957
2025-09-20 09:10:00-03:00,346,24,677,712,48.8,341,4.3,1,0.4789325842696629,79.301639327315,34.65625,3.8625000000000003,327.828875,0,52.10674157303371,25.42808988764045
2025-09-20 09:15:00-03:00,379,24,694,730,45.4,373,4.2,1,0.510958904109589,112.58720525831667,35.65625,4.2625,357.100875,0,48.90410958904109,22.202465753424654
2025-09-20 09:20:00-03:00,426,24,710,747,40.0,421,4.1,1,0.5635876840696118,137.97485497749267,37.15625,4.862500000000001,400.52887499999997,0,43.64123159303882,17.456492637215526
2025-09-20 09:25:00-03:00,472,25,726,764,35.0,472,4.1,1,0.6178010471204188,164.95901694883725,39.75,5.9,444.152,0,38.21989528795812,13.37696335078534
2025-09-20 09:30:00-03:00,527,25,742,780,29.0,534,4.0,1,0.6846153846153846,183.03551567933332,41.6875,6.675000000000001,498.3555,0,31.538461538461537,9.146153846153846
2025-09-20 09:35:00-03:00,568,25,757,796,25.0,580,3.9,1,0.7286432160804021,194.88277362184914,43.125,7.25,537.95,0,27.1356783919598,6.78391959798995
2025-09-20 09:40:00-03:00,664,25,772,811,14.0,689,3.8,1,0.8495684340320592,196.77667698703524,46.53125,8.6125,629.6598749999999,1,15.04315659679408,2.1060419235511714
2025-09-20 09:45:00-03:00,692,25,787,827,12.0,720,3.7,1,0.8706166868198307,188.96464315748523,47.5,9.0,655.2,0,12.93833131801693,1.5525997581620317
2025-09-20 09:50:00-03:00,761,26,801,841,5.0,797,3.7,1,0.9476813317479191,174.849784013868,50.90625,10.3625,714.410875,0,5.231866825208085,0.2615933412604043
2025-09-20 09:55:00-03:00,782,26,814,855,4.0,819,3.6,1,0.9578947368421052,155.91042494349082,51.59375,10.637500000000001,731.878875,0,4.2105263157894735,0.16842105263157894
2025-09-20 10:00:00-03:00,827,26,827,869,0.0,869,3.5,1,1.0,132.23727526569886,53.15625,11.262500000000001,771.128875,0,0.0,0.0
2025-09-20 10:05:00-03:00,840,26,840,883,0.0,883,3.5,1,1.0,104.38942242943357,53.59375,11.4375,782.006875,0,0.0,0.0
2025-09-20 10:10:00-03:00,853,26,853,895,0.0,895,3.4,1,1.0,73.97091975699747,53.96875,11.5875,791.291875,0,0.0,0.0
2025-09-20 10:15:00-03:00,864,26,864,908,0.0,908,3.3,1,1.0,58.38502039101969,54.375,11.75,801.3100000000001,0,0.0,0.0
2025-09-20 10:20:00-03:00,867,27,876,920,1.0,910,3.3,1,0.9891304347826086,44.5070644715864,55.4375,12.175,799.2075,0,1.0869565217391304,0.010869565217391304
2025-09-20 10:25:00-03:00,860,27,887,931,3.0,902,3.2,1,0.9688506981740065,42.3866581352899,55.1875,12.075000000000001,793.0835,0,3.1149301825993554,0.09344790547798067
2025-09-20 10:30:00-03:00,771,27,897,942,14.0,800,3.1,1,0.8492569002123143,44.20090154022692,52.0,10.8,713.6,1,15.074309978768577,2.110403397027601
2025-09-20 10:35:00-03:00,789,27,907,952,13.0,820,3.1,1,0.8613445378151261,51.45423091240414,52.625,11.05,729.39,0,13.865546218487395,1.8025210084033614
2025-09-20 10:40:00-03:00,797,27,917,962,13.0,828,3.0,1,0.8607068607068608,59.224470270210055,52.875,11.15,735.678,0,13.92931392931393,1.810810810810811
2025-09-20 10:45:00-03:00,861,27,925,972,7.0,899,3.0,1,0.9248971193415638,67.18472950594489,55.09375,12.037500000000001,790.782875,0,7.510288065843622,0.5257201646090536
2025-09-20 10:50:00-03:00,878,27,934,980,6.0,918,2.9,1,0.936734693877551,74.03208763772025,55.6875,12.275,805.3154999999999,0,6.326530612244897,0.3795918367346938
2025-09-20 10:55:00-03:00,904,28,942,989,4.0,947,2.8,1,0.9575328614762386,79.73759046605568,57.59375,13.037500000000001,823.5348749999999,0,4.246713852376137,0.1698685540950455
2025-09-20 11:00:00-03:00,930,28,949,996,2.0,975,2.8,1,0.9789156626506024,84.13517262552175,58.46875,13.387500000000001,844.4718750000001,0,2.108433734939759,0.04216867469879518
2025-09-20 11:05:00-03:00,947,28,956,1004,1.0,993,2.7,1,0.9890438247011952,75.78238381687889,59.03125,13.6125,857.827875,0,1.0956175298804782,0.010956175298804782
2025-09-20 11:10:00-03:00,963,28,963,1010,0.0,1010,2.7,1,1.0,65.096199209433,59.5625,13.825000000000001,870.3675000000001,0,0.0,0.0
2025-09-20 11:15:00-03:00,969,28,969,1017,0.0,1017,2.6,1,1.0,47.909874353885264,59.78125,13.912500000000001,875.509875,0,0.0,0.0
2025-09-20 11:20:00-03:00,974,28,974,1022,0.0,1022,2.5,1,1.0,39.46651822247637,59.9375,13.975000000000001,879.1754999999999,0,0.0,0.0
2025-09-20 11:25:00-03:00,979,28,979,1027,0.0,1027,2.5,1,1.0,29.855206134480422,60.09375,14.037500000000001,882.834875,0,0.0,0.0
2025-09-20 11:30:00-03:00,983,28,983,1032,0.0,1032,2.4,1,1.0,21.865116814970524,60.25,14.100000000000001,886.4879999999999,0,0.0,0.0
2025-09-20 11:35:00-03:00,987,28,987,1036,0.0,1036,2.4,1,1.0,16.555462341242503,60.375,14.15,889.4060000000001,0,0.0,0.0
2025-09-20 11:40:00-03:00,990,28,990,1039,0.0,1039,2.3,1,1.0,12.56588696234667,60.46875,14.1875,891.5918750000001,0,0.0,0.0
2025-09-20 11:45:00-03:00,993,29,993,1042,0.0,1042,2.2,1,1.0,10.48664374185811,61.5625,14.625,889.6075,0,0.0,0.0
2025-09-20 11:50:00-03:00,995,29,995,1044,0.0,1044,2.2,1,1.0,8.658504314756025,61.625,14.65,891.0540000000001,0,0.0,0.0
2025-09-20 11:55:00-03:00,997,29,997,1046,0.0,1046,2.1,1,1.0,6.773388212537143,61.6875,14.675,892.4994999999999,0,0.0,0.0
2025-09-20 12:00:00-03:00,998,29,998,1047,0.0,1047,2.1,1,1.0,5.734002779711263,61.71875,14.6875,893.2218750000001,0,0.0,0.0
2025-09-20 12:05:00-03:00,998,29,998,1047,0.0,1047,2.0,1,1.0,5.900051360755671,61.71875,14.6875,893.2218750000001,0,0.0,0.0
2025-09-20 12:10:00-03:00,998,29,998,1047,0.0,1047,2.0,1,1.0,6.999458853466726,61.71875,14.6875,893.2218750000001,0,0.0,0.0
2025-09-20 12:15:00-03:00,998,29,998,1047,0.0,1047,1.9,1,1.0,10.585868224173119,61.71875,14.6875,893.2218750000001,0,0.0,0.0
2025-09-20 12:20:00-03:00,997,29,997,1046,0.0,1046,1.8,1,1.0,13.48624439485445,61.6875,14.675,892.4994999999999,0,0.0,0.0
2025-09-20 12:25:00-03:00,985,30,995,1044,1.0,1033,1.8,1,0.9894636015325671,16.019637570112103,62.28125,14.912500000000001,878.953875,0,1.053639846743295,0.01053639846743295
2025-09-20 12:30:00-03:00,983,30,993,1042,1.0,1031,1.7,1,0.989443378119002,19.74438930658213,62.21875,14.887500000000001,877.509875,0,1.055662188099808,0.01055662188099808
2025-09-20 12:35:00-03:00,981,30,990,1039,1.0,1028,1.7,1,0.9894128970163619,26.440757106456193,62.125,14.850000000000001,875.3419999999999,0,1.0587102983638113,0.010587102983638113
2025-09-20 12:40:00-03:00,967,30,987,1036,2.0,1014,1.6,1,0.9787644787644788,29.413844400608884,61.6875,14.675,865.1954999999999,0,2.1235521235521233,0.04247104247104247
2025-09-20 12:45:00-03:00,964,30,983,1032,2.0,1010,1.6,1,0.9786821705426356,31.34401010872681,61.5625,14.625,862.2875,0,2.131782945736434,0.042635658914728675
2025-09-20 12:50:00-03:00,960,30,979,1027,2.0,1005,1.5,1,0.9785783836416748,32.285187522025375,61.40625,14.5625,858.646875,0,2.142161635832522,0.04284323271665044
2025-09-20 12:55:00-03:00,945,30,974,1022,3.0,990,1.4,1,0.9686888454011742,33.67491648095096,60.9375,14.375,847.6875,0,3.131115459882583,0.09393346379647749
2025-09-20 13:00:00-03:00,921,30,969,1016,5.0,963,1.4,1,0.9478346456692913,37.006960852171964,60.09375,14.037500000000001,827.8188749999999,0,5.216535433070866,0.2608267716535433
2025-09-20 13:05:00-03:00,924,30,963,1010,4.0,967,1.3,1,0.9574257425742574,42.21688230452607,60.21875,14.0875,830.773875,0,4.257425742574258,0.1702970297029703
2025-09-20 13:10:00-03:00,918,30,957,1003,4.0,961,1.3,1,0.9581256231306082,41.05751693622942,60.03125,14.012500000000001,826.3398749999999,0,4.187437686939183,0.1674975074775673
2025-09-20 13:15:00-03:00,911,30,949,996,4.0,954,1.3,1,0.9578313253012049,38.552993830990765,59.8125,13.925,821.1555,0,4.216867469879518,0.1686746987951807
2025-09-20 13:20:00-03:00,895,30,942,988,5.0,936,1.3,1,0.9473684210526315,34.2188810188309,59.25,13.700000000000001,807.768,0,5.263157894736842,0.2631578947368421
2025-09-20 13:25:00-03:00,878,30,934,980,6.0,917,1.3,1,0.9357142857142857,29.84911551401137,58.65625,13.4625,793.548875,0,6.428571428571428,0.3857142857142857
2025-09-20 13:30:00-03:00,851,30,925,971,8.0,888,1.2,1,0.9145211122554068,25.80873706886905,57.75,13.100000000000001,771.672,0,8.54788877445932,0.6838311019567456
2025-09-20 13:35:00-03:00,870,30,916,961,5.0,910,1.2,1,0.9469302809573361,25.382378759963864,58.4375,13.375,788.2875,0,5.30697190426639,0.2653485952133195
2025-09-20 13:40:00-03:00,879,30,907,951,3.0,921,1.2,1,0.9684542586750788,24.151039879720475,58.78125,13.512500000000001,796.5498749999999,0,3.1545741324921135,0.0946372239747634
2025-09-20 13:45:00-03:00,888,30,896,940,1.0,931,1.2,1,0.9904255319148936,23.550718962178085,59.09375,13.637500000000001,804.0348749999999,0,0.9574468085106382,0.009574468085106383
2025-09-20 13:50:00-03:00,868,30,886,929,2.0,910,1.2,1,0.9795479009687836,23.906858404797138,58.4375,13.375,788.2875,0,2.045209903121636,0.04090419806243272
2025-09-20 13:55:00-03:00,866,29,875,918,1.0,908,1.2,1,0.9891067538126361,26.915130362370384,57.375,12.950000000000001,790.4140000000001,0,1.0893246187363834,0.010893246187363835
2025-09-20 14:00:00-03:00,855,29,863,906,1.0,896,1.2,1,0.9889624724061811,33.38605678839516,57.0,12.8,781.312,0,1.1037527593818985,0.011037527593818985
2025-09-20 14:05:00-03:00,843,29,851,893,1.0,884,1.2,1,0.9899216125419933,44.03063671690584,56.625,12.65,772.174,0,1.007838745800672,0.010078387458006719
2025-09-20 14:10:00-03:00,830,29,839,880,1.0,871,1.2,1,0.9897727272727272,53.572380943907824,56.21875,12.4875,762.2338749999999,0,1.0227272727272727,0.010227272727272727
2025-09-20 14:15:00-03:00,817,29,826,866,1.0,857,1.2,1,0.9896073903002309,66.1116479903443,55.78125,12.3125,751.481875,0,1.0392609699769053,0.010392609699769052
2025-09-20 14:20:00-03:00,804,29,812,852,1.0,843,1.1,1,0.9894366197183099,76.07467423923205,55.34375,12.137500000000001,740.680875,0,1.056338028169014,0.01056338028169014
2025-09-20 14:25:00-03:00,782,29,798,838,2.0,820,1.1,1,0.9785202863961814,86.71740938766754,54.625,11.850000000000001,722.8299999999999,0,2.1479713603818613,0.04295942720763723
2025-09-20 14:30:00-03:00,753,29,784,823,4.0,787,1.1,1,0.9562575941676792,91.81746549375143,53.59375,11.4375,696.9868749999999,0,4.374240583232078,0.17496962332928312
2025-09-20 14:35:00-03:00,731,29,769,807,5.0,764,1.1,1,0.9467162329615861,98.81648126550682,52.875,11.15,678.814,0,5.328376703841388,0.26641883519206944
2025-09-20 14:40:00-03:00,686,29,754,791,9.0,714,1.1,1,0.9026548672566371,96.39109100037065,51.3125,10.525,638.8515,0,9.734513274336283,0.8761061946902654
2025-09-20 14:45:00-03:00,657,29,738,775,11.0,683,1.1,1,0.8812903225806452,96.6869362238921,50.34375,10.137500000000001,613.760875,0,11.870967741935484,1.3058064516129033
2025-09-20 14:50:00-03:00,629,29,722,758,13.0,651,1.0,1,0.8588390501319261,96.18211892030334,49.34375,9.7375,587.608875,0,14.116094986807386,1.8350923482849604
2025-09-20 14:55:00-03:00,621,29,706,741,12.0,645,1.0,1,0.8704453441295547,92.2703537536168,49.15625,9.662500000000001,582.676875,0,12.955465587044534,1.554655870445344
2025-09-20 15:00:00-03:00,581,29,689,723,15.8,599,1.0,1,0.8284923928077456,86.38164086649034,47.71875,9.0875,544.565875,0,17.15076071922545,2.709820193637621
2025-09-20 15:05:00-03:00,611,29,672,705,9.1,636,0.9,1,0.902127659574468,88.53538926053592,48.875,9.55,575.262,0,9.787234042553191,0.8906382978723403
2025-09-20 15:10:00-03:00,562,28,654,687,14.1,581,0.7,1,0.8457059679767104,90.22648270778198,46.15625,8.4625,531.8328750000001,0,15.429403202328967,2.1755458515283843
2025-09-20 15:15:00-03:00,534,28,636,668,16.0,551,0.5,1,0.8248502994011976,91.04689933648156,45.21875,8.0875,506.43787499999996,0,17.514970059880238,2.802395209580838
2025-09-20 15:20:00-03:00,521,28,618,649,15.8,537,0.4,1,0.827426810477658,97.28246906754754,44.78125,7.9125000000000005,494.509875,0,17.257318952234208,2.7266563944530047
2025-09-20 15:25:00-03:00,506,28,599,629,15.5,522,0.3,1,0.8298887122416534,93.32198253488832,44.3125,7.7250000000000005,481.6755,0,17.011128775834656,2.6367249602543716
2025-09-20 15:30:00-03:00,443,27,581,609,23.7,451,0.2,1,0.7405582922824302,88.79069702839077,41.09375,6.4375,421.966875,0,25.94417077175698,6.148768472906404
2025-09-20 15:35:00-03:00,415,27,561,589,26.0,420,0.3,1,0.7130730050933786,84.99732616115092,40.125,6.050000000000001,394.59,0,28.69269949066214,7.460101867572156
2025-09-20 15:40:00-03:00,414,27,542,569,23.6,421,0.5,1,0.7398945518453427,79.77107397060594,40.15625,6.0625,395.476875,0,26.01054481546573,6.138488576449913
2025-09-20 15:45:00-03:00,365,27,522,548,30.0,366,0.7,1,0.6678832116788321,75.93478062844832,38.4375,5.375,346.3275,0,33.21167883211679,9.963503649635037
2025-09-20 15:50:00-03:00,420,26,502,527,16.4,432,0.8,1,0.8197343453510436,75.34662325786948,39.5,5.800000000000001,406.94399999999996,0,18.026565464895636,2.956356736242884
2025-09-20 15:55:00-03:00,389,26,482,506,19.2,398,1.0,1,0.7865612648221344,65.88396595300458,38.4375,5.375,376.6075,0,21.34387351778656,4.098023715415019
2025-09-20 16:00:00-03:00,396,26,461,484,14.1,409,1.2,1,0.8450413223140496,62.2328837366672,38.78125,5.5125,386.453875,0,15.495867768595042,2.184917355371901
2025-09-20 16:05:00-03:00,320,26,441,463,27.3,322,1.3,1,0.6954643628509719,64.36749367828436,36.0625,4.425,307.7515,0,30.45356371490281,8.313822894168467
2025-09-20 16:10:00-03:00,321,26,421,442,23.7,325,1.4,1,0.7352941176470589,67.04470466966181,36.15625,4.4625,310.496875,0,26.47058823529412,6.273529411764706
2025-09-20 16:15:00-03:00,289,25,401,421,27.9,290,1.4,1,0.6888361045130641,73.72856647969823,34.0625,3.625,279.4875,0,31.116389548693586,8.68147268408551
2025-09-20 16:20:00-03:00,324,25,380,399,14.7,334,1.4,1,0.8370927318295739,76.24298278689128,35.4375,4.175,320.0555,0,16.290726817042607,2.394736842105263
2025-09-20 16:25:00-03:00,257,25,359,378,28.6,257,1.5,1,0.6798941798941799,80.78755342179008,33.03125,3.2125000000000004,248.743875,0,32.01058201058201,9.155026455026455
2025-09-20 16:30:00-03:00,253,25,339,356,25.2,255,1.5,1,0.7162921348314607,82.85182099642746,32.96875,3.1875,246.87187500000002,0,28.370786516853936,7.149438202247191
2025-09-20 16:35:00-03:00,245,25,318,334,23.1,248,1.6,1,0.7425149700598802,78.23372131961376,32.75,3.1,240.31199999999998,0,25.748502994011975,5.947904191616767
2025-09-20 16:40:00-03:00,195,25,297,312,34.6,191,1.6,1,0.6121794871794872,79.39100590231659,30.96875,2.3875,186.439875,0,38.782051282051285,13.418589743589745
2025-09-20 16:45:00-03:00,226,24,277,291,18.4,230,1.7,1,0.7903780068728522,76.19055059520088,31.1875,2.475,224.30749999999998,0,20.962199312714777,3.857044673539519
2025-09-20 16:50:00-03:00,134,24,256,269,47.5,132,1.7,1,0.49070631970260226,72.9497024730668,28.125,1.25,130.35,0,50.92936802973978,24.191449814126393
2025-09-20 16:55:00-03:00,133,24,235,247,43.3,131,1.7,1,0.5303643724696356,60.8088784386753,28.09375,1.2375,129.378875,0,46.963562753036435,20.335222672064774
2025-09-20 17:00:00-03:00,117,24,215,226,45.3,115,1.8,1,0.5088495575221239,57.49993412380861,27.59375,1.0375,113.80687499999999,0,49.11504424778761,22.249115044247787
2025-09-20 17:05:00-03:00,125,24,194,204,35.6,123,1.8,1,0.6029411764705882,54.22763468598167,27.84375,1.1375,121.600875,0,39.705882352941174,14.135294117647058
2025-09-20 17:10:00-03:00,125,24,174,184,28.1,124,1.8,1,0.6739130434782609,48.17078204081988,27.875,1.1500000000000001,122.57400000000001,0,32.608695652173914,9.16304347826087
2025-09-20 17:15:00-03:00,133,24,155,163,13.9,137,1.8,1,0.8404907975460123,49.304864840800846,28.28125,1.3125,135.201875,0,15.950920245398773,2.2171779141104295
2025-09-20 17:20:00-03:00,104,23,135,143,23.2,104,1.8,1,0.7272727272727273,37.65261872658598,26.25,0.5,103.48,0,27.27272727272727,6.327272727272726
2025-09-20 17:25:00-03:00,97,23,117,123,16.8,98,1.8,1,0.7967479674796748,40.478950758949,26.0625,0.42500000000000004,97.5835,0,20.32520325203252,3.4146341463414633
2025-09-20 17:30:00-03:00,66,23,99,104,33.4,65,1.8,1,0.625,42.78168682126381,25.03125,0.0125,64.991875,0,37.5,12.525
2025-09-20 17:35:00-03:00,55,23,81,85,32.0,54,1.8,1,0.6352941176470588,45.54410117144842,24.6875,0.0,54.0,0,36.470588235294116,11.670588235294117
2025-09-20 17:40:00-03:00,39,23,65,68,39.2,39,1.8,1,0.5735294117647058,46.14888619424832,24.21875,0.0,39.0,0,42.64705882352941,16.71764705882353
2025-09-20 17:45:00-03:00,37,23,49,52,24.7,37,1.8,1,0.7115384615384616,44.215296269983526,24.15625,0.0,37.0,0,28.846153846153843,7.124999999999999
2025-09-20 17:50:00-03:00,29,23,35,35,16.8,29,1.8,1,0.8285714285714286,36.4575302941864,23.90625,0.0,29.0,0,17.142857142857142,2.88
2025-09-20 17:55:00-03:00,18,23,23,21,23.1,17,1.9,1,0.8095238095238095,31.243908497206764,23.53125,0.0,17.0,0,19.047619047619047,4.4
2025-09-20 18:00:00-03:00,8,23,12,11,30.7,8,1.9,0,0.7272727272727273,23.389326755180956,23.25,0.0,8.0,0,27.27272727272727,8.372727272727271
2025-09-20 18:05:00-03:00,1,23,2,2,30.7,1,1.8,0,0.5,19.42097429132392,23.03125,0.0,1.0,0,50.0,15.35
2025-09-20 18:10:00-03:00,0,23,0,0,30.7,0,1.8,0,,15.535638403557366,23.0,0.0,0.0,0,,
2025-09-20 18:15:00-03:00,0,23,0,0,29.2,0,1.7,0,,12.998834446585027,23.0,0.0,0.0,0,,
2025-09-20 18:20:00-03:00,0,23,0,0,29.2,0,1.6,0,,9.258493234308055,23.0,0.0,0.0,0,,
2025-09-20 18:25:00-03:00,0,23,0,0,30.7,0,1.5,0,,5.201980974651784,23.0,0.0,0.0,0,,
2025-09-20 18:30:00-03:00,0,23,0,0,32.1,0,1.5,0,,2.3011854652523733,23.0,0.0,0.0,0,,
2025-09-20 18:35:00-03:00,0,23,0,0,30.7,0,1.4,0,,0.28867513465506817,23.0,0.0,0.0,0,,
2025-09-20 18:40:00-03:00,0,23,0,0,30.7,0,1.3,0,,0.0,23.0,0.0,0.0,0,,
2025-09-20 18:45:00-03:00,0,23,0,0,36.4,0,1.2,0,,0.0,23.0,0.0,0.0,0,,
2025-09-20 18:50:00-03:00,0,23,0,0,45.8,0,1.2,0,,0.0,23.0,0.0,0.0,0,,
2025-09-20 18:55:00-03:00,0,23,0,0,45.8,0,1.1,0,,0.0,23.0,0.0,0.0,0,,
2025-09-20 19:00:00-03:00,0,23,0,0,50.8,0,1.0,0,,0.0,23.0,0.0,0.0,0,,
2025-09-20 19:05:00-03:00,0,23,0,0,45.8,0,1.0,0,,0.0,23.0,0.0,0.0,0,,
2025-09-20 19:10:00-03:00,0,23,0,0,53.2,0,0.9,0,,0.0,23.0,0.0,0.0,0,,
2025-09-20 19:15:00-03:00,0,23,0,0,37.8,0,0.9,0,,0.0,23.0,0.0,0.0,0,,
2025-09-20 19:20:00-03:00,0,23,0,0,54.4,0,0.8,0,,0.0,23.0,0.0,0.0,0,,
2025-09-20 19:25:00-03:00,0,23,0,0,52.0,0,0.8,0,,0.0,23.0,0.0,0.0,0,,
2025-09-20 19:30:00-03:00,0,23,0,0,52.0,0,0.8,0,,0.0,23.0,0.0,0.0,0,,
2025-09-20 19:35:00-03:00,0,23,0,0,50.8,0,0.7,0,,0.0,23.0,0.0,0.0,0,,
2025-09-20 19:40:00-03:00,0,23,0,0,53.2,0,0.7,0,,0.0,23.0,0.0,0.0,0,,
2025-09-20 19:45:00-03:00,0,23,0,0,41.9,0,0.7,0,,0.0,23.0,0.0,0.0,0,,
2025-09-20 19:50:00-03:00,0,23,0,0,36.4,0,0.6,0,,0.0,23.0,0.0,0.0,0,,
2025-09-20 19:55:00-03:00,0,23,0,0,33.6,0,0.6,0,,0.0,23.0,0.0,0.0,0,,
2025-09-20 20:00:00-03:00,0,24,0,0,30.7,0,0.6,0,,0.0,24.0,0.0,0.0,0,,
2025-09-20 20:05:00-03:00,0,24,0,0,29.2,0,0.6,0,,0.0,24.0,0.0,0.0,0,,
2025-09-20 20:10:00-03:00,0,24,0,0,29.2,0,0.6,0,,0.0,24.0,0.0,0.0,0,,
2025-09-20 20:15:00-03:00,0,24,0,0,32.1,0,0.6,0,,0.0,24.0,0.0,0.0,0,,
2025-09-20 20:20:00-03:00,0,24,0,0,30.7,0,0.7,0,,0.0,24.0,0.0,0.0,0,,
2025-09-20 20:25:00-03:00,0,24,0,0,33.6,0,0.7,0,,0.0,24.0,0.0,0.0,0,,
2025-09-20 20:30:00-03:00,0,24,0,0,36.4,0,0.8,0,,0.0,24.0,0.0,0.0,0,,
2025-09-20 20:35:00-03:00,0,24,0,0,33.6,0,0.9,0,,0.0,24.0,0.0,0.0,0,,
2025-09-20 20:40:00-03:00,0,24,0,0,30.7,0,0.9,0,,0.0,24.0,0.0,0.0,0,,
2025-09-20 20:45:00-03:00,0,24,0,0,32.1,0,1.0,0,,0.0,24.0,0.0,0.0,0,,
2025-09-20 20:50:00-03:00,0,24,0,0,30.7,0,1.1,0,,0.0,24.0,0.0,0.0,0,,
2025-09-20 20:55:00-03:00,0,24,0,0,33.6,0,1.2,0,,0.0,24.0,0.0,0.0,0,,
2025-09-20 21:00:00-03:00,0,24,0,0,36.4,0,1.3,0,,0.0,24.0,0.0,0.0,0,,
2025-09-20 21:05:00-03:00,0,24,0,0,36.4,0,1.4,0,,0.0,24.0,0.0,0.0,0,,
2025-09-20 21:10:00-03:00,0,24,0,0,36.4,0,1.4,0,,0.0,24.0,0.0,0.0,0,,
2025-09-20 21:15:00-03:00,0,24,0,0,36.4,0,1.4,0,,0.0,24.0,0.0,0.0,0,,
2025-09-20 21:20:00-03:00,0,24,0,0,36.4,0,1.4,0,,0.0,24.0,0.0,0.0,0,,
2025-09-20 21:25:00-03:00,0,24,0,0,36.4,0,1.4,0,,0.0,24.0,0.0,0.0,0,,
2025-09-20 21:30:00-03:00,0,24,0,0,36.4,0,1.4,0,,0.0,24.0,0.0,0.0,0,,
2025-09-20 21:35:00-03:00,0,24,0,0,36.4,0,1.4,0,,0.0,24.0,0.0,0.0,0,,
2025-09-20 21:40:00-03:00,0,24,0,0,33.6,0,1.4,0,,0.0,24.0,0.0,0.0,0,,
2025-09-20 21:45:00-03:00,0,24,0,0,32.1,0,1.4,0,,0.0,24.0,0.0,0.0,0,,
2025-09-20 21:50:00-03:00,0,24,0,0,30.7,0,1.4,0,,0.0,24.0,0.0,0.0,0,,
2025-09-20 21:55:00-03:00,0,24,0,0,33.6,0,1.4,0,,0.0,24.0,0.0,0.0,0,,
2025-09-20 22:00:00-03:00,0,24,0,0,36.4,0,1.4,0,,0.0,24.0,0.0,0.0,0,,
2025-09-20 22:05:00-03:00,0,24,0,0,36.4,0,1.4,0,,0.0,24.0,0.0,0.0,0,,
2025-09-20 22:10:00-03:00,0,24,0,0,36.4,0,1.4,0,,0.0,24.0,0.0,0.0,0,,
2025-09-20 22:15:00-03:00,0,24,0,0,36.4,0,1.4,0,,0.0,24.0,0.0,0.0,0,,
2025-09-20 22:20:00-03:00,0,24,0,0,36.4,0,1.3,0,,0.0,24.0,0.0,0.0,0,,
2025-09-20 22:25:00-03:00,0,23,0,0,35.0,0,1.3,0,,0.0,23.0,0.0,0.0,0,,
2025-09-20 22:30:00-03:00,0,23,0,0,33.6,0,1.3,0,,0.0,23.0,0.0,0.0,0,,
2025-09-20 22:35:00-03:00,0,23,0,0,30.7,0,1.3,0,,0.0,23.0,0.0,0.0,0,,
2025-09-20 22:40:00-03:00,0,23,0,0,30.7,0,1.3,0,,0.0,23.0,0.0,0.0,0,,
2025-09-20 22:45:00-03:00,0,23,0,0,30.7,0,1.3,0,,0.0,23.0,0.0,0.0,0,,
2025-09-20 22:50:00-03:00,0,23,0,0,30.7,0,1.3,0,,0.0,23.0,0.0,0.0,0,,
2025-09-20 22:55:00-03:00,0,23,0,0,29.2,0,1.3,0,,0.0,23.0,0.0,0.0,0,,
2025-09-20 23:00:00-03:00,0,23,0,0,30.7,0,1.3,0,,0.0,23.0,0.0,0.0,0,,
2025-09-20 23:05:00-03:00,0,23,0,0,29.2,0,1.3,0,,0.0,23.0,0.0,0.0,0,,
2025-09-20 23:10:00-03:00,0,23,0,0,27.7,0,1.3,0,,0.0,23.0,0.0,0.0,0,,
2025-09-20 23:15:00-03:00,0,23,0,0,26.2,0,1.3,0,,0.0,23.0,0.0,0.0,0,,
2025-09-20 23:20:00-03:00,0,23,0,0,24.7,0,1.2,0,,0.0,23.0,0.0,0.0,0,,
2025-09-20 23:25:00-03:00,0,23,0,0,23.1,0,1.2,0,,0.0,23.0,0.0,0.0,0,,
2025-09-20 23:30:00-03:00,0,23,0,0,21.6,0,1.2,0,,0.0,23.0,0.0,0.0,0,,
2025-09-20 23:35:00-03:00,0,22,0,0,24.7,0,1.2,0,,0.0,22.0,0.0,0.0,0,,
2025-09-20 23:40:00-03:00,0,22,0,0,20.0,0,1.2,0,,0.0,22.0,0.0,0.0,0,,
2025-09-20 23:45:00-03:00,0,22,0,0,18.4,0,1.2,0,,0.0,22.0,0.0,0.0,0,,
2025-09-20 23:50:00-03:00,0,22,0,0,16.8,0,1.2,0,,0.0,22.0,0.0,0.0,0,,
2025-09-20 23:55:00-03:00,0,22,0,0,18.4,0,1.1,0,,0.0,22.0,0.0,0.0,0,,
2025-09-21 00:00:00-03:00,0,22,0,0,20.0,0,1.1,0,,0.0,22.0,0.0,0.0,0,,
2025-09-21 00:05:00-03:00,0,22,0,0,20.0,0,1.1,0,,0.0,22.0,0.0,0.0,0,,
2025-09-21 00:10:00-03:00,0,22,0,0,21.6,0,1.1,0,,0.0,22.0,0.0,0.0,0,,
2025-09-21 00:15:00-03:00,0,22,0,0,30.7,0,1.1,0,,0.0,22.0,0.0,0.0,0,,
2025-09-21 00:20:00-03:00,0,22,0,0,30.7,0,1.1,0,,0.0,22.0,0.0,0.0,0,,
2025-09-21 00:25:00-03:00,0,22,0,0,27.7,0,1.0,0,,0.0,22.0,0.0,0.0,0,,
2025-09-21 00:30:00-03:00,0,22,0,0,30.7,0,1.0,0,,0.0,22.0,0.0,0.0,0,,
2025-09-21 00:35:00-03:00,0,22,0,0,33.6,0,1.0,0,,0.0,22.0,0.0,0.0,0,,
2025-09-21 00:40:00-03:00,0,22,0,0,35.0,0,1.0,0,,0.0,22.0,0.0,0.0,0,,
2025-09-21 00:45:00-03:00,0,22,0,0,35.0,0,1.0,0,,0.0,22.0,0.0,0.0,0,,
2025-09-21 00:50:00-03:00,0,22,0,0,33.6,0,1.0,0,,0.0,22.0,0.0,0.0,0,,
2025-09-21 00:55:00-03:00,0,22,0,0,36.4,0,1.0,0,,0.0,22.0,0.0,0.0,0,,
2025-09-21 01:00:00-03:00,0,22,0,0,37.8,0,1.0,0,,0.0,22.0,0.0,0.0,0,,
2025-09-21 01:05:00-03:00,0,22,0,0,37.8,0,1.0,0,,0.0,22.0,0.0,0.0,0,,
2025-09-21 01:10:00-03:00,0,22,0,0,36.4,0,1.0,0,,0.0,22.0,0.0,0.0,0,,
2025-09-21 01:15:00-03:00,0,22,0,0,35.0,0,1.1,0,,0.0,22.0,0.0,0.0,0,,
2025-09-21 01:20:00-03:00,0,22,0,0,27.7,0,1.1,0,,0.0,22.0,0.0,0.0,0,,
2025-09-21 01:25:00-03:00,0,22,0,0,27.7,0,1.1,0,,0.0,22.0,0.0,0.0,0,,
2025-09-21 01:30:00-03:00,0,22,0,0,27.7,0,1.1,0,,0.0,22.0,0.0,0.0,0,,
2025-09-21 01:35:00-03:00,0,21,0,0,26.2,0,1.2,0,,0.0,21.0,0.0,0.0,0,,
2025-09-21 01:40:00-03:00,0,21,0,0,24.7,0,1.2,0,,0.0,21.0,0.0,0.0,0,,
2025-09-21 01:45:00-03:00,0,21,0,0,24.7,0,1.2,0,,0.0,21.0,0.0,0.0,0,,
2025-09-21 01:50:00-03:00,0,21,0,0,24.7,0,1.2,0,,0.0,21.0,0.0,0.0,0,,
2025-09-21 01:55:00-03:00,0,21,0,0,24.7,0,1.3,0,,0.0,21.0,0.0,0.0,0,,
2025-09-21 02:00:00-03:00,0,21,0,0,23.1,0,1.3,0,,0.0,21.0,0.0,0.0,0,,
2025-09-21 02:05:00-03:00,0,21,0,0,23.1,0,1.3,0,,0.0,21.0,0.0,0.0,0,,
2025-09-21 02:10:00-03:00,0,21,0,0,23.1,0,1.3,0,,0.0,21.0,0.0,0.0,0,,
2025-09-21 02:15:00-03:00,0,21,0,0,21.6,0,1.3,0,,0.0,21.0,0.0,0.0,0,,
2025-09-21 02:20:00-03:00,0,21,0,0,20.0,0,1.3,0,,0.0,21.0,0.0,0.0,0,,
2025-09-21 02:25:00-03:00,0,21,0,0,21.6,0,1.4,0,,0.0,21.0,0.0,0.0,0,,
2025-09-21 02:30:00-03:00,0,21,0,0,23.1,0,1.4,0,,0.0,21.0,0.0,0.0,0,,
2025-09-21 02:35:00-03:00,0,21,0,0,24.7,0,1.4,0,,0.0,21.0,0.0,0.0,0,,
2025-09-21 02:40:00-03:00,0,21,0,0,29.2,0,1.4,0,,0.0,21.0,0.0,0.0,0,,
2025-09-21 02:45:00-03:00,0,21,0,0,35.0,0,1.4,0,,0.0,21.0,0.0,0.0,0,,
2025-09-21 02:50:00-03:00,0,21,0,0,35.0,0,1.4,0,,0.0,21.0,0.0,0.0,0,,
2025-09-21 02:55:00-03:00,0,21,0,0,33.6,0,1.4,0,,0.0,21.0,0.0,0.0,0,,
2025-09-21 03:00:00-03:00,0,21,0,0,35.0,0,1.4,0,,0.0,21.0,0.0,0.0,0,,
2025-09-21 03:05:00-03:00,0,21,0,0,15.2,0,1.5,0,,0.0,21.0,0.0,0.0,0,,
2025-09-21 03:10:00-03:00,0,21,0,0,0.0,0,1.5,0,,0.0,21.0,0.0,0.0,0,,
2025-09-21 03:15:00-03:00,0,21,0,0,0.0,0,1.5,0,,0.0,21.0,0.0,0.0,0,,
2025-09-21 03:20:00-03:00,0,21,0,0,13.6,0,1.6,0,,0.0,21.0,0.0,0.0,0,,
2025-09-21 03:25:00-03:00,0,21,0,0,13.6,0,1.6,0,,0.0,21.0,0.0,0.0,0,,
2025-09-21 03:30:00-03:00,0,21,0,0,13.6,0,1.7,0,,0.0,21.0,0.0,0.0,0,,
2025-09-21 03:35:00-03:00,0,20,0,0,13.6,0,1.7,0,,0.0,20.0,0.0,0.0,0,,
2025-09-21 03:40:00-03:00,0,20,0,0,13.6,0,1.7,0,,0.0,20.0,0.0,0.0,0,,
2025-09-21 03:45:00-03:00,0,20,0,0,0.0,0,1.8,0,,0.0,20.0,0.0,0.0,0,,
2025-09-21 03:50:00-03:00,0,20,0,0,0.0,0,1.8,0,,0.0,20.0,0.0,0.0,0,,
2025-09-21 03:55:00-03:00,0,20,0,0,0.0,0,1.9,0,,0.0,20.0,0.0,0.0,0,,
2025-09-21 04:00:00-03:00,0,20,0,0,0.0,0,1.9,0,,0.0,20.0,0.0,0.0,0,,
2025-09-21 04:05:00-03:00,0,20,0,0,16.8,0,2.0,0,,0.0,20.0,0.0,0.0,0,,
2025-09-21 04:10:00-03:00,0,20,0,0,20.0,0,2.0,0,,0.0,20.0,0.0,0.0,0,,
2025-09-21 04:15:00-03:00,0,20,0,0,16.8,0,2.0,0,,0.0,20.0,0.0,0.0,0,,
2025-09-21 04:20:00-03:00,0,20,0,0,15.2,0,2.0,0,,0.0,20.0,0.0,0.0,0,,
2025-09-21 04:25:00-03:00,0,20,0,0,0.0,0,2.0,0,,0.0,20.0,0.0,0.0,0,,
2025-09-21 04:30:00-03:00,0,20,0,0,13.6,0,2.1,0,,0.0,20.0,0.0,0.0,0,,
2025-09-21 04:35:00-03:00,0,20,0,0,13.6,0,2.1,0,,0.0,20.0,0.0,0.0,0,,
2025-09-21 04:40:00-03:00,0,20,0,0,13.6,0,2.1,0,,0.0,20.0,0.0,0.0,0,,
2025-09-21 04:45:00-03:00,0,20,0,0,18.4,0,2.1,0,,0.0,20.0,0.0,0.0,0,,
2025-09-21 04:50:00-03:00,0,20,0,0,21.6,0,2.1,0,,0.0,20.0,0.0,0.0,0,,
2025-09-21 04:55:00-03:00,0,20,0,0,23.1,0,2.2,0,,0.0,20.0,0.0,0.0,0,,
2025-09-21 05:00:00-03:00,0,20,0,0,33.6,0,2.2,0,,0.0,20.0,0.0,0.0,0,,
2025-09-21 05:05:00-03:00,0,20,0,0,23.1,0,2.2,0,,0.0,20.0,0.0,0.0,0,,
2025-09-21 05:10:00-03:00,0,20,0,0,26.2,0,2.2,0,,0.0,20.0,0.0,0.0,0,,
2025-09-21 05:15:00-03:00,0,20,0,0,16.8,0,2.2,0,,0.0,20.0,0.0,0.0,0,,
2025-09-21 05:20:00-03:00,0,20,0,0,13.6,0,2.2,0,,0.0,20.0,0.0,0.0,0,,
2025-09-21 05:25:00-03:00,0,20,0,0,0.0,0,2.2,0,,0.0,20.0,0.0,0.0,0,,
2025-09-21 05:30:00-03:00,0,20,0,0,0.0,0,2.3,0,,0.0,20.0,0.0,0.0,0,,
2025-09-21 05:35:00-03:00,0,20,0,0,0.0,0,2.3,0,,0.0,20.0,0.0,0.0,0,,
2025-09-21 05:40:00-03:00,0,20,0,0,0.0,0,2.3,0,,0.0,20.0,0.0,0.0,0,,
2025-09-21 05:45:00-03:00,0,20,0,0,0.0,0,2.3,0,,0.28867513465506817,20.0,0.0,0.0,0,,
2025-09-21 05:50:00-03:00,0,20,0,0,32.1,0,2.3,0,,2.5878504008160648,20.0,0.0,0.0,0,,
2025-09-21 05:55:00-03:00,0,20,0,0,13.6,0,2.3,0,,5.310795181004296,20.0,0.0,0.0,0,,
2025-09-21 06:00:00-03:00,0,20,0,0,15.2,0,2.3,0,,9.296463974236302,20.0,0.0,0.0,0,,
2025-09-21 06:05:00-03:00,0,20,0,0,15.2,0,2.3,0,,16.840607489223416,20.0,0.0,0.0,0,,
2025-09-21 06:10:00-03:00,1,20,1,1,16.8,1,2.3,0,1.0,24.405041704657727,20.03125,0.0,1.0,0,0.0,0.0
2025-09-21 06:15:00-03:00,9,20,11,10,20.0,9,2.3,0,0.9,31.97536930864534,20.28125,0.0,9.0,0,10.0,2.0
2025-09-21 06:20:00-03:00,18,21,23,21,23.1,17,2.3,1,0.8095238095238095,39.53853126439402,21.53125,0.0,17.0,0,19.047619047619047,4.4
2025-09-21 06:25:00-03:00,30,21,36,35,18.4,29,2.3,1,0.8285714285714286,46.961299347054236,21.90625,0.0,29.0,0,17.142857142857142,3.154285714285714
2025-09-21 06:30:00-03:00,51,21,51,54,0.0,54,2.3,1,1.0,54.048799498903925,22.6875,0.0,54.0,0,0.0,0.0
2025-09-21 06:35:00-03:00,68,21,68,72,0.0,72,2.3,1,1.0,60.39886362567349,23.25,0.0,72.0,0,0.0,0.0
2025-09-21 06:40:00-03:00,85,21,85,90,0.0,90,2.3,1,1.0,65.59396452279849,23.8125,0.0,90.0,0,0.0,0.0
2025-09-21 06:45:00-03:00,103,21,103,109,0.0,109,2.3,1,1.0,69.43014802335802,24.40625,0.0,109.0,0,0.0,0.0
2025-09-21 06:50:00-03:00,123,22,123,129,0.0,129,2.2,1,1.0,72.3532475030828,26.03125,0.41250000000000003,128.467875,0,0.0,0.0
2025-09-21 06:55:00-03:00,142,22,142,150,0.0,150,2.2,1,1.0,74.01228399271366,26.6875,0.675,148.98749999999998,0,0.0,0.0
2025-09-21 07:00:00-03:00,162,22,162,171,0.0,171,2.2,1,1.0,74.63908107849618,27.34375,0.9375,169.396875,0,0.0,0.0
2025-09-21 07:05:00-03:00,183,22,183,192,0.0,192,2.3,1,1.0,76.20228263502192,28.0,1.2000000000000002,189.696,0,0.0,0.0
2025-09-21 07:10:00-03:00,203,22,203,214,0.0,214,2.3,1,1.0,77.48680239533964,28.6875,1.475,210.84349999999998,0,0.0,0.0
2025-09-21 07:15:00-03:00,224,23,224,236,0.0,236,2.4,1,1.0,78.39855440844036,30.375,2.15,230.92600000000002,0,0.0,0.0
2025-09-21 07:20:00-03:00,245,23,245,258,0.0,258,2.4,1,1.0,78.99923283094984,31.0625,2.4250000000000003,251.7435,0,0.0,0.0
2025-09-21 07:25:00-03:00,266,23,266,280,0.0,280,2.5,1,1.0,79.37521176301868,31.75,2.7,272.44,0,0.0,0.0
2025-09-21 07:30:00-03:00,288,23,288,303,0.0,303,2.6,1,1.0,79.63833970842782,32.46875,2.9875000000000003,293.947875,0,0.0,0.0
2025-09-21 07:35:00-03:00,309,23,309,325,0.0,325,2.6,1,1.0,79.76380853190834,33.15625,3.2625,314.396875,0,0.0,0.0
2025-09-21 07:40:00-03:00,330,24,330,347,0.0,347,2.7,1,1.0,79.72604608433926,34.84375,3.9375,333.33687499999996,0,0.0,0.0
2025-09-21 07:45:00-03:00,351,24,351,369,0.0,369,2.7,1,1.0,79.5251056223264,35.53125,4.2125,353.455875,0,0.0,0.0
2025-09-21 07:50:00-03:00,372,24,372,391,0.0,391,2.8,1,1.0,79.32365614520143,36.21875,4.4875,373.453875,0,0.0,0.0
2025-09-21 07:55:00-03:00,393,24,393,413,0.0,413,2.9,1,1.0,78.98383992752365,36.90625,4.7625,393.330875,0,0.0,0.0
2025-09-21 08:00:00-03:00,414,25,414,435,0.0,435,2.9,1,1.0,78.3933361422694,38.59375,5.4375,411.346875,0,0.0,0.0
2025-09-21 08:05:00-03:00,435,25,435,457,0.0,457,3.0,1,1.0,77.90373819170745,39.28125,5.7125,430.89387500000004,0,0.0,0.0
2025-09-21 08:10:00-03:00,455,25,455,478,0.0,478,3.0,1,1.0,77.26381410270025,39.9375,5.9750000000000005,449.4395,0,0.0,0.0
2025-09-21 08:15:00-03:00,476,25,476,500,0.0,500,3.1,1,1.0,76.6590246520636,40.625,6.25,468.75,0,0.0,0.0
2025-09-21 08:20:00-03:00,496,25,496,521,0.0,521,3.2,1,1.0,75.84209073642644,41.28125,6.5125,487.069875,0,0.0,0.0
2025-09-21 08:25:00-03:00,516,25,516,541,0.0,541,3.2,1,1.0,75.02282480967935,41.90625,6.7625,504.414875,0,0.0,0.0
2025-09-21 08:30:00-03:00,535,26,535,562,0.0,562,3.3,1,1.0,74.115798013319,43.5625,7.425000000000001,520.2715,0,0.0,0.0
2025-09-21 08:35:00-03:00,555,26,555,582,0.0,582,3.4,1,1.0,73.1960319341743,44.1875,7.675000000000001,537.3315,0,0.0,0.0
2025-09-21 08:40:00-03:00,574,26,574,603,0.0,603,3.4,1,1.0,72.20404588680475,44.84375,7.9375,555.136875,0,0.0,0.0
2025-09-21 08:45:00-03:00,593,26,593,622,0.0,622,3.5,1,1.0,71.20664550191869,45.4375,8.175,571.1515,0,0.0,0.0
2025-09-21 08:50:00-03:00,612,26,612,642,0.0,642,3.5,1,1.0,70.15324135581203,46.0625,8.425,587.9114999999999,0,0.0,0.0
2025-09-21 08:55:00-03:00,630,26,630,661,0.0,661,3.6,1,1.0,69.1355716887248,46.65625,8.6625,603.7408750000001,0,0.0,0.0
2025-09-21 09:00:00-03:00,648,26,648,680,0.0,680,3.7,1,1.0,67.92576161449067,47.25,8.9,619.48,0,0.0,0.0
2025-09-21 09:05:00-03:00,666,27,666,698,0.0,698,3.7,1,1.0,66.63258598576996,48.8125,9.525,631.5155,0,0.0,0.0
2025-09-21 09:10:00-03:00,683,27,683,717,0.0,717,3.7,1,1.0,65.3444834331944,49.40625,9.762500000000001,647.0028749999999,0,0.0,0.0
2025-09-21 09:15:00-03:00,700,27,700,734,0.0,734,3.7,1,1.0,64.04135737587816,49.9375,9.975000000000001,660.7835,0,0.0,0.0
2025-09-21 09:20:00-03:00,717,27,717,752,0.0,752,3.7,1,1.0,62.666263699538376,50.5,10.200000000000001,675.296,0,0.0,0.0
2025-09-21 09:25:00-03:00,733,27,733,769,0.0,769,3.7,1,1.0,61.33218048981974,51.03125,10.412500000000001,688.927875,0,0.0,0.0
2025-09-21 09:30:00-03:00,749,28,749,785,0.0,785,3.7,1,1.0,59.86215225605174,52.53125,11.012500000000001,698.551875,0,0.0,0.0
2025-09-21 09:35:00-03:00,765,28,765,802,0.0,802,3.8,1,1.0,58.3803490184376,53.0625,11.225000000000001,711.9755,0,0.0,0.0
2025-09-21 09:40:00-03:00,780,28,780,817,0.0,817,3.8,1,1.0,56.840219968434575,53.53125,11.412500000000001,723.759875,0,0.0,0.0
2025-09-21 09:45:00-03:00,794,28,794,833,0.0,833,3.8,1,1.0,55.38371656548042,54.03125,11.6125,736.267875,0,0.0,0.0
2025-09-21 09:50:00-03:00,809,28,809,848,0.0,848,3.8,1,1.0,53.68651994906934,54.5,11.8,747.936,0,0.0,0.0
2025-09-21 09:55:00-03:00,823,28,823,862,0.0,862,3.8,1,1.0,52.17511307358908,54.9375,11.975000000000001,758.7755,0,0.0,0.0
2025-09-21 10:00:00-03:00,836,29,836,876,0.0,876,3.9,1,1.0,50.54520928651447,56.375,12.55,766.062,0,0.0,0.0
2025-09-21 10:05:00-03:00,849,29,849,890,0.0,890,3.9,1,1.0,48.77056675719009,56.8125,12.725000000000001,776.7475000000001,0,0.0,0.0
2025-09-21 10:10:00-03:00,862,29,862,903,0.0,903,3.8,1,1.0,47.15062903271979,57.21875,12.887500000000001,786.625875,0,0.0,0.0
2025-09-21 10:15:00-03:00,874,29,874,915,0.0,915,3.8,1,1.0,45.35984073510928,57.59375,13.037500000000001,795.706875,0,0.0,0.0
2025-09-21 10:20:00-03:00,885,29,885,928,0.0,928,3.8,1,1.0,43.69799939945152,58.0,13.200000000000001,805.504,0,0.0,0.0
2025-09-21 10:25:00-03:00,896,29,896,939,0.0,939,3.8,1,1.0,42.016230630114066,58.34375,13.3375,813.7608749999999,0,0.0,0.0
2025-09-21 10:30:00-03:00,907,29,907,950,0.0,950,3.8,1,1.0,40.16066219421779,58.6875,13.475000000000001,821.9875,0,0.0,0.0
2025-09-21 10:35:00-03:00,917,29,917,961,0.0,961,3.8,1,1.0,38.27729764691847,59.03125,13.6125,830.183875,0,0.0,0.0
2025-09-21 10:40:00-03:00,927,30,927,971,0.0,971,3.8,1,1.0,36.518986344580114,60.34375,14.137500000000001,833.724875,0,0.0,0.0
2025-09-21 10:45:00-03:00,936,30,936,981,0.0,981,3.8,1,1.0,34.612464911820176,60.65625,14.262500000000001,841.084875,0,0.0,0.0
2025-09-21 10:50:00-03:00,945,30,945,990,0.0,990,3.8,1,1.0,32.54647027362528,60.9375,14.375,847.6875,0,0.0,0.0
2025-09-21 10:55:00-03:00,953,30,953,998,0.0,998,3.8,1,1.0,30.651511406689057,61.1875,14.475000000000001,853.5395,0,0.0,0.0
2025-09-21 11:00:00-03:00,961,30,961,1006,0.0,1006,3.9,1,1.0,27.44070742968653,61.4375,14.575000000000001,859.3755,0,0.0,0.0
2025-09-21 11:05:00-03:00,968,30,968,1014,0.0,1014,3.9,1,1.0,24.141470668951236,61.6875,14.675,865.1954999999999,0,0.0,0.0
2025-09-21 11:10:00-03:00,974,30,974,1020,0.0,1020,3.9,1,1.0,20.78224037852364,61.875,14.75,869.5500000000001,0,0.0,0.0
2025-09-21 11:15:00-03:00,980,30,980,1026,0.0,1026,3.9,1,1.0,18.106377580568925,62.0625,14.825000000000001,873.8955,0,0.0,0.0
2025-09-21 11:20:00-03:00,985,30,985,1032,0.0,1032,3.9,1,1.0,16.54447632803507,62.25,14.9,878.232,0,0.0,0.0
2025-09-21 11:25:00-03:00,980,30,990,1037,1.0,1026,3.9,1,0.9893924783027965,16.5059676994771,62.0625,14.825000000000001,873.8955,0,1.0607521697203472,0.010607521697203472
2025-09-21 11:30:00-03:00,935,31,995,1042,6.0,976,3.9,1,0.9366602687140115,31.230812291114916,61.5,14.600000000000001,833.504,0,6.333973128598848,0.3800383877159309
2025-09-21 11:35:00-03:00,958,31,998,1046,4.0,1001,3.9,1,0.9569789674952199,39.8142467268121,62.28125,14.912500000000001,851.7258750000001,0,4.3021032504780115,0.17208413001912046
2025-09-21 11:40:00-03:00,962,31,1002,1049,4.0,1005,3.9,1,0.9580552907530981,52.97419325968439,62.40625,14.9625,854.626875,0,4.194470924690181,0.16777883698760726
2025-09-21 11:45:00-03:00,974,31,1004,1052,3.0,1019,3.9,1,0.9686311787072244,60.78046685831234,62.84375,15.137500000000001,864.748875,0,3.1368821292775664,0.094106463878327
2025-09-21 11:50:00-03:00,986,31,1007,1054,2.0,1032,3.9,1,0.9791271347248577,64.95639563070445,63.25,15.3,874.1039999999999,0,2.0872865275142316,0.04174573055028463
2025-09-21 11:55:00-03:00,887,31,1008,1056,12.0,921,3.9,1,0.8721590909090909,88.45988647489214,59.78125,13.912500000000001,792.865875,1,12.784090909090908,1.5340909090909092
2025-09-21 12:00:00-03:00,888,31,1009,1057,12.0,921,3.9,1,0.8713339640491958,84.07608386923819,59.78125,13.912500000000001,792.865875,0,12.866603595080417,1.5439924314096498
2025-09-21 12:05:00-03:00,848,31,1010,1057,16.0,876,3.8,1,0.8287606433301797,93.1617605907217,58.375,13.350000000000001,759.0540000000001,0,17.123935666982025,2.739829706717124
2025-09-21 12:10:00-03:00,848,31,1010,1057,16.0,876,3.8,1,0.8287606433301797,99.46260908532378,58.375,13.350000000000001,759.0540000000001,0,17.123935666982025,2.739829706717124
2025-09-21 12:15:00-03:00,847,31,1009,1056,16.0,875,3.8,1,0.8285984848484849,101.98347311147101,58.34375,13.3375,758.296875,0,17.140151515151516,2.7424242424242427
2025-09-21 12:20:00-03:00,726,31,1008,1055,28.0,736,3.8,1,0.6976303317535545,98.56281645670514,54.0,11.600000000000001,650.624,1,30.23696682464455,8.466350710900475
2025-09-21 12:25:00-03:00,895,31,1006,1053,11.0,930,3.7,1,0.8831908831908832,82.30923767147878,60.0625,14.025,799.5675,1,11.68091168091168,1.2849002849002849
2025-09-21 12:30:00-03:00,763,32,1004,1051,24.0,779,3.7,1,0.7411988582302569,83.9160384858038,56.34375,12.537500000000001,681.332875,1,25.88011417697431,6.211227402473835
2025-09-21 12:35:00-03:00,741,32,1001,1048,26.0,753,3.7,1,0.7185114503816794,78.71751374183741,55.53125,12.2125,661.0398749999999,0,28.148854961832058,7.3187022900763345
2025-09-21 12:40:00-03:00,728,32,997,1044,27.0,739,3.7,1,0.7078544061302682,79.7288967043716,55.09375,12.037500000000001,650.042875,0,29.214559386973182,7.887931034482759
2025-09-21 12:45:00-03:00,715,32,993,1040,28.0,725,3.6,1,0.6971153846153846,83.60295775541636,54.65625,11.8625,638.996875,0,30.288461538461537,8.48076923076923
2025-09-21 12:50:00-03:00,742,32,989,1035,25.0,756,3.6,1,0.7304347826086957,85.40185754845533,55.625,12.25,663.39,0,26.956521739130434,6.739130434782608
2025-09-21 12:55:00-03:00,689,32,984,1030,30.0,695,3.6,1,0.6747572815533981,84.5642574399079,53.71875,11.4875,615.161875,0,32.5242718446602,9.75728155339806
2025-09-21 13:00:00-03:00,841,32,978,1024,14.0,871,3.5,1,0.8505859375,78.55725570717082,59.21875,13.6875,751.781875,1,14.94140625,2.091796875
2025-09-21 13:05:00-03:00,856,32,972,1018,12.0,887,3.5,1,0.8713163064833006,78.91820660235969,59.71875,13.887500000000001,763.8178750000001,0,12.868369351669942,1.5442043222003932
2025-09-21 13:10:00-03:00,879,32,966,1011,9.0,914,3.5,1,0.904055390702275,77.88389766280902,60.5625,14.225000000000001,783.9835,0,9.594460929772502,0.8635014836795253
2025-09-21 13:15:00-03:00,862,32,958,1003,10.0,896,3.4,1,0.8933200398803589,80.47472782297069,60.0,14.0,770.56,0,10.667996011964108,1.0667996011964107
2025-09-21 13:20:00-03:00,732,32,951,995,23.0,748,3.4,1,0.7517587939698492,109.09948198637963,55.375,12.15,657.118,1,24.824120603015075,5.709547738693467
2025-09-21 13:25:00-03:00,707,32,942,986,25.0,719,3.4,1,0.72920892494929,132.59607723069757,54.46875,11.787500000000001,634.247875,0,27.079107505070994,6.769776876267748
2025-09-21 13:30:00-03:00,793,32,933,977,15.0,820,3.3,1,0.8393039918116684,183.35317385754684,57.625,13.05,712.9899999999999,1,16.069600818833162,2.4104401228249746
2025-09-21 13:35:00-03:00,776,32,924,967,16.0,801,3.3,1,0.828335056876939,193.09606652930654,57.03125,12.8125,698.3718749999999,0,17.166494312306103,2.7466390899689763
2025-09-21 13:40:00-03:00,695,32,914,957,24.0,708,3.3,1,0.7398119122257053,207.57654666958942,54.125,11.65,625.5179999999999,0,26.01880877742947,6.244514106583073
2025-09-21 13:45:00-03:00,542,33,904,946,40.0,535,3.2,1,0.5655391120507399,199.11628626143315,49.71875,9.887500000000001,482.10187499999995,1,43.446088794926006,17.378435517970402
2025-09-21 13:50:00-03:00,527,33,893,935,41.0,519,3.2,1,0.5550802139037433,183.04567653175877,49.21875,9.6875,468.72187499999995,0,44.49197860962567,18.241711229946524
2025-09-21 13:55:00-03:00,326,33,882,923,63.0,321,3.2,1,0.3477789815817985,174.0843578164426,43.03125,7.2125,297.847875,1,65.22210184182016,41.0899241603467
2025-09-21 14:00:00-03:00,461,33,870,911,47.0,454,3.1,1,0.4983534577387486,170.78346648385497,47.1875,8.875,413.7075,1,50.16465422612514,23.577387486278813
2025-09-21 14:05:00-03:00,343,33,858,898,60.0,338,3.1,1,0.37639198218262804,157.2291080692186,43.5625,7.425000000000001,312.9035,1,62.360801781737194,37.41648106904231
2025-09-21 14:10:00-03:00,423,33,845,885,50.0,416,3.1,1,0.47005649717514125,150.03966647240694,46.0,8.4,381.05600000000004,0,52.99435028248588,26.49717514124294
2025-09-21 14:15:00-03:00,425,33,832,871,49.0,418,3.0,1,0.4799081515499426,161.21590548645557,46.0625,8.425,382.7835,0,52.00918484500574,25.484500574052813
2025-09-21 14:20:00-03:00,524,32,819,857,36.0,521,3.0,1,0.6079346557759626,175.63564213415899,48.28125,9.3125,472.481875,1,39.206534422403735,14.114352392065344
2025-09-21 14:25:00-03:00,660,32,805,843,18.0,678,3.0,1,0.8042704626334519,183.8128165149293,53.1875,11.275,601.5554999999999,1,19.572953736654807,3.5231316725978647
2025-09-21 14:30:00-03:00,688,32,791,828,13.0,712,2.9,1,0.8599033816425121,170.15988470740064,54.25,11.700000000000001,628.696,0,14.009661835748794,1.8212560386473433
2025-09-21 14:35:00-03:00,721,32,776,812,7.0,751,2.9,1,0.9248768472906403,165.0826009957277,55.46875,12.1875,659.4718750000001,0,7.512315270935961,0.5258620689655173
2025-09-21 14:40:00-03:00,760,32,760,796,0.0,796,2.9,1,1.0,136.04642144458717,56.875,12.75,694.51,0,0.0,0.0
2025-09-21 14:45:00-03:00,745,32,745,780,0.0,780,2.9,1,1.0,111.31718264272841,56.375,12.55,682.11,0,0.0,0.0
2025-09-21 14:50:00-03:00,721,32,729,763,1.0,755,2.8,1,0.9895150720838795,73.23354091637856,55.59375,12.2375,662.606875,0,1.0484927916120577,0.010484927916120577
2025-09-21 14:55:00-03:00,712,32,712,746,0.0,746,2.8,1,1.0,47.959184035309605,55.3125,12.125,655.5475,0,0.0,0.0
2025-09-21 15:00:00-03:00,696,32,696,728,0.0,728,2.8,1,1.0,53.37765677157073,54.75,11.9,641.368,0,0.0,0.0
2025-09-21 15:05:00-03:00,667,32,679,710,1.7,698,2.7,1,0.9830985915492958,68.75957233635309,53.8125,11.525,617.5555,0,1.6901408450704223,0.028732394366197175
2025-09-21 15:10:00-03:00,626,32,661,693,5.3,653,2.7,1,0.9422799422799423,74.8566306449506,52.40625,10.9625,581.414875,0,5.772005772005772,0.3059163059163059
2025-09-21 15:15:00-03:00,644,32,644,674,0.0,674,2.7,1,1.0,96.84038726719369,53.0625,11.225000000000001,598.3435000000001,0,0.0,0.0
2025-09-21 15:20:00-03:00,626,32,626,656,0.0,656,2.7,1,1.0,92.83220444338082,52.5,11.0,583.84,0,0.0,0.0
2025-09-21 15:25:00-03:00,602,32,608,637,1.0,630,2.6,1,0.989010989010989,121.58757287974538,51.6875,10.675,562.7475,0,1.098901098901099,0.01098901098901099
2025-09-21 15:30:00-03:00,543,32,589,617,7.9,565,2.6,1,0.9157212317666127,133.99864314102558,49.65625,9.8625,509.276875,0,8.427876823338735,0.6658022690437602
2025-09-21 15:35:00-03:00,558,32,571,598,2.2,583,2.6,1,0.9749163879598662,140.9637821526774,50.21875,10.0875,524.1898749999999,0,2.508361204013378,0.05518394648829432
2025-09-21 15:40:00-03:00,428,32,552,578,22.4,436,2.5,1,0.754325259515571,148.21020596272987,45.625,8.25,400.03,1,24.567474048442904,5.50311418685121
2025-09-21 15:45:00-03:00,531,32,532,558,0.3,556,2.5,1,0.996415770609319,144.38088830967416,49.375,9.75,501.78999999999996,1,0.35842293906810035,0.001075268817204301
2025-09-21 15:50:00-03:00,333,32,513,537,35.1,330,2.5,1,0.6145251396648045,138.5414280016162,42.3125,6.925000000000001,307.1475,1,38.547486033519554,13.530167597765365
2025-09-21 15:55:00-03:00,342,32,493,517,30.5,343,2.5,1,0.6634429400386848,125.28691314762439,42.71875,7.0875,318.689875,0,33.65570599613153,10.264990328820117
2025-09-21 16:00:00-03:00,327,32,473,496,30.8,328,2.4,1,0.6612903225806451,108.76702235289407,42.25,6.9,305.368,0,33.87096774193548,10.432258064516128
2025-09-21 16:05:00-03:00,290,32,453,475,36.0,287,2.4,1,0.6042105263157894,95.9180126541151,40.96875,6.3875,268.667875,0,39.578947368421055,14.24842105263158
2025-09-21 16:10:00-03:00,364,31,432,453,15.8,375,2.5,1,0.8278145695364238,71.97516406667029,42.71875,7.0875,348.421875,0,17.218543046357617,2.720529801324503
2025-09-21 16:15:00-03:00,302,31,412,432,26.6,305,2.5,1,0.7060185185185185,69.40717585816282,40.53125,6.2125,286.051875,0,29.398148148148145,7.819907407407408
2025-09-21 16:20:00-03:00,328,31,391,410,16.1,337,2.6,1,0.8219512195121951,28.843884914650655,41.53125,6.612500000000001,314.715875,0,17.804878048780488,2.8665853658536586
2025-09-21 16:25:00-03:00,325,31,370,388,12.2,336,2.6,1,0.865979381443299,33.68964862153281,41.5,6.6000000000000005,313.82399999999996,0,13.402061855670103,1.6350515463917525
2025-09-21 16:30:00-03:00,330,31,349,366,5.3,345,2.7,1,0.9426229508196722,45.12700931478743,41.78125,6.7125,321.841875,0,5.737704918032787,0.3040983606557377
2025-09-21 16:35:00-03:00,320,31,328,344,2.5,334,2.8,1,0.9709302325581395,52.949947778037775,41.4375,6.575,312.03950000000003,0,2.9069767441860463,0.07267441860465115
2025-09-21 16:40:00-03:00,289,31,307,322,5.9,301,2.8,1,0.9347826086956522,59.846520873030116,40.40625,6.1625000000000005,282.450875,0,6.521739130434782,0.3847826086956522
2025-09-21 16:45:00-03:00,259,31,286,300,9.3,269,2.9,1,0.8966666666666666,63.694583757176694,39.40625,5.7625,253.498875,0,10.333333333333334,0.9610000000000001
2025-09-21 16:50:00-03:00,252,31,265,278,4.8,263,3.0,1,0.9460431654676259,70.63365795683849,39.21875,5.6875,248.041875,0,5.39568345323741,0.2589928057553957
2025-09-21 16:55:00-03:00,204,31,244,255,16.3,209,3.1,1,0.8196078431372549,73.73416625098106,37.53125,5.0125,198.523875,0,18.03921568627451,2.940392156862745
2025-09-21 17:00:00-03:00,200,30,223,234,10.3,207,3.1,1,0.8846153846153846,76.89406329292946,36.46875,4.5875,197.503875,0,11.538461538461538,1.1884615384615385
2025-09-21 17:05:00-03:00,193,30,202,212,4.4,201,3.2,1,0.9481132075471698,76.68886371685218,36.28125,4.5125,191.929875,0,5.188679245283019,0.22830188679245286
2025-09-21 17:10:00-03:00,159,30,181,190,12.5,163,3.1,1,0.8578947368421053,73.93281143079,35.09375,4.0375000000000005,156.41887499999999,0,14.210526315789473,1.776315789473684
2025-09-21 17:15:00-03:00,152,30,161,169,5.5,158,3.1,1,0.9349112426035503,72.35329985564017,34.9375,3.975,151.7195,0,6.508875739644971,0.3579881656804734
2025-09-21 17:20:00-03:00,136,30,141,148,3.6,142,3.1,1,0.9594594594594594,71.4567044164564,34.4375,3.7750000000000004,136.6395,0,4.054054054054054,0.14594594594594595
2025-09-21 17:25:00-03:00,107,30,122,128,11.9,110,3.1,1,0.859375,67.15399534584176,33.4375,3.375,106.28750000000001,0,14.0625,1.6734375
2025-09-21 17:30:00-03:00,84,30,103,108,18.3,85,3.1,1,0.7870370370370371,67.34865187285625,32.65625,3.0625,82.396875,0,21.296296296296298,3.897222222222223
2025-09-21 17:35:00-03:00,68,30,85,89,19.8,68,3.0,1,0.7640449438202247,64.70978334538266,32.125,2.85,66.062,0,23.595505617977526,4.671910112359551
2025-09-21 17:40:00-03:00,52,29,68,71,23.1,51,3.0,1,0.7183098591549296,58.745148091078605,30.59375,2.2375000000000003,49.858875,0,28.169014084507044,6.507042253521128
2025-09-21 17:45:00-03:00,40,29,52,54,23.1,39,3.0,1,0.7222222222222222,54.59409447472782,30.21875,2.0875,38.185875,0,27.77777777777778,6.416666666666668
2025-09-21 17:50:00-03:00,28,29,37,36,23.1,28,3.0,1,0.7777777777777778,47.03254836877312,29.875,1.9500000000000002,27.454,0,22.22222222222222,5.133333333333334
2025-09-21 17:55:00-03:00,17,29,24,22,29.2,17,2.9,1,0.7727272727272727,37.48656324928736,29.53125,1.8125,16.691875,0,22.727272727272727,6.636363636363637
2025-09-21 18:00:00-03:00,8,29,12,12,37.8,7,2.9,0,0.5833333333333334,29.836930543251885,29.21875,1.6875,6.881875,0,41.66666666666667,15.75
2025-09-21 18:05:00-03:00,1,29,2,2,37.8,1,2.9,0,0.5,23.662238168692756,29.03125,1.6125,0.983875,0,50.0,18.9
2025-09-21 18:10:00-03:00,0,29,0,0,43.2,0,2.7,0,,17.941614062061138,29.0,1.6,0.0,0,,
2025-09-21 18:15:00-03:00,0,29,0,0,44.5,0,2.6,0,,13.275632724765565,29.0,1.6,0.0,0,,
2025-09-21 18:20:00-03:00,0,29,0,0,43.2,0,2.5,0,,8.989471956742163,29.0,1.6,0.0,0,,
2025-09-21 18:25:00-03:00,0,29,0,0,71.2,0,2.3,0,,5.107184482059076,29.0,1.6,0.0,0,,
2025-09-21 18:30:00-03:00,0,29,0,0,73.8,0,2.2,0,,2.015094553875868,29.0,1.6,0.0,0,,
2025-09-21 18:35:00-03:00,0,29,0,0,74.7,0,2.1,0,,0.28867513538310696,29.0,1.6,0.0,0,,
2025-09-21 18:40:00-03:00,0,28,0,0,73.8,0,2.0,0,,0.0,28.0,1.2000000000000002,0.0,0,,
2025-09-21 18:45:00-03:00,0,28,0,0,64.3,0,1.9,0,,0.0,28.0,1.2000000000000002,0.0,0,,
2025-09-21 18:50:00-03:00,0,28,0,0,64.3,0,1.7,0,,0.0,28.0,1.2000000000000002,0.0,0,,
2025-09-21 18:55:00-03:00,0,28,0,0,67.4,0,1.6,0,,0.0,28.0,1.2000000000000002,0.0,0,,
2025-09-21 19:00:00-03:00,0,28,0,0,70.2,0,1.5,0,,0.0,28.0,1.2000000000000002,0.0,0,,
2025-09-21 19:05:00-03:00,0,28,0,0,68.3,0,1.5,0,,0.0,28.0,1.2000000000000002,0.0,0,,
2025-09-21 19:10:00-03:00,0,28,0,0,69.3,0,1.5,0,,0.0,28.0,1.2000000000000002,0.0,0,,
2025-09-21 19:15:00-03:00,0,28,0,0,63.3,0,1.5,0,,0.0,28.0,1.2000000000000002,0.0,0,,
2025-09-21 19:20:00-03:00,0,28,0,0,65.4,0,1.6,0,,0.0,28.0,1.2000000000000002,0.0,0,,
2025-09-21 19:25:00-03:00,0,28,0,0,63.3,0,1.6,0,,0.0,28.0,1.2000000000000002,0.0,0,,
2025-09-21 19:30:00-03:00,0,28,0,0,62.3,0,1.7,0,,0.0,28.0,1.2000000000000002,0.0,0,,
2025-09-21 19:35:00-03:00,0,28,0,0,65.4,0,1.8,0,,0.0,28.0,1.2000000000000002,0.0,0,,
2025-09-21 19:40:00-03:00,0,28,0,0,71.2,0,1.9,0,,0.0,28.0,1.2000000000000002,0.0,0,,
2025-09-21 19:45:00-03:00,0,28,0,0,71.2,0,1.9,0,,0.0,28.0,1.2000000000000002,0.0,0,,
2025-09-21 19:50:00-03:00,0,28,0,0,71.2,0,2.0,0,,0.0,28.0,1.2000000000000002,0.0,0,,
2025-09-21 19:55:00-03:00,0,28,0,0,68.3,0,2.1,0,,0.0,28.0,1.2000000000000002,0.0,0,,
2025-09-21 20:00:00-03:00,0,28,0,0,67.4,0,2.2,0,,0.0,28.0,1.2000000000000002,0.0,0,,
2025-09-21 20:05:00-03:00,0,28,0,0,69.3,0,2.3,0,,0.0,28.0,1.2000000000000002,0.0,0,,
2025-09-21 20:10:00-03:00,0,27,0,0,71.2,0,2.3,0,,0.0,27.0,0.8,0.0,0,,
2025-09-21 20:15:00-03:00,0,27,0,0,70.2,0,2.3,0,,0.0,27.0,0.8,0.0,0,,
2025-09-21 20:20:00-03:00,0,27,0,0,72.1,0,2.3,0,,0.0,27.0,0.8,0.0,0,,
2025-09-21 20:25:00-03:00,0,27,0,0,70.2,0,2.3,0,,0.0,27.0,0.8,0.0,0,,
2025-09-21 20:30:00-03:00,0,27,0,0,68.3,0,2.3,0,,0.0,27.0,0.8,0.0,0,,
2025-09-21 20:35:00-03:00,0,27,0,0,69.3,0,2.3,0,,0.0,27.0,0.8,0.0,0,,
2025-09-21 20:40:00-03:00,0,27,0,0,66.4,0,2.3,0,,0.0,27.0,0.8,0.0,0,,
2025-09-21 20:45:00-03:00,0,27,0,0,65.4,0,2.2,0,,0.0,27.0,0.8,0.0,0,,
2025-09-21 20:50:00-03:00,0,27,0,0,62.3,0,2.2,0,,0.0,27.0,0.8,0.0,0,,
2025-09-21 20:55:00-03:00,0,27,0,0,65.4,0,2.2,0,,0.0,27.0,0.8,0.0,0,,
2025-09-21 21:00:00-03:00,0,26,0,0,67.4,0,2.2,0,,0.0,26.0,0.4,0.0,0,,
2025-09-21 21:05:00-03:00,0,26,0,0,68.3,0,2.2,0,,0.0,26.0,0.4,0.0,0,,
2025-09-21 21:10:00-03:00,0,26,0,0,72.1,0,2.0,0,,0.0,26.0,0.4,0.0,0,,
2025-09-21 21:15:00-03:00,0,26,0,0,75.5,0,1.9,0,,0.0,26.0,0.4,0.0,0,,
2025-09-21 21:20:00-03:00,0,26,0,0,78.0,0,1.7,0,,0.0,26.0,0.4,0.0,0,,
2025-09-21 21:25:00-03:00,0,26,0,0,78.8,0,1.6,0,,0.0,26.0,0.4,0.0,0,,
2025-09-21 21:30:00-03:00,0,26,0,0,78.8,0,1.5,0,,0.0,26.0,0.4,0.0,0,,
2025-09-21 21:35:00-03:00,0,26,0,0,78.8,0,1.4,0,,0.0,26.0,0.4,0.0,0,,
2025-09-21 21:40:00-03:00,0,26,0,0,77.2,0,1.3,0,,0.0,26.0,0.4,0.0,0,,
2025-09-21 21:45:00-03:00,0,26,0,0,76.4,0,1.3,0,,0.0,26.0,0.4,0.0,0,,
2025-09-21 21:50:00-03:00,0,26,0,0,75.5,0,1.3,0,,0.0,26.0,0.4,0.0,0,,
2025-09-21 21:55:00-03:00,0,26,0,0,74.7,0,1.3,0,,0.0,26.0,0.4,0.0,0,,
2025-09-21 22:00:00-03:00,0,26,0,0,72.1,0,1.3,0,,0.0,26.0,0.4,0.0,0,,
2025-09-21 22:05:00-03:00,0,26,0,0,70.2,0,1.3,0,,0.0,26.0,0.4,0.0,0,,
2025-09-21 22:10:00-03:00,0,26,0,0,72.1,0,1.4,0,,0.0,26.0,0.4,0.0,0,,
2025-09-21 22:15:00-03:00,0,26,0,0,70.2,0,1.4,0,,0.0,26.0,0.4,0.0,0,,
2025-09-21 22:20:00-03:00,0,26,0,0,71.2,0,1.4,0,,0.0,26.0,0.4,0.0,0,,
2025-09-21 22:25:00-03:00,0,26,0,0,66.4,0,1.4,0,,0.0,26.0,0.4,0.0,0,,
2025-09-21 22:30:00-03:00,0,26,0,0,62.3,0,1.4,0,,0.0,26.0,0.4,0.0,0,,
2025-09-21 22:35:00-03:00,0,26,0,0,60.1,0,1.5,0,,0.0,26.0,0.4,0.0,0,,
2025-09-21 22:40:00-03:00,0,26,0,0,57.9,0,1.5,0,,0.0,26.0,0.4,0.0,0,,
2025-09-21 22:45:00-03:00,0,26,0,0,59.0,0,1.5,0,,0.0,26.0,0.4,0.0,0,,
2025-09-21 22:50:00-03:00,0,26,0,0,62.3,0,1.6,0,,0.0,26.0,0.4,0.0,0,,
2025-09-21 22:55:00-03:00,0,26,0,0,60.1,0,1.6,0,,0.0,26.0,0.4,0.0,0,,
2025-09-21 23:00:00-03:00,0,26,0,0,63.3,0,1.6,0,,0.0,26.0,0.4,0.0,0,,
2025-09-21 23:05:00-03:00,0,26,0,0,64.3,0,1.6,0,,0.0,26.0,0.4,0.0,0,,
2025-09-21 23:10:00-03:00,0,26,0,0,69.3,0,1.6,0,,0.0,26.0,0.4,0.0,0,,
2025-09-21 23:15:00-03:00,0,26,0,0,72.1,0,1.5,0,,0.0,26.0,0.4,0.0,0,,
2025-09-21 23:20:00-03:00,0,26,0,0,73.0,0,1.5,0,,0.0,26.0,0.4,0.0,0,,
2025-09-21 23:25:00-03:00,0,26,0,0,73.0,0,1.5,0,,0.0,26.0,0.4,0.0,0,,
2025-09-21 23:30:00-03:00,0,26,0,0,73.0,0,1.4,0,,0.0,26.0,0.4,0.0,0,,
2025-09-21 23:35:00-03:00,0,26,0,0,73.0,0,1.4,0,,0.0,26.0,0.4,0.0,0,,
2025-09-21 23:40:00-03:00,0,26,0,0,72.1,0,1.4,0,,0.0,26.0,0.4,0.0,0,,
2025-09-21 23:45:00-03:00,0,26,0,0,73.8,0,1.4,0,,0.0,26.0,0.4,0.0,0,,
2025-09-21 23:50:00-03:00,0,26,0,0,72.1,0,1.4,0,,0.0,26.0,0.4,0.0,0,,
2025-09-21 23:55:00-03:00,0,26,0,0,73.8,0,1.3,0,,0.0,26.0,0.4,0.0,0,,
2025-09-22 00:00:00-03:00,0,26,0,0,73.8,0,1.3,0,,0.0,26.0,0.4,0.0,0,,
2025-09-22 00:05:00-03:00,0,26,0,0,74.7,0,1.3,0,,0.0,26.0,0.4,0.0,0,,
2025-09-22 00:10:00-03:00,0,26,0,0,70.2,0,1.3,0,,0.0,26.0,0.4,0.0,0,,
2025-09-22 00:15:00-03:00,0,26,0,0,71.2,0,1.3,0,,0.0,26.0,0.4,0.0,0,,
2025-09-22 00:20:00-03:00,0,26,0,0,66.4,0,1.3,0,,0.0,26.0,0.4,0.0,0,,
2025-09-22 00:25:00-03:00,0,26,0,0,67.4,0,1.3,0,,0.0,26.0,0.4,0.0,0,,
2025-09-22 00:30:00-03:00,0,26,0,0,65.4,0,1.3,0,,0.0,26.0,0.4,0.0,0,,
2025-09-22 00:35:00-03:00,0,26,0,0,62.3,0,1.4,0,,0.0,26.0,0.4,0.0,0,,
2025-09-22 00:40:00-03:00,0,26,0,0,53.2,0,1.4,0,,0.0,26.0,0.4,0.0,0,,
2025-09-22 00:45:00-03:00,0,26,0,0,56.7,0,1.4,0,,0.0,26.0,0.4,0.0,0,,
2025-09-22 00:50:00-03:00,0,26,0,0,57.9,0,1.4,0,,0.0,26.0,0.4,0.0,0,,
2025-09-22 00:55:00-03:00,0,26,0,0,60.1,0,1.4,0,,0.0,26.0,0.4,0.0,0,,
2025-09-22 01:00:00-03:00,0,26,0,0,50.8,0,1.4,0,,0.0,26.0,0.4,0.0,0,,
2025-09-22 01:05:00-03:00,0,26,0,0,47.1,0,1.5,0,,0.0,26.0,0.4,0.0,0,,
2025-09-22 01:10:00-03:00,0,25,0,0,40.5,0,1.5,0,,0.0,25.0,0.0,0.0,0,,
2025-09-22 01:15:00-03:00,0,25,0,0,44.5,0,1.6,0,,0.0,25.0,0.0,0.0,0,,
2025-09-22 01:20:00-03:00,0,25,0,0,53.2,0,1.6,0,,0.0,25.0,0.0,0.0,0,,
2025-09-22 01:25:00-03:00,0,25,0,0,49.6,0,1.7,0,,0.0,25.0,0.0,0.0,0,,
2025-09-22 01:30:00-03:00,0,25,0,0,49.6,0,1.7,0,,0.0,25.0,0.0,0.0,0,,
2025-09-22 01:35:00-03:00,0,25,0,0,43.2,0,1.8,0,,0.0,25.0,0.0,0.0,0,,
2025-09-22 01:40:00-03:00,0,25,0,0,48.4,0,1.8,0,,0.0,25.0,0.0,0.0,0,,
2025-09-22 01:45:00-03:00,0,25,0,0,41.9,0,1.9,0,,0.0,25.0,0.0,0.0,0,,
2025-09-22 01:50:00-03:00,0,25,0,0,39.2,0,1.9,0,,0.0,25.0,0.0,0.0,0,,
2025-09-22 01:55:00-03:00,0,25,0,0,36.4,0,2.0,0,,0.0,25.0,0.0,0.0,0,,
2025-09-22 02:00:00-03:00,0,25,0,0,37.8,0,2.0,0,,0.0,25.0,0.0,0.0,0,,
2025-09-22 02:05:00-03:00,0,25,0,0,37.8,0,2.1,0,,0.0,25.0,0.0,0.0,0,,
2025-09-22 02:10:00-03:00,0,25,0,0,37.8,0,2.1,0,,0.0,25.0,0.0,0.0,0,,
2025-09-22 02:15:00-03:00,0,25,0,0,29.2,0,2.1,0,,0.0,25.0,0.0,0.0,0,,
2025-09-22 02:20:00-03:00,0,25,0,0,21.6,0,2.1,0,,0.0,25.0,0.0,0.0,0,,
2025-09-22 02:25:00-03:00,0,25,0,0,30.7,0,2.1,0,,0.0,25.0,0.0,0.0,0,,
2025-09-22 02:30:00-03:00,0,25,0,0,45.8,0,2.1,0,,0.0,25.0,0.0,0.0,0,,
2025-09-22 02:35:00-03:00,0,25,0,0,48.4,0,2.1,0,,0.0,25.0,0.0,0.0,0,,
2025-09-22 02:40:00-03:00,0,25,0,0,50.8,0,2.1,0,,0.0,25.0,0.0,0.0,0,,
2025-09-22 02:45:00-03:00,0,25,0,0,53.2,0,2.2,0,,0.0,25.0,0.0,0.0,0,,
2025-09-22 02:50:00-03:00,0,25,0,0,52.0,0,2.2,0,,0.0,25.0,0.0,0.0,0,,
2025-09-22 02:55:00-03:00,0,25,0,0,53.2,0,2.2,0,,0.0,25.0,0.0,0.0,0,,
2025-09-22 03:00:00-03:00,0,25,0,0,52.0,0,2.2,0,,0.0,25.0,0.0,0.0,0,,
2025-09-22 03:05:00-03:00,0,24,0,0,55.6,0,2.2,0,,0.0,24.0,0.0,0.0,0,,
2025-09-22 03:10:00-03:00,0,24,0,0,55.6,0,2.2,0,,0.0,24.0,0.0,0.0,0,,
2025-09-22 03:15:00-03:00,0,24,0,0,55.6,0,2.2,0,,0.0,24.0,0.0,0.0,0,,
2025-09-22 03:20:00-03:00,0,24,0,0,57.9,0,2.2,0,,0.0,24.0,0.0,0.0,0,,
2025-09-22 03:25:00-03:00,0,24,0,0,66.4,0,2.1,0,,0.0,24.0,0.0,0.0,0,,
2025-09-22 03:30:00-03:00,0,24,0,0,68.3,0,2.1,0,,0.0,24.0,0.0,0.0,0,,
2025-09-22 03:35:00-03:00,0,24,0,0,66.4,0,2.1,0,,0.0,24.0,0.0,0.0,0,,
2025-09-22 03:40:00-03:00,0,24,0,0,60.1,0,2.1,0,,0.0,24.0,0.0,0.0,0,,
2025-09-22 03:45:00-03:00,0,23,0,0,59.0,0,2.1,0,,0.0,23.0,0.0,0.0,0,,
2025-09-22 03:50:00-03:00,0,23,0,0,53.2,0,2.1,0,,0.0,23.0,0.0,0.0,0,,
2025-09-22 03:55:00-03:00,0,23,0,0,61.2,0,2.1,0,,0.0,23.0,0.0,0.0,0,,
2025-09-22 04:00:00-03:00,0,23,0,0,61.2,0,2.1,0,,0.0,23.0,0.0,0.0,0,,
2025-09-22 04:05:00-03:00,0,23,0,0,62.3,0,2.1,0,,0.0,23.0,0.0,0.0,0,,
2025-09-22 04:10:00-03:00,0,23,0,0,55.6,0,2.0,0,,0.0,23.0,0.0,0.0,0,,
2025-09-22 04:15:00-03:00,0,23,0,0,61.2,0,2.0,0,,0.0,23.0,0.0,0.0,0,,
2025-09-22 04:20:00-03:00,0,23,0,0,53.2,0,2.0,0,,0.0,23.0,0.0,0.0,0,,
2025-09-22 04:25:00-03:00,0,23,0,0,47.1,0,2.0,0,,0.0,23.0,0.0,0.0,0,,
2025-09-22 04:30:00-03:00,0,23,0,0,40.5,0,2.0,0,,0.0,23.0,0.0,0.0,0,,
2025-09-22 04:35:00-03:00,0,23,0,0,44.5,0,1.9,0,,0.0,23.0,0.0,0.0,0,,
2025-09-22 04:40:00-03:00,0,23,0,0,44.5,0,1.9,0,,0.0,23.0,0.0,0.0,0,,
2025-09-22 04:45:00-03:00,0,23,0,0,39.2,0,1.9,0,,0.0,23.0,0.0,0.0,0,,
2025-09-22 04:50:00-03:00,0,23,0,0,43.2,0,1.9,0,,0.0,23.0,0.0,0.0,0,,
2025-09-22 04:55:00-03:00,0,23,0,0,39.2,0,1.9,0,,0.0,23.0,0.0,0.0,0,,
2025-09-22 05:00:00-03:00,0,22,0,0,37.8,0,1.9,0,,0.0,22.0,0.0,0.0,0,,
2025-09-22 05:05:00-03:00,0,22,0,0,45.8,0,1.8,0,,0.0,22.0,0.0,0.0,0,,
2025-09-22 05:10:00-03:00,0,22,0,0,49.6,0,1.7,0,,0.0,22.0,0.0,0.0,0,,
2025-09-22 05:15:00-03:00,0,22,0,0,55.6,0,1.7,0,,0.0,22.0,0.0,0.0,0,,
2025-09-22 05:20:00-03:00,0,22,0,0,60.1,0,1.6,0,,0.0,22.0,0.0,0.0,0,,
2025-09-22 05:25:00-03:00,0,22,0,0,56.7,0,1.6,0,,0.0,22.0,0.0,0.0,0,,
2025-09-22 05:30:00-03:00,0,22,0,0,57.9,0,1.5,0,,,22.0,0.0,0.0,0,,
2025-09-22 05:35:00-03:00,0,22,0,0,62.3,0,1.4,0,,,22.0,0.0,0.0,0,,
2025-09-22 05:40:00-03:00,0,22,0,0,59.0,0,1.4,0,,,22.0,0.0,0.0,0,,
2025-09-22 05:45:00-03:00,0,22,0,0,56.7,0,1.3,0,,,22.0,0.0,0.0,0,,
2025-09-22 05:50:00-03:00,0,22,0,0,57.9,0,1.2,0,,,22.0,0.0,0.0,0,,
