date_time,ghi,air_temp,cape,clearsky_ghi,clearsky_gti,cloud_opacity,cloud_opacity10,cloud_opacity90,ghi10,ghi90,gti,gti10,gti90,wind_speed_10m,is_solar,csi,gti_varh,cell_temp,temp_loss_pct,gti_net,gti_jumps,gti_def_pct,cloud_impact
2025-09-22 05:55:00-03:00,0,22,20,0,0,33.6,60.1,15.2,0,0,0,0,0,1.2,0,,,22.0,0.0,0.0,0,,
2025-09-22 06:00:00-03:00,0,22,19,0,0,37.8,64.3,0.0,0,0,0,0,0,1.1,0,,,22.0,0.0,0.0,0,,
2025-09-22 06:05:00-03:00,0,22,18,0,0,35.0,61.2,0.0,0,0,0,0,0,1.1,0,,,22.0,0.0,0.0,0,,
2025-09-22 06:10:00-03:00,1,22,17,2,2,33.6,61.2,0.0,1,2,1,1,2,1.1,0,0.5,,22.03125,0.0,1.0,0,50.0,16.8
2025-09-22 06:15:00-03:00,8,22,16,11,11,27.7,50.8,0.0,6,11,8,5,11,1.1,0,0.7272727272727273,,22.25,0.0,8.0,0,27.27272727272727,7.554545454545454
2025-09-22 06:20:00-03:00,15,23,15,22,21,33.6,65.4,0.0,8,22,14,8,21,1.2,1,0.6666666666666666,,23.4375,0.0,14.0,0,33.33333333333333,11.2
2025-09-22 06:25:00-03:00,21,23,14,34,33,37.8,63.3,0.0,13,34,21,12,33,1.2,1,0.6363636363636364,27.317992738719425,23.65625,0.0,21.0,0,36.36363636363637,13.745454545454544
2025-09-22 06:30:00-03:00,27,23,13,48,49,44.5,62.3,15.2,18,41,26,18,40,1.2,1,0.5306122448979592,34.79115178352453,23.8125,0.0,26.0,0,46.93877551020408,20.887755102040813
2025-09-22 06:35:00-03:00,32,23,12,63,65,48.4,73.8,16.8,16,52,32,16,52,1.2,1,0.49230769230769234,42.788769412998874,24.0,0.0,32.0,0,50.76923076923077,24.57230769230769
2025-09-22 06:40:00-03:00,46,23,11,79,81,41.7,72.8,15.0,21,67,45,21,67,1.3,1,0.5555555555555556,51.05048006778697,24.40625,0.0,45.0,0,44.44444444444444,18.533333333333335
2025-09-22 06:45:00-03:00,65,23,10,96,99,31.9,58.8,11.8,39,85,64,39,86,1.3,1,0.6464646464646465,59.05794535107795,25.0,0.0,64.0,0,35.35353535353536,11.277777777777779
2025-09-22 06:50:00-03:00,84,23,9,114,118,26.1,61.0,8.5,44,104,83,44,106,1.3,1,0.7033898305084746,65.5491950346987,25.59375,0.23750000000000002,82.802875,0,29.66101694915254,7.741525423728814
2025-09-22 06:55:00-03:00,106,23,8,132,137,20.0,51.9,3.6,64,128,106,63,132,1.4,1,0.7737226277372263,70.37749941737361,26.3125,0.525,105.4435,0,22.62773722627737,4.525547445255475
2025-09-22 07:00:00-03:00,128,23,7,152,157,15.5,48.4,2.1,78,148,130,77,154,1.4,1,0.8280254777070064,74.32830530623559,27.0625,0.8250000000000001,128.9275,0,17.197452229299362,2.665605095541401
2025-09-22 07:05:00-03:00,153,24,7,171,178,10.8,38.1,0.0,106,171,156,104,178,1.4,1,0.8764044943820225,76.04001139750923,28.875,1.55,153.582,0,12.359550561797752,1.3348314606741574
2025-09-22 07:10:00-03:00,177,24,9,191,199,7.8,17.6,0.0,158,191,182,160,199,1.5,1,0.914572864321608,76.15947184372507,29.6875,1.875,178.5875,0,8.542713567839195,0.6663316582914572
2025-09-22 07:15:00-03:00,194,24,10,212,221,8.6,15.1,0.0,180,212,199,183,221,1.6,1,0.9004524886877828,74.63344769707156,30.21875,2.0875,194.845875,0,9.95475113122172,0.8561085972850678
2025-09-22 07:20:00-03:00,209,24,12,233,242,9.9,17.8,0.0,191,233,215,194,242,1.6,1,0.8884297520661157,73.63711185553277,30.71875,2.2875,210.081875,0,11.15702479338843,1.1045454545454547
2025-09-22 07:25:00-03:00,229,24,14,253,264,9.6,21.8,0.0,198,253,236,199,264,1.7,1,0.8939393939393939,71.50566834916381,31.375,2.5500000000000003,229.982,0,10.606060606060606,1.018181818181818
2025-09-22 07:30:00-03:00,245,25,16,274,286,10.8,21.3,0.0,216,274,251,218,286,1.8,1,0.8776223776223776,70.67981581495785,32.84375,3.1375,243.124875,0,12.237762237762238,1.3216783216783219
2025-09-22 07:35:00-03:00,265,25,17,295,308,10.5,20.8,1.2,234,292,272,237,304,1.8,1,0.8831168831168831,69.43407599364242,33.5,3.4000000000000004,262.752,0,11.688311688311687,1.2272727272727273
2025-09-22 07:40:00-03:00,280,25,19,316,330,11.6,23.1,4.1,243,304,288,245,315,1.9,1,0.8727272727272727,69.06447361090589,34.0,3.6,277.632,0,12.727272727272727,1.4763636363636363
2025-09-22 07:45:00-03:00,305,25,21,337,352,9.7,22.5,3.8,262,325,314,264,337,2.0,1,0.8920454545454546,69.70603860629163,34.8125,3.9250000000000003,301.6755,0,10.795454545454545,1.0471590909090909
2025-09-22 07:50:00-03:00,320,26,23,358,374,10.8,23.3,5.0,275,340,329,277,353,2.0,1,0.8796791443850267,70.21439030612318,36.28125,4.5125,314.153875,0,12.032085561497325,1.299465240641711
2025-09-22 07:55:00-03:00,345,26,24,379,396,9.1,24.2,3.4,288,366,356,290,381,2.1,1,0.898989898989899,70.21439030612315,37.125,4.8500000000000005,338.734,0,10.1010101010101,0.919191919191919
2025-09-22 08:00:00-03:00,358,26,26,400,417,10.4,27.8,0.4,289,398,370,289,415,2.2,1,0.8872901678657075,70.43737816262211,37.5625,5.025,351.40749999999997,0,11.270983213429256,1.1721822541966427
2025-09-22 08:05:00-03:00,377,26,31,421,439,10.4,29.6,0.0,296,421,389,296,439,2.2,1,0.8861047835990888,69.15047273003901,38.15625,5.2625,368.52887499999997,0,11.389521640091116,1.1845102505694762
2025-09-22 08:10:00-03:00,396,26,40,441,461,10.3,31.4,0.0,303,441,408,302,461,2.3,1,0.8850325379609545,68.17802009623347,38.75,5.5,385.56,0,11.496746203904555,1.1841648590021692
2025-09-22 08:15:00-03:00,414,26,48,462,482,10.3,36.2,0.0,294,462,428,291,482,2.4,1,0.8879668049792531,66.31947472102532,39.375,5.75,403.39,0,11.20331950207469,1.1539419087136933
2025-09-22 08:20:00-03:00,432,27,56,482,503,10.2,38.7,0.0,296,482,447,292,503,2.4,1,0.8886679920477137,65.14244299063296,40.96875,6.3875,418.447875,0,11.133200795228628,1.13558648111332
2025-09-22 08:25:00-03:00,451,27,65,502,524,10.2,43.4,0.0,284,502,466,280,524,2.5,1,0.8893129770992366,62.52563110800666,41.5625,6.625,435.1275,0,11.068702290076336,1.129007633587786
2025-09-22 08:30:00-03:00,464,27,73,521,544,11.0,45.3,0.0,285,521,479,281,544,2.6,1,0.8805147058823529,60.742875876080745,41.96875,6.7875000000000005,446.487875,0,11.948529411764707,1.3143382352941178
2025-09-22 08:35:00-03:00,482,27,82,541,565,10.9,45.7,0.0,294,541,498,290,565,2.7,1,0.8814159292035398,58.582433503154284,42.5625,7.025,463.0155,0,11.858407079646017,1.292566371681416
2025-09-22 08:40:00-03:00,497,27,90,560,585,11.2,48.7,0.0,287,560,514,283,585,2.7,1,0.8786324786324786,56.045165768874135,43.0625,7.2250000000000005,476.8635,0,12.136752136752136,1.359316239316239
2025-09-22 08:45:00-03:00,512,27,99,579,605,11.6,50.2,0.0,288,579,529,284,605,2.8,1,0.8743801652892562,53.31971890625828,43.53125,7.4125000000000005,489.787875,0,12.561983471074381,1.4571900826446282
2025-09-22 08:50:00-03:00,523,28,107,598,624,12.5,52.0,0.0,287,598,540,282,624,2.9,1,0.8653846153846154,50.660186985980594,44.875,7.95,497.07,0,13.461538461538462,1.6826923076923077
2025-09-22 08:55:00-03:00,535,28,115,616,643,13.2,51.1,0.0,301,616,552,297,643,3.0,1,0.8584758942457231,48.27219225863392,45.25,8.1,507.288,0,14.152410575427682,1.8681181959564541
2025-09-22 09:00:00-03:00,551,28,124,634,662,13.1,52.1,0.0,304,634,569,299,662,3.0,1,0.8595166163141994,46.374627336573084,45.78125,8.3125,521.701875,0,14.04833836858006,1.840332326283988
2025-09-22 09:05:00-03:00,562,28,134,652,680,13.8,52.6,0.4,309,649,580,304,678,3.2,1,0.8529411764705882,44.10344245479719,46.125,8.450000000000001,530.99,0,14.705882352941178,2.0294117647058827
2025-09-22 09:10:00-03:00,573,28,145,669,699,14.4,53.8,0.6,309,665,591,304,694,3.3,1,0.8454935622317596,42.468080705252596,46.46875,8.5875,540.247875,0,15.450643776824036,2.224892703862661
2025-09-22 09:15:00-03:00,583,28,157,686,716,15.0,54.5,1.1,312,678,601,307,708,3.5,1,0.8393854748603352,41.043214476273924,46.78125,8.7125,548.637875,0,16.061452513966483,2.4092178770949726
2025-09-22 09:20:00-03:00,593,28,168,702,733,15.5,56.1,0.8,308,697,612,303,727,3.6,1,0.834924965893588,39.8347914022475,47.125,8.85,557.838,0,16.5075034106412,2.5586630286493857
2025-09-22 09:25:00-03:00,604,28,180,719,750,15.9,58.0,0.4,302,716,623,297,747,3.8,1,0.8306666666666667,38.16818840422704,47.46875,8.9875,567.007875,0,16.933333333333334,2.6924
2025-09-22 09:30:00-03:00,615,29,191,734,767,16.3,59.8,0.0,295,734,634,290,767,3.9,1,0.8265971316818774,36.27034434338672,48.8125,9.525,573.6115,0,17.340286831812254,2.8264667535853976
2025-09-22 09:35:00-03:00,624,29,203,750,783,16.7,60.2,0.0,299,750,644,294,783,4.1,1,0.822477650063857,35.14084216234373,49.125,9.65,581.8539999999999,0,17.752234993614305,2.964623243933589
2025-09-22 09:40:00-03:00,634,29,214,765,798,17.1,60.5,0.0,302,765,653,297,798,4.2,1,0.818295739348371,33.83773668912258,49.40625,9.762500000000001,589.250875,0,18.170426065162907,3.107142857142857
2025-09-22 09:45:00-03:00,642,29,226,779,814,17.5,60.8,0.0,305,779,662,300,814,4.4,1,0.8132678132678133,32.71317036227892,49.6875,9.875,596.6274999999999,0,18.67321867321867,3.2678132678132674
2025-09-22 09:50:00-03:00,651,29,237,793,828,18.0,61.2,0.0,308,793,670,303,828,4.5,1,0.8091787439613527,31.38567517292844,49.9375,9.975000000000001,603.1675,0,19.082125603864732,3.434782608695652
2025-09-22 09:55:00-03:00,659,29,249,807,843,18.4,61.5,0.0,311,807,678,306,843,4.7,1,0.8042704626334519,30.236817813968507,50.1875,10.075000000000001,609.6915,0,19.572953736654807,3.601423487544484
2025-09-22 10:00:00-03:00,666,29,260,820,857,18.8,61.8,0.0,313,820,686,308,857,4.8,1,0.8004667444574096,29.087511638730913,50.4375,10.175,616.1995,0,19.953325554259045,3.751225204200701
2025-09-22 10:05:00-03:00,674,29,267,833,870,19.1,62.1,0.0,316,833,693,311,870,4.9,1,0.7965517241379311,28.198834061432684,50.65625,10.262500000000001,621.8808750000001,0,20.344827586206897,3.8858620689655172
2025-09-22 10:10:00-03:00,682,29,269,846,883,19.4,62.3,0.0,319,846,702,314,883,4.9,1,0.7950169875424689,27.241345581503186,50.9375,10.375,629.1675,0,20.498301245753115,3.976670441676104
2025-09-22 10:15:00-03:00,689,29,270,858,896,19.6,62.4,0.0,322,858,709,317,896,4.9,1,0.7912946428571429,26.294947089207387,51.15625,10.4625,634.820875,0,20.870535714285715,4.090625
2025-09-22 10:20:00-03:00,696,29,272,869,908,19.9,62.6,0.0,325,869,717,320,908,4.9,1,0.789647577092511,25.308400809121167,51.40625,10.5625,641.266875,0,21.035242290748897,4.18601321585903
2025-09-22 10:25:00-03:00,703,29,274,880,919,20.1,62.7,0.0,328,880,723,323,919,4.9,1,0.7867247007616975,24.081301686351242,51.59375,10.637500000000001,646.090875,0,21.327529923830248,4.28683351468988
2025-09-22 10:30:00-03:00,709,29,276,891,931,20.4,62.9,0.0,330,891,730,325,931,4.9,1,0.7841031149301826,22.702956689035307,51.8125,10.725000000000001,651.7075,0,21.58968850698174,4.404296455424275
2025-09-22 10:35:00-03:00,715,29,277,901,941,20.6,63.1,0.0,333,901,735,327,941,4.9,1,0.7810839532412327,21.263854663524285,51.96875,10.787500000000001,655.711875,0,21.891604675876728,4.509670563230606
2025-09-22 10:40:00-03:00,721,29,279,911,951,20.9,63.2,0.0,335,911,741,329,951,4.9,1,0.7791798107255521,19.667501266316787,52.15625,10.8625,660.508875,0,22.082018927444793,4.615141955835961
2025-09-22 10:45:00-03:00,726,29,281,920,961,21.1,63.4,0.0,337,920,746,331,961,4.9,1,0.7762747138397502,18.493242008905955,52.3125,10.925,664.4994999999999,0,22.372528616024976,4.720603537981271
2025-09-22 10:50:00-03:00,730,29,283,928,970,21.4,63.6,0.0,338,928,750,333,970,4.9,1,0.7731958762886598,17.498701250507338,52.4375,10.975000000000001,667.6875,0,22.68041237113402,4.853608247422681
2025-09-22 10:55:00-03:00,734,28,284,937,978,21.6,63.7,0.0,340,937,754,334,978,4.9,1,0.7709611451942741,16.808187038318888,51.5625,10.625,673.8875,0,22.903885480572598,4.947239263803682
2025-09-22 11:00:00-03:00,738,28,286,944,986,21.9,63.9,0.0,341,944,758,335,986,4.9,1,0.768762677484787,16.16651046472361,51.6875,10.675,677.0835,0,23.123732251521297,5.064097363083164
2025-09-22 11:05:00-03:00,742,28,292,951,994,22.0,64.0,0.0,343,951,762,337,994,4.9,1,0.7665995975855131,15.808273629700075,51.8125,10.725000000000001,680.2755,0,23.340040241448694,5.134808853118712
2025-09-22 11:10:00-03:00,747,29,303,958,1000,22.0,63.9,0.0,346,958,767,340,1000,4.9,1,0.767,15.327485709723293,52.96875,11.1875,681.1918750000001,0,23.3,5.126
2025-09-22 11:15:00-03:00,752,29,313,964,1006,22.0,63.8,0.0,349,964,772,343,1006,4.9,1,0.7673956262425448,14.820900475647312,53.125,11.25,685.15,0,23.26043737574553,5.117296222664017
2025-09-22 11:20:00-03:00,756,29,323,969,1012,22.0,63.7,0.0,352,969,776,346,1012,4.9,1,0.766798418972332,14.34293195164945,53.25,11.3,688.312,0,23.3201581027668,5.130434782608696
2025-09-22 11:25:00-03:00,760,29,334,974,1017,22.0,63.6,0.0,354,974,780,348,1017,4.9,1,0.7669616519174042,13.536706550796309,53.375,11.350000000000001,691.4699999999999,0,23.303834808259587,5.126843657817108
2025-09-22 11:30:00-03:00,763,29,344,978,1022,22.0,63.5,0.0,357,978,784,351,1022,4.9,1,0.7671232876712328,12.573119475026026,53.5,11.4,694.624,0,23.28767123287671,5.123287671232877
2025-09-22 11:35:00-03:00,766,29,355,982,1025,22.0,63.5,0.0,359,982,787,353,1025,4.9,1,0.7678048780487805,11.268083109812444,53.59375,11.4375,696.9868749999999,0,23.219512195121954,5.108292682926829
2025-09-22 11:40:00-03:00,768,29,365,985,1029,22.0,63.4,0.0,361,985,789,355,1029,4.8,1,0.7667638483965015,9.44682085372461,53.65625,11.4625,698.560875,0,23.323615160349853,5.131195335276967
2025-09-22 11:45:00-03:00,770,29,376,988,1032,22.0,63.3,0.0,363,988,792,357,1032,4.8,1,0.7674418604651163,7.597846584869546,53.75,11.5,700.92,0,23.25581395348837,5.116279069767441
2025-09-22 11:50:00-03:00,772,29,386,990,1034,22.0,63.2,0.0,364,990,793,358,1034,4.8,1,0.7669245647969052,7.111130839614947,53.78125,11.512500000000001,701.705875,0,23.30754352030948,5.127659574468086
2025-09-22 11:55:00-03:00,773,29,396,991,1036,22.0,63.1,0.0,366,991,795,360,1036,4.8,1,0.7673745173745173,8.857029394605789,53.84375,11.537500000000001,703.276875,0,23.262548262548265,5.117760617760618
2025-09-22 12:00:00-03:00,774,30,407,992,1037,22.0,63.0,0.0,367,992,795,361,1037,4.8,1,0.7666345226615237,12.339576634353934,54.84375,11.9375,700.096875,0,23.336547733847638,5.1340405014464805
2025-09-22 12:05:00-03:00,771,30,410,993,1037,22.4,63.3,0.0,364,993,792,358,1037,4.8,1,0.76374156219865,16.493111509738565,54.75,11.9,697.752,0,23.625843780135007,5.292189006750241
2025-09-22 12:10:00-03:00,763,29,406,993,1037,23.1,64.0,0.0,357,993,783,352,1037,4.8,1,0.7550626808100289,20.756160093286223,53.46875,11.387500000000001,693.835875,0,24.493731918997106,5.6580520732883315
2025-09-22 12:15:00-03:00,755,29,402,992,1036,23.9,64.7,0.0,351,992,775,345,1036,4.7,1,0.7480694980694981,25.03391638751152,53.21875,11.287500000000001,687.5218749999999,0,25.193050193050194,6.021138996138996
2025-09-22 12:20:00-03:00,747,29,399,991,1035,24.6,65.3,0.0,344,991,766,338,1035,4.7,1,0.740096618357488,28.952416552722763,52.9375,11.175,680.3995,0,25.99033816425121,6.3936231884057975
2025-09-22 12:25:00-03:00,738,29,395,990,1034,25.4,66.0,0.0,336,990,756,331,1034,4.7,1,0.7311411992263056,32.39762430497049,52.625,11.05,672.462,0,26.88588007736944,6.829013539651837
2025-09-22 12:30:00-03:00,729,29,391,987,1031,26.1,66.7,0.0,329,987,746,324,1031,4.6,1,0.7235693501454898,35.00248908898053,52.3125,10.925,664.4994999999999,0,27.643064985451016,7.214839961202715
2025-09-22 12:35:00-03:00,720,29,387,985,1028,26.9,67.3,0.0,322,985,736,316,1028,4.6,1,0.7159533073929961,36.83377896343567,52.0,10.8,656.5120000000001,0,28.404669260700388,7.640856031128404
2025-09-22 12:40:00-03:00,710,29,383,981,1025,27.6,68.0,0.0,314,981,725,309,1025,4.6,1,0.7073170731707317,37.988834085181985,51.65625,10.662500000000001,647.696875,0,29.268292682926827,8.078048780487805
2025-09-22 12:45:00-03:00,700,29,379,977,1021,28.4,68.7,0.0,306,977,714,301,1021,4.5,1,0.6993143976493633,38.86368952681076,51.3125,10.525,638.8515,0,30.068560235063664,8.53947110675808
2025-09-22 12:50:00-03:00,690,29,376,973,1016,29.1,69.3,0.0,298,973,703,293,1016,4.5,1,0.6919291338582677,39.433392248732666,50.96875,10.387500000000001,629.975875,0,30.80708661417323,8.96486220472441
2025-09-22 12:55:00-03:00,679,29,372,968,1011,29.9,70.0,0.0,290,968,692,286,1011,4.5,1,0.6844708209693373,39.78150552478094,50.625,10.25,621.0699999999999,0,31.55291790306627,9.434322453016813
2025-09-22 13:00:00-03:00,668,28,368,963,1005,30.6,70.7,0.0,282,963,680,278,1005,4.4,1,0.6766169154228856,40.156794964466314,49.25,9.700000000000001,614.04,0,32.33830845771145,9.895522388059705
2025-09-22 13:05:00-03:00,657,28,371,957,999,31.3,71.2,0.0,275,957,668,271,999,4.4,1,0.6686686686686687,40.50916469445453,48.875,9.55,604.206,0,33.133133133133136,10.370670670670671
2025-09-22 13:10:00-03:00,647,29,382,950,992,31.9,71.6,0.0,270,950,658,265,992,4.5,1,0.6633064516129032,40.787977283865416,49.5625,9.825000000000001,593.3515,0,33.66935483870967,10.740524193548385
2025-09-22 13:15:00-03:00,637,29,392,943,985,32.5,72.0,0.0,264,943,647,259,985,4.6,1,0.6568527918781726,41.10481797315378,49.21875,9.6875,584.321875,0,34.31472081218274,11.152284263959391
2025-09-22 13:20:00-03:00,626,29,403,936,977,33.0,72.5,0.0,258,936,636,253,977,4.6,1,0.6509723643807575,41.434139049676645,48.875,9.55,575.262,0,34.90276356192426,11.517911975435005
2025-09-22 13:25:00-03:00,616,29,414,927,968,33.6,72.9,0.0,252,927,624,247,968,4.7,1,0.6446280991735537,41.89235845556768,48.5,9.4,565.344,0,35.53719008264463,11.940495867768595
2025-09-22 13:30:00-03:00,605,29,424,919,959,34.2,73.3,0.0,245,919,612,241,959,4.7,1,0.6381647549530761,42.2857343951057,48.125,9.25,555.39,0,36.183524504692386,12.374765380604797
2025-09-22 13:35:00-03:00,593,29,435,910,950,34.8,73.7,0.0,239,910,600,235,950,4.8,1,0.631578947368421,42.89195375556826,47.75,9.1,545.4,0,36.84210526315789,12.821052631578945
2025-09-22 13:40:00-03:00,582,29,445,900,940,35.4,74.1,0.0,233,900,588,229,940,4.9,1,0.625531914893617,43.680312464196334,47.375,8.950000000000001,535.374,0,37.4468085106383,13.256170212765959
2025-09-22 13:45:00-03:00,570,29,456,890,929,36.0,74.5,0.0,227,890,576,223,929,4.9,1,0.620021528525296,44.16798168425577,47.0,8.8,525.312,0,37.997847147470395,13.679224973089342
2025-09-22 13:50:00-03:00,558,29,467,879,918,36.5,75.0,0.0,220,879,563,217,918,5.0,1,0.6132897603485838,44.46747193855558,46.59375,8.637500000000001,514.370875,0,38.67102396514161,14.114923747276686
2025-09-22 13:55:00-03:00,546,29,477,868,907,37.1,75.4,0.0,214,868,551,210,907,5.0,1,0.607497243660419,44.693823720823744,46.21875,8.4875,504.23387499999995,0,39.250275633958104,14.561852260198457
2025-09-22 14:00:00-03:00,534,30,488,857,895,37.7,75.8,0.0,207,857,538,204,895,5.1,1,0.6011173184357542,44.81908075809021,46.8125,8.725,491.05949999999996,0,39.88826815642458,15.037877094972067
2025-09-22 14:05:00-03:00,522,30,490,845,882,38.2,76.2,0.3,201,842,525,197,879,5.1,1,0.5952380952380952,44.9824881751163,46.40625,8.5625,480.04687499999994,0,40.476190476190474,15.461904761904762
2025-09-22 14:10:00-03:00,510,30,483,833,869,38.8,76.8,0.9,194,825,513,190,861,5.0,1,0.5903337169159953,45.1589784354517,46.03125,8.4125,469.843875,0,40.96662830840046,15.895051783659376
2025-09-22 14:15:00-03:00,498,30,477,820,856,39.2,77.2,1.5,186,808,501,183,843,4.9,1,0.5852803738317757,45.32333334447972,45.65625,8.262500000000001,459.60487500000005,0,41.47196261682243,16.257009345794394
2025-09-22 14:20:00-03:00,486,30,470,806,842,39.8,77.8,2.0,179,790,488,176,824,4.9,1,0.5795724465558195,45.45018918519485,45.25,8.1,448.47200000000004,0,42.042755344418055,16.733016627078385
2025-09-22 14:25:00-03:00,474,29,464,793,828,40.2,78.2,2.6,172,772,476,170,805,4.8,1,0.5748792270531401,45.67764190167111,43.875,7.550000000000001,440.062,0,42.51207729468599,17.089855072463767
2025-09-22 14:30:00-03:00,461,29,457,779,813,40.8,78.8,3.2,165,754,463,163,785,4.7,1,0.5694956949569495,45.84228562708786,43.46875,7.3875,428.79587499999997,0,43.05043050430504,17.564575645756456
2025-09-22 14:35:00-03:00,449,29,451,764,798,41.2,79.2,3.8,159,735,450,156,766,4.6,1,0.5639097744360902,46.3644162144793,43.0625,7.2250000000000005,417.4875,0,43.609022556390975,17.96691729323308
2025-09-22 14:40:00-03:00,436,29,444,749,782,41.8,79.8,4.4,152,716,437,149,746,4.5,1,0.5588235294117647,46.905772727372494,42.65625,7.0625,406.13687500000003,0,44.11764705882353,18.441176470588236
2025-09-22 14:45:00-03:00,424,29,438,734,766,42.2,80.2,5.0,145,697,424,143,726,4.5,1,0.5535248041775457,47.02997110161363,42.25,6.9,394.744,0,44.64751958224543,18.84125326370757
2025-09-22 14:50:00-03:00,411,29,431,718,749,42.8,80.8,5.5,138,678,411,136,705,4.4,1,0.5487316421895861,46.7704743692827,41.84375,6.737500000000001,383.308875,0,45.12683578104139,19.314285714285717
2025-09-22 14:55:00-03:00,398,29,425,702,733,43.2,81.2,6.1,132,659,398,129,685,4.3,1,0.5429740791268759,46.31578041177756,41.4375,6.575,371.8315,0,45.70259208731242,19.743519781718966
2025-09-22 15:00:00-03:00,384,29,418,685,715,44.0,82.0,6.3,124,642,383,122,667,4.2,1,0.5356643356643357,45.68162219165509,40.96875,6.3875,358.535875,0,46.43356643356643,20.43076923076923
2025-09-22 15:05:00-03:00,371,29,412,668,698,44.5,82.4,5.9,118,629,370,116,654,4.1,1,0.5300859598853869,44.89651400384559,40.5625,6.2250000000000005,346.9675,0,46.99140401146132,20.91117478510029
2025-09-22 15:10:00-03:00,360,29,407,651,679,44.7,82.5,5.1,114,618,359,112,643,4.1,1,0.5287187039764359,44.00714473672822,40.21875,6.0875,337.145875,0,47.1281296023564,21.06627393225331
2025-09-22 15:15:00-03:00,349,29,401,633,661,44.9,82.5,4.3,111,606,348,109,631,4.0,1,0.5264750378214826,43.19538064528997,39.875,5.95,327.294,0,47.352496217851744,21.26127080181543
2025-09-22 15:20:00-03:00,338,29,395,615,642,45.0,82.6,3.4,107,594,337,105,619,4.0,1,0.5249221183800623,42.35375909044574,39.53125,5.8125,317.411875,0,47.50778816199377,21.378504672897197
2025-09-22 15:25:00-03:00,327,29,390,597,623,45.2,82.7,2.6,103,582,325,101,606,3.9,1,0.521669341894061,41.67042407301457,39.15625,5.6625000000000005,306.596875,0,47.8330658105939,21.620545746388444
2025-09-22 15:30:00-03:00,316,30,384,578,603,45.4,82.8,1.7,99,568,314,98,592,3.9,1,0.5207296849087893,41.177001524468814,39.8125,5.925000000000001,295.39549999999997,0,47.92703150912106,21.758872305140958
2025-09-22 15:35:00-03:00,305,30,379,559,584,45.5,82.9,0.8,95,555,303,94,578,3.8,1,0.5188356164383562,41.10076309843165,39.46875,5.7875000000000005,285.463875,0,48.11643835616438,21.892979452054792
2025-09-22 15:40:00-03:00,293,30,373,540,563,45.7,83.0,0.0,92,540,291,90,563,3.8,1,0.5168738898756661,41.33996158976347,39.09375,5.6375,274.594875,0,48.31261101243339,22.07886323268206
2025-09-22 15:45:00-03:00,282,30,368,521,543,45.8,83.0,0.0,88,521,280,87,543,3.7,1,0.5156537753222836,41.45278438578101,38.75,5.5,264.59999999999997,0,48.43462246777164,22.18305709023941
2025-09-22 15:50:00-03:00,271,30,362,501,522,46.0,83.0,0.0,85,501,268,84,522,3.7,1,0.5134099616858238,41.44026368818365,38.375,5.3500000000000005,253.662,0,48.65900383141762,22.383141762452105
2025-09-22 15:55:00-03:00,259,30,356,481,502,46.2,83.0,0.0,82,481,256,80,502,3.6,1,0.5099601593625498,41.30228550431013,38.0,5.2,242.688,0,49.00398406374502,22.639840637450202
2025-09-22 16:00:00-03:00,247,30,351,461,481,46.3,83.0,0.0,78,461,245,77,481,3.6,1,0.5093555093555093,41.339961589764485,37.65625,5.0625,232.59687499999998,0,49.064449064449065,22.716839916839916
2025-09-22 16:05:00-03:00,236,30,356,440,459,46.4,83.0,0.0,75,440,233,74,459,3.6,1,0.5076252723311547,41.530565596782786,37.28125,4.9125000000000005,221.553875,0,49.23747276688453,22.84618736383442
2025-09-22 16:10:00-03:00,225,30,373,420,438,46.3,83.0,0.0,71,420,222,70,438,3.7,1,0.5068493150684932,41.68351174644444,36.9375,4.775,211.39950000000002,0,49.31506849315068,22.832876712328765
2025-09-22 16:15:00-03:00,214,30,390,399,416,46.3,82.9,0.0,68,399,211,67,416,3.7,1,0.5072115384615384,41.9371824605339,36.59375,4.6375,201.21487499999998,0,49.27884615384615,22.816105769230766
2025-09-22 16:20:00-03:00,203,30,406,378,394,46.3,82.9,0.0,65,378,200,64,394,3.8,1,0.5076142131979695,42.127781807268924,36.25,4.5,191.0,0,49.23857868020304,22.79746192893401
2025-09-22 16:25:00-03:00,191,30,423,357,372,46.5,83.0,0.0,61,357,188,60,372,3.9,1,0.5053763440860215,42.393181269901135,35.875,4.3500000000000005,179.822,0,49.46236559139785,23.0
2025-09-22 16:30:00-03:00,178,29,440,336,350,46.9,83.3,0.0,56,336,175,55,350,4.0,1,0.5,42.59285756030479,34.46875,3.7875,168.371875,0,50.0,23.45
2025-09-22 16:35:00-03:00,166,29,456,315,328,47.3,83.6,0.0,52,315,163,51,328,4.0,1,0.4969512195121951,42.59285756030503,34.09375,3.6375,157.070875,0,50.30487804878049,23.79420731707317
2025-09-22 16:40:00-03:00,154,29,473,294,306,47.7,83.9,0.0,47,294,151,47,306,4.1,1,0.4934640522875817,42.42069249217991,33.71875,3.4875000000000003,145.733875,0,50.65359477124183,24.16176470588235
2025-09-22 16:45:00-03:00,142,29,490,273,284,48.1,84.2,0.0,43,273,139,42,284,4.2,1,0.4894366197183099,42.23410585025631,33.34375,3.3375000000000004,134.360875,0,51.056338028169016,24.558098591549296
2025-09-22 16:50:00-03:00,130,29,506,252,262,48.5,84.5,0.0,39,252,127,38,262,4.3,1,0.4847328244274809,41.73609367385132,32.96875,3.1875,122.951875,0,51.526717557251914,24.990458015267176
2025-09-22 16:55:00-03:00,118,29,523,231,240,48.9,84.8,0.0,35,231,116,34,240,4.4,1,0.48333333333333334,41.0796528562362,32.625,3.0500000000000003,112.462,0,51.66666666666667,25.265
2025-09-22 17:00:00-03:00,107,29,540,210,218,49.3,85.2,0.0,31,210,105,31,218,4.4,1,0.481651376146789,40.29465337870654,32.28125,2.9125,101.94187500000001,0,51.8348623853211,25.554587155963304
2025-09-22 17:05:00-03:00,96,29,548,190,197,49.3,85.2,0.0,28,190,95,28,197,4.4,1,0.48223350253807107,39.467190055920184,31.96875,2.7875,92.351875,0,51.776649746192895,25.525888324873094
2025-09-22 17:10:00-03:00,85,28,549,169,176,50.0,85.3,0.0,25,169,83,24,176,4.2,1,0.4715909090909091,38.3961606350974,30.59375,2.2375000000000003,81.142875,0,52.84090909090909,26.420454545454547
2025-09-22 17:15:00-03:00,74,28,550,150,155,50.7,85.5,0.0,22,150,73,21,155,4.0,1,0.47096774193548385,37.049925366969894,30.28125,2.1125000000000003,71.457875,0,52.903225806451616,26.82193548387097
2025-09-22 17:20:00-03:00,63,28,550,130,135,51.5,85.7,3.0,19,126,62,18,130,3.8,1,0.45925925925925926,35.42330597306937,29.9375,1.975,60.775499999999994,0,54.074074074074076,27.848148148148148
2025-09-22 17:25:00-03:00,53,28,551,112,115,52.3,85.9,6.2,16,105,52,15,107,3.7,1,0.45217391304347826,33.658264778207,29.625,1.85,51.038000000000004,0,54.78260869565217,28.651304347826084
2025-09-22 17:30:00-03:00,44,28,552,94,97,53.1,86.3,9.3,13,85,43,13,86,3.5,1,0.44329896907216493,31.598211495242676,29.34375,1.7375,42.252874999999996,0,55.670103092783506,29.560824742268043
2025-09-22 17:35:00-03:00,35,28,552,77,79,54.1,86.7,12.4,10,67,35,10,68,3.3,1,0.4430379746835443,29.371703554579543,29.09375,1.6375000000000002,34.426874999999995,0,55.69620253164557,30.131645569620254
2025-09-22 17:40:00-03:00,29,27,553,61,62,52.8,86.1,12.6,8,53,28,8,53,3.2,1,0.45161290322580644,26.917382015095722,27.875,1.1500000000000001,27.678,0,54.83870967741935,28.954838709677414
2025-09-22 17:45:00-03:00,23,27,554,46,47,51.3,85.3,12.4,7,41,22,7,41,3.0,1,0.46808510638297873,24.276656701597446,27.6875,1.075,21.7635,0,53.191489361702125,27.287234042553187
2025-09-22 17:50:00-03:00,17,27,554,33,32,49.8,84.5,12.3,5,29,16,5,29,2.9,1,0.5,21.22605602900879,27.5,1.0,15.84,0,50.0,24.9
2025-09-22 17:55:00-03:00,11,27,555,22,20,48.2,83.7,12.1,4,19,11,3,19,2.7,1,0.55,18.200066599977017,27.34375,0.9375,10.896875,0,45.0,21.69
2025-09-22 18:00:00-03:00,6,27,556,11,11,46.6,82.9,12.0,2,10,6,2,10,2.6,0,0.5454545454545454,15.28219403576059,27.1875,0.875,5.9475,0,45.45454545454545,21.18181818181818
2025-09-22 18:05:00-03:00,1,27,547,2,2,46.2,82.6,0.0,0,2,1,0,2,2.5,0,0.5,12.529661776904128,27.03125,0.8125,0.991875,0,50.0,23.1
2025-09-22 18:10:00-03:00,0,26,530,0,0,47.1,83.0,0.0,0,0,0,0,0,2.4,0,,9.972689980929843,26.0,0.4,0.0,0,,
2025-09-22 18:15:00-03:00,0,26,512,0,0,47.9,83.4,0.0,0,0,0,0,0,2.3,0,,7.6078109781976595,26.0,0.4,0.0,0,,
2025-09-22 18:20:00-03:00,0,26,495,0,0,48.8,83.8,0.0,0,0,0,0,0,2.2,0,,5.373898759744914,26.0,0.4,0.0,0,,
2025-09-22 18:25:00-03:00,0,26,478,0,0,49.6,84.2,0.0,0,0,0,0,0,2.1,0,,3.4509550721927984,26.0,0.4,0.0,0,,
2025-09-22 18:30:00-03:00,0,25,460,0,0,50.4,84.6,0.0,0,0,0,0,0,2.1,0,,1.72986249269359,25.0,0.0,0.0,0,,
2025-09-22 18:35:00-03:00,0,25,443,0,0,51.2,84.9,0.0,0,0,0,0,0,2.0,0,,0.28867513668138256,25.0,0.0,0.0,0,,
2025-09-22 18:40:00-03:00,0,25,425,0,0,52.0,85.3,0.0,0,0,0,0,0,2.0,0,,0.0,25.0,0.0,0.0,0,,
2025-09-22 18:45:00-03:00,0,25,408,0,0,52.8,85.7,0.0,0,0,0,0,0,1.9,0,,0.0,25.0,0.0,0.0,0,,
2025-09-22 18:50:00-03:00,0,25,391,0,0,53.6,86.0,0.0,0,0,0,0,0,1.9,0,,0.0,25.0,0.0,0.0,0,,
2025-09-22 18:55:00-03:00,0,24,373,0,0,54.4,86.4,0.0,0,0,0,0,0,1.8,0,,0.0,24.0,0.0,0.0,0,,
2025-09-22 19:00:00-03:00,0,24,356,0,0,55.2,86.7,0.0,0,0,0,0,0,1.8,0,,0.0,24.0,0.0,0.0,0,,
2025-09-22 19:05:00-03:00,0,24,346,0,0,55.6,86.9,0.0,0,0,0,0,0,1.8,0,,0.0,24.0,0.0,0.0,0,,
2025-09-22 19:10:00-03:00,0,24,344,0,0,55.7,86.9,0.0,0,0,0,0,0,1.9,0,,0.0,24.0,0.0,0.0,0,,
2025-09-22 19:15:00-03:00,0,24,342,0,0,55.8,86.9,0.0,0,0,0,0,0,1.9,0,,0.0,24.0,0.0,0.0,0,,
2025-09-22 19:20:00-03:00,0,24,340,0,0,55.9,86.9,0.0,0,0,0,0,0,2.0,0,,0.0,24.0,0.0,0.0,0,,
2025-09-22 19:25:00-03:00,0,23,338,0,0,56.0,86.9,0.0,0,0,0,0,0,2.0,0,,0.0,23.0,0.0,0.0,0,,
2025-09-22 19:30:00-03:00,0,23,336,0,0,56.1,86.9,0.0,0,0,0,0,0,2.1,0,,0.0,23.0,0.0,0.0,0,,
2025-09-22 19:35:00-03:00,0,23,334,0,0,56.2,86.9,0.0,0,0,0,0,0,2.2,0,,0.0,23.0,0.0,0.0,0,,
2025-09-22 19:40:00-03:00,0,23,332,0,0,56.3,86.9,0.0,0,0,0,0,0,2.2,0,,0.0,23.0,0.0,0.0,0,,
2025-09-22 19:45:00-03:00,0,23,330,0,0,56.4,86.9,0.0,0,0,0,0,0,2.3,0,,0.0,23.0,0.0,0.0,0,,
2025-09-22 19:50:00-03:00,0,23,328,0,0,56.5,86.9,0.0,0,0,0,0,0,2.4,0,,0.0,23.0,0.0,0.0,0,,
2025-09-22 19:55:00-03:00,0,23,326,0,0,56.6,86.9,0.0,0,0,0,0,0,2.4,0,,0.0,23.0,0.0,0.0,0,,
2025-09-22 20:00:00-03:00,0,23,324,0,0,56.7,86.9,0.0,0,0,0,0,0,2.5,0,,0.0,23.0,0.0,0.0,0,,
2025-09-22 20:05:00-03:00,0,22,325,0,0,56.8,86.9,12.1,0,0,0,0,0,2.5,0,,0.0,22.0,0.0,0.0,0,,
2025-09-22 20:10:00-03:00,0,22,329,0,0,57.0,87.1,12.3,0,0,0,0,0,2.4,0,,0.0,22.0,0.0,0.0,0,,
2025-09-22 20:15:00-03:00,0,22,332,0,0,57.2,87.2,12.6,0,0,0,0,0,2.3,0,,0.0,22.0,0.0,0.0,0,,
2025-09-22 20:20:00-03:00,0,22,336,0,0,57.4,87.4,12.9,0,0,0,0,0,2.2,0,,0.0,22.0,0.0,0.0,0,,
2025-09-22 20:25:00-03:00,0,22,340,0,0,57.6,87.5,13.2,0,0,0,0,0,2.1,0,,0.0,22.0,0.0,0.0,0,,
2025-09-22 20:30:00-03:00,0,22,344,0,0,57.8,87.7,13.4,0,0,0,0,0,2.0,0,,0.0,22.0,0.0,0.0,0,,
2025-09-22 20:35:00-03:00,0,22,347,0,0,58.0,87.8,13.7,0,0,0,0,0,1.9,0,,0.0,22.0,0.0,0.0,0,,
2025-09-22 20:40:00-03:00,0,22,351,0,0,58.2,87.9,14.0,0,0,0,0,0,1.8,0,,0.0,22.0,0.0,0.0,0,,
2025-09-22 20:45:00-03:00,0,22,355,0,0,58.3,88.1,14.3,0,0,0,0,0,1.7,0,,0.0,22.0,0.0,0.0,0,,
2025-09-22 20:50:00-03:00,0,22,359,0,0,58.5,88.2,14.5,0,0,0,0,0,1.6,0,,0.0,22.0,0.0,0.0,0,,
2025-09-22 20:55:00-03:00,0,21,362,0,0,58.7,88.3,14.8,0,0,0,0,0,1.5,0,,0.0,21.0,0.0,0.0,0,,
2025-09-22 21:00:00-03:00,0,21,366,0,0,58.9,88.5,15.1,0,0,0,0,0,1.5,0,,0.0,21.0,0.0,0.0,0,,
2025-09-22 21:05:00-03:00,0,21,373,0,0,59.0,88.5,15.1,0,0,0,0,0,1.4,0,,0.0,21.0,0.0,0.0,0,,
2025-09-22 21:10:00-03:00,0,21,383,0,0,58.9,88.5,15.0,0,0,0,0,0,1.3,0,,0.0,21.0,0.0,0.0,0,,
2025-09-22 21:15:00-03:00,0,21,393,0,0,58.8,88.5,14.9,0,0,0,0,0,1.3,0,,0.0,21.0,0.0,0.0,0,,
2025-09-22 21:20:00-03:00,0,21,403,0,0,58.7,88.5,14.7,0,0,0,0,0,1.2,0,,0.0,21.0,0.0,0.0,0,,
2025-09-22 21:25:00-03:00,0,21,413,0,0,58.6,88.5,14.6,0,0,0,0,0,1.2,0,,0.0,21.0,0.0,0.0,0,,
2025-09-22 21:30:00-03:00,0,21,423,0,0,58.5,88.5,14.5,0,0,0,0,0,1.2,0,,0.0,21.0,0.0,0.0,0,,
2025-09-22 21:35:00-03:00,0,22,433,0,0,58.4,88.5,14.3,0,0,0,0,0,1.1,0,,0.0,22.0,0.0,0.0,0,,
2025-09-22 21:40:00-03:00,0,22,443,0,0,58.3,88.5,14.2,0,0,0,0,0,1.1,0,,0.0,22.0,0.0,0.0,0,,
2025-09-22 21:45:00-03:00,0,22,453,0,0,58.2,88.5,14.1,0,0,0,0,0,1.1,0,,0.0,22.0,0.0,0.0,0,,
2025-09-22 21:50:00-03:00,0,22,463,0,0,58.1,88.5,13.9,0,0,0,0,0,1.1,0,,0.0,22.0,0.0,0.0,0,,
2025-09-22 21:55:00-03:00,0,22,473,0,0,58.0,88.5,13.8,0,0,0,0,0,1.1,0,,0.0,22.0,0.0,0.0,0,,
2025-09-22 22:00:00-03:00,0,22,483,0,0,57.9,88.5,13.6,0,0,0,0,0,1.1,0,,0.0,22.0,0.0,0.0,0,,
2025-09-22 22:05:00-03:00,0,22,487,0,0,57.8,88.5,13.5,0,0,0,0,0,1.1,0,,0.0,22.0,0.0,0.0,0,,
2025-09-22 22:10:00-03:00,0,22,484,0,0,57.6,88.5,13.4,0,0,0,0,0,1.1,0,,0.0,22.0,0.0,0.0,0,,
2025-09-22 22:15:00-03:00,0,22,482,0,0,57.4,88.4,13.2,0,0,0,0,0,1.2,0,,0.0,22.0,0.0,0.0,0,,
2025-09-22 22:20:00-03:00,0,22,479,0,0,57.2,88.4,13.1,0,0,0,0,0,1.2,0,,0.0,22.0,0.0,0.0,0,,
2025-09-22 22:25:00-03:00,0,22,476,0,0,57.0,88.3,13.0,0,0,0,0,0,1.2,0,,0.0,22.0,0.0,0.0,0,,
2025-09-22 22:30:00-03:00,0,22,474,0,0,56.8,88.3,12.8,0,0,0,0,0,1.3,0,,0.0,22.0,0.0,0.0,0,,
2025-09-22 22:35:00-03:00,0,22,471,0,0,56.6,88.3,12.7,0,0,0,0,0,1.3,0,,0.0,22.0,0.0,0.0,0,,
2025-09-22 22:40:00-03:00,0,22,469,0,0,56.5,88.2,12.6,0,0,0,0,0,1.3,0,,0.0,22.0,0.0,0.0,0,,
2025-09-22 22:45:00-03:00,0,22,466,0,0,56.3,88.2,12.4,0,0,0,0,0,1.4,0,,0.0,22.0,0.0,0.0,0,,
2025-09-22 22:50:00-03:00,0,22,463,0,0,56.1,88.1,12.3,0,0,0,0,0,1.5,0,,0.0,22.0,0.0,0.0,0,,
2025-09-22 22:55:00-03:00,0,22,461,0,0,55.9,88.1,12.1,0,0,0,0,0,1.5,0,,0.0,22.0,0.0,0.0,0,,
2025-09-22 23:00:00-03:00,0,22,458,0,0,55.7,88.0,12.0,0,0,0,0,0,1.6,0,,0.0,22.0,0.0,0.0,0,,
2025-09-22 23:05:00-03:00,0,22,462,0,0,55.6,88.0,0.0,0,0,0,0,0,1.6,0,,0.0,22.0,0.0,0.0,0,,
2025-09-22 23:10:00-03:00,0,22,474,0,0,55.7,88.1,0.0,0,0,0,0,0,1.6,0,,0.0,22.0,0.0,0.0,0,,
2025-09-22 23:15:00-03:00,0,22,484,0,0,55.8,88.2,0.0,0,0,0,0,0,1.5,0,,0.0,22.0,0.0,0.0,0,,
2025-09-22 23:20:00-03:00,0,22,496,0,0,55.9,88.3,0.0,0,0,0,0,0,1.5,0,,0.0,22.0,0.0,0.0,0,,
2025-09-22 23:25:00-03:00,0,22,506,0,0,56.0,88.4,0.0,0,0,0,0,0,1.5,0,,0.0,22.0,0.0,0.0,0,,
2025-09-22 23:30:00-03:00,0,22,518,0,0,56.1,88.5,0.0,0,0,0,0,0,1.5,0,,0.0,22.0,0.0,0.0,0,,
2025-09-22 23:35:00-03:00,0,22,528,0,0,56.2,88.6,0.0,0,0,0,0,0,1.5,0,,0.0,22.0,0.0,0.0,0,,
2025-09-22 23:40:00-03:00,0,22,540,0,0,56.3,88.7,0.0,0,0,0,0,0,1.4,0,,0.0,22.0,0.0,0.0,0,,
2025-09-22 23:45:00-03:00,0,22,550,0,0,56.4,88.8,0.0,0,0,0,0,0,1.4,0,,0.0,22.0,0.0,0.0,0,,
2025-09-22 23:50:00-03:00,0,22,562,0,0,56.5,88.8,0.0,0,0,0,0,0,1.4,0,,0.0,22.0,0.0,0.0,0,,
2025-09-22 23:55:00-03:00,0,22,572,0,0,56.6,88.9,0.0,0,0,0,0,0,1.4,0,,0.0,22.0,0.0,0.0,0,,
2025-09-23 00:00:00-03:00,0,22,584,0,0,56.7,89.0,0.0,0,0,0,0,0,1.4,0,,0.0,22.0,0.0,0.0,0,,
2025-09-23 00:05:00-03:00,0,22,584,0,0,57.0,89.2,0.0,0,0,0,0,0,1.4,0,,0.0,22.0,0.0,0.0,0,,
2025-09-23 00:10:00-03:00,0,22,574,0,0,57.5,89.4,0.0,0,0,0,0,0,1.4,0,,0.0,22.0,0.0,0.0,0,,
2025-09-23 00:15:00-03:00,0,22,564,0,0,57.9,89.7,0.0,0,0,0,0,0,1.4,0,,0.0,22.0,0.0,0.0,0,,
2025-09-23 00:20:00-03:00,0,22,554,0,0,58.4,89.9,0.0,0,0,0,0,0,1.4,0,,0.0,22.0,0.0,0.0,0,,
2025-09-23 00:25:00-03:00,0,22,544,0,0,58.9,90.2,0.0,0,0,0,0,0,1.5,0,,0.0,22.0,0.0,0.0,0,,
2025-09-23 00:30:00-03:00,0,22,534,0,0,59.3,90.4,0.0,0,0,0,0,0,1.5,0,,0.0,22.0,0.0,0.0,0,,
2025-09-23 00:35:00-03:00,0,22,525,0,0,59.8,90.7,0.0,0,0,0,0,0,1.5,0,,0.0,22.0,0.0,0.0,0,,
2025-09-23 00:40:00-03:00,0,22,515,0,0,60.2,90.9,0.0,0,0,0,0,0,1.5,0,,0.0,22.0,0.0,0.0,0,,
2025-09-23 00:45:00-03:00,0,22,505,0,0,60.7,91.1,0.0,0,0,0,0,0,1.6,0,,0.0,22.0,0.0,0.0,0,,
2025-09-23 00:50:00-03:00,0,22,495,0,0,61.1,91.3,0.0,0,0,0,0,0,1.6,0,,0.0,22.0,0.0,0.0,0,,
2025-09-23 00:55:00-03:00,0,22,485,0,0,61.6,91.5,0.0,0,0,0,0,0,1.6,0,,0.0,22.0,0.0,0.0,0,,
2025-09-23 01:00:00-03:00,0,22,475,0,0,62.0,91.8,0.0,0,0,0,0,0,1.6,0,,0.0,22.0,0.0,0.0,0,,
2025-09-23 01:05:00-03:00,0,22,470,0,0,62.3,91.9,0.0,0,0,0,0,0,1.7,0,,0.0,22.0,0.0,0.0,0,,
2025-09-23 01:10:00-03:00,0,22,472,0,0,62.3,91.9,0.0,0,0,0,0,0,1.7,0,,0.0,22.0,0.0,0.0,0,,
2025-09-23 01:15:00-03:00,0,22,472,0,0,62.3,91.9,0.0,0,0,0,0,0,1.6,0,,0.0,22.0,0.0,0.0,0,,
2025-09-23 01:20:00-03:00,0,22,474,0,0,62.3,92.0,0.0,0,0,0,0,0,1.6,0,,0.0,22.0,0.0,0.0,0,,
2025-09-23 01:25:00-03:00,0,22,474,0,0,62.3,92.0,0.0,0,0,0,0,0,1.6,0,,0.0,22.0,0.0,0.0,0,,
2025-09-23 01:30:00-03:00,0,22,476,0,0,62.3,92.1,0.0,0,0,0,0,0,1.6,0,,0.0,22.0,0.0,0.0,0,,
2025-09-23 01:35:00-03:00,0,22,476,0,0,62.3,92.1,0.0,0,0,0,0,0,1.6,0,,0.0,22.0,0.0,0.0,0,,
2025-09-23 01:40:00-03:00,0,22,478,0,0,62.3,92.1,0.0,0,0,0,0,0,1.6,0,,0.0,22.0,0.0,0.0,0,,
2025-09-23 01:45:00-03:00,0,22,478,0,0,62.3,92.2,0.0,0,0,0,0,0,1.6,0,,0.0,22.0,0.0,0.0,0,,
2025-09-23 01:50:00-03:00,0,22,480,0,0,62.3,92.2,0.0,0,0,0,0,0,1.6,0,,0.0,22.0,0.0,0.0,0,,
2025-09-23 01:55:00-03:00,0,22,480,0,0,62.3,92.2,0.0,0,0,0,0,0,1.6,0,,0.0,22.0,0.0,0.0,0,,
2025-09-23 02:00:00-03:00,0,22,482,0,0,62.3,92.3,0.0,0,0,0,0,0,1.6,0,,0.0,22.0,0.0,0.0,0,,
2025-09-23 02:05:00-03:00,0,22,482,0,0,62.5,92.4,12.0,0,0,0,0,0,1.6,0,,0.0,22.0,0.0,0.0,0,,
2025-09-23 02:10:00-03:00,0,22,481,0,0,63.0,92.6,12.1,0,0,0,0,0,1.5,0,,0.0,22.0,0.0,0.0,0,,
2025-09-23 02:15:00-03:00,0,22,480,0,0,63.6,92.8,12.3,0,0,0,0,0,1.4,0,,0.0,22.0,0.0,0.0,0,,
2025-09-23 02:20:00-03:00,0,22,479,0,0,64.1,93.1,12.4,0,0,0,0,0,1.3,0,,0.0,22.0,0.0,0.0,0,,
2025-09-23 02:25:00-03:00,0,22,478,0,0,64.6,93.3,12.6,0,0,0,0,0,1.2,0,,0.0,22.0,0.0,0.0,0,,
2025-09-23 02:30:00-03:00,0,22,477,0,0,65.1,93.5,12.7,0,0,0,0,0,1.1,0,,0.0,22.0,0.0,0.0,0,,
2025-09-23 02:35:00-03:00,0,22,476,0,0,65.6,93.7,12.8,0,0,0,0,0,1.0,0,,0.0,22.0,0.0,0.0,0,,
2025-09-23 02:40:00-03:00,0,22,475,0,0,66.1,93.9,13.0,0,0,0,0,0,1.0,0,,0.0,22.0,0.0,0.0,0,,
2025-09-23 02:45:00-03:00,0,22,474,0,0,66.6,94.1,13.1,0,0,0,0,0,0.9,0,,0.0,22.0,0.0,0.0,0,,
2025-09-23 02:50:00-03:00,0,22,473,0,0,67.1,94.3,13.2,0,0,0,0,0,0.9,0,,0.0,22.0,0.0,0.0,0,,
2025-09-23 02:55:00-03:00,0,22,472,0,0,67.6,94.4,13.4,0,0,0,0,0,0.9,0,,0.0,22.0,0.0,0.0,0,,
2025-09-23 03:00:00-03:00,0,22,471,0,0,68.1,94.6,13.5,0,0,0,0,0,0.9,0,,0.0,22.0,0.0,0.0,0,,
2025-09-23 03:05:00-03:00,0,22,471,0,0,68.4,94.7,13.6,0,0,0,0,0,0.9,0,,0.0,22.0,0.0,0.0,0,,
2025-09-23 03:10:00-03:00,0,22,472,0,0,68.5,94.7,13.8,0,0,0,0,0,0.8,0,,0.0,22.0,0.0,0.0,0,,
2025-09-23 03:15:00-03:00,0,22,473,0,0,68.5,94.7,13.9,0,0,0,0,0,0.7,0,,0.0,22.0,0.0,0.0,0,,
2025-09-23 03:20:00-03:00,0,22,473,0,0,68.6,94.7,14.1,0,0,0,0,0,0.6,0,,0.0,22.0,0.0,0.0,0,,
2025-09-23 03:25:00-03:00,0,22,474,0,0,68.7,94.7,14.2,0,0,0,0,0,0.6,0,,0.0,22.0,0.0,0.0,0,,
2025-09-23 03:30:00-03:00,0,22,475,0,0,68.8,94.7,14.3,0,0,0,0,0,0.5,0,,0.0,22.0,0.0,0.0,0,,
2025-09-23 03:35:00-03:00,0,22,475,0,0,68.9,94.7,14.5,0,0,0,0,0,0.4,0,,0.0,22.0,0.0,0.0,0,,
2025-09-23 03:40:00-03:00,0,22,476,0,0,68.9,94.7,14.6,0,0,0,0,0,0.3,0,,0.0,22.0,0.0,0.0,0,,
2025-09-23 03:45:00-03:00,0,22,477,0,0,69.0,94.7,14.7,0,0,0,0,0,0.3,0,,0.0,22.0,0.0,0.0,0,,
2025-09-23 03:50:00-03:00,0,22,477,0,0,69.1,94.7,14.9,0,0,0,0,0,0.2,0,,0.0,22.0,0.0,0.0,0,,
2025-09-23 03:55:00-03:00,0,22,478,0,0,69.2,94.7,15.0,0,0,0,0,0,0.2,0,,0.0,22.0,0.0,0.0,0,,
2025-09-23 04:00:00-03:00,0,22,479,0,0,69.3,94.7,15.1,0,0,0,0,0,0.2,0,,0.0,22.0,0.0,0.0,0,,
2025-09-23 04:05:00-03:00,0,22,478,0,0,69.3,94.7,15.3,0,0,0,0,0,0.2,0,,0.0,22.0,0.0,0.0,0,,
2025-09-23 04:10:00-03:00,0,22,476,0,0,69.3,94.7,15.6,0,0,0,0,0,0.2,0,,0.0,22.0,0.0,0.0,0,,
2025-09-23 04:15:00-03:00,0,22,474,0,0,69.3,94.6,15.9,0,0,0,0,0,0.2,0,,0.0,22.0,0.0,0.0,0,,
2025-09-23 04:20:00-03:00,0,22,472,0,0,69.3,94.6,16.2,0,0,0,0,0,0.2,0,,0.0,22.0,0.0,0.0,0,,
2025-09-23 04:25:00-03:00,0,22,470,0,0,69.3,94.6,16.4,0,0,0,0,0,0.2,0,,0.0,22.0,0.0,0.0,0,,
2025-09-23 04:30:00-03:00,0,22,468,0,0,69.3,94.6,16.7,0,0,0,0,0,0.2,0,,0.0,22.0,0.0,0.0,0,,
2025-09-23 04:35:00-03:00,0,22,466,0,0,69.3,94.5,17.0,0,0,0,0,0,0.2,0,,0.0,22.0,0.0,0.0,0,,
2025-09-23 04:40:00-03:00,0,22,464,0,0,69.3,94.5,17.2,0,0,0,0,0,0.2,0,,0.0,22.0,0.0,0.0,0,,
2025-09-23 04:45:00-03:00,0,22,462,0,0,69.3,94.5,17.5,0,0,0,0,0,0.2,0,,0.0,22.0,0.0,0.0,0,,
2025-09-23 04:50:00-03:00,0,22,460,0,0,69.3,94.5,17.8,0,0,0,0,0,0.3,0,,0.0,22.0,0.0,0.0,0,,
2025-09-23 04:55:00-03:00,0,22,458,0,0,69.3,94.4,18.0,0,0,0,0,0,0.3,0,,0.0,22.0,0.0,0.0,0,,
2025-09-23 05:00:00-03:00,0,22,456,0,0,69.3,94.4,18.3,0,0,0,0,0,0.3,0,,0.0,22.0,0.0,0.0,0,,
2025-09-23 05:05:00-03:00,0,22,454,0,0,69.2,94.4,18.4,0,0,0,0,0,0.3,0,,0.0,22.0,0.0,0.0,0,,
2025-09-23 05:10:00-03:00,0,21,452,0,0,69.1,94.3,18.2,0,0,0,0,0,0.4,0,,0.0,21.0,0.0,0.0,0,,
2025-09-23 05:15:00-03:00,0,21,451,0,0,68.9,94.2,18.1,0,0,0,0,0,0.5,0,,0.0,21.0,0.0,0.0,0,,
2025-09-23 05:20:00-03:00,0,21,449,0,0,68.7,94.1,18.0,0,0,0,0,0,0.6,0,,0.0,21.0,0.0,0.0,0,,
2025-09-23 05:25:00-03:00,0,21,447,0,0,68.6,94.0,17.8,0,0,0,0,0,0.7,0,,0.0,21.0,0.0,0.0,0,,
2025-09-23 05:30:00-03:00,0,21,445,0,0,68.4,94.0,17.7,0,0,0,0,0,0.8,0,,0.0,21.0,0.0,0.0,0,,
2025-09-23 05:35:00-03:00,0,21,444,0,0,68.3,93.9,17.6,0,0,0,0,0,0.9,0,,0.0,21.0,0.0,0.0,0,,
2025-09-23 05:40:00-03:00,0,21,442,0,0,68.1,93.8,17.4,0,0,0,0,0,1.0,0,,0.0,21.0,0.0,0.0,0,,
2025-09-23 05:45:00-03:00,0,21,440,0,0,67.9,93.7,17.3,0,0,0,0,0,1.1,0,,0.28867513668138256,21.0,0.0,0.0,0,,
2025-09-23 05:50:00-03:00,0,21,438,0,0,67.8,93.6,17.2,0,0,0,0,0,1.2,0,,1.1645001533983264,21.0,0.0,0.0,0,,
2025-09-23 05:55:00-03:00,0,21,437,0,0,67.6,93.5,17.0,0,0,0,0,0,1.3,0,,2.2156468378994982,21.0,0.0,0.0,0,,
2025-09-23 06:00:00-03:00,0,21,435,0,0,67.4,93.4,16.9,0,0,0,0,0,1.4,0,,3.6045005539777395,21.0,0.0,0.0,0,,
2025-09-23 06:05:00-03:00,0,21,440,0,0,67.1,93.3,16.6,0,0,0,0,0,1.4,0,,5.361902647493643,21.0,0.0,0.0,0,,
2025-09-23 06:10:00-03:00,1,21,451,3,3,66.6,93.1,16.2,0,3,1,0,3,1.4,0,0.3333333333333333,7.286350876268964,21.03125,0.0,1.0,0,66.66666666666666,44.39999999999999
2025-09-23 06:15:00-03:00,4,21,463,12,11,66.1,92.9,15.8,1,10,4,1,10,1.4,0,0.36363636363636365,9.449627217337579,21.125,0.0,4.0,0,63.63636363636363,42.06363636363636
2025-09-23 06:20:00-03:00,8,21,474,22,21,65.6,92.6,15.4,2,19,7,2,18,1.4,0,0.3333333333333333,12.240952131762326,21.21875,0.0,7.0,0,66.66666666666666,43.73333333333332
2025-09-23 06:25:00-03:00,12,21,485,33,33,65.1,92.4,15.0,3,28,11,2,28,1.4,1,0.3333333333333333,15.320811751615967,21.34375,0.0,11.0,0,66.66666666666666,43.39999999999999
2025-09-23 06:30:00-03:00,16,21,497,46,47,64.6,92.2,14.6,4,39,16,4,39,1.4,1,0.3404255319148936,18.98384480650684,21.5,0.0,16.0,0,65.95744680851064,42.608510638297865
2025-09-23 06:35:00-03:00,22,21,508,60,61,64.1,91.9,14.2,5,52,21,5,51,1.4,1,0.3442622950819672,22.84532973958254,21.65625,0.0,21.0,0,65.57377049180327,42.0327868852459
2025-09-23 06:40:00-03:00,28,21,520,75,77,63.1,91.5,13.0,6,65,27,6,66,1.4,1,0.35064935064935066,26.949307069316333,21.84375,0.0,27.0,0,64.93506493506493,40.97402597402597
2025-09-23 06:45:00-03:00,36,21,531,92,94,60.4,90.4,9.4,9,83,36,9,84,1.4,1,0.3829787234042553,31.37879519484338,22.125,0.0,36.0,0,61.702127659574465,37.268085106382976
2025-09-23 06:50:00-03:00,46,21,542,109,112,57.6,89.3,5.7,12,103,45,11,105,1.4,1,0.4017857142857143,35.63025612476388,22.40625,0.0,45.0,0,59.82142857142857,34.457142857142856
2025-09-23 06:55:00-03:00,57,21,554,127,131,54.8,88.1,2.0,15,125,57,15,128,1.4,1,0.4351145038167939,39.66020446471404,22.78125,0.0,57.0,0,56.48854961832062,30.955725190839697
2025-09-23 07:00:00-03:00,70,21,565,146,150,52.0,86.9,0.0,19,146,69,19,150,1.4,1,0.46,43.500957843873046,23.15625,0.0,69.0,0,54.0,28.08
2025-09-23 07:05:00-03:00,84,21,573,166,171,49.1,85.5,0.0,24,166,83,24,171,1.4,1,0.4853801169590643,47.32479649863726,23.59375,0.0,83.0,0,51.461988304093566,25.26783625730994
2025-09-23 07:10:00-03:00,101,21,578,186,192,46.0,84.0,0.0,30,186,99,29,192,1.4,1,0.515625,50.822552259630385,24.09375,0.0,99.0,0,48.4375,22.28125
2025-09-23 07:15:00-03:00,115,22,583,207,214,44.3,82.9,0.0,35,207,113,35,214,1.3,1,0.5280373831775701,53.98056608773694,25.53125,0.21250000000000002,112.759875,0,47.19626168224299,20.907943925233646
2025-09-23 07:20:00-03:00,131,22,588,228,236,42.7,81.6,0.0,42,228,128,41,236,1.3,1,0.5423728813559322,56.91480874558438,26.0,0.4,127.488,0,45.76271186440678,19.540677966101697
2025-09-23 07:25:00-03:00,147,22,593,249,258,41.1,80.4,0.0,49,249,144,48,258,1.3,1,0.5581395348837209,59.68776078795179,26.5,0.6000000000000001,143.136,0,44.18604651162791,18.16046511627907
2025-09-23 07:30:00-03:00,164,22,598,270,280,39.5,79.1,0.0,56,270,162,55,280,1.2,1,0.5785714285714286,62.29712528024674,27.0625,0.8250000000000001,160.6635,0,42.142857142857146,16.646428571428572
2025-09-23 07:35:00-03:00,181,22,603,292,303,37.9,77.8,0.0,65,292,180,64,303,1.2,1,0.594059405940594,64.4089679432613,27.625,1.05,178.11,0,40.5940594059406,15.385148514851487
2025-09-23 07:40:00-03:00,200,22,608,313,325,36.3,76.5,0.0,74,313,199,72,325,1.1,1,0.6123076923076923,66.17195231159613,28.21875,1.2875,196.43787500000002,0,38.76923076923077,14.073230769230769
2025-09-23 07:45:00-03:00,219,22,613,335,348,34.7,75.1,0.0,83,335,218,82,348,1.1,1,0.6264367816091954,67.63941830834855,28.8125,1.5250000000000001,214.6755,0,37.35632183908046,12.962643678160921
2025-09-23 07:50:00-03:00,238,22,618,356,370,33.2,73.8,0.0,94,356,239,92,370,1.1,1,0.6459459459459459,68.47206906779624,29.46875,1.7875,234.727875,0,35.4054054054054,11.754594594594597
2025-09-23 07:55:00-03:00,257,22,623,378,393,31.9,72.6,0.0,104,378,259,102,393,1.1,1,0.6590330788804071,68.73064465834945,30.09375,2.0375,253.722875,0,34.096692111959285,10.876844783715011
2025-09-23 08:00:00-03:00,276,22,628,399,415,30.8,71.6,0.0,114,399,278,112,415,1.0,1,0.6698795180722892,68.49463593242834,30.6875,2.275,271.6755,0,33.01204819277108,10.167710843373493
2025-09-23 08:05:00-03:00,295,22,631,420,437,29.9,70.6,0.0,123,420,297,121,437,1.0,1,0.6796338672768879,68.03269044876652,31.28125,2.5125,289.53787500000004,0,32.036613272311214,9.578947368421053
2025-09-23 08:10:00-03:00,312,23,632,440,458,29.2,69.8,0.0,133,440,315,131,458,0.9,1,0.6877729257641921,67.47676367731576,32.84375,3.1375,305.116875,0,31.222707423580786,9.117030567685589
2025-09-23 08:15:00-03:00,329,23,634,460,479,28.5,69.0,0.0,143,460,333,140,479,0.9,1,0.6951983298538622,66.55665164946721,33.40625,3.3625000000000003,321.802875,0,30.48016701461378,8.686847599164928
2025-09-23 08:20:00-03:00,346,23,636,480,499,27.8,68.2,0.0,153,480,351,150,499,0.9,1,0.7034068136272545,65.4788307220577,33.96875,3.5875000000000004,338.407875,0,29.659318637274552,8.245290581162326
2025-09-23 08:25:00-03:00,364,23,638,500,520,27.1,67.4,0.0,163,500,369,160,520,0.8,1,0.7096153846153846,64.49682867468361,34.53125,3.8125,354.931875,0,29.03846153846154,7.869423076923077
2025-09-23 08:30:00-03:00,382,23,639,519,540,26.5,66.6,0.0,174,519,387,171,540,0.8,1,0.7166666666666667,63.70386030832328,35.09375,4.0375000000000005,371.374875,0,28.333333333333332,7.508333333333333
2025-09-23 08:35:00-03:00,399,23,641,538,560,25.8,65.7,0.0,185,538,406,181,560,0.7,1,0.725,62.874333540661354,35.6875,4.275,388.6435,0,27.500000000000004,7.0950000000000015
2025-09-23 08:40:00-03:00,415,23,642,557,580,25.4,64.7,0.0,196,557,422,193,580,0.7,1,0.7275862068965517,61.8156472296839,36.1875,4.4750000000000005,403.1155,0,27.241379310344826,6.919310344827585
2025-09-23 08:45:00-03:00,431,23,644,576,599,25.1,63.8,0.0,209,576,439,205,599,0.7,1,0.7328881469115192,60.22206381134262,36.71875,4.6875,418.421875,0,26.71118530884808,6.704507512520869
2025-09-23 08:50:00-03:00,447,23,646,594,618,24.7,62.8,0.0,221,594,455,217,618,0.6,1,0.7362459546925566,58.107789077847166,37.21875,4.8875,432.761875,0,26.375404530744333,6.51472491909385
2025-09-23 08:55:00-03:00,463,24,648,612,637,24.3,61.8,0.0,234,612,472,230,637,0.6,1,0.7409733124018838,55.75650525981943,38.75,5.5,446.03999999999996,0,25.902668759811615,6.294348508634223
2025-09-23 09:00:00-03:00,478,24,649,630,655,24.0,60.8,0.0,247,630,488,242,655,0.6,1,0.7450381679389313,53.17972671360486,39.25,5.7,460.18399999999997,0,25.49618320610687,6.119083969465648
2025-09-23 09:05:00-03:00,492,24,649,647,674,24.0,60.3,0.0,257,647,502,253,674,0.5,1,0.744807121661721,50.541537072959194,39.6875,5.875,472.5075,0,25.519287833827892,6.1246290801186944
2025-09-23 09:10:00-03:00,504,24,648,664,692,24.2,60.0,0.0,265,664,514,261,692,0.5,1,0.7427745664739884,48.20120393316305,40.0625,6.025,483.0315,0,25.722543352601157,6.22485549132948
2025-09-23 09:15:00-03:00,515,24,646,681,709,24.4,59.8,0.0,274,681,525,269,709,0.5,1,0.7404795486600846,45.70284455042472,40.40625,6.1625000000000005,492.64687499999997,0,25.952045133991536,6.332299012693934
2025-09-23 09:20:00-03:00,526,24,644,698,727,24.6,59.9,0.0,280,698,537,275,727,0.6,1,0.7386519944979367,43.37853120723695,40.78125,6.3125,503.101875,0,26.13480055020633,6.429160935350756
2025-09-23 09:25:00-03:00,537,24,642,714,744,24.8,60.1,0.0,285,714,548,280,744,0.6,1,0.7365591397849462,41.10592377866243,41.125,6.45,512.654,0,26.344086021505376,6.533333333333334
2025-09-23 09:30:00-03:00,548,24,641,730,760,24.9,60.4,0.0,289,730,559,284,760,0.6,1,0.7355263157894737,39.25981830489727,41.46875,6.5875,522.175875,0,26.44736842105263,6.585394736842104
2025-09-23 09:35:00-03:00,558,24,639,745,776,25.1,60.6,0.0,294,745,570,289,776,0.6,1,0.7345360824742269,37.878893939248,41.8125,6.7250000000000005,531.6675,0,26.54639175257732,6.663144329896908
2025-09-23 09:40:00-03:00,568,24,638,760,792,25.2,60.9,0.0,298,760,580,293,792,0.6,1,0.7323232323232324,36.53754814218651,42.125,6.8500000000000005,540.27,0,26.767676767676768,6.745454545454545
2025-09-23 09:45:00-03:00,578,24,636,775,807,25.4,61.1,0.0,301,775,590,296,807,0.6,1,0.7311028500619579,34.69466381116627,42.4375,6.9750000000000005,548.8475,0,26.889714993804215,6.82998760842627
2025-09-23 09:50:00-03:00,587,24,634,789,822,25.6,61.4,0.0,305,789,599,300,822,0.6,1,0.7287104622871047,32.47784792840716,42.71875,7.0875,556.545875,0,27.128953771289538,6.945012165450122
2025-09-23 09:55:00-03:00,596,24,632,803,837,25.8,61.6,0.0,308,803,608,303,837,0.6,1,0.7264038231780168,30.080069914491954,43.0,7.2,564.2239999999999,0,27.35961768219833,7.058781362007169
2025-09-23 10:00:00-03:00,605,25,631,816,851,25.9,61.9,0.0,311,816,617,306,851,0.6,1,0.7250293772032902,27.38764928454859,44.28125,7.7125,569.413875,0,27.497062279670974,7.121739130434781
2025-09-23 10:05:00-03:00,612,25,630,829,864,26.2,62.2,0.0,313,829,624,308,864,0.6,1,0.7222222222222222,24.57070810883935,44.5,7.800000000000001,575.328,0,27.77777777777778,7.277777777777779
2025-09-23 10:10:00-03:00,617,25,630,842,877,26.8,62.6,0.0,315,842,628,309,877,0.7,1,0.7160775370581528,21.815167089701347,44.625,7.8500000000000005,578.702,0,28.39224629418472,7.609122006841505
2025-09-23 10:15:00-03:00,621,25,630,854,890,27.3,63.0,0.0,316,854,633,310,890,0.7,1,0.7112359550561798,19.014149436352405,44.78125,7.9125000000000005,582.913875,0,28.876404494382022,7.883258426966292
2025-09-23 10:20:00-03:00,625,25,629,865,902,27.8,63.5,0.0,316,865,637,311,902,0.7,1,0.7062084257206208,16.26485335149094,44.90625,7.9625,586.278875,0,29.379157427937912,8.16740576496674
2025-09-23 10:25:00-03:00,629,25,629,876,913,28.2,63.9,0.0,317,876,640,311,913,0.7,1,0.7009857612267251,13.585587282787039,45.0,8.0,588.8000000000001,0,29.901423877327492,8.432201533406351
2025-09-23 10:30:00-03:00,632,25,629,887,924,28.7,64.3,0.0,317,887,643,312,924,0.7,1,0.6958874458874459,11.207410968020062,45.09375,8.0375,591.318875,0,30.41125541125541,8.728030303030302
2025-09-23 10:35:00-03:00,635,25,629,897,935,29.2,64.7,0.0,317,897,646,311,935,0.7,1,0.6909090909090909,9.3257544986841,45.1875,8.075000000000001,593.8355,0,30.909090909090907,9.025454545454545
2025-09-23 10:40:00-03:00,637,25,629,907,945,29.8,65.1,0.0,316,907,648,311,945,0.7,1,0.6857142857142857,7.897065047450286,45.25,8.1,595.5120000000001,0,31.428571428571427,9.365714285714285
2025-09-23 10:45:00-03:00,639,25,629,916,955,30.2,65.5,0.0,316,916,649,310,955,0.8,1,0.6795811518324607,6.4590786471227535,45.28125,8.1125,596.349875,0,32.04188481675393,9.676649214659687
2025-09-23 10:50:00-03:00,640,25,628,925,964,30.8,66.0,0.0,315,925,650,310,964,0.8,1,0.6742738589211619,5.241876832518052,45.3125,8.125,597.1875,0,32.572614107883815,10.032365145228216
2025-09-23 10:55:00-03:00,641,25,628,933,972,31.2,66.4,0.0,314,933,651,308,972,0.8,1,0.6697530864197531,4.281744192889992,45.34375,8.137500000000001,598.0248750000001,0,33.0246913580247,10.303703703703704
2025-09-23 11:00:00-03:00,642,25,628,940,980,31.8,66.8,0.0,312,940,651,307,980,0.8,1,0.6642857142857143,3.278719262152767,45.34375,8.137500000000001,598.0248750000001,0,33.57142857142857,10.675714285714285
2025-09-23 11:05:00-03:00,643,25,632,947,987,32.2,67.2,0.0,311,947,652,306,987,0.8,1,0.6605876393110436,2.4293034292827804,45.375,8.15,598.862,0,33.94123606889564,10.929078014184396
2025-09-23 11:10:00-03:00,644,25,638,954,994,32.5,67.5,0.1,310,953,653,305,993,0.8,1,0.6569416498993964,1.83195540504389,45.40625,8.1625,599.6988749999999,0,34.30583501006036,11.14939637826962
2025-09-23 11:15:00-03:00,645,25,646,960,1000,32.8,67.8,0.2,309,958,653,304,998,0.8,1,0.653,1.4668044012490424,45.40625,8.1625,599.6988749999999,0,34.699999999999996,11.381599999999999
2025-09-23 11:20:00-03:00,645,25,652,965,1006,33.2,68.2,0.3,307,962,654,302,1003,0.8,1,0.6500994035785288,1.4668044012490424,45.4375,8.175,600.5355,0,34.990059642147116,11.616699801192844
2025-09-23 11:25:00-03:00,645,25,660,970,1011,33.5,68.5,0.4,306,967,653,301,1007,0.8,1,0.645895153313551,1.975225341960779,45.40625,8.1625,599.6988749999999,0,35.410484668644905,11.862512363996043
2025-09-23 11:30:00-03:00,645,25,666,975,1016,33.8,68.8,0.5,304,970,653,299,1011,0.8,1,0.6427165354330708,2.9541957835056936,45.40625,8.1625,599.6988749999999,0,35.72834645669291,12.076181102362202
2025-09-23 11:35:00-03:00,644,25,674,978,1020,34.2,69.2,0.5,302,973,652,297,1014,0.8,1,0.6392156862745098,4.1304486512506,45.375,8.15,598.862,0,36.07843137254902,12.338823529411766
2025-09-23 11:40:00-03:00,643,25,680,982,1023,34.5,69.5,0.6,299,976,651,294,1017,0.8,1,0.6363636363636364,5.006056937412917,45.34375,8.137500000000001,598.0248750000001,0,36.36363636363637,12.545454545454547
2025-09-23 11:45:00-03:00,642,25,688,985,1026,34.8,69.8,0.7,297,978,649,292,1018,0.8,1,0.6325536062378168,5.356955263672246,45.28125,8.1125,596.349875,0,36.74463937621832,12.787134502923974
2025-09-23 11:50:00-03:00,640,25,694,987,1028,35.2,70.2,0.8,294,979,647,290,1020,0.8,1,0.6293774319066148,5.395705362939525,45.21875,8.0875,594.673875,0,37.06225680933852,13.045914396887161
2025-09-23 11:55:00-03:00,638,25,702,988,1030,35.5,70.5,0.9,292,980,644,287,1021,0.8,1,0.625242718446602,5.136765873230318,45.125,8.05,592.158,0,37.4757281553398,13.30388349514563
2025-09-23 12:00:00-03:00,635,25,708,990,1031,35.8,70.8,1.0,289,980,641,284,1021,0.9,1,0.6217264791464597,4.864061153924045,45.03125,8.012500000000001,589.639875,0,37.82735208535403,13.54219204655674
2025-09-23 12:05:00-03:00,634,25,713,990,1032,36.0,71.0,1.0,287,981,640,282,1022,0.9,1,0.6201550387596899,4.330127018924961,45.0,8.0,588.8000000000001,0,37.98449612403101,13.674418604651164
2025-09-23 12:10:00-03:00,635,25,715,990,1032,35.9,71.0,0.9,287,981,641,282,1022,0.9,1,0.6211240310077519,3.7203372281199236,45.03125,8.012500000000001,589.639875,0,37.8875968992248,13.601647286821704
2025-09-23 12:15:00-03:00,635,25,717,989,1031,35.8,71.0,0.8,287,981,642,282,1022,0.9,1,0.6226964112512124,3.099364548756515,45.0625,8.025,590.4794999999999,0,37.73035887487876,13.507468477206595
2025-09-23 12:20:00-03:00,635,25,720,988,1030,35.7,71.0,0.7,287,981,642,282,1022,1.0,1,0.6233009708737864,2.5878504008152596,45.0625,8.025,590.4794999999999,0,37.66990291262136,13.448155339805826
2025-09-23 12:25:00-03:00,635,25,722,986,1028,35.6,71.0,0.6,286,980,641,281,1021,1.0,1,0.6235408560311284,2.6443192398907183,45.03125,8.012500000000001,589.639875,0,37.64591439688716,13.40194552529183
2025-09-23 12:30:00-03:00,634,25,724,984,1025,35.5,71.0,0.5,285,979,641,281,1020,1.0,1,0.6253658536585366,3.23217723786978,45.03125,8.012500000000001,589.639875,0,37.46341463414634,13.299512195121949
2025-09-23 12:35:00-03:00,633,25,726,981,1022,35.5,71.0,0.5,285,977,640,280,1017,1.1,1,0.6262230919765166,4.273774855462923,45.0,8.0,588.8000000000001,0,37.37769080234833,13.269080234833659
2025-09-23 12:40:00-03:00,632,26,728,978,1019,35.4,71.0,0.4,284,974,638,279,1015,1.1,1,0.6261040235525025,6.03524998854898,45.9375,8.375,584.5675,0,37.389597644749756,13.235917566241412
2025-09-23 12:45:00-03:00,630,26,730,974,1015,35.3,71.0,0.3,282,971,637,278,1012,1.1,1,0.6275862068965518,8.50133679327955,45.90625,8.3625,583.730875,0,37.24137931034483,13.146206896551725
2025-09-23 12:50:00-03:00,628,26,733,969,1010,35.2,71.0,0.2,281,967,634,276,1008,1.2,1,0.6277227722772277,11.453463152333619,45.8125,8.325000000000001,581.2194999999999,0,37.227722772277225,13.104158415841585
2025-09-23 12:55:00-03:00,626,26,735,964,1005,35.1,71.0,0.1,280,963,632,275,1003,1.2,1,0.6288557213930348,14.822178304723673,45.75,8.3,579.544,0,37.11442786069652,13.02716417910448
2025-09-23 13:00:00-03:00,623,26,737,959,999,35.0,71.0,0.0,278,958,629,273,998,1.2,1,0.6296296296296297,18.215045396263406,45.65625,8.262500000000001,577.0288750000001,0,37.03703703703704,12.962962962962964
2025-09-23 13:05:00-03:00,617,26,738,952,992,35.2,71.2,0.2,274,951,623,270,990,1.3,1,0.6280241935483871,21.57790677072562,45.46875,8.1875,571.9918749999999,0,37.19758064516129,13.093548387096776
2025-09-23 13:10:00-03:00,609,26,739,946,985,35.6,71.6,0.6,268,940,615,264,979,1.3,1,0.6243654822335025,24.808814415996338,45.21875,8.0875,565.261875,0,37.56345177664975,13.372588832487311
2025-09-23 13:15:00-03:00,600,26,739,938,978,36.0,72.0,1.0,262,929,606,258,967,1.3,1,0.6196319018404908,28.00798046445074,44.9375,7.9750000000000005,557.6715,0,38.036809815950924,13.693251533742332
2025-09-23 13:20:00-03:00,591,26,740,931,969,36.5,72.5,1.5,256,917,596,252,955,1.3,1,0.6150670794633643,30.7196511975163,44.625,7.8500000000000005,549.2139999999999,0,38.493292053663566,14.050051599587203
2025-09-23 13:25:00-03:00,582,26,740,922,961,36.9,72.9,1.9,250,905,587,246,942,1.4,1,0.6108220603537982,33.172985540904754,44.34375,7.737500000000001,541.580875,0,38.91779396462019,14.36066597294485
2025-09-23 13:30:00-03:00,573,26,741,913,951,37.3,73.3,2.3,244,893,577,240,929,1.4,1,0.6067297581493165,35.06735942396882,44.03125,7.612500000000001,533.075875,0,39.327024185068346,14.668980021030492
2025-09-23 13:35:00-03:00,563,26,741,904,942,37.7,73.7,2.7,238,880,567,234,915,1.4,1,0.6019108280254777,36.32294124387769,43.71875,7.487500000000001,524.545875,0,39.80891719745223,15.007961783439493
2025-09-23 13:40:00-03:00,553,26,742,894,931,38.1,74.1,3.1,231,866,556,228,901,1.5,1,0.5972073039742213,37.6188017143607,43.375,7.3500000000000005,515.134,0,40.27926960257787,15.34640171858217
2025-09-23 13:45:00-03:00,543,27,742,884,921,38.5,74.5,3.5,225,853,546,221,886,1.5,1,0.5928338762214984,39.51294379406434,44.0625,7.625,504.36749999999995,0,40.71661237785016,15.675895765472312
2025-09-23 13:50:00-03:00,533,27,743,873,909,39.0,75.0,4.0,219,839,535,215,871,1.6,1,0.5885588558855885,41.91360161093506,43.71875,7.487500000000001,494.941875,0,41.144114411441144,16.046204620462046
2025-09-23 13:55:00-03:00,523,27,743,862,897,39.4,75.4,4.4,212,824,524,209,856,1.6,1,0.5841694537346711,44.73448605298198,43.375,7.3500000000000005,485.486,0,41.58305462653289,16.38372352285396
2025-09-23 14:00:00-03:00,512,27,744,850,885,39.8,75.8,4.8,206,809,513,202,840,1.7,1,0.5796610169491525,47.62630734704685,43.03125,7.2125,475.999875,0,42.03389830508474,16.729491525423725
2025-09-23 14:05:00-03:00,498,27,732,838,873,40.5,76.5,5.5,197,792,499,194,821,1.7,1,0.5715922107674685,50.53231789177485,42.59375,7.0375000000000005,463.882875,0,42.84077892325315,17.350515463917525
2025-09-23 14:10:00-03:00,482,27,709,826,860,41.6,77.5,6.6,186,771,482,183,799,1.7,1,0.5604651162790698,53.138113354816696,42.0625,6.825,449.1035,0,43.95348837209303,18.2846511627907
2025-09-23 14:15:00-03:00,466,27,686,813,846,42.7,78.5,7.7,175,750,465,172,777,1.7,1,0.549645390070922,55.61283915417516,41.53125,6.612500000000001,434.251875,0,45.0354609929078,19.230141843971634
2025-09-23 14:20:00-03:00,449,27,662,800,832,43.8,79.5,8.8,164,729,448,161,755,1.8,1,0.5384615384615384,57.539643777667834,41.0,6.4,419.328,0,46.15384615384615,20.215384615384615
2025-09-23 14:25:00-03:00,433,27,639,786,818,44.9,80.5,9.9,153,708,431,151,732,1.8,1,0.5268948655256723,58.94289737971386,40.46875,6.1875,404.33187499999997,0,47.31051344743276,21.24242053789731
2025-09-23 14:30:00-03:00,417,27,616,772,803,46.0,81.5,11.0,143,687,414,140,710,1.8,1,0.5155666251556662,59.71117351404673,39.9375,5.9750000000000005,389.2635,0,48.44333748443337,22.283935242839352
2025-09-23 14:35:00-03:00,401,27,592,757,788,47.0,82.5,12.0,132,666,398,130,687,1.9,1,0.5050761421319797,59.98686724962909,39.4375,5.775,375.01550000000003,0,49.49238578680203,23.261421319796955
2025-09-23 14:40:00-03:00,385,27,569,742,772,48.1,83.5,13.1,122,645,381,120,664,1.9,1,0.49352331606217614,59.374198559187825,38.90625,5.5625,359.806875,0,50.64766839378238,24.361528497409328
2025-09-23 14:45:00-03:00,369,27,546,727,756,49.2,84.5,14.2,113,623,365,111,642,2.0,1,0.4828042328042328,57.87211606794978,38.40625,5.362500000000001,345.426875,0,51.71957671957672,25.44603174603175
2025-09-23 14:50:00-03:00,353,27,522,711,740,50.3,85.5,15.3,103,602,349,101,619,2.0,1,0.47162162162162163,55.68655514792491,37.90625,5.1625000000000005,330.982875,0,52.83783783783784,26.577432432432435
2025-09-23 14:55:00-03:00,338,27,499,695,723,51.4,86.5,16.4,94,581,333,92,597,2.1,1,0.4605809128630705,52.99742703875118,37.40625,4.9625,316.474875,0,53.941908713692946,27.72614107883817
2025-09-23 15:00:00-03:00,321,27,476,678,705,52.7,87.6,17.3,84,561,315,83,575,2.1,1,0.44680851063829785,49.97476635991184,36.84375,4.7375,300.07687500000003,0,55.319148936170215,29.153191489361706
2025-09-23 15:05:00-03:00,307,27,454,661,688,53.6,88.1,17.6,79,545,302,77,559,2.1,1,0.438953488372093,46.79128382962758,36.4375,4.575,288.18350000000004,0,56.104651162790695,30.07209302325581
2025-09-23 15:10:00-03:00,298,27,434,645,671,53.8,87.9,17.1,78,534,293,76,548,2.1,1,0.4366616989567809,43.44135719739958,36.15625,4.4625,279.924875,0,56.333830104321905,30.307600596125184
2025-09-23 15:15:00-03:00,289,27,414,628,653,53.9,87.8,16.7,77,523,284,76,536,2.1,1,0.4349157733537519,40.28045619795929,35.875,4.3500000000000005,271.646,0,56.50842266462482,30.458039816232777
2025-09-23 15:20:00-03:00,280,27,394,610,635,54.1,87.6,16.3,76,511,275,74,524,2.1,1,0.4330708661417323,37.34229464960013,35.59375,4.2375,263.346875,0,56.69291338582677,30.670866141732287
2025-09-23 15:25:00-03:00,271,27,374,593,616,54.3,87.5,15.9,74,499,266,73,512,2.0,1,0.4318181818181818,34.843698617310075,35.3125,4.125,255.0275,0,56.81818181818182,30.852272727272727
2025-09-23 15:30:00-03:00,262,27,354,575,597,54.5,87.3,15.4,73,486,257,71,499,2.0,1,0.4304857621440536,33.02019584033314,35.03125,4.0125,246.68787500000002,0,56.951423785594635,31.038525963149077
2025-09-23 15:35:00-03:00,252,27,333,556,578,54.6,87.2,14.9,71,473,248,70,486,2.0,1,0.4290657439446367,32.44996147918571,34.75,3.9000000000000004,238.328,0,57.09342560553633,31.173010380622838
2025-09-23 15:40:00-03:00,243,27,313,538,559,54.8,87.1,14.5,69,460,239,68,473,2.0,1,0.4275491949910555,32.44996147918595,34.46875,3.7875,229.947875,0,57.24508050089445,31.37030411449016
2025-09-23 15:45:00-03:00,234,27,293,519,539,54.9,87.0,14.4,68,444,230,67,456,2.0,1,0.4267161410018553,32.31227836804457,34.1875,3.6750000000000003,221.54749999999999,0,57.32838589981447,31.473283858998144
2025-09-23 15:50:00-03:00,225,27,273,500,519,55.0,86.8,14.3,66,428,221,65,440,2.0,1,0.4258188824662813,32.19919065424723,33.90625,3.5625,213.12687499999998,0,57.41811175337187,31.57996146435453
2025-09-23 15:55:00-03:00,216,27,253,480,499,55.1,86.6,14.3,64,412,212,63,423,1.9,1,0.4248496993987976,32.110958197542715,33.625,3.45,204.686,0,57.51503006012024,31.69078156312625
2025-09-23 16:00:00-03:00,207,27,233,461,479,55.2,86.4,14.2,62,395,203,61,406,1.9,1,0.42379958246346555,32.04778628956018,33.34375,3.3375000000000004,196.224875,0,57.62004175365344,31.8062630480167
2025-09-23 16:05:00-03:00,198,27,224,441,458,55.2,86.3,14.0,61,379,194,60,389,1.9,1,0.42358078602620086,32.291639784946376,33.0625,3.225,187.7435,0,57.64192139737992,31.818340611353715
2025-09-23 16:10:00-03:00,189,27,227,421,437,55.1,86.0,13.7,59,363,186,58,372,1.9,1,0.425629290617849,32.65093158447522,32.8125,3.125,180.1875,0,57.43707093821511,31.647826086956524
2025-09-23 16:15:00-03:00,180,27,230,400,415,55.0,85.8,13.4,57,346,177,56,356,1.8,1,0.42650602409638555,33.09856721243256,32.53125,3.0125,171.667875,0,57.34939759036145,31.542168674698797
2025-09-23 16:20:00-03:00,171,27,233,379,394,54.9,85.6,13.1,54,330,168,54,338,1.8,1,0.4263959390862944,33.60735850160387,32.25,2.9000000000000004,163.128,0,57.360406091370564,31.49086294416244
2025-09-23 16:25:00-03:00,161,27,236,359,372,55.1,85.6,12.9,52,312,159,51,320,1.8,1,0.4274193548387097,34.15062446743761,31.96875,2.7875,154.56787500000002,0,57.25806451612904,31.5491935483871
2025-09-23 16:30:00-03:00,151,27,239,338,350,55.4,85.7,12.9,48,294,148,48,302,1.7,1,0.4228571428571429,34.7025237052864,31.625,2.6500000000000004,144.078,0,57.714285714285715,31.973714285714287
2025-09-23 16:35:00-03:00,140,27,242,317,329,55.8,85.8,12.8,45,276,138,44,283,1.7,1,0.4194528875379939,35.098454597778876,31.3125,2.5250000000000004,134.5155,0,58.05471124620061,32.39452887537994
2025-09-23 16:40:00-03:00,130,27,245,296,307,56.2,85.9,12.7,42,258,128,41,265,1.6,1,0.4169381107491857,35.20803971548128,31.0,2.4000000000000004,124.928,0,58.306188925081436,32.768078175895766
2025-09-23 16:45:00-03:00,120,27,248,275,285,56.5,86.0,12.6,38,241,118,38,246,1.6,1,0.41403508771929826,35.03591231174115,30.6875,2.275,115.3155,0,58.59649122807018,33.107017543859655
2025-09-23 16:50:00-03:00,110,27,251,254,263,56.9,86.2,12.5,35,223,108,35,228,1.6,1,0.41064638783269963,34.71398286082262,30.375,2.15,105.678,0,58.935361216730044,33.534220532319395
2025-09-23 16:55:00-03:00,100,27,254,234,242,57.3,86.4,12.3,32,205,98,31,209,1.5,1,0.4049586776859504,34.104451855506106,30.0625,2.025,96.0155,0,59.50413223140496,34.09586776859504
2025-09-23 17:00:00-03:00,90,27,257,213,220,57.6,86.6,12.2,29,187,89,28,191,1.5,1,0.40454545454545454,33.22227711898465,29.78125,1.9125,87.297875,0,59.54545454545455,34.29818181818182
2025-09-23 17:05:00-03:00,82,27,257,193,199,57.4,86.4,11.8,26,170,81,26,173,1.5,1,0.40703517587939697,32.42987773177536,29.53125,1.8125,79.531875,0,59.2964824120603,34.03618090452261
2025-09-23 17:10:00-03:00,73,26,254,172,178,57.5,86.1,13.2,24,150,72,24,152,1.5,1,0.4044943820224719,31.500360748310055,28.25,1.3,71.064,0,59.55056179775281,34.241573033707866
2025-09-23 17:15:00-03:00,64,26,252,152,157,57.7,85.9,14.6,21,130,63,21,132,1.5,1,0.4012738853503185,30.37642626656785,27.96875,1.1875,62.251875000000005,0,59.87261146496815,34.54649681528663
2025-09-23 17:20:00-03:00,56,26,249,133,137,57.9,85.8,16.0,19,112,55,19,113,1.4,1,0.40145985401459855,29.02806896574009,27.71875,1.0875000000000001,54.401875000000004,0,59.854014598540154,34.65547445255475
2025-09-23 17:25:00-03:00,48,26,246,114,117,58.2,85.8,17.4,16,94,47,16,95,1.4,1,0.4017094017094017,27.575104054878054,27.46875,0.9875,46.535875000000004,0,59.82905982905983,34.820512820512825
2025-09-23 17:30:00-03:00,40,26,244,96,98,58.5,85.8,18.9,14,78,39,13,78,1.4,1,0.3979591836734694,26.139485979523936,27.21875,0.8875000000000001,38.653875,0,60.204081632653065,35.21938775510204
2025-09-23 17:35:00-03:00,32,26,241,79,80,59.0,85.9,20.5,11,62,32,11,62,1.4,1,0.4,24.666717854185286,27.0,0.8,31.744,0,60.0,35.4
2025-09-23 17:40:00-03:00,27,25,239,62,64,57.3,85.0,19.2,9,50,26,9,50,1.4,1,0.40625,23.066931597730086,25.8125,0.325,25.9155,0,59.375,34.021875
2025-09-23 17:45:00-03:00,21,25,236,48,48,55.4,83.9,17.6,8,39,21,8,39,1.4,1,0.4375,21.116380256865785,25.65625,0.2625,20.944875,0,56.25,31.1625
2025-09-23 17:50:00-03:00,16,25,233,34,33,53.4,82.7,16.0,6,29,16,6,28,1.4,1,0.48484848484848486,18.910474891104823,25.5,0.2,15.968,0,51.515151515151516,27.50909090909091
2025-09-23 17:55:00-03:00,11,25,231,22,21,51.4,81.5,14.4,4,19,11,4,19,1.4,1,0.5238095238095238,16.47288865400098,25.34375,0.1375,10.984875,0,47.61904761904761,24.47619047619047
2025-09-23 18:00:00-03:00,6,25,228,11,11,49.4,80.2,12.8,2,10,6,2,10,1.4,0,0.5454545454545454,13.98267326072565,25.1875,0.07500000000000001,5.9955,0,45.45454545454545,22.454545454545453
2025-09-23 18:05:00-03:00,1,25,226,2,2,48.5,79.6,0.0,0,2,1,0,2,1.3,0,0.5,11.64207364643194,25.03125,0.0125,0.999875,0,50.0,24.25
2025-09-23 18:10:00-03:00,0,25,222,0,0,48.8,79.6,0.0,0,0,0,0,0,1.3,0,,9.459242714316185,25.0,0.0,0.0,0,,
2025-09-23 18:15:00-03:00,0,24,220,0,0,49.1,79.7,0.0,0,0,0,0,0,1.3,0,,7.403418538869797,24.0,0.0,0.0,0,,
2025-09-23 18:20:00-03:00,0,24,216,0,0,49.4,79.8,0.0,0,0,0,0,0,1.2,0,,5.373898759733564,24.0,0.0,0.0,0,,
2025-09-23 18:25:00-03:00,0,24,214,0,0,49.8,79.8,0.0,0,0,0,0,0,1.2,0,,3.4509550721751414,24.0,0.0,0.0,0,,
2025-09-23 18:30:00-03:00,0,24,210,0,0,50.1,79.9,0.0,0,0,0,0,0,1.2,0,,1.7298624926583916,24.0,0.0,0.0,0,,
2025-09-23 18:35:00-03:00,0,24,208,0,0,50.4,79.9,0.0,0,0,0,0,0,1.2,0,,0.2886751364705409,24.0,0.0,0.0,0,,
2025-09-23 18:40:00-03:00,0,24,204,0,0,50.7,80.0,0.0,0,0,0,0,0,1.1,0,,0.0,24.0,0.0,0.0,0,,
2025-09-23 18:45:00-03:00,0,24,202,0,0,51.0,80.1,0.0,0,0,0,0,0,1.1,0,,0.0,24.0,0.0,0.0,0,,
2025-09-23 18:50:00-03:00,0,24,198,0,0,51.3,80.1,0.0,0,0,0,0,0,1.1,0,,0.0,24.0,0.0,0.0,0,,
2025-09-23 18:55:00-03:00,0,24,196,0,0,51.6,80.2,0.0,0,0,0,0,0,1.0,0,,0.0,24.0,0.0,0.0,0,,
2025-09-23 19:00:00-03:00,0,24,192,0,0,51.9,80.2,0.0,0,0,0,0,0,1.0,0,,0.0,24.0,0.0,0.0,0,,
2025-09-23 19:05:00-03:00,0,24,190,0,0,52.2,80.3,12.1,0,0,0,0,0,1.0,0,,0.0,24.0,0.0,0.0,0,,
2025-09-23 19:10:00-03:00,0,24,188,0,0,52.5,80.5,12.6,0,0,0,0,0,1.0,0,,0.0,24.0,0.0,0.0,0,,
2025-09-23 19:15:00-03:00,0,24,186,0,0,52.8,80.6,13.0,0,0,0,0,0,1.0,0,,0.0,24.0,0.0,0.0,0,,
2025-09-23 19:20:00-03:00,0,24,183,0,0,53.1,80.7,13.4,0,0,0,0,0,1.0,0,,0.0,24.0,0.0,0.0,0,,
2025-09-23 19:25:00-03:00,0,24,181,0,0,53.4,80.8,13.8,0,0,0,0,0,1.0,0,,0.0,24.0,0.0,0.0,0,,
2025-09-23 19:30:00-03:00,0,24,179,0,0,53.7,81.0,14.2,0,0,0,0,0,1.0,0,,0.0,24.0,0.0,0.0,0,,
2025-09-23 19:35:00-03:00,0,24,177,0,0,54.0,81.1,14.6,0,0,0,0,0,1.0,0,,0.0,24.0,0.0,0.0,0,,
2025-09-23 19:40:00-03:00,0,24,175,0,0,54.3,81.2,15.0,0,0,0,0,0,1.0,0,,0.0,24.0,0.0,0.0,0,,
2025-09-23 19:45:00-03:00,0,24,173,0,0,54.6,81.3,15.4,0,0,0,0,0,1.0,0,,0.0,24.0,0.0,0.0,0,,
2025-09-23 19:50:00-03:00,0,24,170,0,0,54.9,81.4,15.8,0,0,0,0,0,1.0,0,,0.0,24.0,0.0,0.0,0,,
2025-09-23 19:55:00-03:00,0,23,168,0,0,55.2,81.6,16.2,0,0,0,0,0,1.1,0,,0.0,23.0,0.0,0.0,0,,
2025-09-23 20:00:00-03:00,0,23,166,0,0,55.4,81.7,16.6,0,0,0,0,0,1.1,0,,0.0,23.0,0.0,0.0,0,,
2025-09-23 20:05:00-03:00,0,23,168,0,0,55.7,81.8,17.2,0,0,0,0,0,1.1,0,,0.0,23.0,0.0,0.0,0,,
2025-09-23 20:10:00-03:00,0,23,175,0,0,56.0,81.9,17.8,0,0,0,0,0,1.1,0,,0.0,23.0,0.0,0.0,0,,
2025-09-23 20:15:00-03:00,0,23,182,0,0,56.3,82.0,18.5,0,0,0,0,0,1.1,0,,0.0,23.0,0.0,0.0,0,,
2025-09-23 20:20:00-03:00,0,23,188,0,0,56.6,82.1,19.2,0,0,0,0,0,1.1,0,,0.0,23.0,0.0,0.0,0,,
2025-09-23 20:25:00-03:00,0,23,195,0,0,56.9,82.3,19.8,0,0,0,0,0,1.1,0,,0.0,23.0,0.0,0.0,0,,
2025-09-23 20:30:00-03:00,0,23,202,0,0,57.2,82.4,20.5,0,0,0,0,0,1.2,0,,0.0,23.0,0.0,0.0,0,,
2025-09-23 20:35:00-03:00,0,23,208,0,0,57.5,82.5,21.1,0,0,0,0,0,1.2,0,,0.0,23.0,0.0,0.0,0,,
2025-09-23 20:40:00-03:00,0,23,215,0,0,57.7,82.6,21.8,0,0,0,0,0,1.2,0,,0.0,23.0,0.0,0.0,0,,
2025-09-23 20:45:00-03:00,0,23,222,0,0,58.0,82.7,22.4,0,0,0,0,0,1.2,0,,0.0,23.0,0.0,0.0,0,,
2025-09-23 20:50:00-03:00,0,23,228,0,0,58.3,82.8,23.1,0,0,0,0,0,1.2,0,,0.0,23.0,0.0,0.0,0,,
2025-09-23 20:55:00-03:00,0,23,235,0,0,58.6,82.9,23.7,0,0,0,0,0,1.3,0,,0.0,23.0,0.0,0.0,0,,
2025-09-23 21:00:00-03:00,0,23,242,0,0,58.9,83.1,24.4,0,0,0,0,0,1.3,0,,0.0,23.0,0.0,0.0,0,,
2025-09-23 21:05:00-03:00,0,23,245,0,0,59.0,83.1,24.7,0,0,0,0,0,1.3,0,,0.0,23.0,0.0,0.0,0,,
2025-09-23 21:10:00-03:00,0,23,246,0,0,59.1,83.2,24.7,0,0,0,0,0,1.3,0,,0.0,23.0,0.0,0.0,0,,
2025-09-23 21:15:00-03:00,0,23,246,0,0,59.2,83.3,24.7,0,0,0,0,0,1.3,0,,0.0,23.0,0.0,0.0,0,,
2025-09-23 21:20:00-03:00,0,23,247,0,0,59.3,83.3,24.7,0,0,0,0,0,1.4,0,,0.0,23.0,0.0,0.0,0,,
2025-09-23 21:25:00-03:00,0,23,247,0,0,59.4,83.4,24.7,0,0,0,0,0,1.4,0,,0.0,23.0,0.0,0.0,0,,
2025-09-23 21:30:00-03:00,0,23,248,0,0,59.5,83.4,24.7,0,0,0,0,0,1.4,0,,0.0,23.0,0.0,0.0,0,,
2025-09-23 21:35:00-03:00,0,23,248,0,0,59.6,83.5,24.7,0,0,0,0,0,1.4,0,,0.0,23.0,0.0,0.0,0,,
2025-09-23 21:40:00-03:00,0,23,249,0,0,59.7,83.5,24.7,0,0,0,0,0,1.4,0,,0.0,23.0,0.0,0.0,0,,
2025-09-23 21:45:00-03:00,0,23,249,0,0,59.8,83.6,24.7,0,0,0,0,0,1.5,0,,0.0,23.0,0.0,0.0,0,,
2025-09-23 21:50:00-03:00,0,23,250,0,0,59.9,83.6,24.7,0,0,0,0,0,1.5,0,,0.0,23.0,0.0,0.0,0,,
2025-09-23 21:55:00-03:00,0,23,250,0,0,60.0,83.7,24.7,0,0,0,0,0,1.5,0,,0.0,23.0,0.0,0.0,0,,
2025-09-23 22:00:00-03:00,0,23,251,0,0,60.1,83.8,24.7,0,0,0,0,0,1.5,0,,0.0,23.0,0.0,0.0,0,,
2025-09-23 22:05:00-03:00,0,23,248,0,0,60.3,83.9,24.9,0,0,0,0,0,1.5,0,,0.0,23.0,0.0,0.0,0,,
2025-09-23 22:10:00-03:00,0,23,242,0,0,60.8,84.3,25.4,0,0,0,0,0,1.5,0,,0.0,23.0,0.0,0.0,0,,
2025-09-23 22:15:00-03:00,0,23,236,0,0,61.2,84.6,25.9,0,0,0,0,0,1.5,0,,0.0,23.0,0.0,0.0,0,,
2025-09-23 22:20:00-03:00,0,22,230,0,0,61.7,84.9,26.5,0,0,0,0,0,1.4,0,,0.0,22.0,0.0,0.0,0,,
2025-09-23 22:25:00-03:00,0,22,224,0,0,62.1,85.2,27.0,0,0,0,0,0,1.4,0,,0.0,22.0,0.0,0.0,0,,
2025-09-23 22:30:00-03:00,0,22,218,0,0,62.6,85.5,27.5,0,0,0,0,0,1.4,0,,0.0,22.0,0.0,0.0,0,,
2025-09-23 22:35:00-03:00,0,22,212,0,0,63.0,85.8,28.0,0,0,0,0,0,1.3,0,,0.0,22.0,0.0,0.0,0,,
2025-09-23 22:40:00-03:00,0,22,206,0,0,63.4,86.1,28.5,0,0,0,0,0,1.3,0,,0.0,22.0,0.0,0.0,0,,
2025-09-23 22:45:00-03:00,0,22,200,0,0,63.9,86.4,28.9,0,0,0,0,0,1.3,0,,0.0,22.0,0.0,0.0,0,,
2025-09-23 22:50:00-03:00,0,22,194,0,0,64.3,86.7,29.4,0,0,0,0,0,1.3,0,,0.0,22.0,0.0,0.0,0,,
2025-09-23 22:55:00-03:00,0,22,188,0,0,64.7,87.0,29.9,0,0,0,0,0,1.2,0,,0.0,22.0,0.0,0.0,0,,
2025-09-23 23:00:00-03:00,0,21,182,0,0,65.2,87.3,30.4,0,0,0,0,0,1.2,0,,0.0,21.0,0.0,0.0,0,,
2025-09-23 23:05:00-03:00,0,21,181,0,0,65.4,87.4,30.6,0,0,0,0,0,1.2,0,,0.0,21.0,0.0,0.0,0,,
2025-09-23 23:10:00-03:00,0,21,185,0,0,65.4,87.4,30.5,0,0,0,0,0,1.1,0,,0.0,21.0,0.0,0.0,0,,
2025-09-23 23:15:00-03:00,0,21,188,0,0,65.4,87.4,30.4,0,0,0,0,0,1.1,0,,0.0,21.0,0.0,0.0,0,,
2025-09-23 23:20:00-03:00,0,21,192,0,0,65.4,87.4,30.2,0,0,0,0,0,1.1,0,,0.0,21.0,0.0,0.0,0,,
2025-09-23 23:25:00-03:00,0,21,196,0,0,65.4,87.4,30.1,0,0,0,0,0,1.0,0,,0.0,21.0,0.0,0.0,0,,
2025-09-23 23:30:00-03:00,0,21,200,0,0,65.4,87.4,30.0,0,0,0,0,0,1.0,0,,0.0,21.0,0.0,0.0,0,,
2025-09-23 23:35:00-03:00,0,21,203,0,0,65.4,87.4,29.9,0,0,0,0,0,0.9,0,,0.0,21.0,0.0,0.0,0,,
2025-09-23 23:40:00-03:00,0,21,207,0,0,65.4,87.4,29.7,0,0,0,0,0,0.9,0,,0.0,21.0,0.0,0.0,0,,
2025-09-23 23:45:00-03:00,0,21,211,0,0,65.4,87.4,29.6,0,0,0,0,0,0.9,0,,0.0,21.0,0.0,0.0,0,,
2025-09-23 23:50:00-03:00,0,21,215,0,0,65.4,87.4,29.5,0,0,0,0,0,0.8,0,,0.0,21.0,0.0,0.0,0,,
2025-09-23 23:55:00-03:00,0,21,218,0,0,65.4,87.4,29.4,0,0,0,0,0,0.8,0,,0.0,21.0,0.0,0.0,0,,
2025-09-24 00:00:00-03:00,0,21,222,0,0,65.4,87.4,29.3,0,0,0,0,0,0.7,0,,0.0,21.0,0.0,0.0,0,,
2025-09-24 00:05:00-03:00,0,21,224,0,0,65.5,87.6,29.4,0,0,0,0,0,0.7,0,,0.0,21.0,0.0,0.0,0,,
2025-09-24 00:10:00-03:00,0,21,223,0,0,65.9,87.8,29.9,0,0,0,0,0,0.7,0,,0.0,21.0,0.0,0.0,0,,
2025-09-24 00:15:00-03:00,0,21,223,0,0,66.2,88.0,30.4,0,0,0,0,0,0.6,0,,0.0,21.0,0.0,0.0,0,,
2025-09-24 00:20:00-03:00,0,21,223,0,0,66.5,88.3,30.9,0,0,0,0,0,0.6,0,,0.0,21.0,0.0,0.0,0,,
2025-09-24 00:25:00-03:00,0,21,222,0,0,66.9,88.5,31.4,0,0,0,0,0,0.6,0,,0.0,21.0,0.0,0.0,0,,
2025-09-24 00:30:00-03:00,0,21,222,0,0,67.2,88.7,31.9,0,0,0,0,0,0.5,0,,0.0,21.0,0.0,0.0,0,,
2025-09-24 00:35:00-03:00,0,21,221,0,0,67.5,88.9,32.4,0,0,0,0,0,0.5,0,,0.0,21.0,0.0,0.0,0,,
2025-09-24 00:40:00-03:00,0,21,221,0,0,67.9,89.1,32.8,0,0,0,0,0,0.5,0,,0.0,21.0,0.0,0.0,0,,
2025-09-24 00:45:00-03:00,0,21,220,0,0,68.2,89.3,33.3,0,0,0,0,0,0.4,0,,0.0,21.0,0.0,0.0,0,,
2025-09-24 00:50:00-03:00,0,21,220,0,0,68.5,89.5,33.8,0,0,0,0,0,0.4,0,,0.0,21.0,0.0,0.0,0,,
2025-09-24 00:55:00-03:00,0,21,220,0,0,68.8,89.8,34.3,0,0,0,0,0,0.4,0,,0.0,21.0,0.0,0.0,0,,
2025-09-24 01:00:00-03:00,0,21,219,0,0,69.1,90.0,34.8,0,0,0,0,0,0.3,0,,0.0,21.0,0.0,0.0,0,,
2025-09-24 01:05:00-03:00,0,21,219,0,0,68.9,89.9,34.3,0,0,0,0,0,0.3,0,,0.0,21.0,0.0,0.0,0,,
2025-09-24 01:10:00-03:00,0,21,219,0,0,68.1,89.4,33.0,0,0,0,0,0,0.4,0,,0.0,21.0,0.0,0.0,0,,
2025-09-24 01:15:00-03:00,0,21,218,0,0,67.3,89.0,31.7,0,0,0,0,0,0.5,0,,0.0,21.0,0.0,0.0,0,,
2025-09-24 01:20:00-03:00,0,21,218,0,0,66.5,88.6,30.4,0,0,0,0,0,0.5,0,,0.0,21.0,0.0,0.0,0,,
2025-09-24 01:25:00-03:00,0,21,218,0,0,65.6,88.1,29.0,0,0,0,0,0,0.6,0,,0.0,21.0,0.0,0.0,0,,
2025-09-24 01:30:00-03:00,0,21,218,0,0,64.8,87.7,27.6,0,0,0,0,0,0.7,0,,0.0,21.0,0.0,0.0,0,,
2025-09-24 01:35:00-03:00,0,21,217,0,0,63.9,87.2,26.3,0,0,0,0,0,0.7,0,,0.0,21.0,0.0,0.0,0,,
2025-09-24 01:40:00-03:00,0,21,217,0,0,63.0,86.7,24.9,0,0,0,0,0,0.8,0,,0.0,21.0,0.0,0.0,0,,
2025-09-24 01:45:00-03:00,0,21,217,0,0,62.2,86.2,23.5,0,0,0,0,0,0.9,0,,0.0,21.0,0.0,0.0,0,,
2025-09-24 01:50:00-03:00,0,21,217,0,0,61.3,85.7,22.0,0,0,0,0,0,0.9,0,,0.0,21.0,0.0,0.0,0,,
2025-09-24 01:55:00-03:00,0,21,216,0,0,60.4,85.2,20.6,0,0,0,0,0,1.0,0,,0.0,21.0,0.0,0.0,0,,
2025-09-24 02:00:00-03:00,0,21,216,0,0,59.5,84.7,19.2,0,0,0,0,0,1.1,0,,0.0,21.0,0.0,0.0,0,,
2025-09-24 02:05:00-03:00,0,21,212,0,0,59.0,84.5,18.4,0,0,0,0,0,1.1,0,,0.0,21.0,0.0,0.0,0,,
2025-09-24 02:10:00-03:00,0,21,204,0,0,59.0,84.6,18.2,0,0,0,0,0,1.2,0,,0.0,21.0,0.0,0.0,0,,
2025-09-24 02:15:00-03:00,0,21,196,0,0,59.0,84.7,18.1,0,0,0,0,0,1.2,0,,0.0,21.0,0.0,0.0,0,,
2025-09-24 02:20:00-03:00,0,21,189,0,0,59.0,84.8,18.0,0,0,0,0,0,1.2,0,,0.0,21.0,0.0,0.0,0,,
2025-09-24 02:25:00-03:00,0,21,181,0,0,59.0,84.9,17.8,0,0,0,0,0,1.3,0,,0.0,21.0,0.0,0.0,0,,
2025-09-24 02:30:00-03:00,0,21,173,0,0,59.0,85.0,17.7,0,0,0,0,0,1.3,0,,0.0,21.0,0.0,0.0,0,,
2025-09-24 02:35:00-03:00,0,21,165,0,0,59.0,85.1,17.6,0,0,0,0,0,1.4,0,,0.0,21.0,0.0,0.0,0,,
2025-09-24 02:40:00-03:00,0,21,157,0,0,59.0,85.2,17.4,0,0,0,0,0,1.4,0,,0.0,21.0,0.0,0.0,0,,
2025-09-24 02:45:00-03:00,0,21,149,0,0,59.0,85.3,17.3,0,0,0,0,0,1.5,0,,0.0,21.0,0.0,0.0,0,,
2025-09-24 02:50:00-03:00,0,21,142,0,0,59.0,85.4,17.2,0,0,0,0,0,1.5,0,,0.0,21.0,0.0,0.0,0,,
2025-09-24 02:55:00-03:00,0,21,134,0,0,59.0,85.5,17.0,0,0,0,0,0,1.5,0,,0.0,21.0,0.0,0.0,0,,
2025-09-24 03:00:00-03:00,0,21,126,0,0,59.0,85.6,16.9,0,0,0,0,0,1.6,0,,0.0,21.0,0.0,0.0,0,,
2025-09-24 03:05:00-03:00,0,21,123,0,0,59.0,85.8,16.8,0,0,0,0,0,1.6,0,,0.0,21.0,0.0,0.0,0,,
2025-09-24 03:10:00-03:00,0,21,126,0,0,59.1,85.9,16.6,0,0,0,0,0,1.6,0,,0.0,21.0,0.0,0.0,0,,
2025-09-24 03:15:00-03:00,0,21,128,0,0,59.2,86.1,16.5,0,0,0,0,0,1.7,0,,0.0,21.0,0.0,0.0,0,,
2025-09-24 03:20:00-03:00,0,21,130,0,0,59.3,86.2,16.4,0,0,0,0,0,1.7,0,,0.0,21.0,0.0,0.0,0,,
2025-09-24 03:25:00-03:00,0,21,132,0,0,59.4,86.4,16.2,0,0,0,0,0,1.7,0,,0.0,21.0,0.0,0.0,0,,
2025-09-24 03:30:00-03:00,0,21,135,0,0,59.5,86.5,16.1,0,0,0,0,0,1.7,0,,0.0,21.0,0.0,0.0,0,,
2025-09-24 03:35:00-03:00,0,21,137,0,0,59.6,86.7,16.0,0,0,0,0,0,1.8,0,,0.0,21.0,0.0,0.0,0,,
2025-09-24 03:40:00-03:00,0,21,140,0,0,59.7,86.8,15.8,0,0,0,0,0,1.8,0,,0.0,21.0,0.0,0.0,0,,
2025-09-24 03:45:00-03:00,0,20,142,0,0,59.8,86.9,15.7,0,0,0,0,0,1.8,0,,0.0,20.0,0.0,0.0,0,,
2025-09-24 03:50:00-03:00,0,20,144,0,0,59.9,87.1,15.6,0,0,0,0,0,1.8,0,,0.0,20.0,0.0,0.0,0,,
2025-09-24 03:55:00-03:00,0,20,146,0,0,60.0,87.2,15.4,0,0,0,0,0,1.9,0,,0.0,20.0,0.0,0.0,0,,
2025-09-24 04:00:00-03:00,0,20,149,0,0,60.1,87.4,15.3,0,0,0,0,0,1.9,0,,0.0,20.0,0.0,0.0,0,,
2025-09-24 04:05:00-03:00,0,20,150,0,0,60.1,87.5,15.1,0,0,0,0,0,1.9,0,,0.0,20.0,0.0,0.0,0,,
2025-09-24 04:10:00-03:00,0,20,150,0,0,60.2,87.6,15.0,0,0,0,0,0,2.0,0,,0.0,20.0,0.0,0.0,0,,
2025-09-24 04:15:00-03:00,0,20,150,0,0,60.3,87.7,14.9,0,0,0,0,0,2.0,0,,0.0,20.0,0.0,0.0,0,,
2025-09-24 04:20:00-03:00,0,20,150,0,0,60.4,87.8,14.7,0,0,0,0,0,2.1,0,,0.0,20.0,0.0,0.0,0,,
2025-09-24 04:25:00-03:00,0,20,150,0,0,60.5,87.9,14.6,0,0,0,0,0,2.2,0,,0.0,20.0,0.0,0.0,0,,
2025-09-24 04:30:00-03:00,0,20,150,0,0,60.6,88.0,14.5,0,0,0,0,0,2.2,0,,0.0,20.0,0.0,0.0,0,,
2025-09-24 04:35:00-03:00,0,20,149,0,0,60.7,88.0,14.3,0,0,0,0,0,2.3,0,,0.0,20.0,0.0,0.0,0,,
2025-09-24 04:40:00-03:00,0,20,149,0,0,60.8,88.1,14.2,0,0,0,0,0,2.3,0,,0.0,20.0,0.0,0.0,0,,
2025-09-24 04:45:00-03:00,0,20,149,0,0,60.9,88.2,14.1,0,0,0,0,0,2.4,0,,0.0,20.0,0.0,0.0,0,,
2025-09-24 04:50:00-03:00,0,20,149,0,0,61.0,88.3,13.9,0,0,0,0,0,2.4,0,,0.0,20.0,0.0,0.0,0,,
2025-09-24 04:55:00-03:00,0,20,149,0,0,61.1,88.4,13.8,0,0,0,0,0,2.5,0,,0.0,20.0,0.0,0.0,0,,
2025-09-24 05:00:00-03:00,0,19,149,0,0,61.1,88.5,13.6,0,0,0,0,0,2.6,0,,0.0,19.0,0.0,0.0,0,,
2025-09-24 05:05:00-03:00,0,19,154,0,0,61.4,88.7,13.7,0,0,0,0,0,2.6,0,,0.0,19.0,0.0,0.0,0,,
2025-09-24 05:10:00-03:00,0,19,164,0,0,61.7,89.0,14.0,0,0,0,0,0,2.6,0,,0.0,19.0,0.0,0.0,0,,
2025-09-24 05:15:00-03:00,0,19,173,0,0,62.1,89.3,14.3,0,0,0,0,0,2.7,0,,0.0,19.0,0.0,0.0,0,,
2025-09-24 05:20:00-03:00,0,19,183,0,0,62.4,89.6,14.5,0,0,0,0,0,2.7,0,,0.0,19.0,0.0,0.0,0,,
2025-09-24 05:25:00-03:00,0,19,192,0,0,62.8,89.9,14.8,0,0,0,0,0,2.7,0,,0.0,19.0,0.0,0.0,0,,
2025-09-24 05:30:00-03:00,0,19,202,0,0,63.1,90.2,15.1,0,0,0,0,0,2.8,0,,0.0,19.0,0.0,0.0,0,,
2025-09-24 05:35:00-03:00,0,19,212,0,0,63.5,90.4,15.3,0,0,0,0,0,2.8,0,,0.0,19.0,0.0,0.0,0,,
2025-09-24 05:40:00-03:00,0,19,222,0,0,63.8,90.7,15.6,0,0,0,0,0,2.8,0,,0.0,19.0,0.0,0.0,0,,
2025-09-24 05:45:00-03:00,0,19,231,0,0,64.2,91.0,15.9,0,0,0,0,0,2.9,0,,0.2886751364705409,19.0,0.0,0.0,0,,
2025-09-24 05:50:00-03:00,0,19,241,0,0,64.5,91.2,16.2,0,0,0,0,0,2.9,0,,1.445997611336651,19.0,0.0,0.0,0,,
2025-09-24 05:55:00-03:00,0,19,250,0,0,64.9,91.5,16.4,0,0,0,0,0,2.9,0,,2.587850401018328,19.0,0.0,0.0,0,,
2025-09-24 06:00:00-03:00,0,19,260,0,0,65.2,91.7,16.7,0,0,0,0,0,3.0,0,,4.01889476754423,19.0,0.0,0.0,0,,
2025-09-24 06:05:00-03:00,0,19,274,0,0,65.3,91.9,16.6,0,0,0,0,0,3.0,0,,5.791189755909877,19.0,0.0,0.0,0,,
2025-09-24 06:10:00-03:00,2,19,294,4,4,65.2,91.9,16.2,0,4,1,0,4,3.1,0,0.25,7.716079236824375,19.03125,0.0,1.0,0,75.0,48.9
2025-09-24 06:15:00-03:00,5,19,312,14,13,65.2,91.9,15.8,1,11,5,1,11,3.1,0,0.38461538461538464,9.863845829417846,19.15625,0.0,5.0,0,61.53846153846154,40.12307692307692
2025-09-24 06:20:00-03:00,8,19,332,24,23,65.1,92.0,15.4,2,20,8,2,20,3.2,0,0.34782608695652173,12.432545267130369,19.25,0.0,8.0,0,65.21739130434783,42.45652173913043
2025-09-24 06:25:00-03:00,13,20,350,36,35,65.0,92.0,15.0,3,30,12,3,30,3.2,1,0.34285714285714286,15.523930695654414,20.375,0.0,12.0,0,65.71428571428571,42.71428571428571
2025-09-24 06:30:00-03:00,17,20,370,49,49,64.9,92.1,14.6,4,42,17,4,41,3.3,1,0.3469387755102041,18.81065945393616,20.53125,0.0,17.0,0,65.3061224489796,42.38367346938776
2025-09-24 06:35:00-03:00,22,20,388,64,64,64.8,92.1,14.2,5,55,22,5,54,3.4,1,0.34375,22.38692123596456,20.6875,0.0,22.0,0,65.625,42.525
2025-09-24 06:40:00-03:00,29,20,408,80,81,63.9,91.8,12.5,7,70,28,6,70,3.4,1,0.345679012345679,25.924570070386125,20.875,0.0,28.0,0,65.4320987654321,41.81111111111111
2025-09-24 06:45:00-03:00,37,20,426,97,98,61.7,91.1,8.8,9,88,36,8,89,3.5,1,0.3673469387755102,29.592177508557608,21.125,0.0,36.0,0,63.26530612244898,39.03469387755103
2025-09-24 06:50:00-03:00,46,20,446,115,117,59.4,90.3,5.1,11,109,46,11,110,3.6,1,0.39316239316239315,33.256122698996265,21.4375,0.0,46.0,0,60.68376068376068,36.04615384615384
2025-09-24 06:55:00-03:00,57,20,464,133,136,57.2,89.6,1.4,14,131,56,14,134,3.6,1,0.4117647058823529,36.608079916221996,21.75,0.0,56.0,0,58.82352941176471,33.64705882352941
2025-09-24 07:00:00-03:00,69,20,484,153,157,55.0,88.9,0.0,17,153,68,17,157,3.7,1,0.43312101910828027,39.579896182521054,22.125,0.0,68.0,0,56.68789808917197,31.178343949044585
2025-09-24 07:05:00-03:00,82,20,496,173,177,52.6,88.1,0.0,21,173,80,20,177,3.7,1,0.4519774011299435,42.42390692509145,22.5,0.0,80.0,0,54.80225988700565,28.82598870056497
2025-09-24 07:10:00-03:00,96,20,502,193,198,50.2,87.3,0.0,24,193,94,24,198,3.8,1,0.47474747474747475,44.759627371384184,22.9375,0.0,94.0,0,52.52525252525253,26.36767676767677
2025-09-24 07:15:00-03:00,109,20,507,213,219,49.0,86.6,0.0,28,213,107,28,219,3.8,1,0.4885844748858447,46.81944687906411,23.34375,0.0,107.0,0,51.141552511415526,25.059360730593607
2025-09-24 07:20:00-03:00,122,20,513,234,241,47.8,86.0,0.0,33,234,120,32,241,3.8,1,0.4979253112033195,48.649955619908404,23.75,0.0,120.0,0,50.20746887966805,23.999170124481324
2025-09-24 07:25:00-03:00,136,20,518,254,262,46.6,85.3,0.0,37,254,133,37,262,3.9,1,0.5076335877862596,50.50315021678383,24.15625,0.0,133.0,0,49.23664122137404,22.944274809160305
2025-09-24 07:30:00-03:00,150,20,524,275,284,45.4,84.7,0.0,42,275,148,41,284,3.9,1,0.5211267605633803,52.056787174295685,24.625,0.0,148.0,0,47.88732394366197,21.740845070422534
2025-09-24 07:35:00-03:00,165,20,530,296,306,44.2,84.0,0.0,47,296,162,47,306,3.9,1,0.5294117647058824,53.33257575220266,25.0625,0.025,161.9595,0,47.05882352941176,20.8
2025-09-24 07:40:00-03:00,181,20,536,317,328,43.0,83.3,0.0,53,317,178,52,328,3.9,1,0.5426829268292683,54.55182412305098,25.5625,0.225,177.5995,0,45.73170731707317,19.664634146341463
2025-09-24 07:45:00-03:00,196,20,541,338,349,41.9,82.6,0.0,59,338,194,58,349,4.0,1,0.5558739255014327,55.900005420942044,26.0625,0.42500000000000004,193.1755,0,44.412607449856736,18.608882521489974
2025-09-24 07:50:00-03:00,213,21,547,359,371,40.7,82.0,0.0,65,359,211,64,371,4.0,1,0.568733153638814,57.1464758053409,27.59375,1.0375,208.81087499999998,0,43.126684636118604,17.552560646900275
2025-09-24 07:55:00-03:00,228,21,552,380,393,39.8,81.5,0.0,70,380,227,69,393,4.0,1,0.5776081424936387,58.194748799865735,28.09375,1.2375,224.190875,0,42.23918575063613,16.81119592875318
2025-09-24 08:00:00-03:00,244,21,558,400,415,39.1,81.1,0.0,76,400,242,74,415,4.1,1,0.5831325301204819,59.08904425962403,28.5625,1.425,238.5515,0,41.68674698795181,16.299518072289157
2025-09-24 08:05:00-03:00,260,21,560,421,436,38.3,80.6,0.0,82,421,259,80,436,4.1,1,0.5940366972477065,59.879361041919154,29.09375,1.6375000000000002,254.758875,0,40.596330275229356,15.548394495412843
2025-09-24 08:10:00-03:00,276,21,558,441,457,37.4,80.1,0.0,88,441,276,86,457,4.1,1,0.6039387308533917,60.49918607016221,29.625,1.85,270.894,0,39.606126914660834,14.812691466083152
2025-09-24 08:15:00-03:00,293,21,557,461,478,36.5,79.5,0.0,94,461,293,93,478,4.2,1,0.6129707112970711,61.02806110655003,30.15625,2.0625,286.956875,0,38.70292887029289,14.126569037656905
2025-09-24 08:20:00-03:00,310,21,555,481,498,35.6,79.0,0.0,101,481,310,99,498,4.2,1,0.6224899598393574,61.44244658560375,30.6875,2.275,302.9475,0,37.75100401606426,13.439357429718875
2025-09-24 08:25:00-03:00,327,21,553,500,518,34.7,78.4,0.0,108,500,328,106,518,4.3,1,0.6332046332046332,62.018264660627544,31.25,2.5,319.8,0,36.67953667953668,12.727799227799231
2025-09-24 08:30:00-03:00,344,21,551,519,539,33.8,77.8,0.0,115,519,345,113,539,4.3,1,0.640074211502783,62.430082104027456,31.78125,2.7125000000000004,335.641875,0,35.99257884972171,12.165491651205937
2025-09-24 08:35:00-03:00,361,21,550,538,558,32.9,77.2,0.0,123,538,363,121,558,4.3,1,0.6505376344086021,62.49284807565169,32.34375,2.9375,352.33687499999996,0,34.946236559139784,11.49731182795699
2025-09-24 08:40:00-03:00,378,22,548,557,578,32.2,76.5,0.0,131,557,380,129,578,4.4,1,0.657439446366782,62.206401307556376,33.875,3.5500000000000003,366.51,0,34.2560553633218,11.03044982698962
2025-09-24 08:45:00-03:00,394,22,546,576,597,31.5,75.8,0.0,140,576,397,137,597,4.4,1,0.6649916247906198,61.488850923392114,34.40625,3.7625,382.062875,0,33.50083752093803,10.552763819095478
2025-09-24 08:50:00-03:00,411,22,544,594,616,30.8,75.0,0.0,148,594,415,146,616,4.5,1,0.6737012987012987,60.281662119413255,34.96875,3.9875000000000003,398.45187500000003,0,32.62987012987013,10.05
2025-09-24 08:55:00-03:00,427,22,543,612,635,30.2,74.3,0.0,157,612,432,155,635,4.5,1,0.6803149606299213,58.67553307655979,35.5,4.2,413.856,0,31.968503937007874,9.654488188976378
2025-09-24 09:00:00-03:00,444,22,541,630,653,29.5,73.5,0.0,167,630,449,164,653,4.5,1,0.6875957120980092,56.929182482994285,36.03125,4.4125000000000005,429.187875,0,31.240428790199083,9.21592649310873
2025-09-24 09:05:00-03:00,459,22,540,647,672,29.1,72.9,0.0,175,647,464,172,672,4.6,1,0.6904761904761905,54.859255178940316,36.5,4.6000000000000005,442.656,0,30.952380952380953,9.007142857142858
2025-09-24 09:10:00-03:00,472,22,538,664,690,29.0,72.4,0.0,183,664,478,180,690,4.5,1,0.6927536231884058,52.754074953908564,36.9375,4.775,455.1755,0,30.72463768115942,8.910144927536232
2025-09-24 09:15:00-03:00,485,22,538,681,708,28.8,71.9,0.0,192,681,491,188,708,4.5,1,0.693502824858757,50.58536139911364,37.34375,4.9375,466.75687500000004,0,30.64971751412429,8.827118644067795
2025-09-24 09:20:00-03:00,498,22,536,698,725,28.7,71.7,0.0,198,698,504,194,725,4.5,1,0.6951724137931035,48.347463974105125,37.75,5.1000000000000005,478.296,0,30.482758620689655,8.748551724137931
2025-09-24 09:25:00-03:00,510,22,536,714,742,28.6,71.6,0.0,203,714,517,199,742,4.5,1,0.6967654986522911,46.376832643688594,38.15625,5.2625,489.792875,0,30.32345013477089,8.672506738544476
2025-09-24 09:30:00-03:00,522,23,534,730,758,28.5,71.5,0.0,208,730,529,204,758,4.5,1,0.6978891820580475,44.6856868142437,39.53125,5.8125,498.251875,0,30.21108179419525,8.610158311345646
2025-09-24 09:35:00-03:00,533,23,534,746,775,28.5,71.5,0.0,213,746,541,209,775,4.5,1,0.6980645161290323,43.4388284623545,39.90625,5.9625,508.74287499999997,0,30.193548387096776,8.605161290322581
2025-09-24 09:40:00-03:00,545,23,532,761,790,28.4,71.4,0.0,218,761,553,214,790,4.5,1,0.7,42.1824141154353,40.28125,6.112500000000001,519.197875,0,30.0,8.52
2025-09-24 09:45:00-03:00,556,23,532,775,806,28.3,71.3,0.0,223,775,564,219,806,4.5,1,0.6997518610421837,40.512904790269516,40.625,6.25,528.75,0,30.024813895781637,8.497022332506203
2025-09-24 09:50:00-03:00,567,23,530,790,820,28.2,71.2,0.0,227,790,575,224,820,4.4,1,0.7012195121951219,38.57568318686392,40.96875,6.3875,538.271875,0,29.878048780487802,8.425609756097561
2025-09-24 09:55:00-03:00,578,23,530,804,835,28.1,71.1,0.0,232,804,586,228,835,4.4,1,0.7017964071856287,36.38681079731964,41.3125,6.525,547.7635,0,29.820359281437124,8.379520958083832
2025-09-24 10:00:00-03:00,588,23,528,817,849,28.0,71.0,0.0,237,817,597,233,849,4.4,1,0.7031802120141343,33.990528983909236,41.65625,6.6625000000000005,557.224875,0,29.681978798586574,8.31095406360424
2025-09-24 10:05:00-03:00,596,23,533,830,862,28.1,71.1,0.0,240,830,606,236,862,4.4,1,0.703016241299304,31.386519978543745,41.9375,6.775,564.9435,0,29.698375870069604,8.34524361948956
2025-09-24 10:10:00-03:00,603,23,543,842,875,28.4,71.2,0.0,242,842,612,238,875,4.4,1,0.6994285714285714,28.729142631890422,42.125,6.8500000000000005,570.078,0,30.057142857142853,8.53622857142857
2025-09-24 10:15:00-03:00,609,23,554,854,887,28.6,71.4,0.0,244,854,619,240,887,4.4,1,0.6978579481397971,26.074921191661566,42.34375,6.9375,576.056875,0,30.214205186020294,8.641262683201804
2025-09-24 10:20:00-03:00,615,23,564,865,899,28.9,71.6,0.0,246,865,625,242,899,4.3,1,0.6952169076751946,23.426707110911533,42.53125,7.0125,581.171875,0,30.478309232480534,8.808231368186874
2025-09-24 10:25:00-03:00,621,23,574,876,911,29.1,71.8,0.0,248,876,630,243,911,4.3,1,0.6915477497255763,20.96967507442788,42.6875,7.075,585.4275,0,30.845225027442368,8.975960482985728
2025-09-24 10:30:00-03:00,626,23,584,887,922,29.4,71.9,0.0,249,887,635,245,922,4.3,1,0.6887201735357917,18.800991269799212,42.84375,7.1375,589.676875,0,31.127982646420826,9.151626898047722
2025-09-24 10:35:00-03:00,631,23,595,897,932,29.6,72.1,0.0,250,897,640,246,932,4.2,1,0.6866952789699571,17.169387839630694,43.0,7.2,593.92,0,31.330472103004293,9.273819742489271
2025-09-24 10:40:00-03:00,635,24,605,906,942,29.9,72.2,0.0,251,906,644,247,942,4.2,1,0.6836518046709129,15.581651991610086,44.125,7.65,594.734,0,31.634819532908704,9.458811040339702
2025-09-24 10:45:00-03:00,639,24,615,915,951,30.1,72.4,0.0,252,915,648,248,951,4.2,1,0.6813880126182965,13.437566067481866,44.25,7.7,598.104,0,31.861198738170348,9.590220820189275
2025-09-24 10:50:00-03:00,643,24,625,923,960,30.4,72.6,0.0,253,923,652,249,960,4.2,1,0.6791666666666667,11.216870411034106,44.375,7.75,601.47,0,32.083333333333336,9.753333333333334
2025-09-24 10:55:00-03:00,646,24,636,931,968,30.6,72.8,0.0,254,931,655,250,968,4.1,1,0.6766528925619835,9.065418808944429,44.46875,7.7875000000000005,603.9918749999999,0,32.33471074380165,9.894421487603307
2025-09-24 11:00:00-03:00,649,24,646,939,976,30.9,72.9,0.0,254,939,658,250,976,4.1,1,0.6741803278688525,7.200063131018431,44.5625,7.825,606.5115,0,32.58196721311475,10.067827868852458
2025-09-24 11:05:00-03:00,649,24,653,946,983,31.3,73.3,0.0,253,946,658,248,983,4.1,1,0.669379450661241,6.268608661034364,44.5625,7.825,606.5115,0,33.06205493387589,10.348423194303155
2025-09-24 11:10:00-03:00,647,24,656,952,990,32.0,73.9,0.0,249,952,655,245,990,4.1,1,0.6616161616161617,6.907944482220331,44.46875,7.7875000000000005,603.9918749999999,0,33.83838383838384,10.828282828282829
2025-09-24 11:15:00-03:00,645,24,660,958,996,32.7,74.5,0.0,245,958,652,241,996,4.1,1,0.6546184738955824,8.63747999162978,44.375,7.75,601.47,0,34.53815261044177,11.29397590361446
2025-09-24 11:20:00-03:00,642,24,663,963,1001,33.3,75.0,0.0,240,963,649,236,1001,4.1,1,0.6483516483516484,10.782983226940308,44.28125,7.7125,598.945875,0,35.16483516483517,11.70989010989011
2025-09-24 11:25:00-03:00,639,24,666,968,1006,34.0,75.6,0.0,236,968,645,232,1006,4.1,1,0.6411530815109344,13.023289162335914,44.15625,7.6625000000000005,595.5768750000001,0,35.884691848906556,12.200795228628229
2025-09-24 11:30:00-03:00,635,24,670,972,1010,34.7,76.2,0.0,231,972,641,227,1010,4.1,1,0.6346534653465347,15.048155026339078,44.03125,7.612500000000001,592.203875,0,36.53465346534654,12.677524752475248
2025-09-24 11:35:00-03:00,631,24,673,975,1014,35.3,76.8,0.0,226,975,636,223,1014,4.1,1,0.6272189349112426,16.73772729946604,43.875,7.550000000000001,587.982,0,37.278106508875744,13.159171597633138
2025-09-24 11:40:00-03:00,626,24,677,979,1017,36.0,77.4,0.0,221,979,631,218,1017,4.1,1,0.6204523107177975,17.572361218335633,43.71875,7.487500000000001,583.753875,0,37.954768928220254,13.66371681415929
2025-09-24 11:45:00-03:00,621,24,680,981,1020,36.7,78.0,0.0,216,981,626,213,1020,4.1,1,0.6137254901960785,17.583351285350613,43.5625,7.425000000000001,579.5195,0,38.62745098039216,14.176274509803925
2025-09-24 11:50:00-03:00,616,24,683,983,1022,37.3,78.5,0.0,211,983,620,207,1022,4.1,1,0.6066536203522505,17.03650269985696,43.375,7.3500000000000005,574.43,0,39.33463796477495,14.671819960861056
2025-09-24 11:55:00-03:00,611,24,687,985,1024,38.0,79.1,0.0,206,985,614,202,1024,4.1,1,0.599609375,15.968482214732974,43.1875,7.275,569.3315,0,40.0390625,15.21484375
2025-09-24 12:00:00-03:00,605,24,690,986,1025,38.7,79.7,0.0,200,986,607,197,1025,4.1,1,0.5921951219512195,14.548508202180681,42.96875,7.1875,563.3718749999999,0,40.78048780487805,15.782048780487806
2025-09-24 12:05:00-03:00,601,24,690,986,1025,39.0,80.0,0.0,197,986,604,194,1025,4.1,1,0.5892682926829268,12.787304309939078,42.875,7.15,560.814,0,41.073170731707314,16.01853658536585
2025-09-24 12:10:00-03:00,601,24,686,986,1025,39.0,80.0,0.1,197,984,604,194,1023,4.1,1,0.5892682926829268,10.969655114595675,42.875,7.15,560.814,0,41.073170731707314,16.01853658536585
2025-09-24 12:15:00-03:00,601,24,683,985,1024,39.0,80.0,0.2,197,983,603,194,1022,4.1,1,0.5888671875,9.13658977557386,42.84375,7.1375,559.960875,0,41.11328125,16.0341796875
2025-09-24 12:20:00-03:00,600,24,679,984,1023,39.0,80.0,0.3,197,981,602,193,1019,4.0,1,0.5884652981427175,7.4650701756331,42.8125,7.125,559.1075,0,41.15347018572825,16.04985337243402
2025-09-24 12:25:00-03:00,599,24,675,982,1021,39.0,80.0,0.4,196,978,601,193,1017,4.0,1,0.5886385896180215,6.381792281728733,42.78125,7.112500000000001,558.253875,0,41.13614103819784,16.043095004897157
2025-09-24 12:30:00-03:00,597,24,671,979,1018,39.0,80.0,0.5,196,975,600,193,1013,4.0,1,0.5893909626719057,6.136700327452494,42.75,7.1000000000000005,557.4,0,41.06090373280943,16.01375245579568
2025-09-24 12:35:00-03:00,596,24,668,976,1015,39.0,80.0,0.5,195,971,598,192,1009,4.0,1,0.5891625615763547,7.046920668558718,42.6875,7.075,555.6915,0,41.083743842364534,16.022660098522167
2025-09-24 12:40:00-03:00,593,24,664,973,1011,39.0,80.0,0.6,195,967,596,191,1005,4.0,1,0.5895153313550939,8.1254370511746,42.625,7.050000000000001,553.982,0,41.0484668644906,16.008902077151333
2025-09-24 12:45:00-03:00,591,24,660,969,1007,39.0,80.0,0.7,194,962,593,191,999,4.0,1,0.5888778550148958,9.179605193853947,42.53125,7.0125,551.415875,0,41.112214498510426,16.033763654419065
2025-09-24 12:50:00-03:00,588,24,656,964,1002,39.0,80.0,0.8,193,957,590,190,994,4.0,1,0.5888223552894212,10.393398254306042,42.4375,6.9750000000000005,548.8475,0,41.11776447105788,16.035928143712574
2025-09-24 12:55:00-03:00,585,24,653,959,997,39.0,80.0,0.9,192,951,587,189,988,3.9,1,0.5887662988966901,11.655080827295897,42.34375,6.9375,546.276875,0,41.123370110330995,16.038114343029086
2025-09-24 13:00:00-03:00,582,24,649,953,991,39.0,80.0,1.0,191,944,583,188,981,3.9,1,0.5882946518668012,12.866152446935226,42.21875,6.8875,542.845875,0,41.17053481331988,16.056508577194755
2025-09-24 13:05:00-03:00,578,24,645,947,984,39.0,80.0,1.0,190,938,580,187,974,3.9,1,0.5894308943089431,13.93572909662254,42.125,6.8500000000000005,540.27,0,41.05691056910569,16.01219512195122
2025-09-24 13:10:00-03:00,574,24,640,941,978,39.0,79.9,1.0,189,931,576,186,967,3.9,1,0.588957055214724,15.064256310277448,42.0,6.800000000000001,536.832,0,41.104294478527606,16.030674846625764
2025-09-24 13:15:00-03:00,570,24,636,934,970,39.0,79.8,1.0,189,924,571,186,960,3.9,1,0.588659793814433,16.14963176238181,41.84375,6.737500000000001,532.528875,0,41.1340206185567,16.04226804123711
2025-09-24 13:20:00-03:00,565,24,631,926,962,39.0,79.7,1.0,188,917,566,185,952,3.8,1,0.5883575883575883,17.23544621007942,41.6875,6.675000000000001,528.2195,0,41.16424116424117,16.054054054054056
2025-09-24 13:25:00-03:00,560,24,627,918,954,39.0,79.6,1.0,187,909,561,184,944,3.8,1,0.5880503144654088,18.250778314659733,41.53125,6.612500000000001,523.903875,0,41.19496855345912,16.066037735849058
2025-09-24 13:30:00-03:00,555,24,622,909,945,39.0,79.5,1.0,186,900,556,183,935,3.8,1,0.5883597883597883,19.277086413823437,41.375,6.550000000000001,519.582,0,41.164021164021165,16.053968253968254
2025-09-24 13:35:00-03:00,549,24,618,900,935,39.0,79.5,1.0,185,891,550,182,925,3.8,1,0.5882352941176471,20.357970667454474,41.1875,6.4750000000000005,514.3875,0,41.17647058823529,16.058823529411764
2025-09-24 13:40:00-03:00,543,24,613,890,925,39.0,79.4,1.0,184,882,544,181,915,3.7,1,0.5881081081081081,21.57650237052879,41.0,6.4,509.18399999999997,0,41.18918918918919,16.063783783783787
2025-09-24 13:45:00-03:00,537,24,609,880,914,39.0,79.3,1.0,182,872,538,179,905,3.7,1,0.5886214442013129,22.922134333962816,40.8125,6.325,503.9715,0,41.13785557986871,16.0437636761488
2025-09-24 13:50:00-03:00,531,24,604,870,903,39.0,79.2,1.0,181,861,532,178,894,3.7,1,0.5891472868217055,24.407524920140585,40.625,6.25,498.75,0,41.08527131782946,16.02325581395349
2025-09-24 13:55:00-03:00,524,24,600,859,892,39.0,79.1,1.0,179,850,525,176,882,3.7,1,0.5885650224215246,26.078407415587375,40.40625,6.1625000000000005,492.64687499999997,0,41.143497757847534,16.045964125560538
2025-09-24 14:00:00-03:00,517,24,595,847,880,39.0,79.0,1.0,178,839,518,175,870,3.7,1,0.5886363636363636,27.79947132699928,40.1875,6.075,486.5315,0,41.13636363636364,16.04318181818182
2025-09-24 14:05:00-03:00,509,24,598,835,867,39.1,79.1,1.1,175,826,509,172,857,3.7,1,0.5870818915801614,29.44640740550499,39.90625,5.9625,478.650875,0,41.29181084198385,16.145098039215686
2025-09-24 14:10:00-03:00,500,24,609,823,854,39.2,79.2,1.2,171,812,500,168,843,3.7,1,0.585480093676815,31.04578730022804,39.625,5.8500000000000005,470.75,0,41.451990632318505,16.249180327868856
2025-09-24 14:15:00-03:00,491,24,619,810,841,39.4,79.4,1.4,167,798,491,164,828,3.7,1,0.5838287752675386,32.5068757295604,39.34375,5.737500000000001,462.82887500000004,0,41.61712247324614,16.397146254458978
2025-09-24 14:20:00-03:00,481,25,630,796,827,39.6,79.6,1.6,163,784,481,160,813,3.7,1,0.5816203143893591,33.887067346311774,40.03125,6.0125,452.079875,0,41.83796856106409,16.567835550181382
2025-09-24 14:25:00-03:00,472,25,640,783,812,39.8,79.8,1.8,158,769,471,156,797,3.7,1,0.5800492610837439,35.06649527553689,39.71875,5.8875,443.269875,0,41.995073891625616,16.71403940886699
2025-09-24 14:30:00-03:00,462,25,651,768,798,39.9,79.9,1.9,154,754,461,152,781,3.7,1,0.5776942355889725,36.07567803180876,39.40625,5.7625,434.434875,0,42.230576441102755,16.849999999999998
2025-09-24 14:35:00-03:00,452,25,661,754,782,40.1,80.1,2.1,150,738,451,148,765,3.7,1,0.5767263427109974,36.9614869174892,39.09375,5.6375,425.574875,0,42.327365728900254,16.973273657289003
2025-09-24 14:40:00-03:00,441,25,672,739,767,40.2,80.2,2.2,146,722,441,144,748,3.7,1,0.5749674054758801,38.0557804313965,38.78125,5.5125,416.68987500000003,0,42.503259452411996,17.086310299869623
2025-09-24 14:45:00-03:00,431,25,682,723,750,40.4,80.4,2.4,142,706,430,139,731,3.7,1,0.5733333333333334,39.40110366090313,38.4375,5.375,406.8875,0,42.66666666666667,17.237333333333336
2025-09-24 14:50:00-03:00,420,26,693,708,734,40.6,80.6,2.6,137,689,419,135,714,3.8,1,0.5708446866485014,40.86442848189373,39.09375,5.6375,395.378875,0,42.915531335149865,17.423705722070846
2025-09-24 14:55:00-03:00,410,26,703,691,717,40.8,80.8,2.8,133,672,408,131,696,3.8,1,0.5690376569037657,42.46808070525676,38.75,5.5,385.56,0,43.09623430962343,17.583263598326358
2025-09-24 15:00:00-03:00,398,26,714,675,700,41.1,81.1,2.5,128,658,396,126,681,3.8,1,0.5657142857142857,44.10619072881282,38.375,5.3500000000000005,374.814,0,43.42857142857143,17.84914285714286
2025-09-24 15:05:00-03:00,384,26,711,658,682,41.6,81.6,1.8,121,646,383,119,669,3.8,1,0.5615835777126099,45.67963209001549,37.96875,5.1875,363.131875,0,43.841642228739005,18.238123167155425
2025-09-24 15:10:00-03:00,371,26,696,641,665,42.2,82.1,1.2,115,634,369,113,656,3.8,1,0.5548872180451128,47.09460176232444,37.53125,5.0125,350.503875,0,44.51127819548872,18.78375939849624
2025-09-24 15:15:00-03:00,357,26,681,624,646,42.8,82.5,0.5,109,621,355,107,643,3.9,1,0.5495356037151703,48.259635558537674,37.09375,4.8375,337.826875,0,45.04643962848297,19.27987616099071
2025-09-24 15:20:00-03:00,343,26,666,606,628,43.4,83.0,0.0,103,606,341,101,628,3.9,1,0.5429936305732485,49.23567319690063,36.65625,4.6625000000000005,325.100875,0,45.70063694267516,19.83407643312102
2025-09-24 15:25:00-03:00,330,26,650,588,609,44.0,83.5,0.0,97,588,327,95,609,4.0,1,0.5369458128078818,49.81442835893823,36.21875,4.4875,312.325875,0,46.30541871921182,20.374384236453203
2025-09-24 15:30:00-03:00,316,26,635,570,590,44.6,84.0,0.0,91,570,313,90,590,4.0,1,0.5305084745762711,50.08802857031965,35.78125,4.3125,299.501875,0,46.94915254237288,20.939322033898307
2025-09-24 15:35:00-03:00,302,26,620,551,571,45.2,84.4,0.0,86,551,299,84,571,4.0,1,0.5236427320490368,50.00060605693887,35.34375,4.1375,286.628875,0,47.635726795096325,21.53134851138354
2025-09-24 15:40:00-03:00,289,26,605,532,551,45.8,84.9,0.0,81,532,285,79,551,4.1,1,0.5172413793103449,49.41682635776348,34.90625,3.9625000000000004,273.70687499999997,0,48.275862068965516,22.110344827586204
2025-09-24 15:45:00-03:00,275,26,589,513,531,46.4,85.2,0.0,76,513,271,75,531,4.1,1,0.5103578154425612,48.419567795006174,34.46875,3.7875,260.735875,0,48.96421845574388,22.71939736346516
2025-09-24 15:50:00-03:00,262,26,574,494,511,47.0,85.5,0.0,71,494,258,70,511,4.2,1,0.5048923679060665,47.104252526298424,34.0625,3.625,248.6475,0,49.510763209393346,23.270058708414872
2025-09-24 15:55:00-03:00,248,26,559,475,491,47.7,85.9,0.0,67,475,244,66,491,4.2,1,0.4969450101832994,45.68958173138156,33.625,3.45,235.582,0,50.30549898167006,23.995723014256622
2025-09-24 16:00:00-03:00,235,26,544,455,470,48.3,86.2,0.0,63,455,231,62,470,4.2,1,0.49148936170212765,44.24621195908211,33.21875,3.2875,223.405875,0,50.851063829787236,24.561063829787237
2025-09-24 16:05:00-03:00,223,26,535,434,449,48.6,86.3,0.0,59,434,220,58,449,4.2,1,0.48997772828507796,42.98229022199785,32.875,3.1500000000000004,213.07,0,51.00222717149221,24.787082405345213
2025-09-24 16:10:00-03:00,213,26,532,414,428,48.4,86.2,0.0,57,414,210,56,428,4.0,1,0.49065420560747663,41.82457955014329,32.5625,3.0250000000000004,203.6475,0,50.93457943925234,24.65233644859813
2025-09-24 16:15:00-03:00,203,26,530,393,406,48.3,86.2,0.0,54,393,200,53,406,3.9,1,0.49261083743842365,40.99325517323319,32.25,2.9000000000000004,194.2,0,50.73891625615764,24.50689655172414
2025-09-24 16:20:00-03:00,193,26,527,372,384,48.2,86.1,0.0,52,372,189,51,384,3.8,1,0.4921875,40.41114457747362,31.90625,2.7625,183.778875,0,50.78125,24.4765625
2025-09-24 16:25:00-03:00,181,26,524,351,362,48.3,86.2,0.0,49,351,178,48,362,3.7,1,0.49171270718232046,39.98512981173757,31.5625,2.625,173.32750000000001,0,50.82872928176796,24.550276243093926
2025-09-24 16:30:00-03:00,169,26,522,329,340,48.6,86.4,0.0,45,329,166,44,340,3.6,1,0.48823529411764705,39.934321078502485,31.1875,2.475,161.89149999999998,0,51.17647058823529,24.871764705882352
2025-09-24 16:35:00-03:00,157,26,519,308,318,49.0,86.6,0.0,41,308,155,41,318,3.5,1,0.48742138364779874,40.15905875392197,30.84375,2.3375,151.37687499999998,0,51.257861635220124,25.11635220125786
2025-09-24 16:40:00-03:00,146,26,517,287,296,49.3,86.8,0.0,38,287,143,37,296,3.5,1,0.4831081081081081,40.24545899474815,30.46875,2.1875,139.87187500000002,0,51.689189189189186,25.482770270270265
2025-09-24 16:45:00-03:00,134,26,514,266,274,49.6,87.0,0.0,35,266,132,34,274,3.5,1,0.48175182481751827,40.19573322752035,30.125,2.0500000000000003,129.294,0,51.82481751824818,25.705109489051097
2025-09-24 16:50:00-03:00,123,26,511,245,252,49.9,87.3,0.0,31,245,121,31,252,3.4,1,0.4801587301587302,39.98209826683968,29.78125,1.9125,118.68587500000001,0,51.98412698412699,25.940079365079363
2025-09-24 16:55:00-03:00,112,26,509,224,230,50.2,87.5,0.0,28,224,110,27,230,3.5,1,0.4782608695652174,39.60515347551696,29.4375,1.7750000000000001,108.0475,0,52.17391304347826,26.191304347826087
2025-09-24 17:00:00-03:00,101,26,506,204,209,50.5,87.8,0.0,25,204,99,24,209,3.5,1,0.47368421052631576,38.95325481403525,29.09375,1.6375000000000002,97.378875,0,52.63157894736842,26.57894736842105
2025-09-24 17:05:00-03:00,91,26,496,184,188,50.7,88.0,0.0,22,184,89,22,188,3.4,1,0.4734042553191489,38.24284444855375,28.78125,1.5125000000000002,87.653875,0,52.659574468085104,26.69840425531915
2025-09-24 17:10:00-03:00,79,25,479,164,168,51.7,88.2,0.0,19,164,78,19,168,3.3,1,0.4642857142857143,37.24733059381289,27.4375,0.9750000000000001,77.23949999999999,0,53.57142857142857,27.696428571428573
2025-09-24 17:15:00-03:00,68,25,462,145,148,52.8,88.4,0.0,17,145,67,17,148,3.2,1,0.4527027027027027,35.952831051354494,27.09375,0.8375,66.438875,0,54.729729729729726,28.897297297297296
2025-09-24 17:20:00-03:00,58,25,445,126,129,54.0,88.7,0.0,14,126,57,14,129,3.1,1,0.4418604651162791,34.21146361127284,26.78125,0.7125,56.593875,0,55.81395348837209,30.13953488372093
2025-09-24 17:25:00-03:00,49,25,427,108,110,55.1,89.1,0.0,12,108,48,12,110,3.0,1,0.43636363636363634,32.154456781452815,26.5,0.6000000000000001,47.712,0,56.36363636363636,31.056363636363635
2025-09-24 17:30:00-03:00,40,25,410,91,92,56.4,89.5,0.0,10,91,39,9,92,2.8,1,0.42391304347826086,29.908446156836693,26.21875,0.48750000000000004,38.809875,0,57.608695652173914,32.49130434782609
2025-09-24 17:35:00-03:00,32,25,393,75,76,57.7,90.0,0.0,8,75,31,7,76,2.7,1,0.40789473684210525,27.60544522484422,25.96875,0.3875,30.879875000000002,0,59.210526315789465,34.16447368421053
2025-09-24 17:40:00-03:00,26,24,376,60,60,56.9,89.6,0.0,6,60,25,6,60,2.6,1,0.4166666666666667,25.074434644245926,24.78125,0.0,25.0,0,58.333333333333336,33.19166666666666
2025-09-24 17:45:00-03:00,20,24,358,46,46,55.8,89.2,0.0,5,46,20,5,46,2.6,1,0.43478260869565216,22.305726945041698,24.625,0.0,20.0,0,56.52173913043478,31.539130434782606
2025-09-24 17:50:00-03:00,15,24,341,33,32,54.8,88.7,0.0,4,33,15,4,32,2.5,1,0.46875,19.449039861043804,24.46875,0.0,15.0,0,53.125,29.1125
2025-09-24 17:55:00-03:00,10,24,324,21,20,53.7,88.2,0.0,3,21,10,2,20,2.4,0,0.5,16.58495119263056,24.3125,0.0,10.0,0,50.0,26.85
2025-09-24 18:00:00-03:00,5,24,307,11,11,52.6,87.7,0.0,1,11,5,1,11,2.3,0,0.45454545454545453,13.75654114389829,24.15625,0.0,5.0,0,54.54545454545454,28.69090909090909
2025-09-24 18:05:00-03:00,1,24,306,2,2,52.2,87.5,0.0,0,2,1,0,2,2.3,0,0.5,11.212479519314524,24.03125,0.0,1.0,0,50.0,26.1
2025-09-24 18:10:00-03:00,0,24,322,0,0,52.5,87.7,0.0,0,0,0,0,0,2.2,0,,9.018499505721048,24.0,0.0,0.0,0,,
2025-09-24 18:15:00-03:00,0,24,337,0,0,52.8,87.8,0.0,0,0,0,0,0,2.1,0,,6.96908758874106,24.0,0.0,0.0,0,,
2025-09-24 18:20:00-03:00,0,24,353,0,0,53.1,87.9,0.0,0,0,0,0,0,2.1,0,,4.962739956934587,24.0,0.0,0.0,0,,
2025-09-24 18:25:00-03:00,0,23,369,0,0,53.4,88.1,0.0,0,0,0,0,0,2.0,0,,3.0846639227834873,23.0,0.0,0.0,0,,
2025-09-24 18:30:00-03:00,0,23,385,0,0,53.7,88.2,0.0,0,0,0,0,0,1.9,0,,1.4459976114370896,23.0,0.0,0.0,0,,
2025-09-24 18:35:00-03:00,0,23,400,0,0,54.0,88.3,0.0,0,0,0,0,0,1.9,0,,0.2886751369742484,23.0,0.0,0.0,0,,
2025-09-24 18:40:00-03:00,0,23,416,0,0,54.3,88.5,0.0,0,0,0,0,0,1.8,0,,0.0,23.0,0.0,0.0,0,,
2025-09-24 18:45:00-03:00,0,23,432,0,0,54.6,88.6,0.0,0,0,0,0,0,1.7,0,,0.0,23.0,0.0,0.0,0,,
2025-09-24 18:50:00-03:00,0,23,448,0,0,54.9,88.7,0.0,0,0,0,0,0,1.7,0,,0.0,23.0,0.0,0.0,0,,
2025-09-24 18:55:00-03:00,0,23,463,0,0,55.2,88.9,0.0,0,0,0,0,0,1.6,0,,0.0,23.0,0.0,0.0,0,,
2025-09-24 19:00:00-03:00,0,23,479,0,0,55.4,89.0,0.0,0,0,0,0,0,1.5,0,,0.0,23.0,0.0,0.0,0,,
2025-09-24 19:05:00-03:00,0,23,486,0,0,56.0,89.2,0.0,0,0,0,0,0,1.5,0,,0.0,23.0,0.0,0.0,0,,
2025-09-24 19:10:00-03:00,0,23,485,0,0,56.7,89.6,0.0,0,0,0,0,0,1.5,0,,0.0,23.0,0.0,0.0,0,,
2025-09-24 19:15:00-03:00,0,23,484,0,0,57.5,89.9,0.0,0,0,0,0,0,1.5,0,,0.0,23.0,0.0,0.0,0,,
2025-09-24 19:20:00-03:00,0,23,483,0,0,58.3,90.2,0.0,0,0,0,0,0,1.5,0,,0.0,23.0,0.0,0.0,0,,
2025-09-24 19:25:00-03:00,0,23,482,0,0,59.0,90.5,0.0,0,0,0,0,0,1.5,0,,0.0,23.0,0.0,0.0,0,,
2025-09-24 19:30:00-03:00,0,23,481,0,0,59.7,90.8,0.0,0,0,0,0,0,1.5,0,,0.0,23.0,0.0,0.0,0,,
2025-09-24 19:35:00-03:00,0,23,479,0,0,60.5,91.1,0.0,0,0,0,0,0,1.5,0,,0.0,23.0,0.0,0.0,0,,
2025-09-24 19:40:00-03:00,0,23,478,0,0,61.2,91.4,0.0,0,0,0,0,0,1.6,0,,0.0,23.0,0.0,0.0,0,,
2025-09-24 19:45:00-03:00,0,23,477,0,0,61.9,91.7,0.0,0,0,0,0,0,1.6,0,,0.0,23.0,0.0,0.0,0,,
2025-09-24 19:50:00-03:00,0,22,476,0,0,62.6,92.0,0.0,0,0,0,0,0,1.6,0,,0.0,22.0,0.0,0.0,0,,
2025-09-24 19:55:00-03:00,0,22,475,0,0,63.3,92.3,0.0,0,0,0,0,0,1.6,0,,0.0,22.0,0.0,0.0,0,,
2025-09-24 20:00:00-03:00,0,22,474,0,0,64.0,92.5,0.0,0,0,0,0,0,1.6,0,,0.0,22.0,0.0,0.0,0,,
2025-09-24 20:05:00-03:00,0,22,471,0,0,64.4,92.7,12.0,0,0,0,0,0,1.7,0,,0.0,22.0,0.0,0.0,0,,
2025-09-24 20:10:00-03:00,0,22,468,0,0,64.6,92.8,12.1,0,0,0,0,0,1.7,0,,0.0,22.0,0.0,0.0,0,,
2025-09-24 20:15:00-03:00,0,22,465,0,0,64.8,92.8,12.3,0,0,0,0,0,1.8,0,,0.0,22.0,0.0,0.0,0,,
2025-09-24 20:20:00-03:00,0,22,462,0,0,64.9,92.9,12.4,0,0,0,0,0,1.8,0,,0.0,22.0,0.0,0.0,0,,
2025-09-24 20:25:00-03:00,0,22,459,0,0,65.1,92.9,12.6,0,0,0,0,0,1.9,0,,0.0,22.0,0.0,0.0,0,,
2025-09-24 20:30:00-03:00,0,22,456,0,0,65.3,93.0,12.7,0,0,0,0,0,1.9,0,,0.0,22.0,0.0,0.0,0,,
2025-09-24 20:35:00-03:00,0,22,453,0,0,65.5,93.1,12.8,0,0,0,0,0,2.0,0,,0.0,22.0,0.0,0.0,0,,
2025-09-24 20:40:00-03:00,0,22,450,0,0,65.6,93.1,13.0,0,0,0,0,0,2.0,0,,0.0,22.0,0.0,0.0,0,,
2025-09-24 20:45:00-03:00,0,22,447,0,0,65.8,93.2,13.1,0,0,0,0,0,2.1,0,,0.0,22.0,0.0,0.0,0,,
2025-09-24 20:50:00-03:00,0,22,444,0,0,66.0,93.3,13.2,0,0,0,0,0,2.1,0,,0.0,22.0,0.0,0.0,0,,
2025-09-24 20:55:00-03:00,0,22,441,0,0,66.1,93.3,13.4,0,0,0,0,0,2.2,0,,0.0,22.0,0.0,0.0,0,,
2025-09-24 21:00:00-03:00,0,22,438,0,0,66.3,93.4,13.5,0,0,0,0,0,2.3,0,,0.0,22.0,0.0,0.0,0,,
2025-09-24 21:05:00-03:00,0,22,432,0,0,66.3,93.4,13.5,0,0,0,0,0,2.3,0,,0.0,22.0,0.0,0.0,0,,
2025-09-24 21:10:00-03:00,0,22,423,0,0,66.3,93.4,13.4,0,0,0,0,0,2.3,0,,0.0,22.0,0.0,0.0,0,,
2025-09-24 21:15:00-03:00,0,22,415,0,0,66.2,93.4,13.2,0,0,0,0,0,2.2,0,,0.0,22.0,0.0,0.0,0,,
2025-09-24 21:20:00-03:00,0,22,407,0,0,66.1,93.4,13.1,0,0,0,0,0,2.2,0,,0.0,22.0,0.0,0.0,0,,
2025-09-24 21:25:00-03:00,0,22,398,0,0,66.0,93.4,13.0,0,0,0,0,0,2.2,0,,0.0,22.0,0.0,0.0,0,,
2025-09-24 21:30:00-03:00,0,22,390,0,0,65.9,93.4,12.8,0,0,0,0,0,2.2,0,,0.0,22.0,0.0,0.0,0,,
2025-09-24 21:35:00-03:00,0,21,381,0,0,65.8,93.4,12.7,0,0,0,0,0,2.1,0,,0.0,21.0,0.0,0.0,0,,
2025-09-24 21:40:00-03:00,0,21,373,0,0,65.8,93.4,12.6,0,0,0,0,0,2.1,0,,0.0,21.0,0.0,0.0,0,,
2025-09-24 21:45:00-03:00,0,21,364,0,0,65.7,93.4,12.4,0,0,0,0,0,2.1,0,,0.0,21.0,0.0,0.0,0,,
2025-09-24 21:50:00-03:00,0,21,356,0,0,65.6,93.4,12.3,0,0,0,0,0,2.1,0,,0.0,21.0,0.0,0.0,0,,
2025-09-24 21:55:00-03:00,0,21,348,0,0,65.5,93.4,12.1,0,0,0,0,0,2.0,0,,0.0,21.0,0.0,0.0,0,,
2025-09-24 22:00:00-03:00,0,21,339,0,0,65.4,93.4,12.0,0,0,0,0,0,2.0,0,,0.0,21.0,0.0,0.0,0,,
2025-09-24 22:05:00-03:00,0,21,328,0,0,65.4,93.4,0.0,0,0,0,0,0,2.0,0,,0.0,21.0,0.0,0.0,0,,
2025-09-24 22:10:00-03:00,0,21,315,0,0,65.5,93.5,0.0,0,0,0,0,0,2.0,0,,0.0,21.0,0.0,0.0,0,,
2025-09-24 22:15:00-03:00,0,21,302,0,0,65.6,93.6,0.0,0,0,0,0,0,2.0,0,,0.0,21.0,0.0,0.0,0,,
2025-09-24 22:20:00-03:00,0,21,289,0,0,65.7,93.7,0.0,0,0,0,0,0,2.0,0,,0.0,21.0,0.0,0.0,0,,
2025-09-24 22:25:00-03:00,0,21,275,0,0,65.8,93.8,0.0,0,0,0,0,0,2.1,0,,0.0,21.0,0.0,0.0,0,,
2025-09-24 22:30:00-03:00,0,21,262,0,0,65.8,93.9,0.0,0,0,0,0,0,2.1,0,,0.0,21.0,0.0,0.0,0,,
2025-09-24 22:35:00-03:00,0,21,249,0,0,65.9,94.0,0.0,0,0,0,0,0,2.1,0,,0.0,21.0,0.0,0.0,0,,
2025-09-24 22:40:00-03:00,0,21,236,0,0,66.0,94.0,0.0,0,0,0,0,0,2.1,0,,0.0,21.0,0.0,0.0,0,,
2025-09-24 22:45:00-03:00,0,21,222,0,0,66.1,94.1,0.0,0,0,0,0,0,2.1,0,,0.0,21.0,0.0,0.0,0,,
2025-09-24 22:50:00-03:00,0,21,209,0,0,66.2,94.2,0.0,0,0,0,0,0,2.2,0,,0.0,21.0,0.0,0.0,0,,
2025-09-24 22:55:00-03:00,0,21,196,0,0,66.3,94.3,0.0,0,0,0,0,0,2.2,0,,0.0,21.0,0.0,0.0,0,,
2025-09-24 23:00:00-03:00,0,21,183,0,0,66.3,94.4,0.0,0,0,0,0,0,2.2,0,,0.0,21.0,0.0,0.0,0,,
2025-09-24 23:05:00-03:00,0,21,177,0,0,66.4,94.4,0.0,0,0,0,0,0,2.2,0,,0.0,21.0,0.0,0.0,0,,
2025-09-24 23:10:00-03:00,0,21,178,0,0,66.4,94.4,0.0,0,0,0,0,0,2.2,0,,0.0,21.0,0.0,0.0,0,,
2025-09-24 23:15:00-03:00,0,21,179,0,0,66.4,94.5,0.0,0,0,0,0,0,2.2,0,,0.0,21.0,0.0,0.0,0,,
2025-09-24 23:20:00-03:00,0,21,180,0,0,66.4,94.5,0.0,0,0,0,0,0,2.2,0,,0.0,21.0,0.0,0.0,0,,
2025-09-24 23:25:00-03:00,0,21,181,0,0,66.4,94.5,0.0,0,0,0,0,0,2.2,0,,0.0,21.0,0.0,0.0,0,,
2025-09-24 23:30:00-03:00,0,21,182,0,0,66.4,94.5,0.0,0,0,0,0,0,2.2,0,,0.0,21.0,0.0,0.0,0,,
2025-09-24 23:35:00-03:00,0,21,183,0,0,66.4,94.6,0.0,0,0,0,0,0,2.2,0,,0.0,21.0,0.0,0.0,0,,
2025-09-24 23:40:00-03:00,0,21,184,0,0,66.4,94.6,0.0,0,0,0,0,0,2.2,0,,0.0,21.0,0.0,0.0,0,,
2025-09-24 23:45:00-03:00,0,21,185,0,0,66.4,94.6,0.0,0,0,0,0,0,2.2,0,,0.0,21.0,0.0,0.0,0,,
2025-09-24 23:50:00-03:00,0,21,186,0,0,66.4,94.6,0.0,0,0,0,0,0,2.3,0,,0.0,21.0,0.0,0.0,0,,
2025-09-24 23:55:00-03:00,0,21,187,0,0,66.4,94.7,0.0,0,0,0,0,0,2.3,0,,0.0,21.0,0.0,0.0,0,,
2025-09-25 00:00:00-03:00,0,21,188,0,0,66.4,94.7,0.0,0,0,0,0,0,2.3,0,,0.0,21.0,0.0,0.0,0,,
2025-09-25 00:05:00-03:00,0,21,190,0,0,66.5,94.7,0.0,0,0,0,0,0,2.3,0,,0.0,21.0,0.0,0.0,0,,
2025-09-25 00:10:00-03:00,0,21,194,0,0,66.8,94.8,0.0,0,0,0,0,0,2.3,0,,0.0,21.0,0.0,0.0,0,,
2025-09-25 00:15:00-03:00,0,21,196,0,0,67.0,94.9,0.0,0,0,0,0,0,2.3,0,,0.0,21.0,0.0,0.0,0,,
2025-09-25 00:20:00-03:00,0,21,200,0,0,67.2,95.0,0.0,0,0,0,0,0,2.4,0,,0.0,21.0,0.0,0.0,0,,
2025-09-25 00:25:00-03:00,0,21,202,0,0,67.5,95.1,0.0,0,0,0,0,0,2.4,0,,0.0,21.0,0.0,0.0,0,,
2025-09-25 00:30:00-03:00,0,21,206,0,0,67.7,95.2,0.0,0,0,0,0,0,2.4,0,,0.0,21.0,0.0,0.0,0,,
2025-09-25 00:35:00-03:00,0,21,208,0,0,68.0,95.3,0.0,0,0,0,0,0,2.4,0,,0.0,21.0,0.0,0.0,0,,
2025-09-25 00:40:00-03:00,0,21,212,0,0,68.2,95.4,0.0,0,0,0,0,0,2.4,0,,0.0,21.0,0.0,0.0,0,,
2025-09-25 00:45:00-03:00,0,21,214,0,0,68.5,95.4,0.0,0,0,0,0,0,2.4,0,,0.0,21.0,0.0,0.0,0,,
2025-09-25 00:50:00-03:00,0,21,218,0,0,68.7,95.5,0.0,0,0,0,0,0,2.4,0,,0.0,21.0,0.0,0.0,0,,
2025-09-25 00:55:00-03:00,0,21,220,0,0,68.9,95.6,0.0,0,0,0,0,0,2.4,0,,0.0,21.0,0.0,0.0,0,,
2025-09-25 01:00:00-03:00,0,21,224,0,0,69.2,95.7,0.0,0,0,0,0,0,2.4,0,,0.0,21.0,0.0,0.0,0,,
2025-09-25 01:05:00-03:00,0,21,222,0,0,69.3,95.7,0.0,0,0,0,0,0,2.4,0,,0.0,21.0,0.0,0.0,0,,
2025-09-25 01:10:00-03:00,0,21,216,0,0,69.3,95.7,0.0,0,0,0,0,0,2.5,0,,0.0,21.0,0.0,0.0,0,,
2025-09-25 01:15:00-03:00,0,21,209,0,0,69.3,95.8,0.0,0,0,0,0,0,2.6,0,,0.0,21.0,0.0,0.0,0,,
2025-09-25 01:20:00-03:00,0,21,203,0,0,69.3,95.8,0.0,0,0,0,0,0,2.7,0,,0.0,21.0,0.0,0.0,0,,
2025-09-25 01:25:00-03:00,0,21,197,0,0,69.3,95.8,0.0,0,0,0,0,0,2.8,0,,0.0,21.0,0.0,0.0,0,,
2025-09-25 01:30:00-03:00,0,21,191,0,0,69.3,95.8,0.0,0,0,0,0,0,2.8,0,,0.0,21.0,0.0,0.0,0,,
2025-09-25 01:35:00-03:00,0,20,184,0,0,69.3,95.8,0.0,0,0,0,0,0,2.9,0,,0.0,20.0,0.0,0.0,0,,
2025-09-25 01:40:00-03:00,0,20,178,0,0,69.3,95.9,0.0,0,0,0,0,0,3.0,0,,0.0,20.0,0.0,0.0,0,,
2025-09-25 01:45:00-03:00,0,20,172,0,0,69.3,95.9,0.0,0,0,0,0,0,3.1,0,,0.0,20.0,0.0,0.0,0,,
2025-09-25 01:50:00-03:00,0,20,166,0,0,69.3,95.9,0.0,0,0,0,0,0,3.2,0,,0.0,20.0,0.0,0.0,0,,
2025-09-25 01:55:00-03:00,0,20,159,0,0,69.3,95.9,0.0,0,0,0,0,0,3.3,0,,0.0,20.0,0.0,0.0,0,,
2025-09-25 02:00:00-03:00,0,20,153,0,0,69.3,95.9,0.0,0,0,0,0,0,3.4,0,,0.0,20.0,0.0,0.0,0,,
2025-09-25 02:05:00-03:00,0,20,146,0,0,69.3,96.0,0.0,0,0,0,0,0,3.4,0,,0.0,20.0,0.0,0.0,0,,
2025-09-25 02:10:00-03:00,0,20,139,0,0,69.3,96.0,0.0,0,0,0,0,0,3.5,0,,0.0,20.0,0.0,0.0,0,,
2025-09-25 02:15:00-03:00,0,20,132,0,0,69.3,96.0,0.0,0,0,0,0,0,3.5,0,,0.0,20.0,0.0,0.0,0,,
2025-09-25 02:20:00-03:00,0,20,124,0,0,69.3,96.1,0.0,0,0,0,0,0,3.5,0,,0.0,20.0,0.0,0.0,0,,
2025-09-25 02:25:00-03:00,0,20,117,0,0,69.3,96.1,0.0,0,0,0,0,0,3.5,0,,0.0,20.0,0.0,0.0,0,,
2025-09-25 02:30:00-03:00,0,20,110,0,0,69.3,96.1,0.0,0,0,0,0,0,3.6,0,,0.0,20.0,0.0,0.0,0,,
2025-09-25 02:35:00-03:00,0,20,102,0,0,69.3,96.2,0.0,0,0,0,0,0,3.6,0,,0.0,20.0,0.0,0.0,0,,
2025-09-25 02:40:00-03:00,0,20,95,0,0,69.3,96.2,0.0,0,0,0,0,0,3.6,0,,0.0,20.0,0.0,0.0,0,,
2025-09-25 02:45:00-03:00,0,20,88,0,0,69.3,96.2,0.0,0,0,0,0,0,3.7,0,,0.0,20.0,0.0,0.0,0,,
2025-09-25 02:50:00-03:00,0,20,80,0,0,69.3,96.2,0.0,0,0,0,0,0,3.7,0,,0.0,20.0,0.0,0.0,0,,
2025-09-25 02:55:00-03:00,0,20,73,0,0,69.3,96.3,0.0,0,0,0,0,0,3.7,0,,0.0,20.0,0.0,0.0,0,,
2025-09-25 03:00:00-03:00,0,20,66,0,0,69.3,96.3,0.0,0,0,0,0,0,3.8,0,,0.0,20.0,0.0,0.0,0,,
2025-09-25 03:05:00-03:00,0,20,61,0,0,68.9,96.2,0.0,0,0,0,0,0,3.8,0,,0.0,20.0,0.0,0.0,0,,
2025-09-25 03:10:00-03:00,0,20,59,0,0,68.0,96.0,0.0,0,0,0,0,0,3.8,0,,0.0,20.0,0.0,0.0,0,,
2025-09-25 03:15:00-03:00,0,20,56,0,0,67.1,95.8,0.0,0,0,0,0,0,3.8,0,,0.0,20.0,0.0,0.0,0,,
2025-09-25 03:20:00-03:00,0,20,54,0,0,66.2,95.6,0.0,0,0,0,0,0,3.8,0,,0.0,20.0,0.0,0.0,0,,
2025-09-25 03:25:00-03:00,0,19,52,0,0,65.2,95.4,0.0,0,0,0,0,0,3.8,0,,0.0,19.0,0.0,0.0,0,,
2025-09-25 03:30:00-03:00,0,19,50,0,0,64.3,95.1,0.0,0,0,0,0,0,3.8,0,,0.0,19.0,0.0,0.0,0,,
2025-09-25 03:35:00-03:00,0,19,47,0,0,63.4,94.8,0.0,0,0,0,0,0,3.8,0,,0.0,19.0,0.0,0.0,0,,
2025-09-25 03:40:00-03:00,0,19,45,0,0,62.4,94.5,0.0,0,0,0,0,0,3.9,0,,0.0,19.0,0.0,0.0,0,,
2025-09-25 03:45:00-03:00,0,19,43,0,0,61.4,94.2,0.0,0,0,0,0,0,3.9,0,,0.0,19.0,0.0,0.0,0,,
2025-09-25 03:50:00-03:00,0,19,41,0,0,60.4,93.9,0.0,0,0,0,0,0,3.9,0,,0.0,19.0,0.0,0.0,0,,
2025-09-25 03:55:00-03:00,0,19,38,0,0,59.4,93.6,0.0,0,0,0,0,0,3.9,0,,0.0,19.0,0.0,0.0,0,,
2025-09-25 04:00:00-03:00,0,19,36,0,0,58.4,93.2,0.0,0,0,0,0,0,3.9,0,,0.0,19.0,0.0,0.0,0,,
2025-09-25 04:05:00-03:00,0,19,37,0,0,57.7,93.0,0.0,0,0,0,0,0,3.9,0,,0.0,19.0,0.0,0.0,0,,
2025-09-25 04:10:00-03:00,0,19,41,0,0,57.3,92.9,0.0,0,0,0,0,0,3.8,0,,0.0,19.0,0.0,0.0,0,,
2025-09-25 04:15:00-03:00,0,19,44,0,0,56.9,92.7,0.0,0,0,0,0,0,3.8,0,,0.0,19.0,0.0,0.0,0,,
2025-09-25 04:20:00-03:00,0,19,48,0,0,56.6,92.6,0.0,0,0,0,0,0,3.8,0,,0.0,19.0,0.0,0.0,0,,
2025-09-25 04:25:00-03:00,0,19,52,0,0,56.2,92.5,0.0,0,0,0,0,0,3.7,0,,0.0,19.0,0.0,0.0,0,,
2025-09-25 04:30:00-03:00,0,19,56,0,0,55.8,92.3,0.0,0,0,0,0,0,3.7,0,,0.0,19.0,0.0,0.0,0,,
2025-09-25 04:35:00-03:00,0,19,59,0,0,55.4,92.2,0.0,0,0,0,0,0,3.6,0,,0.0,19.0,0.0,0.0,0,,
2025-09-25 04:40:00-03:00,0,19,63,0,0,55.0,92.1,0.0,0,0,0,0,0,3.6,0,,0.0,19.0,0.0,0.0,0,,
2025-09-25 04:45:00-03:00,0,19,67,0,0,54.6,91.9,0.0,0,0,0,0,0,3.6,0,,0.0,19.0,0.0,0.0,0,,
2025-09-25 04:50:00-03:00,0,19,71,0,0,54.2,91.8,0.0,0,0,0,0,0,3.5,0,,0.0,19.0,0.0,0.0,0,,
2025-09-25 04:55:00-03:00,0,19,74,0,0,53.8,91.7,0.0,0,0,0,0,0,3.5,0,,0.0,19.0,0.0,0.0,0,,
2025-09-25 05:00:00-03:00,0,19,78,0,0,53.4,91.5,0.0,0,0,0,0,0,3.5,0,,0.0,19.0,0.0,0.0,0,,
2025-09-25 05:05:00-03:00,0,19,80,0,0,52.9,91.3,0.0,0,0,0,0,0,3.4,0,,0.0,19.0,0.0,0.0,0,,
2025-09-25 05:10:00-03:00,0,19,79,0,0,52.3,91.1,0.0,0,0,0,0,0,3.4,0,,0.0,19.0,0.0,0.0,0,,
2025-09-25 05:15:00-03:00,0,19,79,0,0,51.7,90.9,0.0,0,0,0,0,0,3.4,0,,0.0,19.0,0.0,0.0,0,,
2025-09-25 05:20:00-03:00,0,19,78,0,0,51.1,90.7,0.0,0,0,0,0,0,3.3,0,,0.0,19.0,0.0,0.0,0,,
2025-09-25 05:25:00-03:00,0,19,78,0,0,50.5,90.4,0.0,0,0,0,0,0,3.3,0,,0.0,19.0,0.0,0.0,0,,
2025-09-25 05:30:00-03:00,0,19,77,0,0,49.9,90.2,0.0,0,0,0,0,0,3.2,0,,0.0,19.0,0.0,0.0,0,,
2025-09-25 05:35:00-03:00,0,19,77,0,0,49.3,89.9,0.0,0,0,0,0,0,3.2,0,,0.0,19.0,0.0,0.0,0,,
2025-09-25 05:40:00-03:00,0,19,76,0,0,48.7,89.7,0.0,0,0,0,0,0,3.2,0,,0.0,19.0,0.0,0.0,0,,
2025-09-25 05:45:00-03:00,0,19,76,0,0,48.0,89.4,0.0,0,0,0,0,0,3.1,0,,1.1547005389738272,19.0,0.0,0.0,0,,
2025-09-25 05:50:00-03:00,0,19,75,0,0,47.4,89.2,0.0,0,0,0,0,0,3.1,0,,3.0100840622774965,19.0,0.0,0.0,0,,
2025-09-25 05:55:00-03:00,0,19,75,0,0,46.8,88.9,0.0,0,0,0,0,0,3.1,0,,5.434876152153424,19.0,0.0,0.0,0,,
2025-09-25 06:00:00-03:00,0,19,74,0,0,46.1,88.7,0.0,0,0,0,0,0,3.1,0,,8.359353317102325,19.0,0.0,0.0,0,,
2025-09-25 06:05:00-03:00,0,19,73,0,0,45.4,88.4,0.0,0,0,0,0,0,3.0,0,,11.720223392281852,19.0,0.0,0.0,0,,
2025-09-25 06:10:00-03:00,4,19,72,7,6,44.7,88.0,0.0,1,7,4,1,6,3.0,0,0.6666666666666666,15.449821024798782,19.125,0.0,4.0,0,33.33333333333333,14.899999999999999
2025-09-25 06:15:00-03:00,10,19,71,18,16,43.9,87.6,0.0,2,18,10,2,16,3.1,0,0.625,19.842371253734502,19.3125,0.0,10.0,0,37.5,16.4625
2025-09-25 06:20:00-03:00,17,19,70,30,27,43.1,87.3,0.0,4,30,17,4,27,3.1,1,0.6296296296296297,24.846650893176275,19.53125,0.0,17.0,0,37.03703703703704,15.962962962962964
2025-09-25 06:25:00-03:00,25,19,69,44,43,42.4,86.9,0.0,6,44,25,6,43,3.1,1,0.5813953488372093,30.556827338108814,19.78125,0.0,25.0,0,41.86046511627907,17.748837209302327
2025-09-25 06:30:00-03:00,35,19,68,59,60,41.6,86.5,0.0,8,59,34,8,60,3.1,1,0.5666666666666667,36.61718424209398,20.0625,0.0,34.0,0,43.333333333333336,18.026666666666667
2025-09-25 06:35:00-03:00,45,19,67,76,77,40.8,86.1,0.0,11,76,44,10,77,3.1,1,0.5714285714285714,43.05695664062615,20.375,0.0,44.0,0,42.857142857142854,17.48571428571428
2025-09-25 06:40:00-03:00,58,19,66,94,95,38.5,85.0,0.0,14,94,57,14,95,3.1,1,0.6,49.46279593613156,20.78125,0.0,57.0,0,40.0,15.4
2025-09-25 06:45:00-03:00,73,20,65,112,114,34.9,83.3,0.0,19,112,72,18,114,3.2,1,0.631578947368421,55.75324423229034,22.25,0.0,72.0,0,36.84210526315789,12.857894736842104
2025-09-25 06:50:00-03:00,90,20,64,131,134,31.3,81.5,0.0,24,131,90,24,134,3.2,1,0.6716417910447762,61.28491583654205,22.8125,0.0,90.0,0,32.83582089552239,10.277611940298506
2025-09-25 06:55:00-03:00,109,20,63,151,155,27.6,79.7,0.0,31,151,109,30,155,3.2,1,0.7032258064516129,66.12522555384248,23.40625,0.0,109.0,0,29.677419354838708,8.190967741935484
2025-09-25 07:00:00-03:00,130,20,62,171,176,23.9,77.9,0.0,38,171,131,37,176,3.3,1,0.7443181818181818,70.14638373798176,24.09375,0.0,131.0,0,25.568181818181817,6.110795454545454
2025-09-25 07:05:00-03:00,153,20,59,192,197,20.3,76.1,0.0,46,192,154,45,197,3.3,1,0.7817258883248731,73.3697051674915,24.8125,0.0,154.0,0,21.82741116751269,4.430964467005076
2025-09-25 07:10:00-03:00,175,20,55,212,218,17.7,74.6,0.0,54,212,177,53,218,3.5,1,0.8119266055045872,75.64189956431495,25.53125,0.21250000000000002,176.623875,0,18.807339449541285,3.3288990825688076
2025-09-25 07:15:00-03:00,194,20,52,233,240,16.7,73.5,0.0,62,233,197,61,240,3.6,1,0.8208333333333333,77.11777690748353,26.15625,0.4625,196.088875,0,17.916666666666668,2.992083333333333
2025-09-25 07:20:00-03:00,214,20,48,254,262,15.8,72.5,0.0,70,254,218,69,262,3.8,1,0.8320610687022901,78.01786897108065,26.8125,0.7250000000000001,216.4195,0,16.793893129770993,2.653435114503817
2025-09-25 07:25:00-03:00,235,20,44,276,284,14.8,71.4,0.0,79,276,239,78,284,3.9,1,0.8415492957746479,78.61119320408812,27.46875,0.9875,236.63987500000002,0,15.845070422535212,2.3450704225352115
2025-09-25 07:30:00-03:00,255,21,40,297,306,13.9,70.3,0.0,88,297,261,87,306,4.1,1,0.8529411764705882,78.78908361550104,29.15625,1.6625,256.660875,0,14.705882352941178,2.044117647058824
2025-09-25 07:35:00-03:00,277,21,37,318,328,13.0,69.2,0.0,98,318,283,96,328,4.2,1,0.8628048780487805,78.96657328876793,29.84375,1.9375,277.51687499999997,0,13.719512195121952,1.7835365853658538
2025-09-25 07:40:00-03:00,298,21,33,339,350,12.1,68.1,0.0,108,339,305,107,350,4.4,1,0.8714285714285714,79.16740031558365,30.53125,2.2125,298.25187500000004,0,12.857142857142856,1.5557142857142856
2025-09-25 07:45:00-03:00,320,21,29,360,372,11.2,66.9,0.0,119,360,328,117,372,4.5,1,0.8817204301075269,79.30359768674525,31.25,2.5,319.8,0,11.827956989247312,1.324731182795699
2025-09-25 07:50:00-03:00,342,21,25,381,394,10.4,65.8,0.0,130,381,351,128,394,4.7,1,0.8908629441624365,78.96887572540093,31.96875,2.7875,341.215875,0,10.913705583756345,1.1350253807106598
2025-09-25 07:55:00-03:00,363,21,22,402,416,9.8,65.1,0.0,140,402,373,138,416,4.8,1,0.8966346153846154,78.32271043380328,32.65625,3.0625,361.576875,0,10.336538461538462,1.0129807692307693
2025-09-25 08:00:00-03:00,384,21,18,423,438,9.2,64.4,0.0,150,423,395,148,438,5.0,1,0.9018264840182648,77.25062518135022,33.34375,3.3375000000000004,381.816875,0,9.817351598173515,0.9031963470319633
2025-09-25 08:05:00-03:00,404,21,16,444,459,8.9,63.9,0.0,160,444,416,158,459,5.1,1,0.906318082788671,76.09618116488566,34.0,3.6,401.024,0,9.368191721132897,0.8337690631808279
2025-09-25 08:10:00-03:00,424,22,15,464,481,8.8,63.4,0.0,170,464,436,167,481,5.1,1,0.9064449064449065,74.50544011051046,35.625,4.25,417.47,0,9.355509355509357,0.8232848232848236
2025-09-25 08:15:00-03:00,443,22,14,484,502,8.6,63.0,0.0,179,484,456,176,502,5.2,1,0.9083665338645418,72.33298421923988,36.25,4.5,435.47999999999996,0,9.163346613545817,0.7880478087649402
2025-09-25 08:20:00-03:00,461,22,13,505,523,8.5,62.6,0.0,189,505,476,186,523,5.2,1,0.9101338432122371,69.91531674212496,36.875,4.75,453.39,0,8.98661567877629,0.7638623326959848
2025-09-25 08:25:00-03:00,480,22,12,524,544,8.4,62.1,0.0,199,524,495,195,544,5.3,1,0.9099264705882353,67.4473981347806,37.46875,4.987500000000001,470.311875,0,9.007352941176471,0.7566176470588236
2025-09-25 08:30:00-03:00,499,22,11,544,564,8.3,61.7,0.0,208,544,515,205,564,5.3,1,0.9131205673758865,64.82540654198299,38.09375,5.237500000000001,488.02687499999996,0,8.687943262411348,0.721099290780142
2025-09-25 08:35:00-03:00,516,22,10,563,584,8.5,61.2,0.0,219,563,532,215,584,5.4,1,0.910958904109589,62.24633371216371,38.625,5.45,503.00600000000003,0,8.904109589041095,0.7568493150684931
2025-09-25 08:40:00-03:00,531,22,9,583,604,8.9,60.6,0.0,229,583,547,226,604,5.4,1,0.9056291390728477,59.73749393653973,39.09375,5.6375,516.162875,0,9.437086092715232,0.8399006622516556
2025-09-25 08:45:00-03:00,545,22,8,602,624,9.4,60.1,0.0,240,602,562,236,624,5.5,1,0.9006410256410257,57.4331627356362,39.5625,5.825,529.2635,0,9.935897435897436,0.933974358974359
2025-09-25 08:50:00-03:00,559,22,7,620,643,9.8,59.5,0.0,251,620,577,247,643,5.5,1,0.8973561430793157,55.34376042682372,40.03125,6.0125,542.307875,0,10.26438569206843,1.0059097978227063
2025-09-25 08:55:00-03:00,573,22,6,638,662,10.3,59.0,0.0,262,638,591,257,662,5.6,1,0.8927492447129909,54.04795850151616,40.46875,6.1875,554.431875,0,10.725075528700906,1.1046827794561933
2025-09-25 09:00:00-03:00,586,23,5,656,681,10.7,58.4,0.0,273,656,605,268,681,5.6,1,0.8883994126284875,53.4814467971361,41.90625,6.7625,564.086875,0,11.16005873715125,1.1941262848751837
2025-09-25 09:05:00-03:00,600,23,5,674,700,11.0,57.8,0.0,284,674,619,280,700,5.6,1,0.8842857142857142,53.87098786297717,42.34375,6.9375,576.056875,0,11.571428571428571,1.2728571428571427
2025-09-25 09:10:00-03:00,614,23,5,691,718,11.2,57.1,0.0,297,691,634,292,718,5.6,1,0.883008356545961,54.624891650953785,42.8125,7.125,588.8275,0,11.699164345403899,1.3103064066852366
2025-09-25 09:15:00-03:00,628,23,4,708,735,11.4,56.4,0.0,309,708,648,304,735,5.6,1,0.8816326530612245,55.43546616643998,43.25,7.300000000000001,600.696,0,11.83673469387755,1.349387755102041
2025-09-25 09:20:00-03:00,644,23,4,725,753,11.1,56.1,0.0,318,725,665,313,753,5.6,1,0.8831341301460823,56.27603774469181,43.78125,7.5125,615.041875,0,11.686586985391765,1.297211155378486
2025-09-25 09:25:00-03:00,661,23,4,741,770,10.9,55.9,0.0,327,741,682,322,770,5.5,1,0.8857142857142857,57.121017200852705,44.3125,7.7250000000000005,629.3154999999999,0,11.428571428571429,1.2457142857142858
2025-09-25 09:30:00-03:00,677,23,4,757,786,10.6,55.6,0.0,336,757,699,331,786,5.5,1,0.8893129770992366,57.651775972009126,44.84375,7.9375,643.516875,0,11.068702290076336,1.1732824427480917
2025-09-25 09:35:00-03:00,692,24,3,773,802,10.4,55.4,0.0,345,773,715,340,802,5.5,1,0.8915211970074813,57.849072175053614,46.34375,8.5375,653.956875,0,10.847880299251871,1.1281795511221946
2025-09-25 09:40:00-03:00,708,24,3,788,818,10.1,55.1,0.0,353,788,731,349,818,5.5,1,0.8936430317848411,57.68796681415355,46.84375,8.7375,667.128875,0,10.635696821515893,1.0742053789731052
2025-09-25 09:45:00-03:00,723,24,3,802,833,9.9,54.9,0.0,362,802,747,358,833,5.5,1,0.8967587034813925,57.167152573244834,47.34375,8.9375,680.236875,0,10.324129651860744,1.0220888355342137
2025-09-25 09:50:00-03:00,738,24,3,817,848,9.6,54.6,0.0,371,817,763,366,848,5.4,1,0.8997641509433962,56.136400441645094,47.84375,9.137500000000001,693.280875,0,10.023584905660378,0.9622641509433962
2025-09-25 09:55:00-03:00,753,24,2,830,863,9.4,54.4,0.0,379,830,778,375,863,5.4,1,0.9015063731170336,54.956939066094165,48.3125,9.325000000000001,705.4515,0,9.84936268829664,0.9258400926998843
2025-09-25 10:00:00-03:00,767,24,2,844,877,9.1,54.1,0.0,387,844,793,383,877,5.4,1,0.9042189281641961,53.7273560477154,48.78125,9.512500000000001,717.565875,0,9.578107183580387,0.8716077537058152
2025-09-25 10:05:00-03:00,781,24,2,857,890,8.9,53.9,0.0,395,857,808,391,890,5.4,1,0.9078651685393259,52.54802997776991,49.25,9.700000000000001,729.624,0,9.213483146067416,0.82
2025-09-25 10:10:00-03:00,794,25,3,869,903,8.6,53.6,0.0,403,869,822,399,903,5.3,1,0.9102990033222591,51.216933161048885,50.6875,10.275,737.5395,0,8.970099667774086,0.7714285714285714
2025-09-25 10:15:00-03:00,808,25,3,881,916,8.4,53.4,0.0,411,881,836,407,916,5.3,1,0.9126637554585153,49.83145836139363,51.125,10.450000000000001,748.6379999999999,0,8.73362445414847,0.7336244541484715
2025-09-25 10:20:00-03:00,820,25,4,893,928,8.1,53.1,0.0,419,893,849,415,928,5.2,1,0.9148706896551724,48.49203308509858,51.53125,10.6125,758.899875,0,8.512931034482758,0.6895474137931034
2025-09-25 10:25:00-03:00,833,25,4,904,939,7.9,52.9,0.0,426,904,862,422,939,5.1,1,0.9179978700745474,47.16990566027225,51.9375,10.775,769.1195,0,8.20021299254526,0.6478168264110756
2025-09-25 10:30:00-03:00,845,25,5,915,951,7.6,52.6,0.0,433,915,875,430,951,5.1,1,0.9200841219768665,45.687343250973555,52.34375,10.9375,779.296875,0,7.991587802313354,0.607360672975815
2025-09-25 10:35:00-03:00,857,25,5,925,961,7.4,52.4,0.0,440,925,887,437,961,5.0,1,0.922996878251821,44.167295592994016,52.71875,11.0875,788.653875,0,7.700312174817898,0.5698231009365246
2025-09-25 10:40:00-03:00,868,25,6,935,971,7.1,52.1,0.0,447,935,899,444,971,5.0,1,0.925849639546859,42.60672873305583,53.09375,11.2375,797.974875,0,7.4150360453141095,0.5264675592173017
2025-09-25 10:45:00-03:00,879,25,6,944,981,6.9,51.9,0.0,454,944,911,451,981,4.9,1,0.928644240570846,40.72747564883084,53.46875,11.387500000000001,807.2598750000001,0,7.135575942915392,0.4923547400611621
2025-09-25 10:50:00-03:00,889,26,7,952,990,6.6,51.6,0.0,461,952,922,458,990,4.8,1,0.9313131313131313,38.69725148800719,54.8125,11.925,812.0515,0,6.8686868686868685,0.4533333333333333
2025-09-25 10:55:00-03:00,899,26,7,961,998,6.4,51.4,0.0,467,961,932,464,998,4.8,1,0.9338677354709419,36.38295888143878,55.125,12.05,819.694,0,6.613226452905812,0.42324649298597194
2025-09-25 11:00:00-03:00,909,26,8,968,1006,6.1,51.1,0.0,473,968,942,470,1006,4.7,1,0.9363817097415507,33.82430092894854,55.4375,12.175,827.3115,0,6.36182902584493,0.38807157057654074
2025-09-25 11:05:00-03:00,917,26,10,975,1014,6.0,51.0,0.0,478,975,951,475,1014,4.7,1,0.9378698224852071,31.323338186569778,55.71875,12.287500000000001,834.1458749999999,0,6.21301775147929,0.37278106508875736
2025-09-25 11:10:00-03:00,924,26,14,982,1020,5.9,51.0,0.0,481,982,958,478,1020,4.6,1,0.9392156862745098,28.633922454847028,55.9375,12.375,839.4475,0,6.078431372549019,0.35862745098039217
2025-09-25 11:15:00-03:00,930,26,18,988,1027,5.8,51.0,0.0,484,988,965,481,1027,4.6,1,0.9396299902629016,25.943411611799604,56.15625,12.4625,844.736875,0,6.0370009737098345,0.3501460564751704
2025-09-25 11:20:00-03:00,936,26,23,993,1032,5.7,51.0,0.0,487,993,971,484,1032,4.5,1,0.9408914728682171,23.461606289757714,56.34375,12.537500000000001,849.2608749999999,0,5.910852713178294,0.3369186046511628
2025-09-25 11:25:00-03:00,942,26,27,998,1037,5.6,51.0,0.0,489,998,976,486,1037,4.5,1,0.9411764705882353,21.10292238842624,56.5,12.600000000000001,853.024,0,5.88235294117647,0.3294117647058823
2025-09-25 11:30:00-03:00,946,27,31,1002,1042,5.5,51.0,0.0,491,1002,982,488,1042,4.4,1,0.9424184261036468,18.773571042706802,57.6875,13.075000000000001,853.6034999999999,0,5.758157389635317,0.31669865642994244
2025-09-25 11:35:00-03:00,951,27,35,1006,1045,5.5,51.0,0.0,493,1006,986,490,1045,4.4,1,0.9435406698564593,16.694219649194228,57.8125,13.125,856.5875,0,5.645933014354067,0.31052631578947365
2025-09-25 11:40:00-03:00,955,27,39,1009,1049,5.4,51.0,0.0,494,1009,990,491,1049,4.3,1,0.9437559580552908,14.594259975791292,57.9375,13.175,859.5675,0,5.624404194470925,0.30371782650143
2025-09-25 11:45:00-03:00,958,27,43,1012,1052,5.3,51.0,0.0,496,1012,994,493,1052,4.3,1,0.9448669201520913,12.139030463946007,58.0625,13.225000000000001,862.5435,0,5.513307984790875,0.29220532319391634
2025-09-25 11:50:00-03:00,961,27,48,1014,1054,5.2,51.0,0.0,497,1014,997,494,1054,4.2,1,0.9459203036053131,9.735906675108383,58.15625,13.262500000000001,864.772875,0,5.407969639468691,0.28121442125237195
2025-09-25 11:55:00-03:00,963,27,52,1015,1055,5.1,51.0,0.0,497,1015,999,495,1055,4.2,1,0.9469194312796209,7.738138527922891,58.21875,13.287500000000001,866.2578749999999,0,5.308056872037914,0.27071090047393365
2025-09-25 12:00:00-03:00,965,27,56,1016,1056,5.0,51.0,0.0,498,1016,1001,495,1056,4.1,1,0.9479166666666666,6.907944482133054,58.28125,13.3125,867.741875,0,5.208333333333334,0.26041666666666674
2025-09-25 12:05:00-03:00,964,27,63,1017,1057,5.2,51.2,0.0,496,1017,1000,493,1057,4.1,1,0.9460737937559129,8.039674348809239,58.25,13.3,867.0,0,5.392620624408704,0.2804162724692526
2025-09-25 12:10:00-03:00,960,27,74,1016,1056,5.5,51.5,0.0,493,1016,996,490,1056,4.1,1,0.9431818181818182,10.470738447449941,58.125,13.25,864.03,0,5.681818181818182,0.3125
2025-09-25 12:15:00-03:00,956,28,85,1015,1056,5.8,51.8,0.0,489,1015,992,486,1056,4.1,1,0.9393939393939394,13.405957517769773,59.0,13.600000000000001,857.088,0,6.0606060606060606,0.3515151515151515
2025-09-25 12:20:00-03:00,952,28,96,1014,1054,6.2,52.2,0.0,485,1014,987,482,1054,4.0,1,0.9364326375711575,16.321346869511903,58.84375,13.537500000000001,853.384875,0,6.35673624288425,0.3941176470588236
2025-09-25 12:25:00-03:00,946,28,107,1012,1052,6.5,52.5,0.0,481,1012,981,477,1052,4.0,1,0.9325095057034221,19.10259382669453,58.65625,13.4625,848.932875,0,6.749049429657794,0.4386882129277566
2025-09-25 12:30:00-03:00,941,28,118,1010,1050,6.8,52.8,0.0,476,1010,975,472,1050,4.0,1,0.9285714285714286,21.703930659196285,58.46875,13.387500000000001,844.4718750000001,0,7.142857142857142,0.4857142857142857
2025-09-25 12:35:00-03:00,935,28,128,1007,1046,7.2,53.2,0.0,471,1007,968,467,1046,4.0,1,0.9254302103250478,23.829412688724062,58.25,13.3,839.256,0,7.45697896749522,0.5369024856596559
2025-09-25 12:40:00-03:00,928,28,139,1003,1043,7.5,53.5,0.0,466,1003,961,462,1043,4.0,1,0.9213806327900288,26.049341293338273,58.03125,13.2125,834.027875,0,7.861936720997123,0.5896452540747843
2025-09-25 12:45:00-03:00,921,28,150,999,1038,7.8,53.8,0.0,461,999,954,457,1038,4.0,1,0.9190751445086706,28.966542873792648,57.8125,13.125,828.7875,0,8.092485549132949,0.63121387283237
2025-09-25 12:50:00-03:00,913,28,161,994,1034,8.2,54.2,0.0,456,994,946,451,1034,4.0,1,0.9148936170212766,32.41340444750406,57.5625,13.025,822.7835,0,8.51063829787234,0.6978723404255318
2025-09-25 12:55:00-03:00,905,28,172,989,1028,8.5,54.5,0.0,450,989,937,445,1028,3.9,1,0.9114785992217899,36.00210431558454,57.28125,12.912500000000001,816.009875,0,8.852140077821012,0.7524319066147861
2025-09-25 13:00:00-03:00,897,28,183,984,1022,8.8,54.8,0.0,444,984,928,439,1022,3.9,1,0.9080234833659491,39.93517474378857,57.0,12.8,809.216,0,9.197651663405088,0.8093933463796478
2025-09-25 13:05:00-03:00,885,28,197,977,1016,9.4,55.4,0.0,436,977,916,431,1016,3.9,1,0.9015748031496063,43.75759674303484,56.625,12.65,800.126,0,9.84251968503937,0.9251968503937009
2025-09-25 13:10:00-03:00,871,28,214,971,1009,10.2,56.2,0.0,425,971,901,419,1009,3.9,1,0.8929633300297324,47.54009472076621,56.15625,12.4625,788.712875,0,10.703666997026758,1.0917740336967292
2025-09-25 13:15:00-03:00,857,28,231,963,1001,11.1,57.1,0.0,413,963,885,408,1001,3.8,1,0.8841158841158842,51.06057009259369,55.65625,12.262500000000001,776.4768750000001,0,11.588411588411589,1.2863136863136861
2025-09-25 13:20:00-03:00,842,28,249,956,993,11.9,57.9,0.0,402,956,870,396,993,3.8,1,0.8761329305135952,54.110157003172596,55.1875,12.075000000000001,764.9475,0,12.386706948640484,1.4740181268882175
2025-09-25 13:25:00-03:00,827,28,266,948,985,12.8,58.8,0.0,391,948,853,385,985,3.8,1,0.8659898477157361,56.76159606527752,54.65625,11.8625,751.812875,0,13.401015228426397,1.715329949238579
2025-09-25 13:30:00-03:00,811,28,283,939,975,13.6,59.6,0.0,379,939,837,373,975,3.8,1,0.8584615384615385,58.78594967155727,54.15625,11.662500000000001,739.384875,0,14.153846153846153,1.924923076923077
2025-09-25 13:35:00-03:00,796,29,301,930,966,14.4,60.4,0.0,368,930,820,362,966,3.7,1,0.8488612836438924,60.13992522492556,54.625,11.850000000000001,722.8299999999999,0,15.113871635610765,2.1763975155279502
2025-09-25 13:40:00-03:00,780,29,318,920,956,15.2,61.3,0.0,356,920,803,351,956,3.7,1,0.8399581589958159,60.77579262910562,54.09375,11.637500000000001,709.550875,0,16.00418410041841,2.432635983263598
2025-09-25 13:45:00-03:00,763,29,335,910,945,16.1,62.1,0.0,345,910,786,339,945,3.7,1,0.8317460317460318,60.800468498985225,53.5625,11.425,696.1995000000001,0,16.825396825396826,2.708888888888889
2025-09-25 13:50:00-03:00,747,29,353,899,934,16.9,62.9,0.0,333,899,768,328,934,3.7,1,0.8222698072805139,60.27581805685771,53.0,11.200000000000001,681.984,0,17.77301927194861,3.0036402569593146
2025-09-25 13:55:00-03:00,730,29,370,888,922,17.8,63.7,0.0,322,888,751,316,922,3.6,1,0.8145336225596529,59.37451754189292,52.46875,10.9875,668.483875,0,18.546637744034708,3.301301518438178
2025-09-25 14:00:00-03:00,713,29,387,876,910,18.6,64.6,0.0,310,876,733,305,910,3.6,1,0.8054945054945055,58.286647985045384,51.90625,10.762500000000001,654.1108750000001,0,19.450549450549453,3.6178021978021984
2025-09-25 14:05:00-03:00,698,29,402,864,897,19.2,65.2,0.0,301,864,717,296,897,3.6,1,0.7993311036789298,57.044573215448274,51.40625,10.5625,641.266875,0,20.066889632107024,3.8528428093645486
2025-09-25 14:10:00-03:00,685,29,415,851,884,19.5,65.5,0.0,294,851,703,289,884,3.6,1,0.7952488687782805,55.705597890723546,50.96875,10.387500000000001,629.975875,0,20.475113122171944,3.9926470588235294
2025-09-25 14:15:00-03:00,672,29,427,838,871,19.8,65.8,0.0,286,838,690,282,871,3.6,1,0.7921928817451206,54.614073000430565,50.5625,10.225000000000001,619.4475,0,20.780711825487945,4.114580941446613
2025-09-25 14:20:00-03:00,659,29,440,825,857,20.2,66.2,0.0,279,825,675,275,857,3.6,1,0.7876312718786465,53.669231069913735,50.09375,10.037500000000001,607.246875,0,21.236872812135356,4.289848308051342
2025-09-25 14:25:00-03:00,645,29,453,811,842,20.5,66.5,0.0,272,811,661,267,842,3.6,1,0.7850356294536817,53.10103291810027,49.65625,9.8625,595.8088750000001,0,21.49643705463183,4.406769596199525
2025-09-25 14:30:00-03:00,631,29,465,797,827,20.8,66.8,0.0,264,797,646,260,827,3.6,1,0.781136638452237,52.95881761931508,49.1875,9.675,583.4995,0,21.886336154776302,4.552357920193471
2025-09-25 14:35:00-03:00,617,29,478,782,812,21.2,67.2,0.0,257,782,632,253,812,3.7,1,0.7783251231527094,53.430427717361184,48.75,9.5,571.96,0,22.167487684729064,4.699507389162561
2025-09-25 14:40:00-03:00,602,29,490,767,796,21.5,67.5,0.0,249,767,616,245,796,3.7,1,0.7738693467336684,53.9424496921253,48.25,9.3,558.712,0,22.613065326633166,4.86180904522613
2025-09-25 14:45:00-03:00,587,29,503,752,780,21.8,67.8,0.0,242,752,601,238,780,3.7,1,0.7705128205128206,53.95473692238027,47.78125,9.1125,546.233875,0,22.94871794871795,5.002820512820513
2025-09-25 14:50:00-03:00,573,29,516,736,763,22.2,68.2,0.0,234,736,586,230,763,3.7,1,0.7680209698558322,53.49822993389852,47.3125,8.925,533.6995,0,23.197903014416777,5.149934469200524
2025-09-25 14:55:00-03:00,557,29,528,719,746,22.5,68.5,0.0,227,719,570,223,746,3.7,1,0.7640750670241286,52.89462079541379,46.8125,8.725,520.2674999999999,0,23.59249329758713,5.308310991957104
2025-09-25 15:00:00-03:00,542,29,541,703,729,22.8,69.0,0.0,218,703,554,214,729,3.7,1,0.7599451303155007,52.15855779749769,46.3125,8.525,506.77149999999995,0,24.005486968449933,5.473251028806585
2025-09-25 15:05:00-03:00,529,29,549,686,711,22.8,69.7,0.0,208,686,540,204,711,3.7,1,0.759493670886076,51.31977880865716,45.875,8.35,494.90999999999997,0,24.050632911392405,5.483544303797469
2025-09-25 15:10:00-03:00,517,29,553,668,693,22.7,70.2,0.0,199,668,528,196,693,3.7,1,0.7619047619047619,50.389994196778375,45.5,8.200000000000001,484.70399999999995,0,23.809523809523807,5.404761904761903
2025-09-25 15:15:00-03:00,504,29,557,651,675,22.5,70.8,0.0,190,651,515,187,675,3.8,1,0.762962962962963,49.85038220576139,45.09375,8.0375,473.606875,0,23.703703703703706,5.333333333333334
2025-09-25 15:20:00-03:00,491,29,562,633,656,22.3,71.3,0.0,182,633,502,179,656,3.8,1,0.7652439024390244,49.70724902929689,44.6875,7.875,462.46750000000003,0,23.47560975609756,5.235060975609756
2025-09-25 15:25:00-03:00,478,28,566,614,637,22.1,71.8,0.0,173,614,488,170,637,3.8,1,0.7660910518053375,49.94261858888787,43.25,7.300000000000001,452.37600000000003,0,23.390894819466247,5.169387755102041
2025-09-25 15:30:00-03:00,465,28,570,596,617,22.0,72.3,0.0,165,596,475,162,617,3.8,1,0.7698541329011345,50.839915122834256,42.84375,7.1375,441.096875,0,23.014586709886547,5.06320907617504
2025-09-25 15:35:00-03:00,451,28,574,577,598,21.8,72.9,0.0,157,577,461,154,598,3.8,1,0.7709030100334449,52.34732490053805,42.40625,6.9625,428.902875,0,22.909698996655518,4.994314381270903
2025-09-25 15:40:00-03:00,437,28,578,558,578,21.6,73.4,0.0,148,558,446,146,578,3.8,1,0.7716262975778547,54.09832518552586,41.9375,6.775,415.7835,0,22.837370242214533,4.932871972318339
2025-09-25 15:45:00-03:00,422,28,582,538,557,21.7,73.8,0.0,141,538,430,139,557,3.8,1,0.7719928186714542,55.70559789073086,41.4375,6.575,401.7275,0,22.800718132854577,4.947755834829443
2025-09-25 15:50:00-03:00,406,28,587,519,537,21.8,74.2,0.0,134,519,414,132,537,3.9,1,0.770949720670391,57.34716182774159,40.9375,6.375,387.6075,0,22.905027932960895,4.993296089385475
2025-09-25 15:55:00-03:00,389,28,591,499,516,21.9,74.5,0.0,127,499,397,125,516,3.9,1,0.7693798449612403,58.75546396255254,40.40625,6.1625000000000005,372.534875,0,23.06201550387597,5.050581395348837
2025-09-25 16:00:00-03:00,373,28,595,478,495,22.0,74.9,0.0,120,478,380,118,495,3.9,1,0.7676767676767676,60.1346972901846,39.875,5.95,357.39,0,23.232323232323232,5.111111111111111
2025-09-25 16:05:00-03:00,357,28,598,458,474,22.2,75.3,0.0,113,458,363,111,474,3.9,1,0.7658227848101266,61.37533558508816,39.34375,5.737500000000001,342.17287500000003,0,23.417721518987342,5.19873417721519
2025-09-25 16:10:00-03:00,340,28,600,438,453,22.4,75.8,0.0,106,438,346,104,453,3.8,1,0.7637969094922737,62.48411919452475,38.8125,5.525,326.88349999999997,0,23.62030905077263,5.290949227373069
2025-09-25 16:15:00-03:00,323,28,603,417,431,22.6,76.2,0.0,99,417,328,98,431,3.8,1,0.7610208816705336,63.3523097567534,38.25,5.300000000000001,310.616,0,23.897911832946637,5.4009280742459405
2025-09-25 16:20:00-03:00,306,28,605,396,409,22.8,76.7,0.0,92,396,311,91,409,3.8,1,0.7603911980440098,64.06737693927639,37.71875,5.0875,295.177875,0,23.96088019559902,5.4630806845965765
2025-09-25 16:25:00-03:00,288,28,608,375,388,23.2,77.3,0.0,85,375,293,84,388,3.7,1,0.7551546391752577,64.58163731888865,37.15625,4.862500000000001,278.752875,0,24.484536082474225,5.68041237113402
2025-09-25 16:30:00-03:00,270,28,610,354,366,23.8,78.1,0.0,78,354,274,76,366,3.7,1,0.7486338797814208,64.86833985198145,36.5625,4.625,261.3275,0,25.136612021857925,5.982513661202187
2025-09-25 16:35:00-03:00,252,28,612,333,344,24.4,78.9,0.0,70,333,255,69,344,3.6,1,0.7412790697674418,64.93049897367494,35.96875,4.3875,243.81187500000001,0,25.872093023255815,6.312790697674418
2025-09-25 16:40:00-03:00,234,28,614,312,322,25.0,79.7,0.0,64,312,237,62,322,3.6,1,0.7360248447204969,64.76876117576425,35.40625,4.1625000000000005,227.134875,0,26.39751552795031,6.599378881987579
2025-09-25 16:45:00-03:00,217,28,617,291,300,25.6,80.4,0.0,57,291,219,56,300,3.6,1,0.73,64.79402095499222,34.84375,3.9375,210.37687499999998,0,27.0,6.912000000000001
2025-09-25 16:50:00-03:00,199,27,619,270,278,26.1,81.2,0.0,51,270,201,50,278,3.5,1,0.7230215827338129,64.81927089059823,33.28125,3.3125,194.34187500000002,0,27.697841726618705,7.229136690647482
2025-09-25 16:55:00-03:00,182,27,622,249,256,26.7,82.0,0.0,45,249,184,44,256,3.5,1,0.71875,64.54097829122837,32.75,3.1,178.296,0,28.125,7.509375
2025-09-25 17:00:00-03:00,166,27,624,228,234,27.3,82.8,0.0,39,228,167,39,234,3.5,1,0.7136752136752137,63.98597147387492,32.21875,2.8875,162.177875,0,28.63247863247863,7.816666666666666
2025-09-25 17:05:00-03:00,149,27,620,207,213,28.0,83.4,0.0,34,207,150,34,213,3.4,1,0.704225352112676,63.23567031352672,31.6875,2.6750000000000003,145.98749999999998,0,29.577464788732392,8.28169014084507
2025-09-25 17:10:00-03:00,130,27,610,187,192,30.3,84.3,0.0,29,187,130,29,192,3.4,1,0.6770833333333334,62.12615464448278,31.0625,2.4250000000000003,126.8475,0,32.29166666666667,9.784375
2025-09-25 17:15:00-03:00,112,27,599,167,171,32.6,85.2,0.0,25,167,112,24,171,3.4,1,0.6549707602339181,60.257716719467346,30.5,2.2,109.536,0,34.50292397660819,11.247953216374269
2025-09-25 17:20:00-03:00,95,27,589,147,150,34.9,86.1,0.0,20,147,95,20,150,3.3,1,0.6333333333333333,57.69958773027434,29.96875,1.9875,93.111875,0,36.666666666666664,12.796666666666665
2025-09-25 17:25:00-03:00,80,27,579,127,130,37.3,87.0,0.0,17,127,79,16,130,3.3,1,0.6076923076923076,54.65095857099416,29.46875,1.7875,77.587875,0,39.23076923076923,14.633076923076924
2025-09-25 17:30:00-03:00,65,27,569,108,110,39.6,87.9,0.0,13,108,64,13,110,3.3,1,0.5818181818181818,51.00349067080952,29.0,1.6,62.976,0,41.81818181818181,16.56
2025-09-25 17:35:00-03:00,52,26,558,90,91,42.0,88.9,0.0,10,90,51,10,91,3.3,1,0.5604395604395604,46.80391074052889,27.59375,1.0375,50.470875,0,43.956043956043956,18.461538461538463
2025-09-25 17:40:00-03:00,42,26,548,72,73,42.0,88.9,0.0,8,72,41,8,73,3.3,1,0.5616438356164384,42.11312326955252,27.28125,0.9125000000000001,40.625875,0,43.83561643835616,18.410958904109588
2025-09-25 17:45:00-03:00,32,26,538,55,56,41.7,88.8,0.0,6,55,32,6,56,3.2,1,0.5714285714285714,37.327786384475644,27.0,0.8,31.744,0,42.857142857142854,17.87142857142857
2025-09-25 17:50:00-03:00,24,26,528,40,37,41.4,88.8,0.0,5,40,23,4,37,3.2,1,0.6216216216216216,32.30770618272547,26.71875,0.6875,22.841875,0,37.83783783783784,15.664864864864864
2025-09-25 17:55:00-03:00,15,26,517,26,22,41.0,88.7,0.0,3,26,15,3,22,3.2,1,0.6818181818181818,27.296769705683133,26.46875,0.5875,14.911875,0,31.818181818181817,13.045454545454545
2025-09-25 18:00:00-03:00,8,26,507,14,12,40.7,88.6,0.0,2,14,8,2,12,3.2,0,0.6666666666666666,22.528096935086122,26.25,0.5,7.96,0,33.33333333333333,13.566666666666665
2025-09-25 18:05:00-03:00,2,26,495,3,3,40.9,88.7,0.0,0,3,2,0,3,3.3,0,0.6666666666666666,18.247457274129985,26.0625,0.42500000000000004,1.9915,0,33.33333333333333,13.633333333333331
2025-09-25 18:10:00-03:00,0,26,481,0,0,41.7,89.1,0.0,0,0,0,0,0,3.4,0,,14.48170214343649,26.0,0.4,0.0,0,,
2025-09-25 18:15:00-03:00,0,25,467,0,0,42.5,89.5,0.0,0,0,0,0,0,3.5,0,,10.923979738852518,25.0,0.0,0.0,0,,
2025-09-25 18:20:00-03:00,0,25,453,0,0,43.3,89.9,0.0,0,0,0,0,0,3.6,0,,7.567874686744148,25.0,0.0,0.0,0,,
2025-09-25 18:25:00-03:00,0,25,439,0,0,44.0,90.2,0.0,0,0,0,0,0,3.7,0,,4.679905464115369,25.0,0.0,0.0,0,,
2025-09-25 18:30:00-03:00,0,25,425,0,0,44.8,90.6,0.0,0,0,0,0,0,3.9,0,,2.3290003060944793,25.0,0.0,0.0,0,,
2025-09-25 18:35:00-03:00,0,25,412,0,0,45.5,90.9,0.0,0,0,0,0,0,4.0,0,,0.5773502705301435,25.0,0.0,0.0,0,,
2025-09-25 18:40:00-03:00,0,25,398,0,0,46.3,91.3,0.0,0,0,0,0,0,4.1,0,,0.0,25.0,0.0,0.0,0,,
2025-09-25 18:45:00-03:00,0,25,384,0,0,47.0,91.6,0.0,0,0,0,0,0,4.2,0,,0.0,25.0,0.0,0.0,0,,
2025-09-25 18:50:00-03:00,0,25,370,0,0,47.8,91.9,0.0,0,0,0,0,0,4.4,0,,0.0,25.0,0.0,0.0,0,,
2025-09-25 18:55:00-03:00,0,25,356,0,0,48.5,92.2,0.0,0,0,0,0,0,4.5,0,,0.0,25.0,0.0,0.0,0,,
2025-09-25 19:00:00-03:00,0,25,342,0,0,49.2,92.5,0.0,0,0,0,0,0,4.6,0,,0.0,25.0,0.0,0.0,0,,
2025-09-25 19:05:00-03:00,0,25,337,0,0,49.2,92.6,0.0,0,0,0,0,0,4.7,0,,0.0,25.0,0.0,0.0,0,,
2025-09-25 19:10:00-03:00,0,25,340,0,0,48.5,92.4,0.0,0,0,0,0,0,4.7,0,,0.0,25.0,0.0,0.0,0,,
2025-09-25 19:15:00-03:00,0,25,344,0,0,47.8,92.3,0.0,0,0,0,0,0,4.7,0,,0.0,25.0,0.0,0.0,0,,
2025-09-25 19:20:00-03:00,0,25,347,0,0,47.0,92.1,0.0,0,0,0,0,0,4.8,0,,0.0,25.0,0.0,0.0,0,,
2025-09-25 19:25:00-03:00,0,24,351,0,0,46.3,91.9,0.0,0,0,0,0,0,4.8,0,,0.0,24.0,0.0,0.0,0,,
2025-09-25 19:30:00-03:00,0,24,354,0,0,45.5,91.7,0.0,0,0,0,0,0,4.8,0,,0.0,24.0,0.0,0.0,0,,
2025-09-25 19:35:00-03:00,0,24,358,0,0,44.8,91.6,0.0,0,0,0,0,0,4.8,0,,0.0,24.0,0.0,0.0,0,,
2025-09-25 19:40:00-03:00,0,24,361,0,0,44.0,91.4,0.0,0,0,0,0,0,4.8,0,,0.0,24.0,0.0,0.0,0,,
2025-09-25 19:45:00-03:00,0,24,365,0,0,43.3,91.2,0.0,0,0,0,0,0,4.9,0,,0.0,24.0,0.0,0.0,0,,
2025-09-25 19:50:00-03:00,0,24,368,0,0,42.5,91.0,0.0,0,0,0,0,0,4.9,0,,0.0,24.0,0.0,0.0,0,,
2025-09-25 19:55:00-03:00,0,24,372,0,0,41.7,90.8,0.0,0,0,0,0,0,4.9,0,,0.0,24.0,0.0,0.0,0,,
2025-09-25 20:00:00-03:00,0,24,375,0,0,40.9,90.6,0.0,0,0,0,0,0,4.9,0,,0.0,24.0,0.0,0.0,0,,
2025-09-25 20:05:00-03:00,0,24,378,0,0,40.5,90.6,0.0,0,0,0,0,0,5.0,0,,0.0,24.0,0.0,0.0,0,,
2025-09-25 20:10:00-03:00,0,24,378,0,0,40.5,90.6,0.0,0,0,0,0,0,5.0,0,,0.0,24.0,0.0,0.0,0,,
2025-09-25 20:15:00-03:00,0,24,380,0,0,40.5,90.6,0.0,0,0,0,0,0,5.0,0,,0.0,24.0,0.0,0.0,0,,
2025-09-25 20:20:00-03:00,0,24,380,0,0,40.5,90.7,0.0,0,0,0,0,0,5.0,0,,0.0,24.0,0.0,0.0,0,,
2025-09-25 20:25:00-03:00,0,24,382,0,0,40.5,90.7,0.0,0,0,0,0,0,5.0,0,,0.0,24.0,0.0,0.0,0,,
2025-09-25 20:30:00-03:00,0,24,382,0,0,40.5,90.7,0.0,0,0,0,0,0,5.0,0,,0.0,24.0,0.0,0.0,0,,
2025-09-25 20:35:00-03:00,0,24,384,0,0,40.5,90.8,0.0,0,0,0,0,0,5.0,0,,0.0,24.0,0.0,0.0,0,,
2025-09-25 20:40:00-03:00,0,24,384,0,0,40.5,90.8,0.0,0,0,0,0,0,5.0,0,,0.0,24.0,0.0,0.0,0,,
2025-09-25 20:45:00-03:00,0,24,386,0,0,40.5,90.9,0.0,0,0,0,0,0,5.0,0,,0.0,24.0,0.0,0.0,0,,
2025-09-25 20:50:00-03:00,0,24,386,0,0,40.5,90.9,0.0,0,0,0,0,0,5.1,0,,0.0,24.0,0.0,0.0,0,,
2025-09-25 20:55:00-03:00,0,24,388,0,0,40.5,90.9,0.0,0,0,0,0,0,5.1,0,,0.0,24.0,0.0,0.0,0,,
2025-09-25 21:00:00-03:00,0,24,388,0,0,40.5,91.0,0.0,0,0,0,0,0,5.1,0,,0.0,24.0,0.0,0.0,0,,
2025-09-25 21:05:00-03:00,0,24,387,0,0,40.4,91.0,0.0,0,0,0,0,0,5.1,0,,0.0,24.0,0.0,0.0,0,,
2025-09-25 21:10:00-03:00,0,24,382,0,0,40.2,90.9,0.0,0,0,0,0,0,5.1,0,,0.0,24.0,0.0,0.0,0,,
2025-09-25 21:15:00-03:00,0,24,378,0,0,40.0,90.8,0.0,0,0,0,0,0,5.1,0,,0.0,24.0,0.0,0.0,0,,
2025-09-25 21:20:00-03:00,0,24,374,0,0,39.7,90.7,0.0,0,0,0,0,0,5.1,0,,0.0,24.0,0.0,0.0,0,,
2025-09-25 21:25:00-03:00,0,24,369,0,0,39.5,90.7,0.0,0,0,0,0,0,5.1,0,,0.0,24.0,0.0,0.0,0,,
2025-09-25 21:30:00-03:00,0,23,365,0,0,39.3,90.6,0.0,0,0,0,0,0,5.1,0,,0.0,23.0,0.0,0.0,0,,
2025-09-25 21:35:00-03:00,0,23,360,0,0,39.1,90.5,0.0,0,0,0,0,0,5.0,0,,0.0,23.0,0.0,0.0,0,,
2025-09-25 21:40:00-03:00,0,23,356,0,0,38.8,90.4,0.0,0,0,0,0,0,5.0,0,,0.0,23.0,0.0,0.0,0,,
2025-09-25 21:45:00-03:00,0,23,351,0,0,38.6,90.3,0.0,0,0,0,0,0,5.0,0,,0.0,23.0,0.0,0.0,0,,
2025-09-25 21:50:00-03:00,0,23,347,0,0,38.4,90.3,0.0,0,0,0,0,0,5.0,0,,0.0,23.0,0.0,0.0,0,,
2025-09-25 21:55:00-03:00,0,23,343,0,0,38.1,90.2,0.0,0,0,0,0,0,5.0,0,,0.0,23.0,0.0,0.0,0,,
2025-09-25 22:00:00-03:00,0,23,338,0,0,37.9,90.1,0.0,0,0,0,0,0,5.0,0,,0.0,23.0,0.0,0.0,0,,
2025-09-25 22:05:00-03:00,0,23,333,0,0,37.7,90.0,0.0,0,0,0,0,0,5.0,0,,0.0,23.0,0.0,0.0,0,,
2025-09-25 22:10:00-03:00,0,23,327,0,0,37.4,89.9,0.0,0,0,0,0,0,5.1,0,,0.0,23.0,0.0,0.0,0,,
2025-09-25 22:15:00-03:00,0,23,321,0,0,37.2,89.8,0.0,0,0,0,0,0,5.1,0,,0.0,23.0,0.0,0.0,0,,
2025-09-25 22:20:00-03:00,0,23,314,0,0,37.0,89.6,0.0,0,0,0,0,0,5.1,0,,0.0,23.0,0.0,0.0,0,,
2025-09-25 22:25:00-03:00,0,23,308,0,0,36.7,89.5,0.0,0,0,0,0,0,5.2,0,,0.0,23.0,0.0,0.0,0,,
2025-09-25 22:30:00-03:00,0,23,302,0,0,36.5,89.4,0.0,0,0,0,0,0,5.2,0,,0.0,23.0,0.0,0.0,0,,
2025-09-25 22:35:00-03:00,0,23,296,0,0,36.3,89.3,0.0,0,0,0,0,0,5.2,0,,0.0,23.0,0.0,0.0,0,,
2025-09-25 22:40:00-03:00,0,23,290,0,0,36.0,89.1,0.0,0,0,0,0,0,5.3,0,,0.0,23.0,0.0,0.0,0,,
2025-09-25 22:45:00-03:00,0,23,284,0,0,35.8,89.0,0.0,0,0,0,0,0,5.3,0,,0.0,23.0,0.0,0.0,0,,
2025-09-25 22:50:00-03:00,0,22,277,0,0,35.6,88.9,0.0,0,0,0,0,0,5.3,0,,0.0,22.0,0.0,0.0,0,,
2025-09-25 22:55:00-03:00,0,22,271,0,0,35.3,88.7,0.0,0,0,0,0,0,5.4,0,,0.0,22.0,0.0,0.0,0,,
2025-09-25 23:00:00-03:00,0,22,265,0,0,35.1,88.6,0.0,0,0,0,0,0,5.4,0,,0.0,22.0,0.0,0.0,0,,
2025-09-25 23:05:00-03:00,0,22,263,0,0,34.9,88.5,0.0,0,0,0,0,0,5.4,0,,0.0,22.0,0.0,0.0,0,,
2025-09-25 23:10:00-03:00,0,22,264,0,0,34.8,88.4,0.0,0,0,0,0,0,5.4,0,,0.0,22.0,0.0,0.0,0,,
2025-09-25 23:15:00-03:00,0,22,265,0,0,34.7,88.3,0.0,0,0,0,0,0,5.4,0,,0.0,22.0,0.0,0.0,0,,
2025-09-25 23:20:00-03:00,0,22,266,0,0,34.6,88.2,0.0,0,0,0,0,0,5.4,0,,0.0,22.0,0.0,0.0,0,,
2025-09-25 23:25:00-03:00,0,22,267,0,0,34.5,88.1,0.0,0,0,0,0,0,5.5,0,,0.0,22.0,0.0,0.0,0,,
2025-09-25 23:30:00-03:00,0,22,268,0,0,34.3,88.0,0.0,0,0,0,0,0,5.5,0,,0.0,22.0,0.0,0.0,0,,
2025-09-25 23:35:00-03:00,0,22,270,0,0,34.2,88.0,0.0,0,0,0,0,0,5.5,0,,0.0,22.0,0.0,0.0,0,,
2025-09-25 23:40:00-03:00,0,22,271,0,0,34.1,87.9,0.0,0,0,0,0,0,5.5,0,,0.0,22.0,0.0,0.0,0,,
2025-09-25 23:45:00-03:00,0,22,272,0,0,34.0,87.8,0.0,0,0,0,0,0,5.5,0,,0.0,22.0,0.0,0.0,0,,
2025-09-25 23:50:00-03:00,0,22,273,0,0,33.9,87.7,0.0,0,0,0,0,0,5.5,0,,0.0,22.0,0.0,0.0,0,,
2025-09-25 23:55:00-03:00,0,22,274,0,0,33.7,87.6,0.0,0,0,0,0,0,5.5,0,,0.0,22.0,0.0,0.0,0,,
2025-09-26 00:00:00-03:00,0,21,275,0,0,33.6,87.5,0.0,0,0,0,0,0,5.5,0,,0.0,21.0,0.0,0.0,0,,
2025-09-26 00:05:00-03:00,0,21,273,0,0,33.5,87.4,0.0,0,0,0,0,0,5.5,0,,0.0,21.0,0.0,0.0,0,,
2025-09-26 00:10:00-03:00,0,21,268,0,0,33.4,87.4,0.0,0,0,0,0,0,5.6,0,,0.0,21.0,0.0,0.0,0,,
2025-09-26 00:15:00-03:00,0,21,263,0,0,33.3,87.3,0.0,0,0,0,0,0,5.6,0,,0.0,21.0,0.0,0.0,0,,
2025-09-26 00:20:00-03:00,0,21,258,0,0,33.1,87.3,0.0,0,0,0,0,0,5.6,0,,0.0,21.0,0.0,0.0,0,,
2025-09-26 00:25:00-03:00,0,21,253,0,0,33.0,87.2,0.0,0,0,0,0,0,5.6,0,,0.0,21.0,0.0,0.0,0,,
2025-09-26 00:30:00-03:00,0,21,248,0,0,32.9,87.2,0.0,0,0,0,0,0,5.6,0,,0.0,21.0,0.0,0.0,0,,
2025-09-26 00:35:00-03:00,0,21,242,0,0,32.8,87.1,0.0,0,0,0,0,0,5.6,0,,0.0,21.0,0.0,0.0,0,,
2025-09-26 00:40:00-03:00,0,21,237,0,0,32.7,87.1,0.0,0,0,0,0,0,5.6,0,,0.0,21.0,0.0,0.0,0,,
2025-09-26 00:45:00-03:00,0,21,232,0,0,32.5,87.0,0.0,0,0,0,0,0,5.6,0,,0.0,21.0,0.0,0.0,0,,
2025-09-26 00:50:00-03:00,0,21,227,0,0,32.4,87.0,0.0,0,0,0,0,0,5.7,0,,0.0,21.0,0.0,0.0,0,,
2025-09-26 00:55:00-03:00,0,21,222,0,0,32.3,86.9,0.0,0,0,0,0,0,5.7,0,,0.0,21.0,0.0,0.0,0,,
2025-09-26 01:00:00-03:00,0,20,217,0,0,32.2,86.9,0.0,0,0,0,0,0,5.7,0,,0.0,20.0,0.0,0.0,0,,
2025-09-26 01:05:00-03:00,0,20,211,0,0,32.3,86.9,0.0,0,0,0,0,0,5.7,0,,0.0,20.0,0.0,0.0,0,,
2025-09-26 01:10:00-03:00,0,20,205,0,0,32.7,87.0,0.0,0,0,0,0,0,5.7,0,,0.0,20.0,0.0,0.0,0,,
2025-09-26 01:15:00-03:00,0,20,199,0,0,33.0,87.1,0.0,0,0,0,0,0,5.7,0,,0.0,20.0,0.0,0.0,0,,
2025-09-26 01:20:00-03:00,0,20,192,0,0,33.4,87.2,0.0,0,0,0,0,0,5.8,0,,0.0,20.0,0.0,0.0,0,,
2025-09-26 01:25:00-03:00,0,20,186,0,0,33.7,87.3,0.0,0,0,0,0,0,5.8,0,,0.0,20.0,0.0,0.0,0,,
2025-09-26 01:30:00-03:00,0,20,180,0,0,34.1,87.4,0.0,0,0,0,0,0,5.8,0,,0.0,20.0,0.0,0.0,0,,
2025-09-26 01:35:00-03:00,0,20,174,0,0,34.5,87.5,0.0,0,0,0,0,0,5.8,0,,0.0,20.0,0.0,0.0,0,,
2025-09-26 01:40:00-03:00,0,20,168,0,0,34.8,87.6,0.0,0,0,0,0,0,5.8,0,,0.0,20.0,0.0,0.0,0,,
2025-09-26 01:45:00-03:00,0,20,162,0,0,35.2,87.7,0.0,0,0,0,0,0,5.8,0,,0.0,20.0,0.0,0.0,0,,
2025-09-26 01:50:00-03:00,0,20,155,0,0,35.5,87.8,0.0,0,0,0,0,0,5.9,0,,0.0,20.0,0.0,0.0,0,,
2025-09-26 01:55:00-03:00,0,20,149,0,0,35.9,87.9,0.0,0,0,0,0,0,5.9,0,,0.0,20.0,0.0,0.0,0,,
2025-09-26 02:00:00-03:00,0,20,143,0,0,36.2,88.0,0.0,0,0,0,0,0,5.9,0,,0.0,20.0,0.0,0.0,0,,
2025-09-26 02:05:00-03:00,0,20,136,0,0,36.2,87.9,0.0,0,0,0,0,0,5.9,0,,0.0,20.0,0.0,0.0,0,,
2025-09-26 02:10:00-03:00,0,20,129,0,0,35.9,87.8,0.0,0,0,0,0,0,6.0,0,,0.0,20.0,0.0,0.0,0,,
2025-09-26 02:15:00-03:00,0,20,122,0,0,35.5,87.7,0.0,0,0,0,0,0,6.0,0,,0.0,20.0,0.0,0.0,0,,
2025-09-26 02:20:00-03:00,0,20,115,0,0,35.2,87.5,0.0,0,0,0,0,0,6.1,0,,0.0,20.0,0.0,0.0,0,,
2025-09-26 02:25:00-03:00,0,20,108,0,0,34.8,87.4,0.0,0,0,0,0,0,6.1,0,,0.0,20.0,0.0,0.0,0,,
2025-09-26 02:30:00-03:00,0,20,101,0,0,34.5,87.2,0.0,0,0,0,0,0,6.2,0,,0.0,20.0,0.0,0.0,0,,
2025-09-26 02:35:00-03:00,0,20,93,0,0,34.1,87.1,0.0,0,0,0,0,0,6.2,0,,0.0,20.0,0.0,0.0,0,,
2025-09-26 02:40:00-03:00,0,20,86,0,0,33.7,86.9,0.0,0,0,0,0,0,6.2,0,,0.0,20.0,0.0,0.0,0,,
2025-09-26 02:45:00-03:00,0,20,79,0,0,33.4,86.8,0.0,0,0,0,0,0,6.3,0,,0.0,20.0,0.0,0.0,0,,
2025-09-26 02:50:00-03:00,0,20,72,0,0,33.0,86.7,0.0,0,0,0,0,0,6.3,0,,0.0,20.0,0.0,0.0,0,,
2025-09-26 02:55:00-03:00,0,20,65,0,0,32.7,86.5,0.0,0,0,0,0,0,6.4,0,,0.0,20.0,0.0,0.0,0,,
2025-09-26 03:00:00-03:00,0,20,58,0,0,32.3,86.4,0.0,0,0,0,0,0,6.4,0,,0.0,20.0,0.0,0.0,0,,
2025-09-26 03:05:00-03:00,0,20,52,0,0,32.3,86.4,0.0,0,0,0,0,0,6.5,0,,0.0,20.0,0.0,0.0,0,,
2025-09-26 03:10:00-03:00,0,20,47,0,0,32.7,86.5,0.0,0,0,0,0,0,6.5,0,,0.0,20.0,0.0,0.0,0,,
2025-09-26 03:15:00-03:00,0,20,43,0,0,33.0,86.7,0.0,0,0,0,0,0,6.5,0,,0.0,20.0,0.0,0.0,0,,
2025-09-26 03:20:00-03:00,0,19,39,0,0,33.4,86.8,0.0,0,0,0,0,0,6.6,0,,0.0,19.0,0.0,0.0,0,,
2025-09-26 03:25:00-03:00,0,19,34,0,0,33.7,86.9,0.0,0,0,0,0,0,6.6,0,,0.0,19.0,0.0,0.0,0,,
2025-09-26 03:30:00-03:00,0,19,30,0,0,34.1,87.1,0.0,0,0,0,0,0,6.6,0,,0.0,19.0,0.0,0.0,0,,
2025-09-26 03:35:00-03:00,0,19,25,0,0,34.5,87.2,0.0,0,0,0,0,0,6.6,0,,0.0,19.0,0.0,0.0,0,,
2025-09-26 03:40:00-03:00,0,19,21,0,0,34.8,87.4,0.0,0,0,0,0,0,6.7,0,,0.0,19.0,0.0,0.0,0,,
2025-09-26 03:45:00-03:00,0,19,16,0,0,35.2,87.5,0.0,0,0,0,0,0,6.7,0,,0.0,19.0,0.0,0.0,0,,
2025-09-26 03:50:00-03:00,0,19,12,0,0,35.5,87.7,0.0,0,0,0,0,0,6.7,0,,0.0,19.0,0.0,0.0,0,,
2025-09-26 03:55:00-03:00,0,19,8,0,0,35.9,87.8,0.0,0,0,0,0,0,6.8,0,,0.0,19.0,0.0,0.0,0,,
2025-09-26 04:00:00-03:00,0,19,3,0,0,36.2,87.9,0.0,0,0,0,0,0,6.8,0,,0.0,19.0,0.0,0.0,0,,
2025-09-26 04:05:00-03:00,0,19,1,0,0,36.6,88.1,0.0,0,0,0,0,0,6.8,0,,0.0,19.0,0.0,0.0,0,,
2025-09-26 04:10:00-03:00,0,19,1,0,0,37.1,88.2,0.0,0,0,0,0,0,6.8,0,,0.0,19.0,0.0,0.0,0,,
2025-09-26 04:15:00-03:00,0,19,1,0,0,37.6,88.3,0.0,0,0,0,0,0,6.8,0,,0.0,19.0,0.0,0.0,0,,
2025-09-26 04:20:00-03:00,0,19,1,0,0,38.0,88.5,0.0,0,0,0,0,0,6.8,0,,0.0,19.0,0.0,0.0,0,,
2025-09-26 04:25:00-03:00,0,19,1,0,0,38.5,88.6,0.0,0,0,0,0,0,6.7,0,,0.0,19.0,0.0,0.0,0,,
2025-09-26 04:30:00-03:00,0,19,1,0,0,38.9,88.7,0.0,0,0,0,0,0,6.7,0,,0.0,19.0,0.0,0.0,0,,
2025-09-26 04:35:00-03:00,0,19,0,0,0,39.4,88.9,0.0,0,0,0,0,0,6.7,0,,0.0,19.0,0.0,0.0,0,,
2025-09-26 04:40:00-03:00,0,19,0,0,0,39.8,89.0,0.0,0,0,0,0,0,6.7,0,,0.0,19.0,0.0,0.0,0,,
2025-09-26 04:45:00-03:00,0,18,0,0,0,40.3,89.1,0.0,0,0,0,0,0,6.7,0,,0.0,18.0,0.0,0.0,0,,
2025-09-26 04:50:00-03:00,0,18,0,0,0,40.8,89.3,0.0,0,0,0,0,0,6.7,0,,0.0,18.0,0.0,0.0,0,,
2025-09-26 04:55:00-03:00,0,18,0,0,0,41.2,89.4,0.0,0,0,0,0,0,6.6,0,,0.0,18.0,0.0,0.0,0,,
2025-09-26 05:00:00-03:00,0,18,0,0,0,41.6,89.5,0.0,0,0,0,0,0,6.6,0,,0.0,18.0,0.0,0.0,0,,
2025-09-26 05:05:00-03:00,0,18,0,0,0,42.1,89.7,0.0,0,0,0,0,0,6.6,0,,0.0,18.0,0.0,0.0,0,,
2025-09-26 05:10:00-03:00,0,18,0,0,0,42.7,89.9,0.0,0,0,0,0,0,6.7,0,,0.0,18.0,0.0,0.0,0,,
2025-09-26 05:15:00-03:00,0,18,0,0,0,43.3,90.1,0.0,0,0,0,0,0,6.7,0,,0.0,18.0,0.0,0.0,0,,
2025-09-26 05:20:00-03:00,0,18,0,0,0,43.8,90.3,0.0,0,0,0,0,0,6.7,0,,0.0,18.0,0.0,0.0,0,,
2025-09-26 05:25:00-03:00,0,18,0,0,0,44.3,90.5,0.0,0,0,0,0,0,6.7,0,,0.0,18.0,0.0,0.0,0,,
2025-09-26 05:30:00-03:00,0,18,0,0,0,44.9,90.7,0.0,0,0,0,0,0,6.7,0,,0.0,18.0,0.0,0.0,0,,
2025-09-26 05:35:00-03:00,0,18,0,0,0,45.4,90.9,0.0,0,0,0,0,0,6.8,0,,0.0,18.0,0.0,0.0,0,,
2025-09-26 05:40:00-03:00,0,18,0,0,0,46.0,91.0,0.0,0,0,0,0,0,6.8,0,,0.0,18.0,0.0,0.0,0,,
2025-09-26 05:45:00-03:00,0,18,0,0,0,46.5,91.2,0.0,0,0,0,0,0,6.8,0,,1.4433756735099932,18.0,0.0,0.0,0,,
2025-09-26 05:50:00-03:00,0,18,0,0,0,47.0,91.4,0.0,0,0,0,0,0,6.8,0,,3.629633924486918,18.0,0.0,0.0,0,,
2025-09-26 05:55:00-03:00,0,18,0,0,0,47.6,91.6,0.0,0,0,0,0,0,6.9,0,,6.19383858081361,18.0,0.0,0.0,0,,
2025-09-26 06:00:00-03:00,0,17,0,0,0,48.1,91.8,0.0,0,0,0,0,0,6.9,0,,9.186205072710667,17.0,0.0,0.0,0,,
2025-09-26 06:05:00-03:00,0,17,0,0,0,48.3,91.8,0.0,0,0,0,0,0,6.9,0,,12.570709099897634,17.0,0.0,0.0,0,,
2025-09-26 06:10:00-03:00,5,17,0,10,9,48.2,91.8,0.0,1,10,5,1,9,6.9,0,0.5555555555555556,16.101947934154957,17.15625,0.0,5.0,0,44.44444444444444,21.42222222222222
2025-09-26 06:15:00-03:00,12,17,0,23,19,48.1,91.8,0.0,2,23,12,2,19,6.9,1,0.631578947368421,20.140980386033483,17.375,0.0,12.0,0,36.84210526315789,17.721052631578946
2025-09-26 06:20:00-03:00,19,17,1,37,31,48.0,91.7,0.0,3,37,19,3,31,6.8,1,0.6129032258064516,24.688360648626045,17.59375,0.0,19.0,0,38.70967741935484,18.58064516129032
2025-09-26 06:25:00-03:00,27,17,1,53,51,47.9,91.7,0.0,4,53,27,4,51,6.8,1,0.5294117647058824,29.6937652878706,17.84375,0.0,27.0,0,47.05882352941176,22.541176470588233
2025-09-26 06:30:00-03:00,36,17,1,70,70,47.8,91.7,0.0,6,70,36,6,70,6.8,1,0.5142857142857142,34.89062998295509,18.125,0.0,36.0,0,48.57142857142857,23.217142857142854
2025-09-26 06:35:00-03:00,46,17,1,88,88,47.7,91.6,0.0,7,88,45,7,88,6.8,1,0.5113636363636364,40.02300474842313,18.40625,0.0,45.0,0,48.86363636363637,23.30795454545455
2025-09-26 06:40:00-03:00,58,17,1,107,108,45.7,91.0,0.0,10,107,57,9,108,6.8,1,0.5277777777777778,44.983751275201946,18.78125,0.0,57.0,0,47.22222222222222,21.580555555555556
2025-09-26 06:45:00-03:00,72,17,1,126,128,43.0,90.1,0.0,12,126,71,12,128,6.8,1,0.5546875,49.749295716057496,19.21875,0.0,71.0,0,44.53125,19.1484375
2025-09-26 06:50:00-03:00,87,17,2,146,149,40.3,89.3,0.0,16,146,87,15,149,6.7,1,0.5838926174496645,53.81674854767512,19.71875,0.0,87.0,0,41.61073825503356,16.769127516778525
2025-09-26 06:55:00-03:00,104,17,2,167,170,37.6,88.4,0.0,19,167,104,19,170,6.7,1,0.611764705882353,57.2196061969545,20.25,0.0,104.0,0,38.82352941176471,14.597647058823531
2025-09-26 07:00:00-03:00,122,17,2,188,192,34.8,87.5,0.0,23,188,122,23,192,6.7,1,0.6354166666666666,60.051997670715295,20.8125,0.0,122.0,0,36.45833333333333,12.687499999999998
2025-09-26 07:05:00-03:00,142,18,2,209,214,32.2,86.6,0.0,28,209,142,27,214,6.7,1,0.6635514018691588,62.239274358947924,22.4375,0.0,142.0,0,33.64485981308411,10.833644859813084
2025-09-26 07:10:00-03:00,160,18,2,230,236,30.5,85.9,0.0,32,230,161,32,236,6.8,1,0.6822033898305084,63.57166082939099,23.03125,0.0,161.0,0,31.779661016949152,9.692796610169491
2025-09-26 07:15:00-03:00,176,18,2,251,258,29.9,85.4,0.0,37,251,177,36,258,6.8,1,0.686046511627907,64.27757043173824,23.53125,0.0,177.0,0,31.3953488372093,9.38720930232558
2025-09-26 07:20:00-03:00,193,18,2,273,280,29.2,84.8,0.0,41,273,194,41,280,6.9,1,0.6928571428571428,64.65479428660629,24.0625,0.0,194.0,0,30.714285714285715,8.96857142857143
2025-09-26 07:25:00-03:00,210,18,2,294,303,28.6,84.2,0.0,46,294,212,46,303,7.0,1,0.6996699669966997,64.75595210738724,24.625,0.0,212.0,0,30.033003300330037,8.589438943894391
2025-09-26 07:30:00-03:00,227,18,2,316,325,28.0,83.7,0.0,52,316,230,51,325,7.0,1,0.7076923076923077,64.55347794776324,25.1875,0.07500000000000001,229.8275,0,29.230769230769234,8.184615384615386
2025-09-26 07:35:00-03:00,245,18,2,337,348,27.4,83.1,0.0,57,337,248,56,348,7.1,1,0.7126436781609196,64.21194781678115,25.75,0.30000000000000004,247.256,0,28.735632183908045,7.873563218390803
2025-09-26 07:40:00-03:00,263,18,2,359,370,26.8,82.5,0.0,63,359,266,62,370,7.1,1,0.7189189189189189,64.22451151070442,26.3125,0.525,264.6035,0,28.10810810810811,7.532972972972973
2025-09-26 07:45:00-03:00,281,18,2,380,392,26.1,82.0,0.0,69,380,285,67,392,7.2,1,0.7270408163265306,64.47409627834857,26.90625,0.7625000000000001,282.82687500000003,0,27.29591836734694,7.124234693877551
2025-09-26 07:50:00-03:00,299,18,2,401,414,25.6,81.4,0.0,74,401,303,73,414,7.3,1,0.7318840579710145,64.63809506269463,27.46875,0.9875,300.007875,0,26.811594202898554,6.86376811594203
2025-09-26 07:55:00-03:00,315,19,2,422,436,25.3,81.2,0.0,79,422,320,78,436,7.3,1,0.7339449541284404,64.66340588467806,29.0,1.6,314.88,0,26.605504587155966,6.73119266055046
2025-09-26 08:00:00-03:00,332,19,2,443,458,25.1,80.9,0.0,84,443,337,83,458,7.4,1,0.7358078602620087,64.6887068032689,29.53125,1.8125,330.891875,0,26.419213973799128,6.631222707423582
2025-09-26 08:05:00-03:00,349,19,2,464,480,24.7,80.6,0.0,90,464,355,89,480,7.4,1,0.7395833333333334,64.85368146836727,30.09375,2.0375,347.76687499999997,0,26.041666666666668,6.432291666666666
2025-09-26 08:10:00-03:00,367,19,2,485,501,24.3,80.1,0.0,96,485,373,95,501,7.4,1,0.7445109780439122,64.85368146836684,30.65625,2.2625,364.560875,0,25.54890219560878,6.208383233532934
2025-09-26 08:15:00-03:00,385,19,2,505,522,23.8,79.6,0.0,103,505,392,101,522,7.4,1,0.7509578544061303,64.57811806899971,31.25,2.5,382.2,0,24.904214559386972,5.9272030651340994
2025-09-26 08:20:00-03:00,402,19,1,525,543,23.4,79.1,0.0,110,525,410,108,543,7.4,1,0.7550644567219152,64.2430871177944,31.8125,2.725,398.8275,0,24.49355432780847,5.731491712707181
2025-09-26 08:25:00-03:00,420,19,1,545,564,23.0,78.7,0.0,116,545,428,114,564,7.4,1,0.7588652482269503,63.62693111911487,32.375,2.95,415.374,0,24.113475177304963,5.546099290780141
2025-09-26 08:30:00-03:00,438,20,1,565,585,22.5,78.2,0.0,123,565,447,121,585,7.4,1,0.764102564102564,62.77086759143918,33.96875,3.5875000000000004,430.96387500000003,0,23.589743589743588,5.3076923076923075
2025-09-26 08:35:00-03:00,454,20,1,585,605,22.3,77.6,0.0,131,585,464,129,605,7.4,1,0.7669421487603306,61.55922253235495,34.5,3.8000000000000003,446.368,0,23.305785123966942,5.197190082644628
2025-09-26 08:40:00-03:00,470,20,1,604,625,22.2,76.9,0.0,139,604,480,137,625,7.4,1,0.768,59.93803618586657,35.0,4.0,460.79999999999995,0,23.200000000000003,5.150400000000001
2025-09-26 08:45:00-03:00,485,20,1,623,645,22.1,76.3,0.0,148,623,496,145,645,7.4,1,0.7689922480620155,57.8924682388642,35.5,4.2,475.168,0,23.10077519379845,5.105271317829458
2025-09-26 08:50:00-03:00,501,20,0,641,664,22.0,75.6,0.0,156,641,511,154,664,7.4,1,0.7695783132530121,55.73557701732818,35.96875,4.3875,488.579875,0,23.042168674698797,5.069277108433735
2025-09-26 08:55:00-03:00,515,21,0,660,683,21.9,75.0,0.0,165,660,527,162,683,7.4,1,0.7715959004392386,53.462745454335625,37.46875,4.987500000000001,500.715875,0,22.840409956076137,5.002049780380673
2025-09-26 09:00:00-03:00,530,21,0,678,702,21.8,74.3,0.0,174,678,542,171,702,7.4,1,0.7720797720797721,51.092533404567654,37.9375,5.175000000000001,513.9515,0,22.79202279202279,4.968660968660969
2025-09-26 09:05:00-03:00,543,21,0,695,720,21.9,73.7,0.0,183,695,555,180,720,7.4,1,0.7708333333333334,48.981366277637626,38.34375,5.3375,525.376875,0,22.916666666666664,5.01875
2025-09-26 09:10:00-03:00,555,21,1,713,739,22.2,73.2,0.0,191,713,567,188,739,7.4,1,0.7672530446549392,46.985732844225275,38.71875,5.487500000000001,535.8858749999999,0,23.27469553450609,5.166982408660353
2025-09-26 09:15:00-03:00,566,21,2,730,756,22.4,72.8,0.0,199,730,579,195,756,7.3,1,0.7658730158730159,45.08544077301178,39.09375,5.6375,546.358875,0,23.41269841269841,5.244444444444444
2025-09-26 09:20:00-03:00,578,21,2,746,773,22.6,72.7,0.0,204,746,591,200,773,7.3,1,0.7645536869340233,43.284383775071,39.46875,5.7875000000000005,556.795875,0,23.544631306597672,5.321086675291074
2025-09-26 09:25:00-03:00,589,21,3,762,790,22.8,72.6,0.0,209,762,602,205,790,7.3,1,0.7620253164556962,41.43011640647738,39.8125,5.925000000000001,566.3315,0,23.79746835443038,5.425822784810126
2025-09-26 09:30:00-03:00,600,22,4,778,807,22.9,72.5,0.0,214,778,613,210,807,7.3,1,0.7596034696406444,39.98967669816717,41.15625,6.4625,573.384875,0,24.03965303593556,5.5050805452292435
2025-09-26 09:35:00-03:00,610,22,4,794,823,23.1,72.5,0.0,219,794,624,215,823,7.2,1,0.7582017010935601,38.68785339095034,41.5,6.6000000000000005,582.8159999999999,0,24.179829890643987,5.585540704738761
2025-09-26 09:40:00-03:00,621,22,5,809,839,23.2,72.4,0.0,223,809,635,220,839,7.2,1,0.7568533969010727,37.48484542269422,41.84375,6.737500000000001,592.2168750000001,0,24.31466030989273,5.641001191895113
2025-09-26 09:45:00-03:00,631,22,6,823,854,23.4,72.3,0.0,228,823,645,224,854,7.2,1,0.7552693208430913,36.18000033501996,42.15625,6.862500000000001,600.7368749999999,0,24.473067915690866,5.7266978922716625
2025-09-26 09:50:00-03:00,640,22,6,837,868,23.6,72.2,0.0,233,837,654,229,868,7.2,1,0.7534562211981567,34.871517421418936,42.4375,6.9750000000000005,608.3835,0,24.65437788018433,5.8184331797235025
2025-09-26 09:55:00-03:00,649,22,7,851,883,23.8,72.1,0.0,237,851,664,233,883,7.1,1,0.7519818799546999,33.53243567687588,42.75,7.1000000000000005,616.856,0,24.80181200453001,5.902831257078143
2025-09-26 10:00:00-03:00,658,22,8,864,897,23.9,72.0,0.0,242,864,672,238,897,7.1,1,0.7491638795986622,32.11095819752487,43.0,7.2,623.616,0,25.08361204013378,5.994983277591973
2025-09-26 10:05:00-03:00,666,23,10,877,910,24.1,72.0,0.0,246,877,681,242,910,7.1,1,0.7483516483516484,30.57764582570013,44.28125,7.7125,628.477875,0,25.164835164835164,6.064725274725276
2025-09-26 10:10:00-03:00,674,23,15,890,923,24.2,72.0,0.0,249,890,689,245,923,7.0,1,0.7464788732394366,29.05585008637566,44.53125,7.8125,635.171875,0,25.352112676056336,6.135211267605634
2025-09-26 10:15:00-03:00,682,23,19,902,935,24.4,72.0,0.0,252,902,697,248,935,7.0,1,0.7454545454545455,27.67506261797042,44.78125,7.9125000000000005,641.849875,0,25.454545454545453,6.21090909090909
2025-09-26 10:20:00-03:00,689,23,23,913,947,24.6,72.0,0.0,256,913,704,251,947,7.0,1,0.7434002111932418,26.262515054144593,45.0,8.0,647.6800000000001,0,25.659978880675823,6.312354804646253
2025-09-26 10:25:00-03:00,695,23,28,924,959,24.8,72.0,0.0,259,924,711,254,959,6.9,1,0.7413972888425443,24.63721624376183,45.21875,8.0875,653.497875,0,25.86027111574557,6.413347236704901
2025-09-26 10:30:00-03:00,702,23,32,935,970,24.9,72.0,0.0,262,935,717,257,970,6.9,1,0.7391752577319588,23.224203675542412,45.40625,8.1625,658.474875,0,26.082474226804127,6.4945360824742275
2025-09-26 10:35:00-03:00,708,24,37,945,980,25.1,72.0,0.0,265,945,723,260,980,6.8,1,0.7377551020408163,21.66742422916712,46.59375,8.637500000000001,660.550875,0,26.224489795918366,6.582346938775511
2025-09-26 10:40:00-03:00,713,24,41,954,990,25.2,72.0,0.0,267,954,729,263,990,6.8,1,0.7363636363636363,20.011171122560043,46.78125,8.7125,665.485875,0,26.36363636363636,6.643636363636363
2025-09-26 10:45:00-03:00,718,24,46,963,999,25.4,72.0,0.0,270,963,734,265,999,6.8,1,0.7347347347347347,18.356734376492305,46.9375,8.775,669.5915,0,26.526526526526528,6.737737737737738
2025-09-26 10:50:00-03:00,723,24,50,971,1008,25.6,72.0,0.0,272,971,738,268,1008,6.7,1,0.7321428571428571,16.609599269042373,47.0625,8.825000000000001,672.8715,0,26.785714285714285,6.857142857142858
2025-09-26 10:55:00-03:00,727,24,54,979,1016,25.8,72.0,0.0,274,979,743,270,1016,6.7,1,0.7312992125984252,14.74942217664235,47.21875,8.887500000000001,676.965875,0,26.87007874015748,6.932480314960631
2025-09-26 11:00:00-03:00,731,24,59,987,1024,25.9,72.0,0.0,276,987,747,272,1024,6.6,1,0.7294921875,12.918157294217837,47.34375,8.9375,680.236875,0,27.05078125,7.00615234375
2025-09-26 11:05:00-03:00,734,25,64,994,1031,26.1,72.0,0.0,279,994,749,274,1031,6.6,1,0.7264791464597479,10.965510669448207,48.40625,9.3625,678.874875,0,27.352085354025217,7.138894277400582
2025-09-26 11:10:00-03:00,736,25,70,1000,1038,26.4,71.9,0.0,281,1000,752,277,1038,6.5,1,0.7244701348747592,9.025217197048372,48.5,9.4,681.312,0,27.552986512524086,7.2739884393063585
2025-09-26 11:15:00-03:00,738,25,77,1006,1044,26.6,71.8,0.0,284,1006,753,279,1044,6.5,1,0.7212643678160919,7.259267848503531,48.53125,9.4125,682.123875,0,27.873563218390807,7.414367816091954
2025-09-26 11:20:00-03:00,739,25,83,1011,1049,26.9,71.7,0.0,286,1011,754,281,1049,6.4,1,0.7187797902764538,5.556868531658061,48.5625,9.425,682.9355,0,28.122020972354623,7.564823641563392
2025-09-26 11:25:00-03:00,740,25,90,1016,1054,27.1,71.6,0.0,288,1016,755,283,1054,6.4,1,0.7163187855787476,3.8247598458110743,48.59375,9.4375,683.746875,0,28.368121442125236,7.687760910815939
2025-09-26 11:30:00-03:00,741,25,96,1020,1058,27.4,71.5,0.0,290,1020,755,285,1058,6.4,1,0.7136105860113422,2.598076211226176,48.59375,9.4375,683.746875,0,28.638941398865786,7.847069943289225
2025-09-26 11:35:00-03:00,741,25,102,1024,1062,27.6,71.5,0.0,292,1024,755,287,1062,6.3,1,0.7109227871939736,2.234373344310036,48.59375,9.4375,683.746875,0,28.907721280602637,7.978531073446328
2025-09-26 11:40:00-03:00,741,26,108,1027,1066,27.9,71.4,0.0,294,1027,755,289,1066,6.3,1,0.7082551594746717,2.234373344310036,49.59375,9.8375,680.7268750000001,0,29.174484052532833,8.13968105065666
2025-09-26 11:45:00-03:00,740,26,115,1029,1068,28.1,71.3,0.0,296,1029,754,291,1068,6.2,1,0.7059925093632958,2.289634084687635,49.5625,9.825000000000001,679.9195000000001,0,29.40074906367041,8.261610486891387
2025-09-26 11:50:00-03:00,739,26,121,1032,1071,28.4,71.2,0.0,297,1032,753,292,1071,6.2,1,0.7030812324929971,2.301185465101383,49.53125,9.8125,679.1118749999999,0,29.69187675070028,8.43249299719888
2025-09-26 11:55:00-03:00,737,26,128,1033,1072,28.6,71.1,0.0,298,1033,751,293,1072,6.1,1,0.7005597014925373,2.2696949466513474,49.46875,9.787500000000001,677.495875,0,29.94402985074627,8.563992537313434
2025-09-26 12:00:00-03:00,735,26,134,1034,1073,28.9,71.0,0.0,299,1034,749,294,1073,6.1,1,0.6980428704566636,2.1933093853685475,49.40625,9.762500000000001,675.878875,0,30.195712954333644,8.726561043802423
2025-09-26 12:05:00-03:00,735,26,141,1035,1074,28.9,70.8,0.0,302,1035,749,297,1074,6.0,1,0.6973929236499069,2.11057941188796,49.40625,9.762500000000001,675.878875,0,30.26070763500931,8.74534450651769
2025-09-26 12:10:00-03:00,737,26,150,1034,1074,28.7,70.5,0.0,305,1034,751,300,1074,6.0,1,0.6992551210428305,2.020725942000394,49.46875,9.787500000000001,677.495875,0,30.074487895716945,8.631378026070763
2025-09-26 12:15:00-03:00,738,26,159,1034,1073,28.6,70.2,0.0,308,1034,752,303,1073,5.9,1,0.700838769804287,1.8647446813473125,49.5,9.8,678.304,0,29.916123019571295,8.556011183597391
2025-09-26 12:20:00-03:00,739,26,168,1033,1072,28.4,69.8,0.0,312,1033,753,306,1072,5.9,1,0.7024253731343284,1.7816403743693923,49.53125,9.8125,679.1118749999999,0,29.757462686567166,8.451119402985075
2025-09-26 12:25:00-03:00,740,27,177,1031,1070,28.2,69.5,0.0,314,1031,754,309,1070,5.8,1,0.7046728971962617,1.7816403743694782,50.5625,10.225000000000001,676.9035,0,29.53271028037383,8.32822429906542
2025-09-26 12:30:00-03:00,740,27,186,1029,1067,28.1,69.2,0.0,317,1029,754,312,1067,5.7,1,0.7066541705716963,1.9598237395874076,50.5625,10.225000000000001,676.9035,0,29.334582942830366,8.243017806935335
2025-09-26 12:35:00-03:00,739,27,195,1026,1064,27.9,68.8,0.0,320,1026,754,314,1064,5.7,1,0.7086466165413534,2.4679767199572233,50.5625,10.225000000000001,676.9035,0,29.135338345864664,8.128759398496241
2025-09-26 12:40:00-03:00,739,27,204,1022,1061,27.8,68.5,0.0,322,1022,753,317,1061,5.6,1,0.7097078228086711,3.232177237762816,50.53125,10.2125,676.099875,0,29.029217719132895,8.070122525918945
2025-09-26 12:45:00-03:00,738,27,213,1018,1057,27.6,68.2,0.0,324,1018,752,319,1057,5.6,1,0.7114474929044465,4.549392233728983,50.5,10.200000000000001,675.296,0,28.855250709555346,7.964049195837276
2025-09-26 12:50:00-03:00,736,27,222,1014,1052,27.4,67.8,0.0,326,1014,751,321,1052,5.5,1,0.7138783269961977,5.8691540869460574,50.46875,10.1875,674.491875,0,28.612167300380225,7.839733840304182
2025-09-26 12:55:00-03:00,734,27,231,1009,1047,27.3,67.5,0.0,328,1009,749,322,1047,5.5,1,0.7153772683858644,7.275425635738913,50.40625,10.162500000000001,672.8828749999999,0,28.462273161413563,7.770200573065903
2025-09-26 13:00:00-03:00,732,27,240,1003,1041,27.1,67.2,0.0,329,1003,746,324,1041,5.4,1,0.7166186359269933,8.795229423125544,50.3125,10.125,670.4675,0,28.338136407300674,7.679634966378483
2025-09-26 13:05:00-03:00,729,27,247,997,1035,26.9,66.8,0.0,332,997,744,326,1035,5.4,1,0.7188405797101449,10.352865216024762,50.25,10.100000000000001,668.856,0,28.115942028985508,7.563188405797101
2025-09-26 13:10:00-03:00,726,27,254,991,1028,26.8,66.2,0.0,334,991,740,329,1028,5.3,1,0.7198443579766537,11.828317332082923,50.125,10.05,665.63,0,28.01556420233463,7.508171206225682
2025-09-26 13:15:00-03:00,722,27,261,984,1020,26.6,65.8,0.0,337,984,737,331,1020,5.3,1,0.7225490196078431,13.392388159153283,50.03125,10.012500000000001,663.207875,0,27.745098039215687,7.380196078431373
2025-09-26 13:20:00-03:00,718,27,268,976,1012,26.4,65.2,0.0,339,976,733,333,1012,5.3,1,0.724308300395257,14.918719174833916,49.90625,9.9625,659.974875,0,27.56916996047431,7.278260869565218
2025-09-26 13:25:00-03:00,714,28,275,968,1004,26.2,64.8,0.0,341,968,728,335,1004,5.2,1,0.7250996015936255,16.29277586705004,50.75,10.3,653.016,0,27.490039840637447,7.2023904382470105
2025-09-26 13:30:00-03:00,709,28,282,959,995,26.1,64.2,0.0,343,959,723,337,995,5.2,1,0.7266331658291457,17.69094957793638,50.59375,10.2375,648.982875,0,27.33668341708543,7.134874371859297
2025-09-26 13:35:00-03:00,704,28,288,950,985,25.9,63.7,0.0,344,950,718,339,985,5.1,1,0.7289340101522843,19.27846183979648,50.4375,10.175,644.9435,0,27.106598984771573,7.020609137055837
2025-09-26 13:40:00-03:00,698,28,295,940,975,25.8,63.2,0.0,345,940,712,340,975,5.1,1,0.7302564102564103,20.63150723792368,50.25,10.100000000000001,640.088,0,26.974358974358974,6.959384615384615
2025-09-26 13:45:00-03:00,692,28,302,930,964,25.6,62.7,0.0,346,930,706,341,964,5.1,1,0.7323651452282157,21.921347005712715,50.0625,10.025,635.2235000000001,0,26.763485477178424,6.851452282157677
2025-09-26 13:50:00-03:00,685,28,309,919,953,25.4,62.3,0.0,347,919,700,341,953,5.0,1,0.7345225603357818,23.092042444137522,49.875,9.950000000000001,630.35,0,26.547743966421827,6.743126967471144
2025-09-26 13:55:00-03:00,679,28,316,908,941,25.2,61.8,0.0,347,908,693,342,941,5.0,1,0.7364505844845909,24.31656749101092,49.65625,9.8625,624.652875,0,26.35494155154091,6.64144527098831
2025-09-26 14:00:00-03:00,671,28,323,896,929,25.1,61.3,0.0,347,896,685,342,929,5.0,1,0.7373519913885899,25.46462192329614,49.40625,9.762500000000001,618.1268749999999,0,26.264800861141012,6.592465016146394
2025-09-26 14:05:00-03:00,664,28,327,884,917,24.9,60.8,0.0,347,884,678,341,917,4.9,1,0.7393675027262814,26.615528618380264,49.1875,9.675,612.4035,0,26.06324972737186,6.489749182115593
2025-09-26 14:10:00-03:00,657,28,329,871,903,24.6,60.4,0.0,345,871,671,340,903,4.9,1,0.743078626799557,27.818676961319607,48.96875,9.5875,606.667875,0,25.692137320044296,6.320265780730897
2025-09-26 14:15:00-03:00,649,28,331,858,890,24.4,60.0,0.0,344,858,663,338,890,4.8,1,0.744943820224719,29.095844751745215,48.71875,9.4875,600.0978749999999,0,25.50561797752809,6.2233707865168535
2025-09-26 14:20:00-03:00,641,28,334,844,875,24.1,59.5,0.0,342,844,654,336,875,4.8,1,0.7474285714285714,30.344986106730587,48.4375,9.375,592.6875,0,25.257142857142856,6.086971428571429
2025-09-26 14:25:00-03:00,632,28,336,830,861,23.9,59.1,0.0,339,830,646,334,861,4.7,1,0.7502903600464577,31.61654725939511,48.1875,9.275,586.0835,0,24.97096399535424,5.968060394889663
2025-09-26 14:30:00-03:00,623,28,338,816,846,23.6,58.7,0.0,337,816,637,332,846,4.7,1,0.7529550827423168,32.934738038983824,47.90625,9.1625,578.6348750000001,0,24.70449172576832,5.830260047281325
2025-09-26 14:35:00-03:00,614,28,340,801,830,23.4,58.3,0.0,334,801,627,329,830,4.6,1,0.755421686746988,34.34704786396102,47.59375,9.0375,570.334875,0,24.457831325301203,5.723132530120481
2025-09-26 14:40:00-03:00,604,28,342,786,814,23.1,57.9,0.0,331,786,617,326,814,4.6,1,0.757985257985258,35.62940562869514,47.28125,8.9125,562.009875,0,24.201474201474202,5.590540540540541
2025-09-26 14:45:00-03:00,594,28,344,770,798,22.9,57.5,0.0,328,770,607,323,798,4.6,1,0.7606516290726817,36.545944516534554,46.96875,8.7875,553.6598749999999,0,23.93483709273183,5.481077694235588
2025-09-26 14:50:00-03:00,583,28,347,754,781,22.6,57.0,0.0,324,754,596,319,781,4.5,1,0.7631241997439181,37.187078237989645,46.625,8.65,544.446,0,23.687580025608195,5.353393085787452
2025-09-26 14:55:00-03:00,572,28,349,737,764,22.4,56.6,0.0,320,737,585,316,764,4.5,1,0.7657068062827225,37.80331875762362,46.28125,8.512500000000001,535.201875,0,23.42931937172775,5.248167539267016
2025-09-26 15:00:00-03:00,561,28,351,721,746,22.1,56.4,0.0,314,721,574,310,746,4.4,1,0.7694369973190348,38.18961861156212,45.9375,8.375,525.9275,0,23.056300268096514,5.09544235924933
2025-09-26 15:05:00-03:00,551,28,346,703,728,21.6,56.5,0.0,306,703,563,302,728,4.4,1,0.7733516483516484,38.42820933542037,45.59375,8.2375,516.622875,0,22.664835164835164,4.895604395604396
2025-09-26 15:10:00-03:00,541,28,335,686,710,21.1,56.7,0.0,297,686,553,293,710,4.4,1,0.7788732394366197,38.77000949655892,45.28125,8.1125,508.137875,0,22.112676056338028,4.665774647887324
2025-09-26 15:15:00-03:00,531,28,324,668,691,20.5,56.9,0.0,288,668,543,284,691,4.4,1,0.7858176555716353,39.16476462176732,44.96875,7.987500000000001,499.62787499999996,0,21.41823444283647,4.3907380607814765
2025-09-26 15:20:00-03:00,520,28,313,650,672,19.9,57.1,0.0,278,650,532,274,672,4.4,1,0.7916666666666666,39.85076327164889,44.625,7.8500000000000005,490.238,0,20.833333333333336,4.145833333333334
2025-09-26 15:25:00-03:00,510,28,302,631,653,19.3,57.3,0.0,269,631,521,265,653,4.4,1,0.7978560490045942,41.18573966210679,44.28125,7.7125,480.817875,0,20.21439509954058,3.901378254211332
2025-09-26 15:30:00-03:00,498,28,291,612,633,18.6,57.5,0.0,260,612,510,256,633,4.4,1,0.8056872037914692,42.872874096951314,43.9375,7.575,471.3675,0,19.431279620853083,3.614218009478674
2025-09-26 15:35:00-03:00,487,28,280,593,613,17.9,57.7,0.0,251,593,498,247,613,4.4,1,0.8123980424143556,44.942387362243096,43.5625,7.425000000000001,461.02349999999996,0,18.76019575856444,3.3580750407830346
2025-09-26 15:40:00-03:00,475,28,269,574,593,17.2,57.9,0.0,241,574,486,237,593,4.4,1,0.8195615514333895,47.24565075381293,43.1875,7.275,450.6435,0,18.043844856661046,3.1035413153457
2025-09-26 15:45:00-03:00,461,28,258,554,572,16.8,58.0,0.0,232,554,472,229,572,4.4,1,0.8251748251748252,49.353011022322335,42.75,7.1000000000000005,438.488,0,17.482517482517483,2.937062937062937
2025-09-26 15:50:00-03:00,446,27,247,534,551,16.4,58.1,0.0,223,534,456,220,551,4.4,1,0.8275862068965517,51.30272601889196,41.25,6.5,426.36,0,17.24137931034483,2.8275862068965516
2025-09-26 15:55:00-03:00,431,27,236,513,530,16.1,58.2,0.0,214,513,441,211,530,4.4,1,0.8320754716981132,53.248061566651266,40.78125,6.3125,413.161875,0,16.79245283018868,2.7035849056603776
2025-09-26 16:00:00-03:00,416,27,225,493,509,15.7,58.3,0.0,205,493,425,202,509,4.4,1,0.8349705304518664,55.04350896143639,40.28125,6.112500000000001,399.021875,0,16.50294695481336,2.5909626719056975
2025-09-26 16:05:00-03:00,400,27,216,472,487,15.2,58.4,0.0,196,472,409,193,487,4.3,1,0.839835728952772,56.690280284963805,39.78125,5.9125000000000005,384.817875,0,16.01642710472279,2.434496919917864
2025-09-26 16:10:00-03:00,385,27,211,451,466,14.7,58.5,0.0,187,451,394,184,466,4.3,1,0.8454935622317596,58.16903268609742,39.3125,5.7250000000000005,371.4435,0,15.450643776824036,2.271244635193133
2025-09-26 16:15:00-03:00,369,27,205,430,444,14.2,58.6,0.0,178,430,378,175,444,4.3,1,0.8513513513513513,59.33163089147609,38.8125,5.525,357.1155,0,14.864864864864865,2.110810810810811
2025-09-26 16:20:00-03:00,353,27,200,409,422,13.7,58.7,0.0,169,409,361,166,422,4.2,1,0.8554502369668247,60.48810301258067,38.28125,5.3125,341.82187500000003,0,14.454976303317535,1.9803317535545022
2025-09-26 16:25:00-03:00,336,27,194,388,399,13.3,59.0,0.0,159,388,344,156,399,4.2,1,0.8621553884711779,61.68394516330069,37.75,5.1000000000000005,326.45599999999996,0,13.784461152882205,1.8333333333333335
2025-09-26 16:30:00-03:00,319,27,189,366,377,13.0,59.6,0.0,148,366,326,146,377,4.1,1,0.8647214854111406,62.71266847997153,37.1875,4.875,310.1075,0,13.527851458885943,1.7586206896551726
2025-09-26 16:35:00-03:00,301,26,183,345,355,12.6,60.1,0.0,138,345,308,135,355,4.1,1,0.8676056338028169,63.80147951167627,35.625,4.25,294.91,0,13.239436619718308,1.668169014084507
2025-09-26 16:40:00-03:00,284,26,178,324,332,12.3,60.7,0.0,127,324,290,125,332,4.0,1,0.8734939759036144,64.87487957599683,35.0625,4.025,278.3275,0,12.650602409638553,1.556024096385542
2025-09-26 16:45:00-03:00,266,26,172,302,310,11.9,61.3,0.0,117,302,271,115,310,4.0,1,0.8741935483870967,66.56387909369556,34.46875,3.7875,260.735875,0,12.580645161290322,1.4970967741935484
2025-09-26 16:50:00-03:00,248,26,167,281,288,11.5,61.8,0.0,107,281,253,105,288,3.9,1,0.8784722222222222,68.47804337335128,33.90625,3.5625,243.986875,0,12.152777777777777,1.3975694444444442
2025-09-26 16:55:00-03:00,231,26,161,259,266,11.1,62.4,0.0,97,259,235,96,266,3.9,1,0.8834586466165414,70.44318578998691,33.34375,3.3375000000000004,227.15687499999999,0,11.654135338345863,1.2936090225563908
2025-09-26 17:00:00-03:00,213,26,156,238,243,10.6,63.0,0.0,88,238,216,87,243,3.8,1,0.8888888888888888,72.04349485911533,32.75,3.1,209.304,0,11.11111111111111,1.1777777777777778
2025-09-26 17:05:00-03:00,194,26,151,217,221,10.6,63.6,0.0,79,217,197,78,221,3.8,1,0.8914027149321267,73.23493743157238,32.15625,2.8625000000000003,191.360875,0,10.85972850678733,1.1511312217194571
2025-09-26 17:10:00-03:00,170,26,146,196,200,13.0,65.2,0.0,68,196,172,67,200,3.8,1,0.86,73.73581013978209,31.375,2.5500000000000003,167.614,0,14.000000000000002,1.8200000000000003
2025-09-26 17:15:00-03:00,148,26,142,175,178,15.5,66.7,0.0,58,175,149,57,178,3.8,1,0.8370786516853933,73.19520393296412,30.65625,2.2625,145.628875,0,16.292134831460675,2.525280898876405
2025-09-26 17:20:00-03:00,127,26,138,154,157,17.9,68.3,0.0,49,154,127,48,157,3.8,1,0.8089171974522293,71.75970000951025,29.96875,1.9875,124.475875,0,19.10828025477707,3.420382165605096
2025-09-26 17:25:00-03:00,107,26,133,134,136,20.4,69.8,0.0,40,134,107,40,136,3.8,1,0.7867647058823529,69.40068115987722,29.34375,1.7375,105.140875,0,21.323529411764707,4.35
2025-09-26 17:30:00-03:00,88,26,129,114,116,23.0,71.4,0.0,33,114,88,32,116,3.8,1,0.7586206896551724,65.82805886044154,28.75,1.5,86.67999999999999,0,24.137931034482758,5.551724137931035
2025-09-26 17:35:00-03:00,71,25,124,95,96,25.5,73.0,0.0,26,95,71,25,96,3.8,1,0.7395833333333334,61.321000901123625,27.21875,0.8875000000000001,70.36987500000001,0,26.041666666666668,6.640625
2025-09-26 17:40:00-03:00,57,25,120,77,77,25.4,73.1,0.0,21,77,57,20,77,3.8,1,0.7402597402597403,55.74692544858576,26.78125,0.7125,56.593875,0,25.97402597402597,6.597402597402596
2025-09-26 17:45:00-03:00,45,25,115,60,59,24.9,72.9,0.0,16,60,44,16,59,3.8,1,0.7457627118644068,49.90073479753419,26.375,0.55,43.758,0,25.423728813559322,6.330508474576272
2025-09-26 17:50:00-03:00,33,25,111,43,39,24.4,72.6,0.0,12,43,31,12,39,3.8,1,0.7948717948717948,43.63762624436568,25.96875,0.3875,30.879875000000002,0,20.51282051282051,5.005128205128204
2025-09-26 17:55:00-03:00,22,25,107,28,23,23.9,72.4,0.0,8,28,21,8,23,3.8,1,0.9130434782608695,37.327684908209974,25.65625,0.2625,20.944875,0,8.695652173913043,2.0782608695652174
2025-09-26 18:00:00-03:00,12,25,102,15,13,23.4,72.2,0.0,4,15,11,4,13,3.8,1,0.8461538461538461,31.1092892684555,25.34375,0.1375,10.984875,0,15.384615384615385,3.6
2025-09-26 18:05:00-03:00,3,25,99,4,3,23.0,72.1,0.0,1,4,3,1,3,3.8,0,1.0,25.29402852035344,25.09375,0.037500000000000006,2.998875,0,0.0,0.0
2025-09-26 18:10:00-03:00,0,25,97,0,0,22.8,72.3,0.0,0,0,0,0,0,3.8,0,,19.9838950309154,25.0,0.0,0.0,0,,
2025-09-26 18:15:00-03:00,0,25,95,0,0,22.5,72.4,0.0,0,0,0,0,0,3.8,0,,14.953463164319274,25.0,0.0,0.0,0,,
2025-09-26 18:20:00-03:00,0,25,93,0,0,22.2,72.6,0.0,0,0,0,0,0,3.9,0,,10.308866439785048,25.0,0.0,0.0,0,,
2025-09-26 18:25:00-03:00,0,25,91,0,0,22.0,72.7,0.0,0,0,0,0,0,3.9,0,,6.529072512952473,25.0,0.0,0.0,0,,
2025-09-26 18:30:00-03:00,0,25,89,0,0,21.7,72.9,0.0,0,0,0,0,0,3.9,0,,3.2145502537586803,25.0,0.0,0.0,0,,
2025-09-26 18:35:00-03:00,0,25,88,0,0,21.5,73.0,0.0,0,0,0,0,0,3.9,0,,0.866025404135609,25.0,0.0,0.0,0,,
2025-09-26 18:40:00-03:00,0,25,86,0,0,21.2,73.2,0.0,0,0,0,0,0,4.0,0,,0.0,25.0,0.0,0.0,0,,
2025-09-26 18:45:00-03:00,0,25,84,0,0,20.9,73.3,0.0,0,0,0,0,0,4.0,0,,0.0,25.0,0.0,0.0,0,,
2025-09-26 18:50:00-03:00,0,25,82,0,0,20.7,73.5,0.0,0,0,0,0,0,4.0,0,,0.0,25.0,0.0,0.0,0,,
2025-09-26 18:55:00-03:00,0,25,80,0,0,20.4,73.6,0.0,0,0,0,0,0,4.0,0,,0.0,25.0,0.0,0.0,0,,
2025-09-26 19:00:00-03:00,0,24,78,0,0,20.2,73.8,0.0,0,0,0,0,0,4.0,0,,0.0,24.0,0.0,0.0,0,,
2025-09-26 19:05:00-03:00,0,24,75,0,0,20.0,73.9,0.0,0,0,0,0,0,4.1,0,,0.0,24.0,0.0,0.0,0,,
2025-09-26 19:10:00-03:00,0,24,71,0,0,20.0,74.1,0.0,0,0,0,0,0,4.1,0,,0.0,24.0,0.0,0.0,0,,
2025-09-26 19:15:00-03:00,0,24,67,0,0,20.0,74.2,0.0,0,0,0,0,0,4.1,0,,0.0,24.0,0.0,0.0,0,,
2025-09-26 19:20:00-03:00,0,24,64,0,0,20.0,74.3,0.0,0,0,0,0,0,4.1,0,,0.0,24.0,0.0,0.0,0,,
2025-09-26 19:25:00-03:00,0,24,60,0,0,20.0,74.5,0.0,0,0,0,0,0,4.2,0,,0.0,24.0,0.0,0.0,0,,
2025-09-26 19:30:00-03:00,0,24,56,0,0,20.0,74.6,0.0,0,0,0,0,0,4.2,0,,0.0,24.0,0.0,0.0,0,,
2025-09-26 19:35:00-03:00,0,24,52,0,0,20.0,74.8,0.0,0,0,0,0,0,4.2,0,,0.0,24.0,0.0,0.0,0,,
2025-09-26 19:40:00-03:00,0,24,48,0,0,20.0,74.9,0.0,0,0,0,0,0,4.2,0,,0.0,24.0,0.0,0.0,0,,
2025-09-26 19:45:00-03:00,0,24,44,0,0,20.0,75.1,0.0,0,0,0,0,0,4.2,0,,0.0,24.0,0.0,0.0,0,,
2025-09-26 19:50:00-03:00,0,24,41,0,0,20.0,75.2,0.0,0,0,0,0,0,4.3,0,,0.0,24.0,0.0,0.0,0,,
2025-09-26 19:55:00-03:00,0,24,37,0,0,20.0,75.3,0.0,0,0,0,0,0,4.3,0,,0.0,24.0,0.0,0.0,0,,
2025-09-26 20:00:00-03:00,0,24,33,0,0,20.0,75.5,0.0,0,0,0,0,0,4.3,0,,0.0,24.0,0.0,0.0,0,,
2025-09-26 20:05:00-03:00,0,24,31,0,0,20.0,75.6,0.0,0,0,0,0,0,4.3,0,,0.0,24.0,0.0,0.0,0,,
2025-09-26 20:10:00-03:00,0,23,30,0,0,19.8,75.7,0.0,0,0,0,0,0,4.4,0,,0.0,23.0,0.0,0.0,0,,
2025-09-26 20:15:00-03:00,0,23,29,0,0,19.7,75.7,0.0,0,0,0,0,0,4.4,0,,0.0,23.0,0.0,0.0,0,,
2025-09-26 20:20:00-03:00,0,23,28,0,0,19.6,75.8,0.0,0,0,0,0,0,4.4,0,,0.0,23.0,0.0,0.0,0,,
2025-09-26 20:25:00-03:00,0,23,27,0,0,19.4,75.9,0.0,0,0,0,0,0,4.5,0,,0.0,23.0,0.0,0.0,0,,
2025-09-26 20:30:00-03:00,0,23,26,0,0,19.3,75.9,0.0,0,0,0,0,0,4.5,0,,0.0,23.0,0.0,0.0,0,,
2025-09-26 20:35:00-03:00,0,23,25,0,0,19.2,76.0,0.0,0,0,0,0,0,4.6,0,,0.0,23.0,0.0,0.0,0,,
2025-09-26 20:40:00-03:00,0,23,24,0,0,19.0,76.1,0.0,0,0,0,0,0,4.6,0,,0.0,23.0,0.0,0.0,0,,
2025-09-26 20:45:00-03:00,0,23,23,0,0,18.9,76.1,0.0,0,0,0,0,0,4.6,0,,0.0,23.0,0.0,0.0,0,,
2025-09-26 20:50:00-03:00,0,23,22,0,0,18.8,76.2,0.0,0,0,0,0,0,4.7,0,,0.0,23.0,0.0,0.0,0,,
2025-09-26 20:55:00-03:00,0,23,21,0,0,18.6,76.3,0.0,0,0,0,0,0,4.7,0,,0.0,23.0,0.0,0.0,0,,
2025-09-26 21:00:00-03:00,0,23,20,0,0,18.5,76.3,0.0,0,0,0,0,0,4.7,0,,0.0,23.0,0.0,0.0,0,,
2025-09-26 21:05:00-03:00,0,23,20,0,0,18.4,76.3,0.0,0,0,0,0,0,4.8,0,,0.0,23.0,0.0,0.0,0,,
2025-09-26 21:10:00-03:00,0,23,19,0,0,18.2,76.2,0.0,0,0,0,0,0,4.8,0,,0.0,23.0,0.0,0.0,0,,
2025-09-26 21:15:00-03:00,0,23,19,0,0,18.1,76.0,0.0,0,0,0,0,0,4.8,0,,0.0,23.0,0.0,0.0,0,,
2025-09-26 21:20:00-03:00,0,23,18,0,0,18.0,75.9,0.0,0,0,0,0,0,4.8,0,,0.0,23.0,0.0,0.0,0,,
2025-09-26 21:25:00-03:00,0,23,18,0,0,17.8,75.8,0.0,0,0,0,0,0,4.8,0,,0.0,23.0,0.0,0.0,0,,
2025-09-26 21:30:00-03:00,0,23,17,0,0,17.7,75.6,0.0,0,0,0,0,0,4.8,0,,0.0,23.0,0.0,0.0,0,,
2025-09-26 21:35:00-03:00,0,23,16,0,0,17.6,75.5,0.0,0,0,0,0,0,4.8,0,,0.0,23.0,0.0,0.0,0,,
2025-09-26 21:40:00-03:00,0,23,16,0,0,17.4,75.3,0.0,0,0,0,0,0,4.8,0,,0.0,23.0,0.0,0.0,0,,
2025-09-26 21:45:00-03:00,0,22,15,0,0,17.3,75.2,0.0,0,0,0,0,0,4.8,0,,0.0,22.0,0.0,0.0,0,,
2025-09-26 21:50:00-03:00,0,22,15,0,0,17.2,75.1,0.0,0,0,0,0,0,4.8,0,,0.0,22.0,0.0,0.0,0,,
2025-09-26 21:55:00-03:00,0,22,14,0,0,17.0,74.9,0.0,0,0,0,0,0,4.8,0,,0.0,22.0,0.0,0.0,0,,
2025-09-26 22:00:00-03:00,0,22,14,0,0,16.9,74.8,0.0,0,0,0,0,0,4.8,0,,0.0,22.0,0.0,0.0,0,,
2025-09-26 22:05:00-03:00,0,22,13,0,0,16.8,74.6,0.0,0,0,0,0,0,4.8,0,,0.0,22.0,0.0,0.0,0,,
2025-09-26 22:10:00-03:00,0,22,12,0,0,16.8,74.5,0.0,0,0,0,0,0,4.9,0,,0.0,22.0,0.0,0.0,0,,
2025-09-26 22:15:00-03:00,0,22,12,0,0,16.8,74.3,0.0,0,0,0,0,0,4.9,0,,0.0,22.0,0.0,0.0,0,,
2025-09-26 22:20:00-03:00,0,22,11,0,0,16.8,74.2,0.0,0,0,0,0,0,4.9,0,,0.0,22.0,0.0,0.0,0,,
2025-09-26 22:25:00-03:00,0,22,11,0,0,16.8,74.1,0.0,0,0,0,0,0,4.9,0,,0.0,22.0,0.0,0.0,0,,
2025-09-26 22:30:00-03:00,0,22,10,0,0,16.8,73.9,0.0,0,0,0,0,0,4.9,0,,0.0,22.0,0.0,0.0,0,,
2025-09-26 22:35:00-03:00,0,22,10,0,0,16.8,73.8,0.0,0,0,0,0,0,4.9,0,,0.0,22.0,0.0,0.0,0,,
2025-09-26 22:40:00-03:00,0,22,9,0,0,16.8,73.6,0.0,0,0,0,0,0,4.9,0,,0.0,22.0,0.0,0.0,0,,
2025-09-26 22:45:00-03:00,0,22,9,0,0,16.8,73.5,0.0,0,0,0,0,0,4.9,0,,0.0,22.0,0.0,0.0,0,,
2025-09-26 22:50:00-03:00,0,22,8,0,0,16.8,73.3,0.0,0,0,0,0,0,5.0,0,,0.0,22.0,0.0,0.0,0,,
2025-09-26 22:55:00-03:00,0,22,8,0,0,16.8,73.2,0.0,0,0,0,0,0,5.0,0,,0.0,22.0,0.0,0.0,0,,
2025-09-26 23:00:00-03:00,0,22,7,0,0,16.8,73.0,0.0,0,0,0,0,0,5.0,0,,0.0,22.0,0.0,0.0,0,,
2025-09-26 23:05:00-03:00,0,22,6,0,0,16.8,72.9,0.0,0,0,0,0,0,5.0,0,,0.0,22.0,0.0,0.0,0,,
2025-09-26 23:10:00-03:00,0,21,6,0,0,16.8,72.7,0.0,0,0,0,0,0,5.0,0,,0.0,21.0,0.0,0.0,0,,
2025-09-26 23:15:00-03:00,0,21,5,0,0,16.8,72.6,0.0,0,0,0,0,0,5.0,0,,0.0,21.0,0.0,0.0,0,,
2025-09-26 23:20:00-03:00,0,21,5,0,0,16.8,72.4,0.0,0,0,0,0,0,5.1,0,,0.0,21.0,0.0,0.0,0,,
2025-09-26 23:25:00-03:00,0,21,4,0,0,16.8,72.3,0.0,0,0,0,0,0,5.1,0,,0.0,21.0,0.0,0.0,0,,
2025-09-26 23:30:00-03:00,0,21,4,0,0,16.8,72.1,0.0,0,0,0,0,0,5.1,0,,0.0,21.0,0.0,0.0,0,,
2025-09-26 23:35:00-03:00,0,21,3,0,0,16.8,72.0,0.0,0,0,0,0,0,5.1,0,,0.0,21.0,0.0,0.0,0,,
2025-09-26 23:40:00-03:00,0,21,2,0,0,16.8,71.8,0.0,0,0,0,0,0,5.1,0,,0.0,21.0,0.0,0.0,0,,
2025-09-26 23:45:00-03:00,0,21,2,0,0,16.8,71.7,0.0,0,0,0,0,0,5.2,0,,0.0,21.0,0.0,0.0,0,,
2025-09-26 23:50:00-03:00,0,21,1,0,0,16.8,71.5,0.0,0,0,0,0,0,5.2,0,,0.0,21.0,0.0,0.0,0,,
2025-09-26 23:55:00-03:00,0,21,1,0,0,16.8,71.4,0.0,0,0,0,0,0,5.2,0,,0.0,21.0,0.0,0.0,0,,
2025-09-27 00:00:00-03:00,0,21,0,0,0,16.8,71.2,0.0,0,0,0,0,0,5.2,0,,0.0,21.0,0.0,0.0,0,,
2025-09-27 00:05:00-03:00,0,21,0,0,0,16.8,71.1,0.0,0,0,0,0,0,5.2,0,,0.0,21.0,0.0,0.0,0,,
2025-09-27 00:10:00-03:00,0,21,0,0,0,16.8,71.1,0.0,0,0,0,0,0,5.2,0,,0.0,21.0,0.0,0.0,0,,
2025-09-27 00:15:00-03:00,0,21,0,0,0,16.8,71.0,0.0,0,0,0,0,0,5.2,0,,0.0,21.0,0.0,0.0,0,,
2025-09-27 00:20:00-03:00,0,21,0,0,0,16.8,70.9,0.0,0,0,0,0,0,5.3,0,,0.0,21.0,0.0,0.0,0,,
2025-09-27 00:25:00-03:00,0,21,0,0,0,16.8,70.8,0.0,0,0,0,0,0,5.3,0,,0.0,21.0,0.0,0.0,0,,
2025-09-27 00:30:00-03:00,0,21,0,0,0,16.8,70.7,0.0,0,0,0,0,0,5.3,0,,0.0,21.0,0.0,0.0,0,,
2025-09-27 00:35:00-03:00,0,20,0,0,0,16.8,70.7,0.0,0,0,0,0,0,5.3,0,,0.0,20.0,0.0,0.0,0,,
2025-09-27 00:40:00-03:00,0,20,0,0,0,16.8,70.6,0.0,0,0,0,0,0,5.3,0,,0.0,20.0,0.0,0.0,0,,
2025-09-27 00:45:00-03:00,0,20,0,0,0,16.8,70.5,0.0,0,0,0,0,0,5.3,0,,0.0,20.0,0.0,0.0,0,,
2025-09-27 00:50:00-03:00,0,20,0,0,0,16.8,70.4,0.0,0,0,0,0,0,5.3,0,,0.0,20.0,0.0,0.0,0,,
2025-09-27 00:55:00-03:00,0,20,0,0,0,16.8,70.4,0.0,0,0,0,0,0,5.3,0,,0.0,20.0,0.0,0.0,0,,
2025-09-27 01:00:00-03:00,0,20,0,0,0,16.8,70.3,0.0,0,0,0,0,0,5.3,0,,0.0,20.0,0.0,0.0,0,,
2025-09-27 01:05:00-03:00,0,20,0,0,0,16.9,70.2,0.0,0,0,0,0,0,5.4,0,,0.0,20.0,0.0,0.0,0,,
2025-09-27 01:10:00-03:00,0,20,0,0,0,17.0,70.0,0.0,0,0,0,0,0,5.4,0,,0.0,20.0,0.0,0.0,0,,
2025-09-27 01:15:00-03:00,0,20,0,0,0,17.2,69.8,0.0,0,0,0,0,0,5.4,0,,0.0,20.0,0.0,0.0,0,,
2025-09-27 01:20:00-03:00,0,20,0,0,0,17.3,69.7,0.0,0,0,0,0,0,5.4,0,,0.0,20.0,0.0,0.0,0,,
2025-09-27 01:25:00-03:00,0,20,0,0,0,17.4,69.5,0.0,0,0,0,0,0,5.4,0,,0.0,20.0,0.0,0.0,0,,
2025-09-27 01:30:00-03:00,0,20,0,0,0,17.6,69.4,0.0,0,0,0,0,0,5.4,0,,0.0,20.0,0.0,0.0,0,,
2025-09-27 01:35:00-03:00,0,20,0,0,0,17.7,69.2,0.0,0,0,0,0,0,5.4,0,,0.0,20.0,0.0,0.0,0,,
2025-09-27 01:40:00-03:00,0,20,0,0,0,17.8,69.1,0.0,0,0,0,0,0,5.4,0,,0.0,20.0,0.0,0.0,0,,
2025-09-27 01:45:00-03:00,0,20,0,0,0,18.0,68.9,0.0,0,0,0,0,0,5.4,0,,0.0,20.0,0.0,0.0,0,,
2025-09-27 01:50:00-03:00,0,20,0,0,0,18.1,68.7,0.0,0,0,0,0,0,5.4,0,,0.0,20.0,0.0,0.0,0,,
2025-09-27 01:55:00-03:00,0,20,0,0,0,18.2,68.6,0.0,0,0,0,0,0,5.5,0,,0.0,20.0,0.0,0.0,0,,
2025-09-27 02:00:00-03:00,0,20,0,0,0,18.4,68.4,0.0,0,0,0,0,0,5.5,0,,0.0,20.0,0.0,0.0,0,,
2025-09-27 02:05:00-03:00,0,19,0,0,0,18.4,68.3,0.0,0,0,0,0,0,5.5,0,,0.0,19.0,0.0,0.0,0,,
2025-09-27 02:10:00-03:00,0,19,0,0,0,18.4,68.2,0.0,0,0,0,0,0,5.5,0,,0.0,19.0,0.0,0.0,0,,
2025-09-27 02:15:00-03:00,0,19,0,0,0,18.4,68.1,0.0,0,0,0,0,0,5.5,0,,0.0,19.0,0.0,0.0,0,,
2025-09-27 02:20:00-03:00,0,19,0,0,0,18.4,68.1,0.0,0,0,0,0,0,5.5,0,,0.0,19.0,0.0,0.0,0,,
2025-09-27 02:25:00-03:00,0,19,0,0,0,18.4,68.0,0.0,0,0,0,0,0,5.5,0,,0.0,19.0,0.0,0.0,0,,
2025-09-27 02:30:00-03:00,0,19,0,0,0,18.4,67.9,0.0,0,0,0,0,0,5.5,0,,0.0,19.0,0.0,0.0,0,,
2025-09-27 02:35:00-03:00,0,19,0,0,0,18.4,67.8,0.0,0,0,0,0,0,5.5,0,,0.0,19.0,0.0,0.0,0,,
2025-09-27 02:40:00-03:00,0,19,0,0,0,18.4,67.7,0.0,0,0,0,0,0,5.6,0,,0.0,19.0,0.0,0.0,0,,
2025-09-27 02:45:00-03:00,0,19,0,0,0,18.4,67.7,0.0,0,0,0,0,0,5.6,0,,0.0,19.0,0.0,0.0,0,,
2025-09-27 02:50:00-03:00,0,19,0,0,0,18.4,67.6,0.0,0,0,0,0,0,5.6,0,,0.0,19.0,0.0,0.0,0,,
2025-09-27 02:55:00-03:00,0,19,0,0,0,18.4,67.5,0.0,0,0,0,0,0,5.6,0,,0.0,19.0,0.0,0.0,0,,
2025-09-27 03:00:00-03:00,0,19,0,0,0,18.4,67.4,0.0,0,0,0,0,0,5.6,0,,0.0,19.0,0.0,0.0,0,,
2025-09-27 03:05:00-03:00,0,19,0,0,0,18.4,67.2,0.0,0,0,0,0,0,5.6,0,,0.0,19.0,0.0,0.0,0,,
2025-09-27 03:10:00-03:00,0,19,0,0,0,18.4,67.0,0.0,0,0,0,0,0,5.6,0,,0.0,19.0,0.0,0.0,0,,
2025-09-27 03:15:00-03:00,0,19,0,0,0,18.4,66.8,0.0,0,0,0,0,0,5.6,0,,0.0,19.0,0.0,0.0,0,,
2025-09-27 03:20:00-03:00,0,19,0,0,0,18.4,66.5,0.0,0,0,0,0,0,5.6,0,,0.0,19.0,0.0,0.0,0,,
2025-09-27 03:25:00-03:00,0,19,0,0,0,18.4,66.3,0.0,0,0,0,0,0,5.6,0,,0.0,19.0,0.0,0.0,0,,
2025-09-27 03:30:00-03:00,0,18,0,0,0,18.4,66.0,0.0,0,0,0,0,0,5.6,0,,0.0,18.0,0.0,0.0,0,,
2025-09-27 03:35:00-03:00,0,18,0,0,0,18.4,65.8,0.0,0,0,0,0,0,5.6,0,,0.0,18.0,0.0,0.0,0,,
2025-09-27 03:40:00-03:00,0,18,0,0,0,18.4,65.5,0.0,0,0,0,0,0,5.6,0,,0.0,18.0,0.0,0.0,0,,
2025-09-27 03:45:00-03:00,0,18,0,0,0,18.4,65.2,0.0,0,0,0,0,0,5.6,0,,0.0,18.0,0.0,0.0,0,,
2025-09-27 03:50:00-03:00,0,18,0,0,0,18.4,65.0,0.0,0,0,0,0,0,5.6,0,,0.0,18.0,0.0,0.0,0,,
2025-09-27 03:55:00-03:00,0,18,0,0,0,18.4,64.7,0.0,0,0,0,0,0,5.6,0,,0.0,18.0,0.0,0.0,0,,
2025-09-27 04:00:00-03:00,0,18,0,0,0,18.4,64.5,0.0,0,0,0,0,0,5.6,0,,0.0,18.0,0.0,0.0,0,,
2025-09-27 04:05:00-03:00,0,18,0,0,0,18.4,64.3,0.0,0,0,0,0,0,5.6,0,,0.0,18.0,0.0,0.0,0,,
2025-09-27 04:10:00-03:00,0,18,0,0,0,18.4,64.1,0.0,0,0,0,0,0,5.6,0,,0.0,18.0,0.0,0.0,0,,
2025-09-27 04:15:00-03:00,0,18,0,0,0,18.4,63.9,0.0,0,0,0,0,0,5.6,0,,0.0,18.0,0.0,0.0,0,,
2025-09-27 04:20:00-03:00,0,18,0,0,0,18.4,63.7,0.0,0,0,0,0,0,5.7,0,,0.0,18.0,0.0,0.0,0,,
2025-09-27 04:25:00-03:00,0,18,0,0,0,18.4,63.6,0.0,0,0,0,0,0,5.7,0,,0.0,18.0,0.0,0.0,0,,
2025-09-27 04:30:00-03:00,0,18,0,0,0,18.4,63.4,0.0,0,0,0,0,0,5.7,0,,0.0,18.0,0.0,0.0,0,,
2025-09-27 04:35:00-03:00,0,18,0,0,0,18.4,63.2,0.0,0,0,0,0,0,5.7,0,,0.0,18.0,0.0,0.0,0,,
2025-09-27 04:40:00-03:00,0,18,0,0,0,18.4,63.0,0.0,0,0,0,0,0,5.7,0,,0.0,18.0,0.0,0.0,0,,
2025-09-27 04:45:00-03:00,0,18,0,0,0,18.4,62.9,0.0,0,0,0,0,0,5.7,0,,0.0,18.0,0.0,0.0,0,,
2025-09-27 04:50:00-03:00,0,17,0,0,0,18.4,62.7,0.0,0,0,0,0,0,5.7,0,,0.0,17.0,0.0,0.0,0,,
2025-09-27 04:55:00-03:00,0,17,0,0,0,18.4,62.5,0.0,0,0,0,0,0,5.7,0,,0.0,17.0,0.0,0.0,0,,
2025-09-27 05:00:00-03:00,0,17,0,0,0,18.4,62.3,0.0,0,0,0,0,0,5.7,0,,0.0,17.0,0.0,0.0,0,,
2025-09-27 05:05:00-03:00,0,17,0,0,0,18.4,62.2,0.0,0,0,0,0,0,5.7,0,,0.0,17.0,0.0,0.0,0,,
2025-09-27 05:10:00-03:00,0,17,0,0,0,18.4,62.0,0.0,0,0,0,0,0,5.7,0,,0.0,17.0,0.0,0.0,0,,
2025-09-27 05:15:00-03:00,0,17,0,0,0,18.4,61.8,0.0,0,0,0,0,0,5.7,0,,0.0,17.0,0.0,0.0,0,,
2025-09-27 05:20:00-03:00,0,17,0,0,0,18.4,61.6,0.0,0,0,0,0,0,5.7,0,,0.0,17.0,0.0,0.0,0,,
2025-09-27 05:25:00-03:00,0,17,0,0,0,18.4,61.5,0.0,0,0,0,0,0,5.7,0,,0.0,17.0,0.0,0.0,0,,
2025-09-27 05:30:00-03:00,0,17,0,0,0,18.4,61.3,0.0,0,0,0,0,0,5.7,0,,0.0,17.0,0.0,0.0,0,,
2025-09-27 05:35:00-03:00,0,17,0,0,0,18.4,61.1,0.0,0,0,0,0,0,5.7,0,,0.0,17.0,0.0,0.0,0,,
2025-09-27 05:40:00-03:00,0,17,0,0,0,18.4,60.9,0.0,0,0,0,0,0,5.7,0,,0.28867513564882263,17.0,0.0,0.0,0,,
2025-09-27 05:45:00-03:00,0,17,0,0,0,18.4,60.7,0.0,0,0,0,0,0,5.7,0,,2.8749176537352525,17.0,0.0,0.0,0,,
2025-09-27 05:50:00-03:00,0,17,0,0,0,18.4,60.6,0.0,0,0,0,0,0,5.7,0,,5.9314263193959125,17.0,0.0,0.0,0,,
2025-09-27 05:55:00-03:00,0,17,0,0,0,18.4,60.4,0.0,0,0,0,0,0,5.7,0,,9.825754655295164,17.0,0.0,0.0,0,,
2025-09-27 06:00:00-03:00,0,17,0,0,0,18.4,60.2,0.0,0,0,0,0,0,5.7,0,,14.979531489234141,17.0,0.0,0.0,0,,
2025-09-27 06:05:00-03:00,1,17,0,1,1,18.4,60.0,0.0,0,1,1,0,1,5.7,0,1.0,20.71066918721853,17.03125,0.0,1.0,0,0.0,0.0
2025-09-27 06:10:00-03:00,10,17,0,12,10,18.4,59.8,0.0,5,12,10,5,10,5.7,0,1.0,26.64923672795137,17.3125,0.0,10.0,0,0.0,0.0
2025-09-27 06:15:00-03:00,21,17,0,25,20,18.4,59.6,0.0,10,25,19,10,20,5.8,1,0.95,33.236981958317614,17.59375,0.0,19.0,0,5.0,0.92
2025-09-27 06:20:00-03:00,33,17,0,40,34,18.4,59.5,0.0,16,40,30,16,34,5.8,1,0.8823529411764706,40.48456496000104,17.9375,0.0,30.0,0,11.76470588235294,2.164705882352941
2025-09-27 06:25:00-03:00,46,17,0,57,55,18.4,59.3,0.0,23,57,45,23,55,5.8,1,0.8181818181818182,48.14340950523137,18.40625,0.0,45.0,0,18.181818181818183,3.3454545454545457
2025-09-27 06:30:00-03:00,61,17,0,74,74,18.4,59.1,0.0,30,74,60,30,74,5.8,1,0.8108108108108109,55.78116060811551,18.875,0.0,60.0,0,18.91891891891892,3.4810810810810806
2025-09-27 06:35:00-03:00,76,17,0,93,93,18.4,58.9,0.0,38,93,75,38,93,5.8,1,0.8064516129032258,63.144075275711444,19.34375,0.0,75.0,0,19.35483870967742,3.561290322580645
2025-09-27 06:40:00-03:00,95,17,0,112,113,15.6,56.7,0.0,49,112,94,48,113,5.9,1,0.831858407079646,69.86719002811465,19.9375,0.0,94.0,0,16.8141592920354,2.623008849557522
2025-09-27 06:45:00-03:00,116,18,0,132,133,12.5,54.2,0.0,61,132,116,60,133,5.9,1,0.8721804511278195,75.43148607119905,21.625,0.0,116.0,0,12.781954887218044,1.5977443609022555
2025-09-27 06:50:00-03:00,139,18,0,153,154,9.3,51.7,0.0,74,153,140,73,154,5.9,1,0.9090909090909091,79.82480817390274,22.375,0.0,140.0,0,9.090909090909092,0.8454545454545456
2025-09-27 06:55:00-03:00,163,18,0,174,176,6.1,49.1,0.0,88,174,165,87,176,5.9,1,0.9375,82.92324855862488,23.15625,0.0,165.0,0,6.25,0.38125
2025-09-27 07:00:00-03:00,189,18,0,195,198,2.9,46.6,0.0,104,195,192,103,198,5.9,1,0.9696969696969697,85.22750302999358,24.0,0.0,192.0,0,3.0303030303030303,0.08787878787878788
2025-09-27 07:05:00-03:00,216,18,0,216,220,0.0,44.0,0.0,121,216,220,120,220,6.0,1,1.0,86.56382301253628,24.875,0.0,220.0,0,0.0,0.0
2025-09-27 07:10:00-03:00,238,18,0,238,242,0.0,42.3,0.0,137,238,242,136,242,6.0,1,1.0,86.58832414816727,25.5625,0.225,241.4555,0,0.0,0.0
2025-09-27 07:15:00-03:00,259,18,0,259,265,0.0,41.3,0.0,152,259,265,151,265,6.0,1,1.0,85.86471918081469,26.28125,0.5125000000000001,263.64187499999997,0,0.0,0.0
2025-09-27 07:20:00-03:00,281,18,0,281,287,0.0,40.2,0.0,168,281,287,167,287,6.0,1,1.0,84.62801849949956,26.96875,0.7875000000000001,284.739875,0,0.0,0.0
2025-09-27 07:25:00-03:00,303,19,0,303,310,0.0,39.1,0.0,184,303,310,184,310,6.0,1,1.0,83.33884830235968,28.6875,1.475,305.4275,0,0.0,0.0
2025-09-27 07:30:00-03:00,325,19,0,325,333,0.0,38.1,0.0,201,325,333,201,333,6.1,1,1.0,82.05633689266458,29.40625,1.7625000000000002,327.130875,0,0.0,0.0
2025-09-27 07:35:00-03:00,347,19,0,347,355,0.0,37.0,0.0,218,347,355,218,355,6.1,1,1.0,81.2013490707457,30.09375,2.0375,347.76687499999997,0,0.0,0.0
2025-09-27 07:40:00-03:00,368,19,0,368,378,0.0,36.0,0.0,236,368,378,236,378,6.1,1,1.0,81.06320018505554,30.8125,2.325,369.2115,0,0.0,0.0
2025-09-27 07:45:00-03:00,390,19,0,390,400,0.0,34.9,0.0,254,390,400,255,400,6.1,1,1.0,80.79880549672066,31.5,2.6,389.59999999999997,0,0.0,0.0
2025-09-27 07:50:00-03:00,411,19,0,411,423,0.0,34.0,0.0,271,411,423,273,423,6.1,1,1.0,80.57233715830394,32.21875,2.8875,410.78587500000003,0,0.0,0.0
2025-09-27 07:55:00-03:00,433,19,0,433,445,0.0,33.4,0.0,288,433,445,290,445,6.1,1,1.0,80.10655782181918,32.90625,3.1625,430.926875,0,0.0,0.0
2025-09-27 08:00:00-03:00,454,19,0,454,467,0.0,32.8,0.0,305,454,467,307,467,6.2,1,1.0,79.59114272329438,33.59375,3.4375,450.946875,0,0.0,0.0
2025-09-27 08:05:00-03:00,475,20,0,475,489,0.0,32.2,0.0,322,475,489,325,489,6.2,1,1.0,79.07629610736954,35.28125,4.1125,468.889875,0,0.0,0.0
2025-09-27 08:10:00-03:00,496,20,0,496,511,0.0,31.6,0.0,339,496,511,342,511,6.2,1,1.0,78.44627576767381,35.96875,4.3875,488.579875,0,0.0,0.0
2025-09-27 08:15:00-03:00,517,20,0,517,533,0.0,31.0,0.0,357,517,533,360,533,6.2,1,1.0,77.75539540862245,36.65625,4.6625000000000005,508.148875,0,0.0,0.0
2025-09-27 08:20:00-03:00,537,20,0,537,554,0.0,30.4,0.0,374,537,554,378,554,6.2,1,1.0,76.91199220833005,37.3125,4.925000000000001,526.7155,0,0.0,0.0
2025-09-27 08:25:00-03:00,558,20,0,558,575,0.0,29.9,0.0,391,558,575,396,575,6.3,1,1.0,75.59561475176068,37.96875,5.1875,545.171875,0,0.0,0.0
2025-09-27 08:30:00-03:00,578,20,0,578,596,0.0,29.3,0.0,409,578,596,414,596,6.3,1,1.0,73.55517409647844,38.625,5.45,563.518,0,0.0,0.0
2025-09-27 08:35:00-03:00,598,20,0,598,617,0.0,28.9,0.0,425,598,617,431,617,6.3,1,1.0,70.85382947671029,39.28125,5.7125,581.753875,0,0.0,0.0
2025-09-27 08:40:00-03:00,617,20,0,617,637,0.0,28.5,0.0,441,617,637,447,637,6.3,1,1.0,67.69377349281491,39.90625,5.9625,599.018875,0,0.0,0.0
2025-09-27 08:45:00-03:00,636,21,0,636,657,0.0,28.2,0.0,457,636,657,463,657,6.3,1,1.0,64.0310057469757,41.53125,6.612500000000001,613.555875,0,0.0,0.0
2025-09-27 08:50:00-03:00,652,21,0,655,677,0.5,27.8,0.0,473,655,673,480,677,6.4,1,0.9940915805022157,60.4760784162265,42.03125,6.8125,627.151875,0,0.5908419497784343,0.0029542097488921715
2025-09-27 08:55:00-03:00,665,21,0,674,696,1.3,27.5,0.0,488,674,687,496,696,6.4,1,0.9870689655172413,57.31168107705691,42.46875,6.987500000000001,638.995875,0,1.293103448275862,0.01681034482758621
2025-09-27 09:00:00-03:00,678,21,0,692,715,2.0,27.2,0.0,504,692,700,512,715,6.4,1,0.9790209790209791,54.84931147878198,42.875,7.15,649.95,0,2.097902097902098,0.04195804195804196
2025-09-27 09:05:00-03:00,690,21,0,710,734,2.8,27.1,0.0,518,710,713,526,734,6.4,1,0.9713896457765667,53.1205033747548,43.28125,7.3125,660.861875,0,2.861035422343324,0.08010899182561307
2025-09-27 09:10:00-03:00,702,21,0,727,752,3.5,27.0,0.0,531,727,724,540,752,6.3,1,0.9627659574468085,52.148607581858926,43.625,7.45,670.062,0,3.723404255319149,0.13031914893617022
2025-09-27 09:15:00-03:00,715,21,0,745,770,4.0,27.0,0.0,544,745,738,553,770,6.3,1,0.9584415584415584,51.91273271733289,44.0625,7.625,681.7275,0,4.1558441558441555,0.1662337662337662
2025-09-27 09:20:00-03:00,731,22,0,761,787,4.0,27.0,0.0,556,761,754,565,787,6.2,1,0.9580686149936467,52.50945080880048,45.5625,8.225,691.9835,0,4.193138500635324,0.16772554002541296
2025-09-27 09:25:00-03:00,747,22,0,778,804,4.0,27.0,0.0,568,778,771,577,804,6.2,1,0.9589552238805971,53.24066286042637,46.09375,8.4375,705.946875,0,4.104477611940299,0.16417910447761194
2025-09-27 09:30:00-03:00,762,22,0,794,821,4.0,27.0,0.0,579,794,787,589,821,6.1,1,0.9585870889159561,53.84039263217971,46.59375,8.637500000000001,719.022875,0,4.141291108404385,0.1656516443361754
2025-09-27 09:35:00-03:00,777,22,0,809,837,4.0,27.0,0.0,591,809,802,601,837,6.1,1,0.9581839904420549,54.02265237561326,47.0625,8.825000000000001,731.2235,0,4.1816009557945035,0.16726403823178015
2025-09-27 09:40:00-03:00,791,22,0,824,853,4.0,27.0,0.0,602,824,817,612,853,6.0,1,0.9577960140679953,53.79168573808438,47.53125,9.012500000000001,743.367875,0,4.220398593200469,0.16881594372801875
2025-09-27 09:45:00-03:00,805,22,0,839,868,4.0,27.0,0.0,612,839,832,623,868,6.0,1,0.9585253456221198,52.809190545396305,48.0,9.200000000000001,755.456,0,4.147465437788019,0.16589861751152074
2025-09-27 09:50:00-03:00,819,23,0,853,883,4.0,27.0,0.0,623,853,846,634,883,5.9,1,0.9580973952434881,51.36234913913371,49.4375,9.775,763.3035,0,4.190260475651189,0.16761041902604756
2025-09-27 09:55:00-03:00,832,23,0,867,897,4.0,27.0,0.0,633,867,860,644,897,5.9,1,0.9587513935340022,49.700009145776455,49.875,9.950000000000001,774.43,0,4.124860646599777,0.1649944258639911
2025-09-27 10:00:00-03:00,845,23,0,880,911,4.0,27.0,0.0,643,880,873,654,911,5.8,1,0.9582875960482986,48.1191702490171,50.28125,10.1125,784.7178749999999,0,4.171240395170143,0.1668496158068057
2025-09-27 10:05:00-03:00,858,23,0,893,924,4.0,27.0,0.0,652,893,886,664,924,5.8,1,0.9588744588744589,46.59976264732708,50.6875,10.275,794.9635,0,4.112554112554113,0.1645021645021645
2025-09-27 10:10:00-03:00,869,23,0,906,937,4.0,26.9,0.0,662,906,899,674,937,5.7,1,0.959445037353255,44.96488528941496,51.09375,10.4375,805.166875,0,4.055496264674493,0.1622198505869797
2025-09-27 10:15:00-03:00,881,23,0,918,950,4.0,26.8,0.0,672,918,911,684,950,5.7,1,0.9589473684210527,43.20870773630884,51.46875,10.5875,814.5478750000001,0,4.105263157894737,0.16421052631578947
2025-09-27 10:20:00-03:00,892,24,0,929,962,4.0,26.7,0.0,681,929,922,694,962,5.6,1,0.9584199584199584,41.480462724975894,52.8125,11.125,819.4275,0,4.158004158004158,0.16632016632016633
2025-09-27 10:25:00-03:00,902,24,0,940,973,4.0,26.6,0.0,690,940,933,703,973,5.5,1,0.9588900308324769,39.62810068165881,53.15625,11.262500000000001,827.920875,0,4.110996916752312,0.1644398766700925
2025-09-27 10:30:00-03:00,913,24,0,951,984,4.0,26.5,0.0,698,951,944,711,984,5.5,1,0.959349593495935,37.79961118926923,53.5,11.4,836.384,0,4.0650406504065035,0.16260162601626013
2025-09-27 10:35:00-03:00,922,24,0,961,995,4.0,26.5,0.0,706,961,954,720,995,5.4,1,0.9587939698492463,35.96799924511078,53.8125,11.525,844.0515,0,4.1206030150753765,0.16482412060301507
2025-09-27 10:40:00-03:00,931,24,0,970,1004,4.0,26.4,0.0,714,970,963,728,1004,5.4,1,0.9591633466135459,34.13464870807317,54.09375,11.637500000000001,850.930875,0,4.083665338645418,0.16334661354581673
2025-09-27 10:45:00-03:00,940,24,0,979,1014,4.0,26.3,0.0,722,979,972,736,1014,5.3,1,0.9585798816568047,32.329154681549596,54.375,11.75,857.7900000000001,0,4.142011834319527,0.1656804733727811
2025-09-27 10:50:00-03:00,948,25,0,987,1023,4.0,26.2,0.0,729,987,980,743,1023,5.3,1,0.9579667644183774,30.549884689549515,55.625,12.25,859.9499999999999,0,4.203323558162268,0.1681329423264907
2025-09-27 10:55:00-03:00,956,25,0,995,1031,4.0,26.1,0.0,735,995,988,750,1031,5.2,1,0.9582929194956353,28.643445492752566,55.875,12.350000000000001,865.982,0,4.1707080504364695,0.16682832201745879
2025-09-27 11:00:00-03:00,963,25,0,1003,1039,4.0,26.0,0.0,742,1003,996,756,1039,5.2,1,0.958614051973051,26.756335981423796,56.125,12.450000000000001,871.9979999999999,0,4.138594802694899,0.16554379210779596
2025-09-27 11:05:00-03:00,969,25,0,1010,1046,4.0,26.0,0.0,748,1010,1003,762,1046,5.1,1,0.9588910133843213,24.924735188999367,56.34375,12.537500000000001,877.248875,0,4.1108986615678775,0.1644359464627151
2025-09-27 11:10:00-03:00,975,25,0,1016,1052,4.0,25.9,0.0,753,1016,1009,768,1052,5.1,1,0.9591254752851711,23.02699338258783,56.53125,12.6125,881.739875,0,4.08745247148289,0.1634980988593156
2025-09-27 11:15:00-03:00,981,25,0,1022,1058,4.0,25.8,0.0,758,1022,1015,773,1058,5.1,1,0.9593572778827977,21.04684529731277,56.71875,12.6875,886.2218750000001,0,4.064272211720227,0.16257088846880907
2025-09-27 11:20:00-03:00,986,26,0,1027,1064,4.0,25.7,0.0,763,1027,1020,778,1064,5.0,1,0.9586466165413534,19.130334470913386,57.875,13.15,885.87,0,4.135338345864661,0.16541353383458646
2025-09-27 11:25:00-03:00,991,26,0,1032,1069,4.0,25.6,0.0,767,1032,1025,783,1069,5.0,1,0.9588400374181478,17.124322592200386,58.03125,13.2125,889.571875,0,4.11599625818522,0.1646398503274088
2025-09-27 11:30:00-03:00,995,26,0,1036,1073,4.0,25.5,0.0,771,1036,1029,787,1073,4.9,1,0.9589934762348555,15.066267760853869,58.15625,13.262500000000001,892.528875,0,4.100652376514446,0.16402609506057783
2025-09-27 11:35:00-03:00,998,26,0,1040,1077,4.0,25.5,0.0,775,1040,1032,791,1077,4.9,1,0.958217270194986,13.138827492516503,58.25,13.3,894.744,0,4.178272980501393,0.1671309192200557
2025-09-27 11:40:00-03:00,1001,26,0,1043,1080,4.0,25.4,0.0,778,1043,1035,794,1080,4.8,1,0.9583333333333334,11.33077065497677,58.34375,13.3375,896.956875,0,4.166666666666666,0.16666666666666663
2025-09-27 11:45:00-03:00,1003,26,0,1045,1083,4.0,25.3,0.0,781,1045,1038,797,1083,4.8,1,0.9584487534626038,9.594821835757296,58.4375,13.375,899.1675,0,4.1551246537396125,0.1662049861495845
2025-09-27 11:50:00-03:00,1005,27,0,1047,1085,4.0,25.2,0.0,783,1047,1040,799,1085,4.7,1,0.9585253456221198,7.982461836364478,59.5,13.8,896.48,0,4.147465437788019,0.16589861751152074
2025-09-27 11:55:00-03:00,1007,27,0,1048,1086,4.0,25.1,0.0,785,1048,1041,801,1086,4.7,1,0.9585635359116023,6.36753127552368,59.53125,13.8125,897.211875,0,4.143646408839778,0.16574585635359113
2025-09-27 12:00:00-03:00,1007,27,0,1049,1087,4.0,25.0,0.0,787,1049,1042,803,1087,4.6,1,0.9586016559337627,4.94438769680196,59.5625,13.825000000000001,897.9435,0,4.139834406623735,0.1655933762649494
2025-09-27 12:05:00-03:00,1008,27,0,1050,1087,4.0,25.0,0.0,788,1050,1043,804,1087,4.6,1,0.9595216191352346,3.704010929926258,59.59375,13.8375,898.6748749999999,0,4.04783808647654,0.1619135234590616
2025-09-27 12:10:00-03:00,1009,27,1,1049,1087,3.9,24.9,0.0,788,1049,1044,805,1087,4.5,1,0.9604415823367065,2.66287609366732,59.625,13.850000000000001,899.406,0,3.9558417663293466,0.15427782888684452
2025-09-27 12:15:00-03:00,1009,27,2,1049,1086,3.8,24.8,0.0,789,1049,1044,805,1086,4.4,1,0.9613259668508287,2.4664414310194136,59.625,13.850000000000001,899.406,0,3.867403314917127,0.14696132596685083
2025-09-27 12:20:00-03:00,1008,27,3,1047,1085,3.7,24.7,0.0,788,1047,1043,805,1085,4.4,1,0.9612903225806452,3.3120532859561296,59.59375,13.8375,898.6748749999999,0,3.870967741935484,0.14322580645161292
2025-09-27 12:25:00-03:00,1007,27,4,1045,1083,3.6,24.6,0.0,788,1045,1042,804,1083,4.3,1,0.9621421975992613,4.731423003249601,59.5625,13.825000000000001,897.9435,0,3.7857802400738687,0.1362880886426593
2025-09-27 12:30:00-03:00,1006,27,5,1043,1080,3.5,24.5,0.0,787,1043,1041,804,1080,4.3,1,0.9638888888888889,6.527331813641529,59.53125,13.8125,897.211875,0,3.6111111111111107,0.12638888888888888
2025-09-27 12:35:00-03:00,1004,27,6,1040,1077,3.5,24.5,0.0,785,1040,1039,802,1077,4.2,1,0.9647168059424327,8.44725165988192,59.46875,13.787500000000001,895.747875,0,3.5283194057567315,0.1234911792014856
2025-09-27 12:40:00-03:00,1001,27,7,1036,1073,3.4,24.4,0.0,784,1036,1036,800,1073,4.1,1,0.9655172413793104,10.330889251491955,59.375,13.75,893.5500000000001,0,3.4482758620689653,0.11724137931034483
2025-09-27 12:45:00-03:00,998,28,8,1032,1069,3.3,24.3,0.0,781,1032,1033,798,1069,4.1,1,0.9663236669784846,12.39104026251233,60.28125,14.1125,887.217875,0,3.367633302151544,0.11113189897100094
2025-09-27 12:50:00-03:00,994,28,9,1027,1064,3.2,24.2,0.0,779,1027,1029,795,1064,4.0,1,0.9671052631578947,14.671142567699048,60.15625,14.0625,884.296875,0,3.289473684210526,0.10526315789473685
2025-09-27 12:55:00-03:00,990,28,10,1022,1059,3.1,24.1,0.0,775,1022,1024,792,1059,3.9,1,0.9669499527856469,17.055168948976107,60.0,14.0,880.64,0,3.3050047214353167,0.10245514636449482
2025-09-27 13:00:00-03:00,985,28,11,1016,1053,3.0,24.0,0.0,772,1016,1019,788,1053,3.9,1,0.9677113010446344,19.37410799508961,59.84375,13.9375,876.976875,0,3.2288698955365627,0.09686609686609689
2025-09-27 13:05:00-03:00,980,28,12,1010,1046,3.0,24.0,0.0,768,1010,1014,784,1046,3.8,1,0.9694072657743786,21.6389099596482,59.6875,13.875,873.3075,0,3.0592734225621414,0.09177820267686425
2025-09-27 13:10:00-03:00,973,28,13,1003,1039,3.0,23.9,0.0,764,1003,1007,780,1039,3.8,1,0.9692011549566891,23.944854574739065,59.46875,13.787500000000001,868.159875,0,3.079884504331088,0.09239653512993265
2025-09-27 13:15:00-03:00,966,28,14,996,1031,3.0,23.8,0.0,759,996,999,775,1031,3.7,1,0.9689621726479146,26.223254773357862,59.21875,13.6875,862.261875,0,3.1037827352085356,0.09311348205625607
2025-09-27 13:20:00-03:00,958,28,15,988,1023,3.0,23.7,0.0,754,988,991,770,1023,3.7,1,0.9687194525904204,28.46728584947488,58.96875,13.5875,856.347875,0,3.1280547409579667,0.09384164222873899
2025-09-27 13:25:00-03:00,950,28,16,979,1014,3.0,23.6,0.0,748,979,983,764,1014,3.6,1,0.9694280078895463,30.61886920698582,58.71875,13.4875,850.417875,0,3.057199211045365,0.09171597633136094
2025-09-27 13:30:00-03:00,941,28,17,971,1005,3.0,23.5,0.0,742,971,974,758,1005,3.5,1,0.9691542288557214,32.6537157382511,58.4375,13.375,843.7275,0,3.084577114427861,0.09253731343283583
2025-09-27 13:35:00-03:00,932,28,18,961,995,3.0,23.5,0.0,736,961,964,751,995,3.5,1,0.9688442211055276,34.5870662461347,58.125,13.25,836.27,0,3.1155778894472363,0.0934673366834171
2025-09-27 13:40:00-03:00,923,28,19,951,985,3.0,23.4,0.0,729,951,954,744,985,3.4,1,0.9685279187817258,36.40044538521176,57.8125,13.125,828.7875,0,3.1472081218274113,0.09441624365482233
2025-09-27 13:45:00-03:00,912,28,20,941,974,3.0,23.3,0.0,722,941,943,737,974,3.4,1,0.9681724845995893,38.18882511462907,57.46875,12.9875,820.527875,0,3.1827515400410675,0.09548254620123203
2025-09-27 13:50:00-03:00,902,28,21,930,962,3.0,23.2,0.0,714,930,932,729,962,3.3,1,0.9688149688149689,39.952244219582695,57.125,12.850000000000001,812.2379999999999,0,3.118503118503119,0.09355509355509356
2025-09-27 13:55:00-03:00,891,28,22,918,950,3.0,23.1,0.0,706,918,921,721,950,3.3,1,0.9694736842105263,41.71793815177979,56.78125,12.7125,803.917875,0,3.052631578947368,0.09157894736842104
2025-09-27 14:00:00-03:00,879,28,23,906,938,3.0,23.0,0.0,698,906,909,712,938,3.2,1,0.9690831556503199,43.337995087234695,56.40625,12.5625,794.806875,0,3.091684434968017,0.09275053304904052
2025-09-27 14:05:00-03:00,867,28,24,894,925,3.0,23.0,0.0,689,894,896,703,925,3.2,1,0.9686486486486486,44.96488528941522,56.0,12.4,784.896,0,3.135135135135135,0.09405405405405405
2025-09-27 14:10:00-03:00,855,28,25,881,912,3.0,22.9,0.0,680,881,883,694,912,3.1,1,0.9682017543859649,46.74690072370667,55.59375,12.2375,774.942875,0,3.179824561403509,0.09539473684210527
2025-09-27 14:15:00-03:00,842,29,26,868,898,3.0,22.8,0.0,670,868,870,684,898,3.1,1,0.9688195991091314,48.382628988906205,56.1875,12.475000000000001,761.4675,0,3.11804008908686,0.0935412026726058
2025-09-27 14:20:00-03:00,828,29,27,854,883,3.0,22.7,0.0,660,854,856,674,883,3.0,1,0.9694224235560589,50.051110241062524,55.75,12.3,750.712,0,3.057757644394111,0.09173272933182332
2025-09-27 14:25:00-03:00,815,29,28,840,868,3.0,22.6,0.0,650,840,842,663,868,3.0,1,0.9700460829493087,51.77369169292943,55.3125,12.125,739.9075,0,2.995391705069124,0.08986175115207372
2025-09-27 14:30:00-03:00,800,29,29,825,853,3.0,22.5,0.0,639,825,827,653,853,3.0,1,0.9695193434935522,53.39979287213801,54.84375,11.9375,728.276875,0,3.048065650644783,0.0914419695193435
2025-09-27 14:35:00-03:00,786,29,30,810,837,3.0,22.5,0.0,628,810,811,641,837,2.9,1,0.9689366786140979,54.64783951480362,54.34375,11.7375,715.808875,0,3.106332138590203,0.0931899641577061
2025-09-27 14:40:00-03:00,771,29,31,795,821,3.0,22.4,0.0,617,795,796,629,821,2.9,1,0.9695493300852619,55.197167252737245,53.875,11.55,704.062,0,3.0450669914738127,0.09135200974421437
2025-09-27 14:45:00-03:00,755,29,32,779,805,3.0,22.3,0.0,605,779,780,617,805,2.8,1,0.968944099378882,55.100459218231464,53.375,11.350000000000001,691.4699999999999,0,3.1055900621118013,0.09316770186335405
2025-09-27 14:50:00-03:00,739,29,33,762,787,3.0,22.2,0.0,593,762,763,605,787,2.8,1,0.9695044472681067,54.516608534097145,52.84375,11.137500000000001,678.020875,0,3.0495552731893265,0.09148665819567979
2025-09-27 14:55:00-03:00,723,29,34,745,770,3.0,22.1,0.0,580,745,746,592,770,2.8,1,0.9688311688311688,54.12968434484098,52.3125,10.925,664.4994999999999,0,3.116883116883117,0.09350649350649352
2025-09-27 15:00:00-03:00,709,29,35,728,752,2.7,22.0,0.0,568,728,731,579,752,2.7,1,0.9720744680851063,54.15543006993859,51.84375,10.7375,652.508875,0,2.7925531914893615,0.07539893617021277
2025-09-27 15:05:00-03:00,697,29,35,711,734,1.9,22.0,0.0,554,711,719,565,734,2.7,1,0.9795640326975477,54.79935854523397,51.46875,10.5875,642.8758750000001,0,2.043596730245232,0.038828337874659405
2025-09-27 15:10:00-03:00,685,29,34,693,715,1.1,22.3,0.0,539,693,707,549,715,2.8,1,0.9888111888111888,56.104542569823295,51.09375,10.4375,633.206875,0,1.118881118881119,0.012307692307692311
2025-09-27 15:15:00-03:00,673,29,33,675,696,0.3,22.6,0.0,523,675,694,532,696,2.8,1,0.9971264367816092,57.94197724682986,50.6875,10.275,622.6915,0,0.28735632183908044,0.0008620689655172413
2025-09-27 15:20:00-03:00,656,29,32,656,677,0.0,22.9,0.0,506,656,677,516,677,2.8,1,1.0,60.14294840148486,50.15625,10.0625,608.876875,0,0.0,0.0
2025-09-27 15:25:00-03:00,638,29,31,638,658,0.0,23.2,0.0,490,638,658,499,658,2.8,1,1.0,62.88349014910645,49.5625,9.825000000000001,593.3515,0,0.0,0.0
2025-09-27 15:30:00-03:00,619,29,30,619,638,0.0,23.5,0.0,473,619,638,481,638,2.8,1,1.0,66.02083004627735,48.9375,9.575000000000001,576.9115,0,0.0,0.0
2025-09-27 15:35:00-03:00,599,28,29,599,618,0.0,23.8,0.0,456,599,618,464,618,2.9,1,1.0,69.1465286492523,47.3125,8.925,562.8435,0,0.0,0.0
2025-09-27 15:40:00-03:00,580,28,28,580,597,0.0,24.2,0.0,439,580,597,446,597,2.9,1,1.0,71.84215652766075,46.65625,8.6625,545.284875,0,0.0,0.0
2025-09-27 15:45:00-03:00,560,28,27,560,577,0.0,24.8,0.0,421,560,577,427,577,2.9,1,1.0,73.8752018917371,46.03125,8.4125,528.459875,0,0.0,0.0
2025-09-27 15:50:00-03:00,540,28,27,540,556,0.0,25.5,0.0,402,540,556,408,556,2.9,1,1.0,75.00964584436085,45.375,8.15,510.686,0,0.0,0.0
2025-09-27 15:55:00-03:00,520,28,26,520,535,0.0,26.1,0.0,384,520,535,389,535,3.0,1,1.0,75.81331737174261,44.71875,7.8875,492.801875,0,0.0,0.0
2025-09-27 16:00:00-03:00,499,28,25,499,514,0.0,26.8,0.0,365,499,514,370,514,3.0,1,1.0,76.62121511735567,44.0625,7.625,474.8075,0,0.0,0.0
2025-09-27 16:05:00-03:00,479,28,24,479,492,0.0,27.5,0.0,347,479,492,351,492,3.0,1,1.0,77.35176439193195,43.375,7.3500000000000005,455.838,0,0.0,0.0
2025-09-27 16:10:00-03:00,458,28,23,458,470,0.0,28.2,0.0,329,458,470,332,470,3.0,1,1.0,77.95584414502318,42.6875,7.075,436.7475,0,0.0,0.0
2025-09-27 16:15:00-03:00,437,28,22,437,449,0.0,28.9,0.0,311,437,449,313,449,3.1,1,1.0,78.6851705253638,42.03125,6.8125,418.411875,0,0.0,0.0
2025-09-27 16:20:00-03:00,416,28,21,416,427,0.0,29.6,0.0,293,416,427,295,427,3.1,1,1.0,79.18806728289012,41.34375,6.5375000000000005,399.084875,0,0.0,0.0
2025-09-27 16:25:00-03:00,394,27,20,394,404,0.0,30.4,0.0,274,394,404,276,404,3.1,1,1.0,79.7166858317601,39.625,5.8500000000000005,380.366,0,0.0,0.0
2025-09-27 16:30:00-03:00,373,27,19,373,382,0.0,31.5,0.0,255,373,382,257,382,3.1,1,1.0,80.08101957998068,38.9375,5.575,360.7035,0,0.0,0.0
2025-09-27 16:35:00-03:00,351,27,19,351,360,0.0,32.7,0.0,237,351,360,237,360,3.2,1,1.0,80.39613099389447,38.25,5.300000000000001,340.91999999999996,0,0.0,0.0
2025-09-27 16:40:00-03:00,330,27,18,330,337,0.0,33.8,0.0,218,330,337,219,337,3.2,1,1.0,80.63479209974605,37.53125,5.0125,320.10787500000004,0,0.0,0.0
2025-09-27 16:45:00-03:00,308,27,17,308,315,0.0,34.9,0.0,201,308,315,201,315,3.2,1,1.0,80.93637605981966,36.84375,4.7375,300.07687500000003,0,0.0,0.0
2025-09-27 16:50:00-03:00,286,27,16,286,292,0.0,36.1,0.0,183,286,292,183,292,3.2,1,1.0,81.67674644040676,36.125,4.45,279.00600000000003,0,0.0,0.0
2025-09-27 16:55:00-03:00,265,27,15,265,270,0.0,37.2,0.0,166,265,270,166,270,3.2,1,1.0,82.72718947714517,35.4375,4.175,258.7275,0,0.0,0.0
2025-09-27 17:00:00-03:00,243,27,14,243,247,0.0,38.4,0.0,150,243,247,149,247,3.3,1,1.0,83.9994588727136,34.71875,3.8875,237.397875,0,0.0,0.0
2025-09-27 17:05:00-03:00,222,27,13,222,225,0.0,39.6,0.0,134,222,225,133,225,3.3,1,1.0,84.85370654927893,34.03125,3.6125000000000003,216.87187500000002,0,0.0,0.0
2025-09-27 17:10:00-03:00,200,27,12,200,203,0.3,42.4,0.0,115,200,202,114,203,3.3,1,0.9950738916256158,85.02726835337003,33.3125,3.325,195.2835,0,0.49261083743842365,0.0014778325123152708
2025-09-27 17:15:00-03:00,173,26,11,179,181,3.5,45.1,0.0,98,179,175,97,181,3.3,1,0.9668508287292817,84.34596863064692,31.46875,2.5875000000000004,170.471875,0,3.314917127071823,0.11602209944751381
2025-09-27 17:20:00-03:00,148,26,11,158,160,6.7,47.8,0.0,83,158,149,81,160,3.4,1,0.93125,82.55370153035719,30.65625,2.2625,145.628875,0,6.875000000000001,0.46062500000000006
2025-09-27 17:25:00-03:00,124,26,10,138,138,9.9,50.5,0.0,68,138,124,67,138,3.4,1,0.8985507246376812,79.97821673127517,29.875,1.9500000000000002,121.58200000000001,0,10.144927536231885,1.0043478260869565
2025-09-27 17:30:00-03:00,102,26,9,118,118,13.1,53.2,0.0,55,118,102,54,118,3.4,1,0.864406779661017,76.37328582612163,29.1875,1.675,100.2915,0,13.559322033898304,1.776271186440678
2025-09-27 17:35:00-03:00,82,26,8,98,98,16.3,55.9,0.0,43,98,82,43,98,3.4,1,0.8367346938775511,71.72099772835853,28.5625,1.425,80.8315,0,16.3265306122449,2.6612244897959187
2025-09-27 17:40:00-03:00,66,26,7,79,78,16.8,56.6,0.0,34,79,65,34,78,3.5,1,0.8333333333333334,65.95516153670641,28.03125,1.2125000000000001,64.21187499999999,0,16.666666666666664,2.8
2025-09-27 17:45:00-03:00,51,26,6,62,60,16.8,56.9,0.0,27,62,50,26,60,3.5,1,0.8333333333333334,58.791039824416075,27.5625,1.0250000000000001,49.487500000000004,0,16.666666666666664,2.8
2025-09-27 17:50:00-03:00,37,26,5,45,39,16.8,57.2,0.0,19,45,35,19,39,3.5,1,0.8974358974358975,51.10654349374949,27.09375,0.8375,34.706875,0,10.256410256410255,1.723076923076923
2025-09-27 17:55:00-03:00,25,26,4,30,23,16.8,57.5,0.0,13,30,22,12,23,3.5,1,0.9565217391304348,43.350841451408776,26.6875,0.675,21.851499999999998,0,4.3478260869565215,0.7304347826086957
2025-09-27 18:00:00-03:00,13,26,3,16,13,16.8,57.7,0.0,7,16,12,7,13,3.5,1,0.9230769230769231,35.986003171263086,26.375,0.55,11.934000000000001,0,7.6923076923076925,1.2923076923076922
2025-09-27 18:05:00-03:00,3,26,3,4,3,16.8,58.1,0.0,2,4,3,2,3,3.6,0,1.0,29.046853477948932,26.09375,0.4375,2.986875,0,0.0,0.0
2025-09-27 18:10:00-03:00,0,25,3,0,0,16.8,58.4,0.0,0,0,0,0,0,3.6,0,,22.709462718643028,25.0,0.0,0.0,0,,
2025-09-27 18:15:00-03:00,0,25,3,0,0,16.8,58.8,0.0,0,0,0,0,0,3.5,0,,16.846004831639522,25.0,0.0,0.0,0,,
2025-09-27 18:20:00-03:00,0,25,3,0,0,16.8,59.2,0.0,0,0,0,0,0,3.5,0,,11.401754250980222,25.0,0.0,0.0,0,,
2025-09-27 18:25:00-03:00,0,25,3,0,0,16.8,59.6,0.0,0,0,0,0,0,3.5,0,,6.894771844493903,25.0,0.0,0.0,0,,
2025-09-27 18:30:00-03:00,0,25,3,0,0,16.8,59.9,0.0,0,0,0,0,0,3.5,0,,3.4935004586078797,25.0,0.0,0.0,0,,
2025-09-27 18:35:00-03:00,0,25,2,0,0,16.8,60.3,0.0,0,0,0,0,0,3.5,0,,0.8660254036392526,25.0,0.0,0.0,0,,
2025-09-27 18:40:00-03:00,0,25,2,0,0,16.8,60.6,0.0,0,0,0,0,0,3.5,0,,0.0,25.0,0.0,0.0,0,,
2025-09-27 18:45:00-03:00,0,25,2,0,0,16.8,61.0,0.0,0,0,0,0,0,3.5,0,,0.0,25.0,0.0,0.0,0,,
2025-09-27 18:50:00-03:00,0,25,2,0,0,16.8,61.4,0.0,0,0,0,0,0,3.5,0,,0.0,25.0,0.0,0.0,0,,
2025-09-27 18:55:00-03:00,0,25,2,0,0,16.8,61.7,0.0,0,0,0,0,0,3.5,0,,0.0,25.0,0.0,0.0,0,,
2025-09-27 19:00:00-03:00,0,25,2,0,0,16.8,62.1,0.0,0,0,0,0,0,3.5,0,,0.0,25.0,0.0,0.0,0,,
2025-09-27 19:05:00-03:00,0,25,2,0,0,16.8,62.4,0.0,0,0,0,0,0,3.6,0,,0.0,25.0,0.0,0.0,0,,
2025-09-27 19:10:00-03:00,0,24,2,0,0,16.8,62.7,0.0,0,0,0,0,0,3.6,0,,0.0,24.0,0.0,0.0,0,,
2025-09-27 19:15:00-03:00,0,24,2,0,0,16.8,62.9,0.0,0,0,0,0,0,3.6,0,,0.0,24.0,0.0,0.0,0,,
2025-09-27 19:20:00-03:00,0,24,2,0,0,16.8,63.2,0.0,0,0,0,0,0,3.6,0,,0.0,24.0,0.0,0.0,0,,
2025-09-27 19:25:00-03:00,0,24,2,0,0,16.8,63.4,0.0,0,0,0,0,0,3.6,0,,0.0,24.0,0.0,0.0,0,,
2025-09-27 19:30:00-03:00,0,24,2,0,0,16.8,63.7,0.0,0,0,0,0,0,3.6,0,,0.0,24.0,0.0,0.0,0,,
2025-09-27 19:35:00-03:00,0,24,1,0,0,16.8,64.0,0.0,0,0,0,0,0,3.6,0,,0.0,24.0,0.0,0.0,0,,
2025-09-27 19:40:00-03:00,0,24,1,0,0,16.8,64.2,0.0,0,0,0,0,0,3.6,0,,0.0,24.0,0.0,0.0,0,,
2025-09-27 19:45:00-03:00,0,24,1,0,0,16.8,64.5,0.0,0,0,0,0,0,3.6,0,,0.0,24.0,0.0,0.0,0,,
2025-09-27 19:50:00-03:00,0,24,1,0,0,16.8,64.7,0.0,0,0,0,0,0,3.7,0,,0.0,24.0,0.0,0.0,0,,
2025-09-27 19:55:00-03:00,0,24,1,0,0,16.8,65.0,0.0,0,0,0,0,0,3.7,0,,0.0,24.0,0.0,0.0,0,,
2025-09-27 20:00:00-03:00,0,24,1,0,0,16.8,65.2,0.0,0,0,0,0,0,3.7,0,,0.0,24.0,0.0,0.0,0,,
2025-09-27 20:05:00-03:00,0,24,1,0,0,16.8,65.5,0.0,0,0,0,0,0,3.7,0,,0.0,24.0,0.0,0.0,0,,
2025-09-27 20:10:00-03:00,0,23,1,0,0,16.8,65.8,0.0,0,0,0,0,0,3.7,0,,0.0,23.0,0.0,0.0,0,,
2025-09-27 20:15:00-03:00,0,23,1,0,0,16.8,66.0,0.0,0,0,0,0,0,3.8,0,,0.0,23.0,0.0,0.0,0,,
2025-09-27 20:20:00-03:00,0,23,1,0,0,16.8,66.3,0.0,0,0,0,0,0,3.8,0,,0.0,23.0,0.0,0.0,0,,
2025-09-27 20:25:00-03:00,0,23,1,0,0,16.8,66.5,0.0,0,0,0,0,0,3.8,0,,0.0,23.0,0.0,0.0,0,,
2025-09-27 20:30:00-03:00,0,23,1,0,0,16.8,66.8,0.0,0,0,0,0,0,3.8,0,,0.0,23.0,0.0,0.0,0,,
2025-09-27 20:35:00-03:00,0,23,0,0,0,16.8,67.0,0.0,0,0,0,0,0,3.9,0,,0.0,23.0,0.0,0.0,0,,
2025-09-27 20:40:00-03:00,0,23,0,0,0,16.8,67.2,0.0,0,0,0,0,0,3.9,0,,0.0,23.0,0.0,0.0,0,,
2025-09-27 20:45:00-03:00,0,23,0,0,0,16.8,67.5,0.0,0,0,0,0,0,3.9,0,,0.0,23.0,0.0,0.0,0,,
2025-09-27 20:50:00-03:00,0,23,0,0,0,16.8,67.7,0.0,0,0,0,0,0,3.9,0,,0.0,23.0,0.0,0.0,0,,
2025-09-27 20:55:00-03:00,0,23,0,0,0,16.8,68.0,0.0,0,0,0,0,0,4.0,0,,0.0,23.0,0.0,0.0,0,,
2025-09-27 21:00:00-03:00,0,23,0,0,0,16.8,68.2,0.0,0,0,0,0,0,4.0,0,,0.0,23.0,0.0,0.0,0,,
2025-09-27 21:05:00-03:00,0,23,0,0,0,16.8,68.3,0.0,0,0,0,0,0,4.0,0,,0.0,23.0,0.0,0.0,0,,
2025-09-27 21:10:00-03:00,0,22,0,0,0,16.8,68.2,0.0,0,0,0,0,0,4.0,0,,0.0,22.0,0.0,0.0,0,,
2025-09-27 21:15:00-03:00,0,22,0,0,0,16.8,68.1,0.0,0,0,0,0,0,4.0,0,,0.0,22.0,0.0,0.0,0,,
2025-09-27 21:20:00-03:00,0,22,0,0,0,16.8,68.1,0.0,0,0,0,0,0,4.0,0,,0.0,22.0,0.0,0.0,0,,
2025-09-27 21:25:00-03:00,0,22,0,0,0,16.8,68.0,0.0,0,0,0,0,0,4.0,0,,0.0,22.0,0.0,0.0,0,,
2025-09-27 21:30:00-03:00,0,22,0,0,0,16.8,67.9,0.0,0,0,0,0,0,4.0,0,,0.0,22.0,0.0,0.0,0,,
2025-09-27 21:35:00-03:00,0,22,0,0,0,16.8,67.8,0.0,0,0,0,0,0,4.0,0,,0.0,22.0,0.0,0.0,0,,
2025-09-27 21:40:00-03:00,0,22,0,0,0,16.8,67.7,0.0,0,0,0,0,0,4.0,0,,0.0,22.0,0.0,0.0,0,,
2025-09-27 21:45:00-03:00,0,22,0,0,0,16.8,67.7,0.0,0,0,0,0,0,4.0,0,,0.0,22.0,0.0,0.0,0,,
2025-09-27 21:50:00-03:00,0,22,0,0,0,16.8,67.6,0.0,0,0,0,0,0,4.0,0,,0.0,22.0,0.0,0.0,0,,
2025-09-27 21:55:00-03:00,0,22,0,0,0,16.8,67.5,0.0,0,0,0,0,0,4.0,0,,0.0,22.0,0.0,0.0,0,,
2025-09-27 22:00:00-03:00,0,22,0,0,0,16.8,67.4,0.0,0,0,0,0,0,4.0,0,,0.0,22.0,0.0,0.0,0,,
2025-09-27 22:05:00-03:00,0,22,0,0,0,16.8,67.3,0.0,0,0,0,0,0,4.0,0,,0.0,22.0,0.0,0.0,0,,
2025-09-27 22:10:00-03:00,0,22,0,0,0,16.6,67.1,0.0,0,0,0,0,0,4.0,0,,0.0,22.0,0.0,0.0,0,,
2025-09-27 22:15:00-03:00,0,22,0,0,0,16.5,67.0,0.0,0,0,0,0,0,4.0,0,,0.0,22.0,0.0,0.0,0,,
2025-09-27 22:20:00-03:00,0,22,0,0,0,16.4,66.8,0.0,0,0,0,0,0,4.0,0,,0.0,22.0,0.0,0.0,0,,
2025-09-27 22:25:00-03:00,0,22,0,0,0,16.2,66.6,0.0,0,0,0,0,0,4.0,0,,0.0,22.0,0.0,0.0,0,,
2025-09-27 22:30:00-03:00,0,22,0,0,0,16.1,66.5,0.0,0,0,0,0,0,4.0,0,,0.0,22.0,0.0,0.0,0,,
2025-09-27 22:35:00-03:00,0,22,0,0,0,16.0,66.3,0.0,0,0,0,0,0,3.9,0,,0.0,22.0,0.0,0.0,0,,
2025-09-27 22:40:00-03:00,0,22,0,0,0,15.8,66.1,0.0,0,0,0,0,0,3.9,0,,0.0,22.0,0.0,0.0,0,,
2025-09-27 22:45:00-03:00,0,22,0,0,0,15.7,66.0,0.0,0,0,0,0,0,3.9,0,,0.0,22.0,0.0,0.0,0,,
2025-09-27 22:50:00-03:00,0,22,0,0,0,15.6,65.8,0.0,0,0,0,0,0,3.9,0,,0.0,22.0,0.0,0.0,0,,
2025-09-27 22:55:00-03:00,0,22,0,0,0,15.4,65.6,0.0,0,0,0,0,0,3.9,0,,0.0,22.0,0.0,0.0,0,,
2025-09-27 23:00:00-03:00,0,22,0,0,0,15.3,65.5,0.0,0,0,0,0,0,3.9,0,,0.0,22.0,0.0,0.0,0,,
2025-09-27 23:05:00-03:00,0,21,0,0,0,15.2,65.3,0.0,0,0,0,0,0,3.9,0,,0.0,21.0,0.0,0.0,0,,
2025-09-27 23:10:00-03:00,0,21,0,0,0,15.2,65.1,0.0,0,0,0,0,0,3.9,0,,0.0,21.0,0.0,0.0,0,,
2025-09-27 23:15:00-03:00,0,21,0,0,0,15.2,64.9,0.0,0,0,0,0,0,3.9,0,,0.0,21.0,0.0,0.0,0,,
2025-09-27 23:20:00-03:00,0,21,0,0,0,15.2,64.8,0.0,0,0,0,0,0,3.9,0,,0.0,21.0,0.0,0.0,0,,
2025-09-27 23:25:00-03:00,0,21,0,0,0,15.2,64.6,0.0,0,0,0,0,0,3.9,0,,0.0,21.0,0.0,0.0,0,,
2025-09-27 23:30:00-03:00,0,21,0,0,0,15.2,64.4,0.0,0,0,0,0,0,3.9,0,,0.0,21.0,0.0,0.0,0,,
2025-09-27 23:35:00-03:00,0,21,0,0,0,15.2,64.3,0.0,0,0,0,0,0,3.9,0,,0.0,21.0,0.0,0.0,0,,
2025-09-27 23:40:00-03:00,0,21,0,0,0,15.2,64.1,0.0,0,0,0,0,0,3.9,0,,0.0,21.0,0.0,0.0,0,,
2025-09-27 23:45:00-03:00,0,21,0,0,0,15.2,63.9,0.0,0,0,0,0,0,3.9,0,,0.0,21.0,0.0,0.0,0,,
2025-09-27 23:50:00-03:00,0,21,0,0,0,15.2,63.7,0.0,0,0,0,0,0,3.9,0,,0.0,21.0,0.0,0.0,0,,
2025-09-27 23:55:00-03:00,0,21,0,0,0,15.2,63.6,0.0,0,0,0,0,0,3.9,0,,0.0,21.0,0.0,0.0,0,,
2025-09-28 00:00:00-03:00,0,21,0,0,0,15.2,63.4,0.0,0,0,0,0,0,3.9,0,,0.0,21.0,0.0,0.0,0,,
2025-09-28 00:05:00-03:00,0,21,0,0,0,15.2,63.3,0.0,0,0,0,0,0,3.9,0,,0.0,21.0,0.0,0.0,0,,
2025-09-28 00:10:00-03:00,0,21,0,0,0,15.2,63.2,0.0,0,0,0,0,0,3.9,0,,0.0,21.0,0.0,0.0,0,,
2025-09-28 00:15:00-03:00,0,21,0,0,0,15.2,63.1,0.0,0,0,0,0,0,3.9,0,,0.0,21.0,0.0,0.0,0,,
2025-09-28 00:20:00-03:00,0,21,0,0,0,15.2,63.0,0.0,0,0,0,0,0,3.9,0,,0.0,21.0,0.0,0.0,0,,
2025-09-28 00:25:00-03:00,0,21,0,0,0,15.2,62.9,0.0,0,0,0,0,0,3.9,0,,0.0,21.0,0.0,0.0,0,,
2025-09-28 00:30:00-03:00,0,21,0,0,0,15.2,62.8,0.0,0,0,0,0,0,3.8,0,,0.0,21.0,0.0,0.0,0,,
2025-09-28 00:35:00-03:00,0,21,0,0,0,15.2,62.7,0.0,0,0,0,0,0,3.8,0,,0.0,21.0,0.0,0.0,0,,
2025-09-28 00:40:00-03:00,0,21,0,0,0,15.2,62.7,0.0,0,0,0,0,0,3.8,0,,0.0,21.0,0.0,0.0,0,,
2025-09-28 00:45:00-03:00,0,21,0,0,0,15.2,62.6,0.0,0,0,0,0,0,3.8,0,,0.0,21.0,0.0,0.0,0,,
2025-09-28 00:50:00-03:00,0,21,0,0,0,15.2,62.5,0.0,0,0,0,0,0,3.8,0,,0.0,21.0,0.0,0.0,0,,
2025-09-28 00:55:00-03:00,0,21,0,0,0,15.2,62.4,0.0,0,0,0,0,0,3.8,0,,0.0,21.0,0.0,0.0,0,,
2025-09-28 01:00:00-03:00,0,20,0,0,0,15.2,62.3,0.0,0,0,0,0,0,3.8,0,,0.0,20.0,0.0,0.0,0,,
2025-09-28 01:05:00-03:00,0,20,0,0,0,15.2,62.2,0.0,0,0,0,0,0,3.8,0,,0.0,20.0,0.0,0.0,0,,
2025-09-28 01:10:00-03:00,0,20,0,0,0,15.2,62.0,0.0,0,0,0,0,0,3.8,0,,0.0,20.0,0.0,0.0,0,,
2025-09-28 01:15:00-03:00,0,20,0,0,0,15.2,61.8,0.0,0,0,0,0,0,3.8,0,,0.0,20.0,0.0,0.0,0,,
2025-09-28 01:20:00-03:00,0,20,0,0,0,15.2,61.6,0.0,0,0,0,0,0,3.7,0,,0.0,20.0,0.0,0.0,0,,
2025-09-28 01:25:00-03:00,0,20,0,0,0,15.2,61.5,0.0,0,0,0,0,0,3.7,0,,0.0,20.0,0.0,0.0,0,,
2025-09-28 01:30:00-03:00,0,20,0,0,0,15.2,61.3,0.0,0,0,0,0,0,3.7,0,,0.0,20.0,0.0,0.0,0,,
2025-09-28 01:35:00-03:00,0,20,0,0,0,15.2,61.1,0.0,0,0,0,0,0,3.7,0,,0.0,20.0,0.0,0.0,0,,
2025-09-28 01:40:00-03:00,0,20,0,0,0,15.2,60.9,0.0,0,0,0,0,0,3.7,0,,0.0,20.0,0.0,0.0,0,,
2025-09-28 01:45:00-03:00,0,20,0,0,0,15.2,60.7,0.0,0,0,0,0,0,3.7,0,,0.0,20.0,0.0,0.0,0,,
2025-09-28 01:50:00-03:00,0,20,0,0,0,15.2,60.6,0.0,0,0,0,0,0,3.7,0,,0.0,20.0,0.0,0.0,0,,
2025-09-28 01:55:00-03:00,0,20,0,0,0,15.2,60.4,0.0,0,0,0,0,0,3.7,0,,0.0,20.0,0.0,0.0,0,,
2025-09-28 02:00:00-03:00,0,20,0,0,0,15.2,60.2,0.0,0,0,0,0,0,3.7,0,,0.0,20.0,0.0,0.0,0,,
2025-09-28 02:05:00-03:00,0,20,0,0,0,15.1,60.0,0.0,0,0,0,0,0,3.7,0,,0.0,20.0,0.0,0.0,0,,
2025-09-28 02:10:00-03:00,0,20,0,0,0,15.0,59.8,0.0,0,0,0,0,0,3.6,0,,0.0,20.0,0.0,0.0,0,,
2025-09-28 02:15:00-03:00,0,20,0,0,0,14.9,59.6,0.0,0,0,0,0,0,3.6,0,,0.0,20.0,0.0,0.0,0,,
2025-09-28 02:20:00-03:00,0,20,0,0,0,14.7,59.5,0.0,0,0,0,0,0,3.6,0,,0.0,20.0,0.0,0.0,0,,
2025-09-28 02:25:00-03:00,0,20,0,0,0,14.6,59.3,0.0,0,0,0,0,0,3.6,0,,0.0,20.0,0.0,0.0,0,,
2025-09-28 02:30:00-03:00,0,20,0,0,0,14.5,59.1,0.0,0,0,0,0,0,3.6,0,,0.0,20.0,0.0,0.0,0,,
2025-09-28 02:35:00-03:00,0,20,0,0,0,14.3,58.9,0.0,0,0,0,0,0,3.6,0,,0.0,20.0,0.0,0.0,0,,
2025-09-28 02:40:00-03:00,0,20,0,0,0,14.2,58.7,0.0,0,0,0,0,0,3.6,0,,0.0,20.0,0.0,0.0,0,,
2025-09-28 02:45:00-03:00,0,20,0,0,0,14.1,58.5,0.0,0,0,0,0,0,3.6,0,,0.0,20.0,0.0,0.0,0,,
2025-09-28 02:50:00-03:00,0,20,0,0,0,13.9,58.3,0.0,0,0,0,0,0,3.6,0,,0.0,20.0,0.0,0.0,0,,
2025-09-28 02:55:00-03:00,0,20,0,0,0,13.8,58.2,0.0,0,0,0,0,0,3.6,0,,0.0,20.0,0.0,0.0,0,,
2025-09-28 03:00:00-03:00,0,19,0,0,0,13.6,58.0,0.0,0,0,0,0,0,3.6,0,,0.0,19.0,0.0,0.0,0,,
2025-09-28 03:05:00-03:00,0,19,0,0,0,13.6,57.8,0.0,0,0,0,0,0,3.6,0,,0.0,19.0,0.0,0.0,0,,
2025-09-28 03:10:00-03:00,0,19,0,0,0,13.6,57.6,0.0,0,0,0,0,0,3.6,0,,0.0,19.0,0.0,0.0,0,,
2025-09-28 03:15:00-03:00,0,19,0,0,0,13.6,57.4,0.0,0,0,0,0,0,3.6,0,,0.0,19.0,0.0,0.0,0,,
2025-09-28 03:20:00-03:00,0,19,0,0,0,13.6,57.2,0.0,0,0,0,0,0,3.6,0,,0.0,19.0,0.0,0.0,0,,
2025-09-28 03:25:00-03:00,0,19,0,0,0,13.6,57.0,0.0,0,0,0,0,0,3.6,0,,0.0,19.0,0.0,0.0,0,,
2025-09-28 03:30:00-03:00,0,19,0,0,0,13.6,56.8,0.0,0,0,0,0,0,3.6,0,,0.0,19.0,0.0,0.0,0,,
2025-09-28 03:35:00-03:00,0,19,0,0,0,13.6,56.6,0.0,0,0,0,0,0,3.6,0,,0.0,19.0,0.0,0.0,0,,
2025-09-28 03:40:00-03:00,0,19,0,0,0,13.6,56.5,0.0,0,0,0,0,0,3.6,0,,0.0,19.0,0.0,0.0,0,,
2025-09-28 03:45:00-03:00,0,19,0,0,0,13.6,56.3,0.0,0,0,0,0,0,3.6,0,,0.0,19.0,0.0,0.0,0,,
2025-09-28 03:50:00-03:00,0,19,0,0,0,13.6,56.1,0.0,0,0,0,0,0,3.6,0,,0.0,19.0,0.0,0.0,0,,
2025-09-28 03:55:00-03:00,0,19,0,0,0,13.6,55.9,0.0,0,0,0,0,0,3.6,0,,0.0,19.0,0.0,0.0,0,,
2025-09-28 04:00:00-03:00,0,19,0,0,0,13.6,55.7,0.0,0,0,0,0,0,3.6,0,,0.0,19.0,0.0,0.0,0,,
2025-09-28 04:05:00-03:00,0,19,0,0,0,13.6,55.5,0.0,0,0,0,0,0,3.6,0,,0.0,19.0,0.0,0.0,0,,
2025-09-28 04:10:00-03:00,0,19,0,0,0,13.6,55.4,0.0,0,0,0,0,0,3.6,0,,0.0,19.0,0.0,0.0,0,,
2025-09-28 04:15:00-03:00,0,19,0,0,0,13.6,55.4,0.0,0,0,0,0,0,3.7,0,,0.0,19.0,0.0,0.0,0,,
2025-09-28 04:20:00-03:00,0,19,0,0,0,13.6,55.3,0.0,0,0,0,0,0,3.7,0,,0.0,19.0,0.0,0.0,0,,
2025-09-28 04:25:00-03:00,0,19,0,0,0,13.6,55.2,0.0,0,0,0,0,0,3.7,0,,0.0,19.0,0.0,0.0,0,,
2025-09-28 04:30:00-03:00,0,19,0,0,0,13.6,55.1,0.0,0,0,0,0,0,3.7,0,,0.0,19.0,0.0,0.0,0,,
2025-09-28 04:35:00-03:00,0,19,0,0,0,13.6,55.0,0.0,0,0,0,0,0,3.7,0,,0.0,19.0,0.0,0.0,0,,
2025-09-28 04:40:00-03:00,0,19,0,0,0,13.6,54.9,0.0,0,0,0,0,0,3.7,0,,0.0,19.0,0.0,0.0,0,,
2025-09-28 04:45:00-03:00,0,19,0,0,0,13.6,54.8,0.0,0,0,0,0,0,3.7,0,,0.0,19.0,0.0,0.0,0,,
2025-09-28 04:50:00-03:00,0,19,0,0,0,13.6,54.7,0.0,0,0,0,0,0,3.7,0,,0.0,19.0,0.0,0.0,0,,
2025-09-28 04:55:00-03:00,0,19,0,0,0,13.6,54.6,0.0,0,0,0,0,0,3.7,0,,0.0,19.0,0.0,0.0,0,,
2025-09-28 05:00:00-03:00,0,19,0,0,0,13.6,54.5,0.0,0,0,0,0,0,3.7,0,,0.0,19.0,0.0,0.0,0,,
2025-09-28 05:05:00-03:00,0,19,0,0,0,13.6,54.3,0.0,0,0,0,0,0,3.7,0,,0.0,19.0,0.0,0.0,0,,
2025-09-28 05:10:00-03:00,0,19,0,0,0,13.6,54.1,0.0,0,0,0,0,0,3.7,0,,0.0,19.0,0.0,0.0,0,,
2025-09-28 05:15:00-03:00,0,19,0,0,0,13.6,53.9,0.0,0,0,0,0,0,3.7,0,,0.0,19.0,0.0,0.0,0,,
2025-09-28 05:20:00-03:00,0,19,0,0,0,13.6,53.7,0.0,0,0,0,0,0,3.7,0,,0.0,19.0,0.0,0.0,0,,
2025-09-28 05:25:00-03:00,0,18,0,0,0,13.6,53.5,0.0,0,0,0,0,0,3.8,0,,0.0,18.0,0.0,0.0,0,,
2025-09-28 05:30:00-03:00,0,18,0,0,0,13.6,53.3,0.0,0,0,0,0,0,3.8,0,,0.0,18.0,0.0,0.0,0,,
2025-09-28 05:35:00-03:00,0,18,0,0,0,13.6,53.1,0.0,0,0,0,0,0,3.8,0,,0.0,18.0,0.0,0.0,0,,
2025-09-28 05:40:00-03:00,0,18,0,0,0,13.6,52.9,0.0,0,0,0,0,0,3.8,0,,0.5773502689718845,18.0,0.0,0.0,0,,
2025-09-28 05:45:00-03:00,0,18,0,0,0,13.6,52.7,0.0,0,0,0,0,0,3.8,0,,3.175426480503277,18.0,0.0,0.0,0,,
2025-09-28 05:50:00-03:00,0,18,0,0,0,13.6,52.5,0.0,0,0,0,0,0,3.8,0,,6.534291828248635,18.0,0.0,0.0,0,,
2025-09-28 05:55:00-03:00,0,18,0,0,0,13.6,52.3,0.0,0,0,0,0,0,3.8,0,,10.791059711479473,18.0,0.0,0.0,0,,
2025-09-28 06:00:00-03:00,0,18,0,0,0,13.6,52.1,0.0,0,0,0,0,0,3.8,0,,16.33364254499352,18.0,0.0,0.0,0,,
2025-09-28 06:05:00-03:00,2,18,0,2,2,13.6,52.0,0.0,1,2,2,1,2,3.8,0,1.0,22.463944174577374,18.0625,0.0,2.0,0,0.0,0.0
2025-09-28 06:10:00-03:00,12,18,0,14,12,13.6,51.9,0.0,7,14,11,7,12,3.9,1,0.9166666666666666,28.79656966102319,18.34375,0.0,11.0,0,8.333333333333332,1.133333333333333
2025-09-28 06:15:00-03:00,24,19,0,27,22,13.6,51.8,0.0,13,27,21,13,22,4.0,1,0.9545454545454546,35.935126733226724,19.65625,0.0,21.0,0,4.545454545454546,0.6181818181818182
2025-09-28 06:20:00-03:00,36,19,0,42,36,13.6,51.7,0.0,20,42,33,20,36,4.0,1,0.9166666666666666,43.63510888347197,20.03125,0.0,33.0,0,8.333333333333332,1.133333333333333
2025-09-28 06:25:00-03:00,51,19,0,59,57,13.6,51.6,0.0,28,59,49,28,57,4.1,1,0.8596491228070176,51.64938616197497,20.53125,0.0,49.0,0,14.035087719298245,1.9087719298245613
2025-09-28 06:30:00-03:00,66,19,0,76,75,13.6,51.5,0.0,37,76,65,36,75,4.1,1,0.8666666666666667,59.539838967217044,21.03125,0.0,65.0,0,13.333333333333334,1.8133333333333335
2025-09-28 06:35:00-03:00,82,19,0,95,94,13.5,51.3,0.0,46,95,81,46,94,4.2,1,0.8617021276595744,66.23992204650438,21.53125,0.0,81.0,0,13.829787234042554,1.8670212765957448
2025-09-28 06:40:00-03:00,103,19,0,115,114,10.2,48.7,0.0,59,115,102,58,114,4.3,1,0.8947368421052632,71.41062436869578,22.1875,0.0,102.0,0,10.526315789473683,1.0736842105263156
2025-09-28 06:45:00-03:00,125,19,0,135,134,6.9,46.1,0.0,73,135,125,71,134,4.3,1,0.9328358208955224,75.74098606234706,22.90625,0.0,125.0,0,6.7164179104477615,0.46343283582089556
2025-09-28 06:50:00-03:00,149,20,0,155,155,3.7,43.4,0.0,88,155,150,86,155,4.4,1,0.967741935483871,78.94469679158203,24.6875,0.0,150.0,0,3.225806451612903,0.11935483870967742
2025-09-28 06:55:00-03:00,175,20,0,176,177,0.4,40.8,0.0,104,176,176,103,177,4.5,1,0.9943502824858758,81.19724394486602,25.5,0.2,175.648,0,0.5649717514124294,0.0022598870056497176
2025-09-28 07:00:00-03:00,197,20,0,197,199,0.0,38.2,0.0,122,197,199,121,199,4.5,1,1.0,82.8370068083664,26.21875,0.48750000000000004,198.029875,0,0.0,0.0
2025-09-28 07:05:00-03:00,219,20,0,219,221,0.0,35.5,0.0,141,219,221,140,221,4.6,1,1.0,83.55958679561657,26.90625,0.7625000000000001,219.314875,0,0.0,0.0
2025-09-28 07:10:00-03:00,241,20,0,241,244,0.0,34.4,0.0,158,241,244,157,244,4.7,1,1.0,83.33407575426634,27.625,1.05,241.43800000000002,0,0.0,0.0
2025-09-28 07:15:00-03:00,262,20,0,262,266,0.0,33.6,0.0,174,262,266,174,266,4.7,1,1.0,82.77621346226898,28.3125,1.3250000000000002,262.4755,0,0.0,0.0
2025-09-28 07:20:00-03:00,284,20,0,284,289,0.0,32.8,0.0,191,284,289,191,289,4.8,1,1.0,82.02494077468451,29.03125,1.6125,284.339875,0,0.0,0.0
2025-09-28 07:25:00-03:00,306,21,0,306,312,0.0,32.0,0.0,208,306,312,208,312,4.9,1,1.0,81.57925129850004,30.75,2.3000000000000003,304.824,0,0.0,0.0
2025-09-28 07:30:00-03:00,328,21,0,328,334,0.0,31.3,0.0,225,328,334,226,334,4.9,1,1.0,81.51631180879477,31.4375,2.575,325.3995,0,0.0,0.0
2025-09-28 07:35:00-03:00,350,21,0,350,357,0.0,30.5,0.0,243,350,357,244,357,5.0,1,1.0,81.4409992794533,32.15625,2.8625000000000003,346.780875,0,0.0,0.0
2025-09-28 07:40:00-03:00,372,21,0,372,380,0.0,29.7,0.0,261,372,380,262,380,5.1,1,1.0,81.21464265646753,32.875,3.1500000000000004,368.03000000000003,0,0.0,0.0
2025-09-28 07:45:00-03:00,393,21,0,393,402,0.0,28.9,0.0,280,393,402,281,402,5.1,1,1.0,81.00107556337609,33.5625,3.4250000000000003,388.2315,0,0.0,0.0
2025-09-28 07:50:00-03:00,415,21,0,415,425,0.0,28.4,0.0,297,415,425,299,425,5.2,1,1.0,80.66071853852421,34.28125,3.7125000000000004,409.221875,0,0.0,0.0
2025-09-28 07:55:00-03:00,437,21,0,437,447,0.0,28.0,0.0,314,437,447,317,447,5.3,1,1.0,80.2206710306362,34.96875,3.9875000000000003,429.175875,0,0.0,0.0
2025-09-28 08:00:00-03:00,458,22,0,458,469,0.0,27.6,0.0,331,458,469,334,469,5.3,1,1.0,79.73117712701907,36.65625,4.6625000000000005,447.132875,0,0.0,0.0
2025-09-28 08:05:00-03:00,479,22,0,479,491,0.0,27.2,0.0,349,479,491,352,491,5.4,1,1.0,79.07629610736757,37.34375,4.9375,466.75687500000004,0,0.0,0.0
2025-09-28 08:10:00-03:00,500,22,0,500,513,0.0,26.7,0.0,366,500,513,370,513,5.5,1,1.0,78.44627576767199,38.03125,5.2125,486.259875,0,0.0,0.0
2025-09-28 08:15:00-03:00,521,22,0,521,535,0.0,26.3,0.0,384,521,535,388,535,5.5,1,1.0,77.75539540862077,38.71875,5.487500000000001,505.64187499999997,0,0.0,0.0
2025-09-28 08:20:00-03:00,542,22,0,542,556,0.0,25.8,0.0,402,542,556,406,556,5.6,1,1.0,76.91199220832851,39.375,5.75,524.03,0,0.0,0.0
2025-09-28 08:25:00-03:00,562,22,0,562,577,0.0,25.4,0.0,419,562,577,425,577,5.7,1,1.0,76.13246032508698,40.03125,6.0125,542.307875,0,0.0,0.0
2025-09-28 08:30:00-03:00,582,22,0,582,598,0.0,24.9,0.0,437,582,598,443,598,5.8,1,1.0,75.1900118286152,40.6875,6.275,560.4755,0,0.0,0.0
2025-09-28 08:35:00-03:00,602,23,0,602,619,0.0,24.7,0.0,453,602,619,459,619,5.8,1,1.0,74.15846056065806,42.34375,6.9375,576.056875,0,0.0,0.0
2025-09-28 08:40:00-03:00,621,23,0,621,639,0.0,24.6,0.0,469,621,639,475,639,5.9,1,1.0,72.9775287123995,42.96875,7.1875,593.071875,0,0.0,0.0
2025-09-28 08:45:00-03:00,640,23,0,640,659,0.0,24.4,0.0,484,640,659,491,659,6.0,1,1.0,71.21685832083791,43.59375,7.4375,609.986875,0,0.0,0.0
2025-09-28 08:50:00-03:00,659,23,0,659,679,0.0,24.3,0.0,499,659,679,507,679,6.0,1,1.0,69.07456445425365,44.21875,7.6875,626.801875,0,0.0,0.0
2025-09-28 08:55:00-03:00,678,23,0,678,698,0.0,24.1,0.0,514,678,698,522,698,6.1,1,1.0,66.95379456057728,44.8125,7.925000000000001,642.6835,0,0.0,0.0
2025-09-28 09:00:00-03:00,696,23,0,696,717,0.0,24.0,0.0,529,696,717,537,717,6.2,1,1.0,64.95750359062957,45.40625,8.1625,658.474875,0,0.0,0.0
2025-09-28 09:05:00-03:00,714,23,0,714,735,0.0,23.9,0.0,543,714,735,552,735,6.2,1,1.0,63.195404033113604,45.96875,8.387500000000001,673.351875,0,0.0,0.0
2025-09-28 09:10:00-03:00,727,24,0,731,753,0.6,24.0,0.0,556,731,749,565,753,6.1,1,0.9946879150066401,61.6461063185811,47.40625,8.9625,681.870875,0,0.5312084993359893,0.0031872509960159364
2025-09-28 09:15:00-03:00,741,24,0,748,771,1.0,24.0,0.0,569,748,763,578,771,6.0,1,0.9896238651102465,60.13394140658243,47.84375,9.137500000000001,693.280875,0,1.0376134889753565,0.010376134889753565
2025-09-28 09:20:00-03:00,757,24,0,765,789,1.0,24.0,0.0,581,765,780,591,789,5.9,1,0.9885931558935361,58.925736518450115,48.375,9.35,707.0699999999999,0,1.1406844106463878,0.011406844106463879
2025-09-28 09:25:00-03:00,773,24,0,781,806,1.0,24.0,0.0,594,781,797,604,806,5.8,1,0.988833746898263,57.85771471043886,48.90625,9.5625,720.786875,0,1.1166253101736971,0.011166253101736972
2025-09-28 09:30:00-03:00,789,24,0,797,822,1.0,24.0,0.0,606,797,814,616,822,5.8,1,0.9902676399026764,57.04756123116593,49.4375,9.775,734.4315,0,0.9732360097323601,0.009732360097323601
2025-09-28 09:35:00-03:00,805,24,0,813,838,1.0,24.0,0.0,618,813,830,628,838,5.7,1,0.9904534606205251,56.32669855136509,49.9375,9.975000000000001,747.2075,0,0.9546539379474941,0.00954653937947494
2025-09-28 09:40:00-03:00,820,25,0,828,854,1.0,24.0,0.0,629,828,845,640,854,5.6,1,0.9894613583138173,55.810284704409675,51.40625,10.5625,755.746875,0,1.053864168618267,0.010538641686182671
2025-09-28 09:45:00-03:00,834,25,0,843,869,1.0,24.0,0.0,640,843,861,652,869,5.5,1,0.9907940161104718,54.806201263808504,51.90625,10.762500000000001,768.334875,0,0.9205983889528193,0.009205983889528193
2025-09-28 09:50:00-03:00,848,25,0,857,884,1.0,24.0,0.0,651,857,875,663,884,5.4,1,0.9898190045248869,53.18635049321646,52.34375,10.9375,779.296875,0,1.0180995475113122,0.01018099547511312
2025-09-28 09:55:00-03:00,862,25,0,871,899,1.0,24.0,0.0,662,871,890,674,899,5.3,1,0.9899888765294772,51.499043827540156,52.8125,11.125,790.9875000000001,0,1.0011123470522802,0.010011123470522803
2025-09-28 10:00:00-03:00,875,25,0,884,913,1.0,24.0,0.0,672,884,903,684,913,5.3,1,0.9890470974808324,49.73901584238558,53.21875,11.287500000000001,801.0738749999999,0,1.095290251916758,0.01095290251916758
2025-09-28 10:05:00-03:00,888,25,0,897,926,1.0,24.0,0.0,682,897,917,694,926,5.2,1,0.990280777537797,48.0574151563995,53.65625,11.4625,811.888875,0,0.9719222462203023,0.009719222462203024
2025-09-28 10:10:00-03:00,901,25,0,910,939,1.0,24.0,0.0,691,910,930,704,939,5.1,1,0.9904153354632588,46.30400205230634,54.0625,11.625,821.8875,0,0.9584664536741214,0.009584664536741214
2025-09-28 10:15:00-03:00,912,26,0,922,952,1.0,24.0,0.0,700,922,942,713,952,5.0,1,0.9894957983193278,44.451113767271316,55.4375,12.175,827.3115,0,1.050420168067227,0.01050420168067227
2025-09-28 10:20:00-03:00,924,26,0,933,964,1.0,24.0,0.0,709,933,954,722,964,4.9,1,0.9896265560165975,42.67308782173848,55.8125,12.325000000000001,836.4195000000001,0,1.0373443983402488,0.010373443983402487
2025-09-28 10:25:00-03:00,935,26,0,944,975,1.0,24.0,0.0,718,944,965,731,975,4.8,1,0.9897435897435898,40.79327038973815,56.15625,12.4625,844.736875,0,1.0256410256410255,0.010256410256410255
2025-09-28 10:30:00-03:00,945,26,0,955,986,1.0,24.0,0.0,726,955,976,739,986,4.8,1,0.9898580121703854,38.988343246286895,56.5,12.600000000000001,853.024,0,1.0141987829614605,0.010141987829614604
2025-09-28 10:35:00-03:00,955,26,0,965,997,1.0,24.0,0.0,733,965,986,747,997,4.7,1,0.9889669007021064,37.07843856016565,56.8125,12.725000000000001,860.5315,0,1.103309929789368,0.01103309929789368
2025-09-28 10:40:00-03:00,964,26,0,974,1006,1.0,24.0,0.0,740,974,996,754,1006,4.6,1,0.9900596421471173,35.24320265430914,57.125,12.850000000000001,868.0139999999999,0,0.9940357852882704,0.009940357852882704
2025-09-28 10:45:00-03:00,973,27,0,983,1016,1.0,24.0,0.0,747,983,1005,761,1016,4.5,1,0.9891732283464567,33.48394006719653,58.40625,13.3625,870.706875,0,1.0826771653543308,0.010826771653543309
2025-09-28 10:50:00-03:00,982,27,0,992,1025,1.0,24.0,0.0,754,992,1014,768,1025,4.4,1,0.9892682926829268,31.64995571827961,58.6875,13.475000000000001,877.3634999999999,0,1.0731707317073171,0.010731707317073172
2025-09-28 10:55:00-03:00,990,27,0,1000,1033,1.0,24.0,0.0,760,1000,1022,774,1033,4.3,1,0.989351403678606,29.76880612623185,58.9375,13.575000000000001,883.2634999999999,0,1.0648596321393997,0.010648596321393998
2025-09-28 11:00:00-03:00,997,27,0,1007,1041,1.0,24.0,0.0,765,1007,1030,780,1041,4.3,1,0.989433237271854,27.832153849067222,59.1875,13.675,889.1474999999999,0,1.0566762728146013,0.010566762728146013
2025-09-28 11:05:00-03:00,1004,27,0,1014,1048,1.0,24.0,0.0,771,1014,1037,786,1048,4.2,1,0.9895038167938931,25.87074514861938,59.40625,13.762500000000001,894.282875,0,1.049618320610687,0.01049618320610687
2025-09-28 11:10:00-03:00,1010,27,0,1020,1054,1.0,24.0,0.0,775,1020,1044,790,1054,4.1,1,0.9905123339658444,23.872610145329194,59.625,13.850000000000001,899.406,0,0.9487666034155597,0.009487666034155597
2025-09-28 11:15:00-03:00,1016,28,0,1026,1061,1.0,24.0,0.0,780,1026,1050,795,1061,4.0,1,0.9896324222431668,21.872911155664724,60.8125,14.325000000000001,899.5875,0,1.0367577756833177,0.010367577756833177
2025-09-28 11:20:00-03:00,1021,28,0,1031,1066,1.0,24.0,0.0,784,1031,1055,799,1066,3.9,1,0.9896810506566605,19.856111188108116,60.96875,14.387500000000001,903.2118750000001,0,1.0318949343339587,0.010318949343339587
2025-09-28 11:25:00-03:00,1026,28,0,1036,1071,1.0,24.0,0.0,787,1036,1060,803,1071,3.8,1,0.9897292250233427,17.86375202366506,61.125,14.450000000000001,906.8299999999999,0,1.0270774976657329,0.010270774976657328
2025-09-28 11:30:00-03:00,1030,28,0,1040,1075,1.0,24.0,0.0,791,1040,1064,806,1075,3.8,1,0.9897674418604652,15.77012903232977,61.25,14.5,909.72,0,1.0232558139534882,0.010232558139534881
2025-09-28 11:35:00-03:00,1033,28,0,1044,1079,1.0,24.0,0.0,793,1044,1068,809,1079,3.7,1,0.989805375347544,13.74993112928079,61.375,14.55,912.606,0,1.0194624652455977,0.010194624652455977
2025-09-28 11:40:00-03:00,1037,28,0,1047,1082,1.0,24.0,0.0,796,1047,1071,811,1082,3.6,1,0.9898336414048059,11.780826744640498,61.46875,14.5875,914.767875,0,1.0166358595194085,0.010166358595194085
2025-09-28 11:45:00-03:00,1039,28,0,1050,1085,1.0,24.0,0.0,798,1050,1074,813,1085,3.5,1,0.9898617511520738,9.93730345714356,61.5625,14.625,916.9275,0,1.0138248847926268,0.010138248847926268
2025-09-28 11:50:00-03:00,1041,29,0,1052,1087,1.0,24.0,0.0,799,1052,1076,815,1087,3.4,1,0.9898804047838087,8.12916559879861,62.625,15.05,914.062,0,1.011959521619135,0.01011959521619135
2025-09-28 11:55:00-03:00,1043,29,0,1053,1089,1.0,24.0,0.0,800,1053,1077,816,1089,3.3,1,0.9889807162534435,6.286107819192192,62.65625,15.0625,914.776875,0,1.1019283746556474,0.011019283746556474
2025-09-28 12:00:00-03:00,1043,29,0,1054,1090,1.0,24.0,0.0,801,1054,1078,817,1090,3.3,1,0.9889908256880734,4.679905463882044,62.6875,15.075000000000001,915.4915,0,1.1009174311926606,0.011009174311926606
2025-09-28 12:05:00-03:00,1044,29,0,1054,1090,1.0,24.1,0.0,800,1054,1079,816,1090,3.2,1,0.9899082568807339,3.441062203777643,62.71875,15.0875,916.205875,0,1.0091743119266057,0.010091743119266057
2025-09-28 12:10:00-03:00,1044,29,0,1054,1090,1.0,24.2,0.0,799,1054,1079,814,1090,3.1,1,0.9899082568807339,3.256694736296089,62.71875,15.0875,916.205875,0,1.0091743119266057,0.010091743119266057
2025-09-28 12:15:00-03:00,1043,29,0,1053,1089,1.0,24.4,0.0,796,1053,1078,812,1089,3.1,1,0.98989898989899,4.281744192813437,62.6875,15.075000000000001,915.4915,0,1.0101010101010102,0.010101010101010102
2025-09-28 12:20:00-03:00,1042,29,0,1052,1088,1.0,24.6,0.0,793,1052,1076,809,1088,3.0,1,0.9889705882352942,5.863988713812636,62.625,15.05,914.062,0,1.1029411764705883,0.011029411764705883
2025-09-28 12:25:00-03:00,1040,29,0,1050,1086,1.0,24.8,0.0,790,1050,1075,805,1086,2.9,1,0.9898710865561694,7.716079236713224,62.59375,15.037500000000001,913.346875,0,1.0128913443830572,0.010128913443830571
2025-09-28 12:30:00-03:00,1037,29,1,1048,1083,1.0,24.9,0.0,787,1048,1072,802,1083,2.9,1,0.989843028624192,9.62438506493508,62.5,15.0,911.1999999999999,0,1.0156971375807942,0.010156971375807941
2025-09-28 12:35:00-03:00,1034,29,1,1045,1080,1.0,25.1,0.0,783,1045,1069,798,1080,2.8,1,0.9898148148148148,11.789504834461074,62.40625,14.9625,909.050875,0,1.0185185185185186,0.010185185185185186
2025-09-28 12:40:00-03:00,1031,29,1,1041,1076,1.0,25.2,0.0,778,1041,1065,793,1076,2.8,1,0.9897769516728625,13.792839600378928,62.28125,14.912500000000001,906.1818750000001,0,1.0223048327137547,0.010223048327137546
2025-09-28 12:45:00-03:00,1027,30,1,1037,1072,1.0,25.4,0.0,773,1037,1061,788,1072,2.7,1,0.9897388059701493,15.761479702857837,63.15625,15.262500000000001,899.064875,0,1.0261194029850746,0.010261194029850746
2025-09-28 12:50:00-03:00,1022,30,1,1032,1067,1.0,25.6,0.0,768,1032,1056,782,1067,2.7,1,0.9896907216494846,17.80938635730045,63.0,15.200000000000001,895.4879999999999,0,1.0309278350515463,0.010309278350515462
2025-09-28 12:55:00-03:00,1017,30,1,1027,1061,1.0,25.8,0.0,763,1027,1051,776,1061,2.6,1,0.9905749293119699,19.881466929582498,62.84375,15.137500000000001,891.904875,0,0.9425070688030159,0.00942507068803016
2025-09-28 13:00:00-03:00,1011,30,1,1021,1055,1.0,25.9,0.0,757,1021,1044,770,1055,2.6,1,0.9895734597156398,21.872045254975955,62.625,15.05,886.878,0,1.042654028436019,0.010426540284360191
2025-09-28 13:05:00-03:00,1005,30,1,1015,1049,1.0,26.0,0.0,751,1015,1038,764,1049,2.5,1,0.9895138226882746,23.84800353754214,62.4375,14.975000000000001,882.5595,0,1.0486177311725453,0.010486177311725454
2025-09-28 13:10:00-03:00,998,30,2,1008,1042,1.0,26.0,0.0,746,1008,1031,759,1042,2.5,1,0.989443378119002,25.82399635761543,62.21875,14.887500000000001,877.509875,0,1.055662188099808,0.01055662188099808
2025-09-28 13:15:00-03:00,991,30,2,1001,1034,1.0,26.0,0.0,740,1001,1023,753,1034,2.5,1,0.9893617021276596,27.764703994066522,61.96875,14.787500000000001,871.723875,0,1.0638297872340425,0.010638297872340425
2025-09-28 13:20:00-03:00,983,30,2,993,1025,1.0,26.0,0.0,734,993,1015,747,1025,2.4,1,0.9902439024390244,29.681516542147385,61.71875,14.6875,865.921875,0,0.975609756097561,0.00975609756097561
2025-09-28 13:25:00-03:00,974,30,2,984,1017,1.0,26.0,0.0,728,984,1006,741,1017,2.4,1,0.9891838741396264,31.543620591164615,61.4375,14.575000000000001,859.3755,0,1.0816125860373649,0.010816125860373648
2025-09-28 13:30:00-03:00,965,30,2,975,1007,1.0,26.0,0.0,722,975,997,734,1007,2.4,1,0.9900695134061569,33.358929566422326,61.15625,14.4625,852.808875,0,0.9930486593843099,0.009930486593843098
2025-09-28 13:35:00-03:00,956,30,2,966,997,1.0,26.0,0.0,715,966,987,727,997,2.3,1,0.9899699097291875,35.39388750514157,60.84375,14.3375,845.488875,0,1.0030090270812437,0.010030090270812437
2025-09-28 13:40:00-03:00,946,30,2,956,987,1.0,26.0,0.0,707,956,977,719,987,2.3,1,0.9898682877406282,37.34716329334732,60.53125,14.2125,838.143875,0,1.0131712259371835,0.010131712259371834
2025-09-28 13:45:00-03:00,936,30,2,945,976,1.0,26.0,0.0,699,945,966,711,976,2.3,1,0.9897540983606558,39.19492855257892,60.1875,14.075000000000001,830.0355,0,1.0245901639344261,0.010245901639344262
2025-09-28 13:50:00-03:00,925,30,2,934,964,1.0,26.0,0.0,691,934,955,703,964,2.3,1,0.9906639004149378,41.0899788712005,59.84375,13.9375,821.896875,0,0.9336099585062241,0.00933609958506224
2025-09-28 13:55:00-03:00,913,30,2,922,952,1.0,26.0,0.0,683,922,943,694,952,2.3,1,0.990546218487395,42.88320996577838,59.46875,13.787500000000001,812.983875,0,0.9453781512605042,0.009453781512605041
2025-09-28 14:00:00-03:00,901,30,3,911,940,1.0,26.0,0.0,674,911,930,685,940,2.3,1,0.9893617021276596,44.726356543947354,59.0625,13.625,803.2875,0,1.0638297872340425,0.010638297872340425
2025-09-28 14:05:00-03:00,889,30,3,898,927,1.0,26.0,0.0,665,898,917,676,927,2.3,1,0.9892125134843581,46.4699316273854,58.65625,13.4625,793.548875,0,1.0787486515641855,0.010787486515641855
2025-09-28 14:10:00-03:00,876,31,3,885,913,1.0,26.0,0.0,655,885,904,666,913,2.3,1,0.9901423877327492,48.26528647783211,59.25,13.700000000000001,780.152,0,0.9857612267250823,0.009857612267250822
2025-09-28 14:15:00-03:00,863,31,3,872,899,1.0,26.0,0.0,645,872,890,656,899,2.3,1,0.9899888765294772,49.962410112420976,58.8125,13.525,769.6275,0,1.0011123470522802,0.010011123470522803
2025-09-28 14:20:00-03:00,849,31,3,858,885,1.0,26.0,0.0,635,858,876,645,885,2.3,1,0.9898305084745763,51.566961469053375,58.375,13.350000000000001,759.0540000000001,0,1.0169491525423728,0.010169491525423728
2025-09-28 14:25:00-03:00,835,31,3,844,870,1.0,26.0,0.0,624,844,861,634,870,2.3,1,0.9896551724137931,53.10338686909729,57.90625,13.162500000000001,747.670875,0,1.0344827586206897,0.010344827586206896
2025-09-28 14:30:00-03:00,821,31,3,829,855,1.0,26.0,0.0,613,829,846,623,855,2.3,1,0.9894736842105263,54.57681547945156,57.4375,12.975000000000001,736.2315,0,1.0526315789473684,0.010526315789473684
2025-09-28 14:35:00-03:00,806,31,3,814,839,1.0,26.0,0.0,602,814,830,612,839,2.3,1,0.9892729439809297,55.87506355497093,56.9375,12.775,723.9675,0,1.0727056019070322,0.010727056019070322
2025-09-28 14:40:00-03:00,790,31,4,798,823,1.0,26.0,0.0,591,798,814,600,823,2.3,1,0.9890643985419199,56.51300467121711,56.4375,12.575000000000001,711.6395,0,1.0935601458080195,0.010935601458080195
2025-09-28 14:45:00-03:00,774,31,4,782,806,1.0,26.0,0.0,579,782,798,588,806,2.4,1,0.9900744416873449,57.19821993415241,55.9375,12.375,699.2475,0,0.9925558312655087,0.009925558312655087
2025-09-28 14:50:00-03:00,758,31,4,766,789,1.0,26.0,0.0,567,766,781,575,789,2.4,1,0.9898605830164765,58.106485321028835,55.40625,12.162500000000001,686.010875,0,1.0139416983523446,0.010139416983523447
2025-09-28 14:55:00-03:00,741,31,4,749,772,1.0,26.0,0.0,554,749,764,562,772,2.4,1,0.9896373056994818,59.11230964456094,54.875,11.950000000000001,672.702,0,1.0362694300518136,0.010362694300518137
2025-09-28 15:00:00-03:00,727,31,4,732,754,0.7,26.0,0.0,542,732,748,549,754,2.5,1,0.9920424403183024,60.39284274270216,54.375,11.75,660.11,0,0.7957559681697612,0.005570291777188329
2025-09-28 15:05:00-03:00,714,31,4,714,735,0.0,26.2,0.0,527,714,735,534,735,2.5,1,1.0,61.81717913624767,53.96875,11.5875,649.8318750000001,0,0.0,0.0
2025-09-28 15:10:00-03:00,696,31,4,696,717,0.0,26.7,0.0,511,696,717,518,717,2.5,1,1.0,63.41272934059485,53.40625,11.3625,635.530875,0,0.0,0.0
2025-09-28 15:15:00-03:00,678,31,4,678,698,0.0,27.1,0.0,494,678,698,500,698,2.5,1,1.0,65.21915269908965,52.8125,11.125,620.3475000000001,0,0.0,0.0
2025-09-28 15:20:00-03:00,660,31,4,660,679,0.0,27.6,0.0,477,660,679,483,679,2.5,1,1.0,67.1043962792252,52.21875,10.887500000000001,605.0738749999999,0,0.0,0.0
2025-09-28 15:25:00-03:00,641,31,4,641,659,0.0,28.2,0.0,460,641,659,466,659,2.6,1,1.0,69.09430314629435,51.59375,10.637500000000001,588.898875,0,0.0,0.0
2025-09-28 15:30:00-03:00,622,31,3,622,639,0.0,28.7,0.0,443,622,639,448,639,2.6,1,1.0,71.08680140034878,50.96875,10.387500000000001,572.623875,0,0.0,0.0
2025-09-28 15:35:00-03:00,602,30,3,602,619,0.0,29.3,0.0,426,602,619,430,619,2.6,1,1.0,72.97752871239882,49.34375,9.7375,558.724875,0,0.0,0.0
2025-09-28 15:40:00-03:00,582,30,3,582,598,0.0,29.8,0.0,409,582,598,412,598,2.6,1,1.0,74.15846056065737,48.6875,9.475,541.3395,0,0.0,0.0
2025-09-28 15:45:00-03:00,562,30,3,562,577,0.0,30.6,0.0,390,562,577,393,577,2.6,1,1.0,75.04887296510614,48.03125,9.2125,523.843875,0,0.0,0.0
2025-09-28 15:50:00-03:00,542,30,3,542,556,0.0,31.4,0.0,372,542,556,375,556,2.7,1,1.0,76.01808995232194,47.375,8.950000000000001,506.238,0,0.0,0.0
2025-09-28 15:55:00-03:00,522,30,3,522,535,0.0,32.2,0.0,354,522,535,356,535,2.7,1,1.0,76.82383429086855,46.71875,8.6875,488.52187499999997,0,0.0,0.0
2025-09-28 16:00:00-03:00,501,30,3,501,513,0.0,33.0,0.0,336,501,513,337,513,2.7,1,1.0,77.5524749033561,46.03125,8.4125,469.843875,0,0.0,0.0
2025-09-28 16:05:00-03:00,480,30,3,480,491,0.0,33.8,0.0,318,480,491,319,491,2.7,1,1.0,78.29528411820746,45.34375,8.137500000000001,451.044875,0,0.0,0.0
2025-09-28 16:10:00-03:00,459,30,2,459,470,0.0,34.6,0.0,300,459,470,301,470,2.7,1,1.0,78.83637639074715,44.6875,7.875,432.9875,0,0.0,0.0
2025-09-28 16:15:00-03:00,438,29,2,438,447,0.0,35.4,0.0,283,438,447,283,447,2.8,1,1.0,79.4280692313334,42.96875,7.1875,414.871875,0,0.0,0.0
2025-09-28 16:20:00-03:00,416,29,2,416,425,0.0,36.2,0.0,265,416,425,265,425,2.8,1,1.0,80.01983655584127,42.28125,6.9125000000000005,395.621875,0,0.0,0.0
2025-09-28 16:25:00-03:00,395,29,2,395,403,0.0,37.2,0.0,248,395,403,247,403,2.8,1,1.0,80.561476619727,41.59375,6.6375,376.250875,0,0.0,0.0
2025-09-28 16:30:00-03:00,373,29,2,373,380,0.0,38.5,0.0,229,373,380,229,380,2.8,1,1.0,80.86333401411355,40.875,6.3500000000000005,355.87,0,0.0,0.0
2025-09-28 16:35:00-03:00,351,29,2,351,358,0.0,39.7,0.0,212,351,358,211,358,2.9,1,1.0,81.20284179233396,40.1875,6.075,336.2515,0,0.0,0.0
2025-09-28 16:40:00-03:00,329,29,2,329,335,0.0,41.0,0.0,194,329,335,193,335,2.9,1,1.0,81.41587962151338,39.46875,5.7875000000000005,315.611875,0,0.0,0.0
2025-09-28 16:45:00-03:00,307,29,2,307,312,0.0,42.3,0.0,177,307,312,176,312,2.9,1,1.0,81.34047410282308,38.75,5.5,294.84,0,0.0,0.0
2025-09-28 16:50:00-03:00,285,29,2,285,289,0.0,43.6,0.0,161,285,289,159,289,2.9,1,1.0,81.2778157514868,38.03125,5.2125,273.935875,0,0.0,0.0
2025-09-28 16:55:00-03:00,264,29,2,264,267,0.0,44.9,0.0,145,264,267,143,267,2.9,1,1.0,81.78700163450755,37.34375,4.9375,253.816875,0,0.0,0.0
2025-09-28 17:00:00-03:00,242,28,1,242,244,0.0,46.2,0.0,130,242,244,128,244,3.0,1,1.0,82.46413361778947,35.625,4.25,233.63,0,0.0,0.0
2025-09-28 17:05:00-03:00,220,28,1,220,222,0.0,47.5,0.0,115,220,222,114,222,3.0,1,1.0,83.11050511581172,34.9375,3.975,213.1755,0,0.0,0.0
2025-09-28 17:10:00-03:00,199,28,1,199,200,0.0,50.2,0.0,99,199,200,97,200,3.0,1,1.0,83.28642619225593,34.25,3.7,192.6,0,0.0,0.0
2025-09-28 17:15:00-03:00,177,28,1,177,178,0.0,52.8,0.0,84,177,178,82,178,3.0,1,1.0,82.51207441484992,33.5625,3.4250000000000003,171.9035,0,0.0,0.0
2025-09-28 17:20:00-03:00,151,28,1,156,156,3.2,55.4,0.0,70,156,151,69,156,3.0,1,0.967948717948718,80.98241485131709,32.71875,3.0875000000000004,146.337875,0,3.205128205128205,0.10256410256410256
2025-09-28 17:25:00-03:00,127,28,1,136,135,6.4,58.0,0.0,57,136,126,56,135,3.1,1,0.9333333333333333,78.74161812054494,31.9375,2.7750000000000004,122.50349999999999,0,6.666666666666667,0.4266666666666667
2025-09-28 17:30:00-03:00,104,28,1,116,114,9.7,60.5,0.0,46,116,103,45,114,3.1,1,0.9035087719298246,75.55386398878399,31.21875,2.4875000000000003,100.437875,0,9.649122807017543,0.9359649122807017
2025-09-28 17:35:00-03:00,84,28,1,96,95,13.0,63.1,0.0,36,96,82,35,95,3.1,1,0.8631578947368421,71.29962386742073,30.5625,2.225,80.1755,0,13.684210526315791,1.7789473684210528
2025-09-28 17:40:00-03:00,67,27,0,78,76,13.6,63.8,0.0,28,78,66,28,76,3.1,1,0.868421052631579,66.19547498953548,29.0625,1.625,64.9275,0,13.157894736842104,1.789473684210526
2025-09-28 17:45:00-03:00,52,27,0,60,58,13.6,64.2,0.0,22,60,50,21,58,3.1,1,0.8620689655172413,59.67100458244436,28.5625,1.425,49.2875,0,13.793103448275861,1.8758620689655172
2025-09-28 17:50:00-03:00,38,27,0,44,38,13.6,64.5,0.0,16,44,35,15,38,3.2,1,0.9210526315789473,51.73028829681926,28.09375,1.2375,34.566874999999996,0,7.894736842105263,1.0736842105263158
2025-09-28 17:55:00-03:00,25,27,0,29,23,13.6,64.9,0.0,10,29,22,10,23,3.2,1,0.9565217391304348,43.8164214408034,27.6875,1.075,21.7635,0,4.3478260869565215,0.5913043478260869
2025-09-28 18:00:00-03:00,13,27,0,15,13,13.6,65.2,0.0,5,15,13,5,13,3.2,1,1.0,36.20606009880246,27.40625,0.9625,12.874875,0,0.0,0.0
2025-09-28 18:05:00-03:00,3,27,0,4,4,13.6,65.6,0.0,1,4,3,1,4,3.2,0,0.75,29.14995192052647,27.09375,0.8375,2.974875,0,25.0,3.4
2025-09-28 18:10:00-03:00,0,27,0,0,0,13.6,66.0,0.0,0,0,0,0,0,3.2,0,,22.89551365341807,27.0,0.8,0.0,0,,
2025-09-28 18:15:00-03:00,0,27,0,0,0,13.6,66.4,0.0,0,0,0,0,0,3.1,0,,16.858367223840308,27.0,0.8,0.0,0,,
2025-09-28 18:20:00-03:00,0,27,0,0,0,13.6,66.8,0.0,0,0,0,0,0,3.1,0,,11.45313242844725,27.0,0.8,0.0,0,,
2025-09-28 18:25:00-03:00,0,27,0,0,0,13.6,67.2,0.0,0,0,0,0,0,3.0,0,,7.017294652623028,27.0,0.8,0.0,0,,
2025-09-28 18:30:00-03:00,0,26,0,0,0,13.6,67.7,0.0,0,0,0,0,0,3.0,0,,3.773913650539941,26.0,0.4,0.0,0,,
2025-09-28 18:35:00-03:00,0,26,0,0,0,13.6,68.1,0.0,0,0,0,0,0,2.9,0,,0.8660254033845862,26.0,0.4,0.0,0,,
2025-09-28 18:40:00-03:00,0,26,0,0,0,13.6,68.5,0.0,0,0,0,0,0,2.9,0,,0.0,26.0,0.4,0.0,0,,
2025-09-28 18:45:00-03:00,0,26,0,0,0,13.6,68.9,0.0,0,0,0,0,0,2.9,0,,0.0,26.0,0.4,0.0,0,,
2025-09-28 18:50:00-03:00,0,26,0,0,0,13.6,69.3,0.0,0,0,0,0,0,2.9,0,,0.0,26.0,0.4,0.0,0,,
2025-09-28 18:55:00-03:00,0,26,0,0,0,13.6,69.7,0.0,0,0,0,0,0,2.8,0,,0.0,26.0,0.4,0.0,0,,
2025-09-28 19:00:00-03:00,0,26,0,0,0,13.6,70.0,0.0,0,0,0,0,0,2.8,0,,0.0,26.0,0.4,0.0,0,,
2025-09-28 19:05:00-03:00,0,26,0,0,0,13.6,70.4,0.0,0,0,0,0,0,2.8,0,,0.0,26.0,0.4,0.0,0,,
2025-09-28 19:10:00-03:00,0,26,0,0,0,13.6,70.8,0.0,0,0,0,0,0,2.7,0,,0.0,26.0,0.4,0.0,0,,
2025-09-28 19:15:00-03:00,0,26,0,0,0,13.6,71.2,0.0,0,0,0,0,0,2.7,0,,0.0,26.0,0.4,0.0,0,,
2025-09-28 19:20:00-03:00,0,26,0,0,0,13.6,71.6,0.0,0,0,0,0,0,2.7,0,,0.0,26.0,0.4,0.0,0,,
2025-09-28 19:25:00-03:00,0,26,0,0,0,13.6,72.0,0.0,0,0,0,0,0,2.7,0,,0.0,26.0,0.4,0.0,0,,
2025-09-28 19:30:00-03:00,0,25,0,0,0,13.6,72.3,0.0,0,0,0,0,0,2.7,0,,0.0,25.0,0.0,0.0,0,,
2025-09-28 19:35:00-03:00,0,25,0,0,0,13.6,72.7,0.0,0,0,0,0,0,2.7,0,,0.0,25.0,0.0,0.0,0,,
2025-09-28 19:40:00-03:00,0,25,0,0,0,13.6,73.1,0.0,0,0,0,0,0,2.7,0,,0.0,25.0,0.0,0.0,0,,
2025-09-28 19:45:00-03:00,0,25,0,0,0,13.6,73.4,0.0,0,0,0,0,0,2.7,0,,0.0,25.0,0.0,0.0,0,,
2025-09-28 19:50:00-03:00,0,25,0,0,0,13.6,73.8,0.0,0,0,0,0,0,2.7,0,,0.0,25.0,0.0,0.0,0,,
2025-09-28 19:55:00-03:00,0,25,0,0,0,13.6,74.2,0.0,0,0,0,0,0,2.7,0,,0.0,25.0,0.0,0.0,0,,
2025-09-28 20:00:00-03:00,0,25,0,0,0,13.6,74.5,0.0,0,0,0,0,0,2.7,0,,0.0,25.0,0.0,0.0,0,,
2025-09-28 20:05:00-03:00,0,25,0,0,0,13.6,74.9,0.0,0,0,0,0,0,2.7,0,,0.0,25.0,0.0,0.0,0,,
2025-09-28 20:10:00-03:00,0,25,0,0,0,13.6,75.2,0.0,0,0,0,0,0,2.7,0,,0.0,25.0,0.0,0.0,0,,
2025-09-28 20:15:00-03:00,0,25,0,0,0,13.6,75.6,0.0,0,0,0,0,0,2.7,0,,0.0,25.0,0.0,0.0,0,,
2025-09-28 20:20:00-03:00,0,25,0,0,0,13.6,75.9,0.0,0,0,0,0,0,2.7,0,,0.0,25.0,0.0,0.0,0,,
2025-09-28 20:25:00-03:00,0,24,0,0,0,13.6,76.3,0.0,0,0,0,0,0,2.7,0,,0.0,24.0,0.0,0.0,0,,
2025-09-28 20:30:00-03:00,0,24,0,0,0,13.6,76.6,0.0,0,0,0,0,0,2.7,0,,0.0,24.0,0.0,0.0,0,,
2025-09-28 20:35:00-03:00,0,24,0,0,0,13.6,77.0,0.0,0,0,0,0,0,2.8,0,,0.0,24.0,0.0,0.0,0,,
2025-09-28 20:40:00-03:00,0,24,0,0,0,13.6,77.3,0.0,0,0,0,0,0,2.8,0,,0.0,24.0,0.0,0.0,0,,
2025-09-28 20:45:00-03:00,0,24,0,0,0,13.6,77.6,0.0,0,0,0,0,0,2.8,0,,0.0,24.0,0.0,0.0,0,,
2025-09-28 20:50:00-03:00,0,24,0,0,0,13.6,78.0,0.0,0,0,0,0,0,2.8,0,,0.0,24.0,0.0,0.0,0,,
2025-09-28 20:55:00-03:00,0,24,0,0,0,13.6,78.3,0.0,0,0,0,0,0,2.9,0,,0.0,24.0,0.0,0.0,0,,
2025-09-28 21:00:00-03:00,0,24,0,0,0,13.6,78.6,0.0,0,0,0,0,0,2.9,0,,0.0,24.0,0.0,0.0,0,,
2025-09-28 21:05:00-03:00,0,24,0,0,0,13.6,78.7,0.0,0,0,0,0,0,2.9,0,,0.0,24.0,0.0,0.0,0,,
2025-09-28 21:10:00-03:00,0,24,0,0,0,13.6,78.6,0.0,0,0,0,0,0,2.9,0,,0.0,24.0,0.0,0.0,0,,
2025-09-28 21:15:00-03:00,0,24,0,0,0,13.6,78.4,0.0,0,0,0,0,0,3.0,0,,0.0,24.0,0.0,0.0,0,,
2025-09-28 21:20:00-03:00,0,24,0,0,0,13.6,78.3,0.0,0,0,0,0,0,3.0,0,,0.0,24.0,0.0,0.0,0,,
2025-09-28 21:25:00-03:00,0,24,0,0,0,13.6,78.2,0.0,0,0,0,0,0,3.0,0,,0.0,24.0,0.0,0.0,0,,
2025-09-28 21:30:00-03:00,0,24,0,0,0,13.6,78.1,0.0,0,0,0,0,0,3.0,0,,0.0,24.0,0.0,0.0,0,,
2025-09-28 21:35:00-03:00,0,24,0,0,0,13.6,77.9,0.0,0,0,0,0,0,3.0,0,,0.0,24.0,0.0,0.0,0,,
2025-09-28 21:40:00-03:00,0,24,0,0,0,13.6,77.8,0.0,0,0,0,0,0,3.0,0,,0.0,24.0,0.0,0.0,0,,
2025-09-28 21:45:00-03:00,0,23,0,0,0,13.6,77.7,0.0,0,0,0,0,0,3.0,0,,0.0,23.0,0.0,0.0,0,,
2025-09-28 21:50:00-03:00,0,23,0,0,0,13.6,77.5,0.0,0,0,0,0,0,3.1,0,,0.0,23.0,0.0,0.0,0,,
2025-09-28 21:55:00-03:00,0,23,0,0,0,13.6,77.4,0.0,0,0,0,0,0,3.1,0,,0.0,23.0,0.0,0.0,0,,
2025-09-28 22:00:00-03:00,0,23,0,0,0,13.6,77.3,0.0,0,0,0,0,0,3.1,0,,0.0,23.0,0.0,0.0,0,,
2025-09-28 22:05:00-03:00,0,23,0,0,0,13.6,77.2,0.0,0,0,0,0,0,3.1,0,,0.0,23.0,0.0,0.0,0,,
2025-09-28 22:10:00-03:00,0,23,0,0,0,13.6,77.1,0.0,0,0,0,0,0,3.1,0,,0.0,23.0,0.0,0.0,0,,
2025-09-28 22:15:00-03:00,0,23,0,0,0,13.6,77.0,0.0,0,0,0,0,0,3.1,0,,0.0,23.0,0.0,0.0,0,,
2025-09-28 22:20:00-03:00,0,23,0,0,0,13.6,77.0,0.0,0,0,0,0,0,3.2,0,,0.0,23.0,0.0,0.0,0,,
2025-09-28 22:25:00-03:00,0,23,0,0,0,13.6,76.9,0.0,0,0,0,0,0,3.2,0,,0.0,23.0,0.0,0.0,0,,
2025-09-28 22:30:00-03:00,0,23,0,0,0,13.6,76.8,0.0,0,0,0,0,0,3.2,0,,0.0,23.0,0.0,0.0,0,,
2025-09-28 22:35:00-03:00,0,23,0,0,0,13.6,76.8,0.0,0,0,0,0,0,3.2,0,,0.0,23.0,0.0,0.0,0,,
2025-09-28 22:40:00-03:00,0,23,0,0,0,13.6,76.7,0.0,0,0,0,0,0,3.2,0,,0.0,23.0,0.0,0.0,0,,
2025-09-28 22:45:00-03:00,0,23,0,0,0,13.6,76.6,0.0,0,0,0,0,0,3.2,0,,0.0,23.0,0.0,0.0,0,,
2025-09-28 22:50:00-03:00,0,23,0,0,0,13.6,76.5,0.0,0,0,0,0,0,3.3,0,,0.0,23.0,0.0,0.0,0,,
2025-09-28 22:55:00-03:00,0,23,0,0,0,13.6,76.5,0.0,0,0,0,0,0,3.3,0,,0.0,23.0,0.0,0.0,0,,
2025-09-28 23:00:00-03:00,0,23,0,0,0,13.6,76.4,0.0,0,0,0,0,0,3.3,0,,0.0,23.0,0.0,0.0,0,,
2025-09-28 23:05:00-03:00,0,23,0,0,0,13.5,76.3,0.0,0,0,0,0,0,3.3,0,,0.0,23.0,0.0,0.0,0,,
2025-09-28 23:10:00-03:00,0,23,0,0,0,13.4,76.3,0.0,0,0,0,0,0,3.3,0,,0.0,23.0,0.0,0.0,0,,
2025-09-28 23:15:00-03:00,0,23,0,0,0,13.2,76.2,0.0,0,0,0,0,0,3.3,0,,0.0,23.0,0.0,0.0,0,,
2025-09-28 23:20:00-03:00,0,23,0,0,0,13.1,76.1,0.0,0,0,0,0,0,3.3,0,,0.0,23.0,0.0,0.0,0,,
2025-09-28 23:25:00-03:00,0,23,0,0,0,13.0,76.1,0.0,0,0,0,0,0,3.4,0,,0.0,23.0,0.0,0.0,0,,
2025-09-28 23:30:00-03:00,0,23,0,0,0,12.8,76.0,0.0,0,0,0,0,0,3.4,0,,0.0,23.0,0.0,0.0,0,,
2025-09-28 23:35:00-03:00,0,23,0,0,0,12.7,75.9,0.0,0,0,0,0,0,3.4,0,,0.0,23.0,0.0,0.0,0,,
2025-09-28 23:40:00-03:00,0,23,0,0,0,12.6,75.9,0.0,0,0,0,0,0,3.4,0,,0.0,23.0,0.0,0.0,0,,
2025-09-28 23:45:00-03:00,0,22,0,0,0,12.4,75.8,0.0,0,0,0,0,0,3.4,0,,0.0,22.0,0.0,0.0,0,,
2025-09-28 23:50:00-03:00,0,22,0,0,0,12.3,75.7,0.0,0,0,0,0,0,3.5,0,,0.0,22.0,0.0,0.0,0,,
2025-09-28 23:55:00-03:00,0,22,0,0,0,12.1,75.7,0.0,0,0,0,0,0,3.5,0,,0.0,22.0,0.0,0.0,0,,
2025-09-29 00:00:00-03:00,0,22,0,0,0,12.0,75.6,0.0,0,0,0,0,0,3.5,0,,0.0,22.0,0.0,0.0,0,,
2025-09-29 00:05:00-03:00,0,22,0,0,0,0.0,75.5,0.0,0,0,0,0,0,3.5,0,,0.0,22.0,0.0,0.0,0,,
2025-09-29 00:10:00-03:00,0,22,0,0,0,0.0,75.3,0.0,0,0,0,0,0,3.5,0,,0.0,22.0,0.0,0.0,0,,
2025-09-29 00:15:00-03:00,0,22,0,0,0,0.0,75.2,0.0,0,0,0,0,0,3.5,0,,0.0,22.0,0.0,0.0,0,,
2025-09-29 00:20:00-03:00,0,22,0,0,0,0.0,75.1,0.0,0,0,0,0,0,3.5,0,,0.0,22.0,0.0,0.0,0,,
2025-09-29 00:25:00-03:00,0,22,0,0,0,0.0,74.9,0.0,0,0,0,0,0,3.5,0,,0.0,22.0,0.0,0.0,0,,
2025-09-29 00:30:00-03:00,0,22,0,0,0,0.0,74.8,0.0,0,0,0,0,0,3.5,0,,0.0,22.0,0.0,0.0,0,,
2025-09-29 00:35:00-03:00,0,22,0,0,0,0.0,74.6,0.0,0,0,0,0,0,3.5,0,,0.0,22.0,0.0,0.0,0,,
2025-09-29 00:40:00-03:00,0,22,0,0,0,0.0,74.5,0.0,0,0,0,0,0,3.5,0,,0.0,22.0,0.0,0.0,0,,
2025-09-29 00:45:00-03:00,0,22,0,0,0,0.0,74.3,0.0,0,0,0,0,0,3.5,0,,0.0,22.0,0.0,0.0,0,,
2025-09-29 00:50:00-03:00,0,22,0,0,0,0.0,74.2,0.0,0,0,0,0,0,3.5,0,,0.0,22.0,0.0,0.0,0,,
2025-09-29 00:55:00-03:00,0,22,0,0,0,0.0,74.1,0.0,0,0,0,0,0,3.5,0,,0.0,22.0,0.0,0.0,0,,
2025-09-29 01:00:00-03:00,0,22,0,0,0,0.0,73.9,0.0,0,0,0,0,0,3.5,0,,0.0,22.0,0.0,0.0,0,,
2025-09-29 01:05:00-03:00,0,22,0,0,0,0.0,73.8,0.0,0,0,0,0,0,3.5,0,,0.0,22.0,0.0,0.0,0,,
2025-09-29 01:10:00-03:00,0,22,0,0,0,0.0,73.7,0.0,0,0,0,0,0,3.5,0,,0.0,22.0,0.0,0.0,0,,
2025-09-29 01:15:00-03:00,0,22,0,0,0,0.0,73.7,0.0,0,0,0,0,0,3.5,0,,0.0,22.0,0.0,0.0,0,,
2025-09-29 01:20:00-03:00,0,22,0,0,0,0.0,73.6,0.0,0,0,0,0,0,3.5,0,,0.0,22.0,0.0,0.0,0,,
2025-09-29 01:25:00-03:00,0,22,0,0,0,0.0,73.5,0.0,0,0,0,0,0,3.5,0,,0.0,22.0,0.0,0.0,0,,
2025-09-29 01:30:00-03:00,0,22,0,0,0,0.0,73.4,0.0,0,0,0,0,0,3.4,0,,0.0,22.0,0.0,0.0,0,,
2025-09-29 01:35:00-03:00,0,21,0,0,0,0.0,73.4,0.0,0,0,0,0,0,3.4,0,,0.0,21.0,0.0,0.0,0,,
2025-09-29 01:40:00-03:00,0,21,0,0,0,0.0,73.3,0.0,0,0,0,0,0,3.4,0,,0.0,21.0,0.0,0.0,0,,
2025-09-29 01:45:00-03:00,0,21,0,0,0,0.0,73.2,0.0,0,0,0,0,0,3.4,0,,0.0,21.0,0.0,0.0,0,,
2025-09-29 01:50:00-03:00,0,21,0,0,0,0.0,73.2,0.0,0,0,0,0,0,3.4,0,,0.0,21.0,0.0,0.0,0,,
2025-09-29 01:55:00-03:00,0,21,0,0,0,0.0,73.1,0.0,0,0,0,0,0,3.4,0,,0.0,21.0,0.0,0.0,0,,
2025-09-29 02:00:00-03:00,0,21,0,0,0,0.0,73.0,0.0,0,0,0,0,0,3.4,0,,0.0,21.0,0.0,0.0,0,,
2025-09-29 02:05:00-03:00,0,21,0,0,0,0.0,72.9,0.0,0,0,0,0,0,3.4,0,,0.0,21.0,0.0,0.0,0,,
2025-09-29 02:10:00-03:00,0,21,0,0,0,0.0,72.7,0.0,0,0,0,0,0,3.4,0,,0.0,21.0,0.0,0.0,0,,
2025-09-29 02:15:00-03:00,0,21,0,0,0,0.0,72.6,0.0,0,0,0,0,0,3.4,0,,0.0,21.0,0.0,0.0,0,,
2025-09-29 02:20:00-03:00,0,21,0,0,0,0.0,72.4,0.0,0,0,0,0,0,3.4,0,,0.0,21.0,0.0,0.0,0,,
2025-09-29 02:25:00-03:00,0,21,0,0,0,0.0,72.3,0.0,0,0,0,0,0,3.4,0,,0.0,21.0,0.0,0.0,0,,
2025-09-29 02:30:00-03:00,0,21,0,0,0,0.0,72.1,0.0,0,0,0,0,0,3.4,0,,0.0,21.0,0.0,0.0,0,,
2025-09-29 02:35:00-03:00,0,21,0,0,0,0.0,72.0,0.0,0,0,0,0,0,3.4,0,,0.0,21.0,0.0,0.0,0,,
2025-09-29 02:40:00-03:00,0,21,0,0,0,0.0,71.8,0.0,0,0,0,0,0,3.4,0,,0.0,21.0,0.0,0.0,0,,
2025-09-29 02:45:00-03:00,0,21,0,0,0,0.0,71.7,0.0,0,0,0,0,0,3.4,0,,0.0,21.0,0.0,0.0,0,,
2025-09-29 02:50:00-03:00,0,21,0,0,0,0.0,71.5,0.0,0,0,0,0,0,3.4,0,,0.0,21.0,0.0,0.0,0,,
2025-09-29 02:55:00-03:00,0,21,0,0,0,0.0,71.4,0.0,0,0,0,0,0,3.4,0,,0.0,21.0,0.0,0.0,0,,
2025-09-29 03:00:00-03:00,0,21,0,0,0,0.0,71.2,0.0,0,0,0,0,0,3.4,0,,0.0,21.0,0.0,0.0,0,,
2025-09-29 03:05:00-03:00,0,21,0,0,0,0.0,71.1,0.0,0,0,0,0,0,3.4,0,,0.0,21.0,0.0,0.0,0,,
2025-09-29 03:10:00-03:00,0,21,0,0,0,0.0,71.1,0.0,0,0,0,0,0,3.4,0,,0.0,21.0,0.0,0.0,0,,
2025-09-29 03:15:00-03:00,0,21,0,0,0,0.0,71.0,0.0,0,0,0,0,0,3.5,0,,0.0,21.0,0.0,0.0,0,,
2025-09-29 03:20:00-03:00,0,21,0,0,0,0.0,70.9,0.0,0,0,0,0,0,3.5,0,,0.0,21.0,0.0,0.0,0,,
2025-09-29 03:25:00-03:00,0,21,0,0,0,0.0,70.8,0.0,0,0,0,0,0,3.5,0,,0.0,21.0,0.0,0.0,0,,
2025-09-29 03:30:00-03:00,0,21,0,0,0,0.0,70.7,0.0,0,0,0,0,0,3.5,0,,0.0,21.0,0.0,0.0,0,,
2025-09-29 03:35:00-03:00,0,21,0,0,0,0.0,70.7,0.0,0,0,0,0,0,3.5,0,,0.0,21.0,0.0,0.0,0,,
2025-09-29 03:40:00-03:00,0,21,0,0,0,0.0,70.6,0.0,0,0,0,0,0,3.5,0,,0.0,21.0,0.0,0.0,0,,
2025-09-29 03:45:00-03:00,0,21,0,0,0,0.0,70.5,0.0,0,0,0,0,0,3.6,0,,0.0,21.0,0.0,0.0,0,,
2025-09-29 03:50:00-03:00,0,21,0,0,0,0.0,70.4,0.0,0,0,0,0,0,3.6,0,,0.0,21.0,0.0,0.0,0,,
2025-09-29 03:55:00-03:00,0,21,0,0,0,0.0,70.4,0.0,0,0,0,0,0,3.6,0,,0.0,21.0,0.0,0.0,0,,
2025-09-29 04:00:00-03:00,0,21,0,0,0,0.0,70.3,0.0,0,0,0,0,0,3.6,0,,0.0,21.0,0.0,0.0,0,,
2025-09-29 04:05:00-03:00,0,21,0,0,0,0.0,70.2,0.0,0,0,0,0,0,3.6,0,,0.0,21.0,0.0,0.0,0,,
2025-09-29 04:10:00-03:00,0,21,0,0,0,0.0,70.1,0.0,0,0,0,0,0,3.6,0,,0.0,21.0,0.0,0.0,0,,
2025-09-29 04:15:00-03:00,0,20,0,0,0,0.0,70.0,0.0,0,0,0,0,0,3.7,0,,0.0,20.0,0.0,0.0,0,,
2025-09-29 04:20:00-03:00,0,20,0,0,0,0.0,70.0,0.0,0,0,0,0,0,3.7,0,,0.0,20.0,0.0,0.0,0,,
2025-09-29 04:25:00-03:00,0,20,0,0,0,0.0,69.9,0.0,0,0,0,0,0,3.7,0,,0.0,20.0,0.0,0.0,0,,
2025-09-29 04:30:00-03:00,0,20,0,0,0,0.0,69.8,0.0,0,0,0,0,0,3.7,0,,0.0,20.0,0.0,0.0,0,,
2025-09-29 04:35:00-03:00,0,20,0,0,0,0.0,69.7,0.0,0,0,0,0,0,3.7,0,,0.0,20.0,0.0,0.0,0,,
2025-09-29 04:40:00-03:00,0,20,0,0,0,0.0,69.7,0.0,0,0,0,0,0,3.7,0,,0.0,20.0,0.0,0.0,0,,
2025-09-29 04:45:00-03:00,0,20,0,0,0,0.0,69.6,0.0,0,0,0,0,0,3.8,0,,0.0,20.0,0.0,0.0,0,,
2025-09-29 04:50:00-03:00,0,20,0,0,0,0.0,69.5,0.0,0,0,0,0,0,3.8,0,,0.0,20.0,0.0,0.0,0,,
2025-09-29 04:55:00-03:00,0,20,0,0,0,0.0,69.4,0.0,0,0,0,0,0,3.8,0,,0.0,20.0,0.0,0.0,0,,
2025-09-29 05:00:00-03:00,0,20,0,0,0,0.0,69.3,0.0,0,0,0,0,0,3.8,0,,0.0,20.0,0.0,0.0,0,,
2025-09-29 05:05:00-03:00,0,20,0,0,0,0.0,69.3,0.0,0,0,0,0,0,3.8,0,,0.0,20.0,0.0,0.0,0,,
2025-09-29 05:10:00-03:00,0,20,0,0,0,0.0,69.2,0.0,0,0,0,0,0,3.8,0,,0.0,20.0,0.0,0.0,0,,
2025-09-29 05:15:00-03:00,0,20,0,0,0,0.0,69.1,0.0,0,0,0,0,0,3.9,0,,0.0,20.0,0.0,0.0,0,,
2025-09-29 05:20:00-03:00,0,20,0,0,0,0.0,69.0,0.0,0,0,0,0,0,3.9,0,,0.0,20.0,0.0,0.0,0,,
2025-09-29 05:25:00-03:00,0,20,0,0,0,0.0,68.9,0.0,0,0,0,0,0,3.9,0,,0.0,20.0,0.0,0.0,0,,
2025-09-29 05:30:00-03:00,0,20,0,0,0,0.0,68.9,0.0,0,0,0,0,0,3.9,0,,0.0,20.0,0.0,0.0,0,,
2025-09-29 05:35:00-03:00,0,20,0,0,0,0.0,68.8,0.0,0,0,0,0,0,3.9,0,,0.0,20.0,0.0,0.0,0,,
2025-09-29 05:40:00-03:00,0,20,0,0,0,0.0,68.7,0.0,0,0,0,0,0,4.0,0,,0.8660254033845862,20.0,0.0,0.0,0,,
2025-09-29 05:45:00-03:00,0,20,0,0,0,0.0,68.6,0.0,0,0,0,0,0,4.0,0,,3.773913650539941,20.0,0.0,0.0,0,,
2025-09-29 05:50:00-03:00,0,20,0,0,0,0.0,68.5,0.0,0,0,0,0,0,4.0,0,,7.017294652623028,20.0,0.0,0.0,0,,
2025-09-29 05:55:00-03:00,0,20,0,0,0,0.0,68.5,0.0,0,0,0,0,0,4.0,0,,11.45313242844725,20.0,0.0,0.0,0,,
2025-09-29 06:00:00-03:00,0,20,0,0,0,0.0,68.4,0.0,0,0,0,0,0,4.0,0,,17.073814790914746,20.0,0.0,0.0,0,,
2025-09-29 06:05:00-03:00,3,20,0,4,4,12.0,68.3,0.0,1,4,3,1,4,4.1,0,0.75,23.032914524967513,20.09375,0.0,3.0,0,25.0,3.0
2025-09-29 06:10:00-03:00,13,21,0,15,13,12.1,68.3,0.0,5,15,13,5,13,4.1,1,1.0,29.23675561322061,21.40625,0.0,13.0,0,0.0,0.0
2025-09-29 06:15:00-03:00,25,21,0,29,23,12.3,68.3,0.0,9,29,22,9,23,4.1,1,0.9565217391304348,36.25446680942463,21.6875,0.0,22.0,0,4.3478260869565215,0.5347826086956522
2025-09-29 06:20:00-03:00,38,21,0,43,38,12.4,68.3,0.0,14,43,35,14,38,4.1,1,0.9210526315789473,43.660536234014955,22.09375,0.0,35.0,0,7.894736842105263,0.9789473684210526
2025-09-29 06:25:00-03:00,52,21,0,60,57,12.6,68.3,0.0,19,60,51,19,57,4.1,1,0.8947368421052632,51.42838504054057,22.59375,0.0,51.0,0,10.526315789473683,1.3263157894736841
2025-09-29 06:30:00-03:00,67,21,0,77,75,12.7,68.3,0.0,24,77,66,24,75,4.2,1,0.88,59.10058195887836,23.0625,0.0,66.0,0,12.0,1.5239999999999998
2025-09-29 06:35:00-03:00,84,21,0,96,94,12.2,67.9,0.0,31,96,82,30,94,4.2,1,0.8723404255319149,65.27999136585868,23.5625,0.0,82.0,0,12.76595744680851,1.557446808510638
2025-09-29 06:40:00-03:00,105,22,0,115,113,9.1,65.9,0.0,39,115,103,39,113,4.2,1,0.911504424778761,70.13768925866296,25.21875,0.08750000000000001,102.909875,0,8.849557522123893,0.8053097345132743
2025-09-29 06:45:00-03:00,127,22,0,135,133,5.9,63.9,0.0,49,135,125,48,133,4.2,1,0.9398496240601504,74.2295273275537,25.90625,0.36250000000000004,124.546875,0,6.015037593984962,0.3548872180451128
2025-09-29 06:50:00-03:00,151,22,0,155,154,2.8,61.9,0.0,59,155,150,58,154,4.3,1,0.974025974025974,77.32629604866234,26.6875,0.675,148.98749999999998,0,2.5974025974025974,0.07272727272727272
2025-09-29 06:55:00-03:00,176,22,0,176,176,0.0,59.9,0.0,71,176,176,69,176,4.3,1,1.0,79.5445367912382,27.5,1.0,174.24,0,0.0,0.0
2025-09-29 07:00:00-03:00,197,22,0,197,197,0.0,57.9,0.0,83,197,197,82,197,4.3,1,1.0,81.13190718598743,28.15625,1.2625000000000002,194.512875,0,0.0,0.0
2025-09-29 07:05:00-03:00,218,22,0,218,219,0.0,55.8,0.0,96,218,219,95,219,4.3,1,1.0,81.93215966809433,28.84375,1.5375,215.63287499999998,0,0.0,0.0
2025-09-29 07:10:00-03:00,240,23,0,240,241,0.0,54.8,0.0,108,240,241,106,241,4.4,1,1.0,81.74401099366638,30.53125,2.2125,235.667875,0,0.0,0.0
2025-09-29 07:15:00-03:00,261,23,0,261,264,0.0,53.9,0.0,120,261,264,118,264,4.4,1,1.0,81.35090470897673,31.25,2.5,257.4,0,0.0,0.0
2025-09-29 07:20:00-03:00,283,23,0,283,286,0.0,53.0,0.0,133,283,286,131,286,4.4,1,1.0,80.72563897472789,31.9375,2.7750000000000004,278.0635,0,0.0,0.0
2025-09-29 07:25:00-03:00,305,23,0,305,308,0.0,52.1,0.0,146,305,308,144,308,4.4,1,1.0,80.50917508412685,32.625,3.0500000000000003,298.606,0,0.0,0.0
2025-09-29 07:30:00-03:00,326,23,0,326,331,0.0,51.2,0.0,159,326,331,157,331,4.4,1,1.0,80.77254821691503,33.34375,3.3375000000000004,319.952875,0,0.0,0.0
2025-09-29 07:35:00-03:00,348,23,0,348,353,0.0,50.2,0.0,173,348,353,171,353,4.5,1,1.0,80.79768035973848,34.03125,3.6125000000000003,340.247875,0,0.0,0.0
2025-09-29 07:40:00-03:00,370,24,0,370,376,0.0,49.3,0.0,187,370,376,185,376,4.5,1,1.0,80.72226045727814,35.75,4.3,359.832,0,0.0,0.0
2025-09-29 07:45:00-03:00,392,24,0,392,398,0.0,48.4,0.0,202,392,398,199,398,4.5,1,1.0,80.54600605187326,36.4375,4.575,379.79150000000004,0,0.0,0.0
2025-09-29 07:50:00-03:00,413,24,0,413,421,0.0,47.8,0.0,216,413,421,213,421,4.5,1,1.0,80.2954298861733,37.15625,4.862500000000001,400.52887499999997,0,0.0,0.0
2025-09-29 07:55:00-03:00,434,24,0,434,443,0.0,47.3,0.0,229,434,443,226,443,4.6,1,1.0,79.8566898205167,37.84375,5.1375,420.240875,0,0.0,0.0
2025-09-29 08:00:00-03:00,456,24,0,456,465,0.0,46.9,0.0,242,456,465,240,465,4.6,1,1.0,79.39024251165827,38.53125,5.4125000000000005,439.831875,0,0.0,0.0
2025-09-29 08:05:00-03:00,477,24,0,477,487,0.0,46.4,0.0,255,477,487,253,487,4.6,1,1.0,78.78792977853387,39.21875,5.6875,459.301875,0,0.0,0.0
2025-09-29 08:10:00-03:00,498,25,0,498,509,0.0,46.0,0.0,269,498,509,266,509,4.6,1,1.0,78.09473656263384,40.90625,6.362500000000001,476.614875,0,0.0,0.0
2025-09-29 08:15:00-03:00,519,25,0,519,530,0.0,45.6,0.0,282,519,530,280,530,4.6,1,1.0,77.3655236033696,41.5625,6.625,494.8875,0,0.0,0.0
2025-09-29 08:20:00-03:00,539,25,0,539,551,0.0,45.1,0.0,296,539,551,294,551,4.7,1,1.0,76.50846655465492,42.21875,6.8875,513.049875,0,0.0,0.0
2025-09-29 08:25:00-03:00,559,25,0,559,573,0.0,44.7,0.0,309,559,573,307,573,4.7,1,1.0,75.60483390028844,42.90625,7.1625000000000005,531.9588749999999,0,0.0,0.0
2025-09-29 08:30:00-03:00,579,25,0,579,593,0.0,44.2,0.0,323,579,593,321,593,4.7,1,1.0,74.58750199962961,43.53125,7.4125000000000005,549.043875,0,0.0,0.0
2025-09-29 08:35:00-03:00,599,25,0,599,614,0.0,43.8,0.0,336,599,614,335,614,4.7,1,1.0,73.53060587265207,44.1875,7.675000000000001,566.8755,0,0.0,0.0
2025-09-29 08:40:00-03:00,618,26,0,618,634,0.0,43.4,0.0,350,618,634,348,634,4.8,1,1.0,72.50956049815541,45.8125,8.325000000000001,581.2194999999999,0,0.0,0.0
2025-09-29 08:45:00-03:00,637,26,0,637,654,0.0,43.0,0.0,363,637,654,362,654,4.8,1,1.0,70.67268770803955,46.4375,8.575000000000001,597.9195,0,0.0,0.0
2025-09-29 08:50:00-03:00,656,26,0,656,673,0.0,42.6,0.0,377,656,673,376,673,4.8,1,1.0,68.61414952581438,47.03125,8.8125,613.691875,0,0.0,0.0
2025-09-29 08:55:00-03:00,674,26,0,674,692,0.0,42.2,0.0,390,674,692,389,692,4.8,1,1.0,66.58072111536283,47.625,9.05,629.374,0,0.0,0.0
2025-09-29 09:00:00-03:00,693,26,0,693,711,0.0,41.8,0.0,403,693,711,403,711,4.8,1,1.0,64.85134516489435,48.21875,9.2875,644.965875,0,0.0,0.0
2025-09-29 09:05:00-03:00,710,26,0,710,730,0.0,41.4,0.0,416,710,730,415,730,4.8,1,1.0,63.08165703708766,48.8125,9.525,660.4675,0,0.0,0.0
2025-09-29 09:10:00-03:00,722,27,0,728,748,0.8,41.2,0.0,428,728,742,427,748,4.7,1,0.9919786096256684,61.54986891647828,50.1875,10.075000000000001,667.2435,0,0.8021390374331552,0.006417112299465242
2025-09-29 09:15:00-03:00,738,27,0,745,766,1.0,41.2,0.0,438,745,758,438,766,4.7,1,0.9895561357702349,60.21696881554757,50.6875,10.275,680.1155,0,1.0443864229765014,0.010443864229765015
2025-09-29 09:20:00-03:00,754,27,0,762,783,1.0,41.3,0.0,447,762,775,447,783,4.6,1,0.9897828863346104,59.05518733789982,51.21875,10.4875,693.721875,0,1.0217113665389528,0.010217113665389528
2025-09-29 09:25:00-03:00,770,27,0,778,800,1.0,41.4,0.0,456,778,792,456,800,4.5,1,0.99,58.02265753891386,51.75,10.700000000000001,707.256,0,1.0,0.01
2025-09-29 09:30:00-03:00,786,27,0,794,817,1.0,41.5,0.0,465,794,808,465,817,4.4,1,0.988984088127295,57.08758555274266,52.25,10.9,719.928,0,1.101591187270502,0.011015911872705019
2025-09-29 09:35:00-03:00,801,27,0,810,833,1.0,41.5,0.0,473,810,824,473,833,4.3,1,0.9891956782713085,56.37590286852807,52.75,11.100000000000001,732.5360000000001,0,1.0804321728691477,0.010804321728691477
2025-09-29 09:40:00-03:00,816,28,0,825,849,1.0,41.6,0.0,481,825,840,481,849,4.3,1,0.9893992932862191,55.875063554970666,54.25,11.700000000000001,741.72,0,1.0600706713780919,0.010600706713780918
2025-09-29 09:45:00-03:00,831,28,0,839,864,1.0,41.7,0.0,489,839,855,489,864,4.2,1,0.9895833333333334,54.576815479451234,54.71875,11.887500000000001,753.3618749999999,0,1.0416666666666665,0.010416666666666664
2025-09-29 09:50:00-03:00,845,28,0,854,879,1.0,41.8,0.0,497,854,870,497,879,4.1,1,0.9897610921501706,52.97190507497353,55.1875,12.075000000000001,764.9475,0,1.023890784982935,0.010238907849829351
2025-09-29 09:55:00-03:00,859,28,0,867,893,1.0,41.9,0.0,504,867,884,504,893,4.0,1,0.9899216125419933,51.32575701665404,55.625,12.25,775.7099999999999,0,1.007838745800672,0.010078387458006719
2025-09-29 10:00:00-03:00,872,28,0,881,907,1.0,42.0,0.0,511,881,898,511,907,4.0,1,0.9900771775082691,49.634039517121245,56.0625,12.425,786.4235,0,0.9922822491730982,0.009922822491730982
2025-09-29 10:05:00-03:00,885,28,0,894,920,1.0,42.0,0.0,518,894,911,518,920,3.9,1,0.9902173913043478,47.871909268055816,56.46875,12.5875,796.3278750000001,0,0.9782608695652175,0.009782608695652175
2025-09-29 10:10:00-03:00,897,29,0,906,933,1.0,42.0,0.0,526,906,924,525,933,3.8,1,0.9903536977491961,46.03448970525804,57.875,13.15,802.494,0,0.964630225080386,0.00964630225080386
2025-09-29 10:15:00-03:00,909,29,0,918,946,1.0,42.0,0.0,533,918,936,532,946,3.7,1,0.9894291754756871,44.27282838641096,58.25,13.3,811.512,0,1.0570824524312896,0.010570824524312896
2025-09-29 10:20:00-03:00,920,29,0,930,958,1.0,42.0,0.0,539,930,948,539,958,3.7,1,0.9895615866388309,42.43595887993888,58.625,13.450000000000001,820.4939999999999,0,1.0438413361169103,0.010438413361169104
2025-09-29 10:25:00-03:00,931,29,0,941,969,1.0,42.0,0.0,546,941,959,546,969,3.6,1,0.9896800825593395,40.6748936039939,58.96875,13.5875,828.695875,0,1.0319917440660475,0.010319917440660475
2025-09-29 10:30:00-03:00,942,29,0,951,980,1.0,42.0,0.0,552,951,970,552,980,3.5,1,0.9897959183673469,38.83873027914558,59.3125,13.725000000000001,836.8675000000001,0,1.0204081632653061,0.010204081632653062
2025-09-29 10:35:00-03:00,952,29,0,961,991,1.0,42.0,0.0,557,961,980,558,991,3.4,1,0.9889001009081736,37.07843856016395,59.625,13.850000000000001,844.27,0,1.109989909182644,0.011099899091826439
2025-09-29 10:40:00-03:00,961,30,0,971,1000,1.0,42.0,0.0,563,971,990,563,1000,3.4,1,0.99,35.243202654307346,60.9375,14.375,847.6875,0,1.0,0.01
2025-09-29 10:45:00-03:00,970,30,0,980,1010,1.0,42.0,0.0,568,980,999,568,1010,3.3,1,0.9891089108910891,33.358929566420784,61.21875,14.4875,854.2698750000001,0,1.089108910891089,0.01089108910891089
2025-09-29 10:50:00-03:00,978,30,0,988,1019,1.0,42.0,0.0,573,988,1008,573,1019,3.2,1,0.9892051030421982,31.41932912115536,61.5,14.600000000000001,860.832,0,1.0794896957801767,0.010794896957801767
2025-09-29 10:55:00-03:00,986,30,0,996,1027,1.0,42.0,0.0,578,996,1016,578,1027,3.1,1,0.9892891918208374,29.5752763249341,61.75,14.700000000000001,866.648,0,1.071080817916261,0.01071080817916261
2025-09-29 11:00:00-03:00,993,30,0,1003,1035,1.0,42.0,0.0,582,1003,1024,582,1035,3.1,1,0.9893719806763285,27.677115588008167,62.0,14.8,872.448,0,1.0628019323671498,0.010628019323671498
2025-09-29 11:05:00-03:00,1000,30,0,1010,1042,1.0,42.0,0.0,586,1010,1031,586,1042,3.0,1,0.989443378119002,25.755699575148377,62.21875,14.887500000000001,877.509875,0,1.055662188099808,0.01055662188099808
2025-09-29 11:10:00-03:00,1006,31,0,1017,1048,1.0,42.1,0.0,588,1017,1037,589,1048,2.9,1,0.9895038167938931,23.800146421738855,63.40625,15.3625,877.690875,0,1.049618320610687,0.01049618320610687
2025-09-29 11:15:00-03:00,1012,31,0,1022,1054,1.0,42.2,0.0,591,1022,1043,591,1054,2.8,1,0.9895635673624289,21.845878884624103,63.59375,15.4375,881.9868749999999,0,1.0436432637571158,0.010436432637571158
2025-09-29 11:20:00-03:00,1017,31,0,1028,1060,1.0,42.3,0.0,593,1028,1049,593,1060,2.8,1,0.9896226415094339,19.878989974932956,63.78125,15.512500000000001,886.2738750000001,0,1.0377358490566038,0.010377358490566037
2025-09-29 11:25:00-03:00,1022,31,0,1032,1065,1.0,42.4,0.0,595,1032,1054,595,1065,2.7,1,0.9896713615023475,17.941614062027945,63.9375,15.575000000000001,889.8394999999999,0,1.0328638497652582,0.010328638497652582
2025-09-29 11:30:00-03:00,1026,31,0,1037,1069,1.0,42.5,0.0,596,1037,1058,596,1069,2.6,1,0.9897100093545369,16.017745840705107,64.0625,15.625,892.6875,0,1.028999064546305,0.01028999064546305
2025-09-29 11:35:00-03:00,1030,32,0,1040,1073,1.0,42.5,0.0,598,1040,1062,598,1073,2.6,1,0.9897483690587139,14.160337266971998,65.1875,16.075,891.2835,0,1.0251630941286114,0.010251630941286114
2025-09-29 11:40:00-03:00,1033,32,0,1044,1076,1.0,42.6,0.0,599,1044,1065,599,1076,2.5,1,0.9897769516728625,12.354302403536728,65.28125,16.1125,893.401875,0,1.0223048327137547,0.010223048327137546
2025-09-29 11:45:00-03:00,1036,32,0,1046,1079,1.0,42.7,0.0,600,1046,1068,599,1079,2.4,1,0.989805375347544,10.361276977540335,65.375,16.150000000000002,895.518,0,1.0194624652455977,0.010194624652455977
2025-09-29 11:50:00-03:00,1038,32,0,1049,1082,1.0,42.8,0.0,600,1049,1070,600,1082,2.4,1,0.988909426987061,8.42570022263266,65.4375,16.175,896.9274999999999,0,1.1090573012939002,0.011090573012939002
2025-09-29 11:55:00-03:00,1040,32,0,1050,1083,1.0,42.9,0.0,600,1050,1072,600,1083,2.3,1,0.989843028624192,6.607502622650966,65.5,16.2,898.336,0,1.0156971375807942,0.010156971375807941
2025-09-29 12:00:00-03:00,1041,32,0,1051,1084,1.0,43.0,0.0,600,1051,1073,600,1084,2.2,1,0.9898523985239852,4.990900811310518,65.53125,16.212500000000002,899.0398749999999,0,1.014760147601476,0.01014760147601476
2025-09-29 12:05:00-03:00,1041,32,0,1052,1085,1.0,43.0,0.0,600,1052,1074,599,1085,2.2,1,0.9898617511520738,3.6958207354172825,65.5625,16.225,899.7435,0,1.0138248847926268,0.010138248847926268
2025-09-29 12:10:00-03:00,1041,33,1,1052,1085,1.0,43.0,0.0,599,1052,1073,599,1085,2.1,1,0.9889400921658986,3.3427896169953586,66.53125,16.6125,894.747875,0,1.1059907834101383,0.011059907834101384
2025-09-29 12:15:00-03:00,1040,33,1,1051,1084,1.0,43.0,0.0,599,1051,1073,599,1084,2.1,1,0.9898523985239852,4.210376791514307,66.53125,16.6125,894.747875,0,1.014760147601476,0.01014760147601476
2025-09-29 12:20:00-03:00,1039,33,1,1049,1082,1.0,43.0,0.0,598,1049,1071,598,1082,2.0,1,0.9898336414048059,5.9460962492470975,66.46875,16.587500000000002,893.347875,0,1.0166358595194085,0.010166358595194085
2025-09-29 12:25:00-03:00,1037,33,2,1048,1080,1.0,43.0,0.0,597,1048,1069,597,1080,1.9,1,0.9898148148148148,7.932957719606726,66.40625,16.5625,891.946875,0,1.0185185185185186,0.010185185185185186
2025-09-29 12:30:00-03:00,1035,33,2,1045,1078,1.0,43.0,0.0,596,1045,1067,596,1078,1.9,1,0.9897959183673469,10.076600557089114,66.34375,16.5375,890.5448749999999,0,1.0204081632653061,0.010204081632653062
2025-09-29 12:35:00-03:00,1032,33,3,1042,1075,1.0,43.0,0.0,594,1042,1064,594,1075,1.8,1,0.9897674418604652,12.20655561570299,66.25,16.5,888.4399999999999,0,1.0232558139534882,0.010232558139534881
2025-09-29 12:40:00-03:00,1028,33,3,1038,1071,1.0,43.0,0.0,592,1038,1060,592,1071,1.8,1,0.9897292250233427,14.330249844483175,66.125,16.45,885.63,0,1.0270774976657329,0.010270774976657328
2025-09-29 12:45:00-03:00,1023,33,3,1034,1066,1.0,43.0,0.0,589,1034,1055,589,1066,1.7,1,0.9896810506566605,16.463918308223388,65.96875,16.3875,882.111875,0,1.0318949343339587,0.010318949343339587
2025-09-29 12:50:00-03:00,1018,33,4,1029,1061,1.0,43.0,0.0,586,1029,1050,586,1061,1.7,1,0.9896324222431668,18.524962683457332,65.8125,16.325,878.5875,0,1.0367577756833177,0.010367577756833177
2025-09-29 12:55:00-03:00,1013,33,4,1023,1055,1.0,43.0,0.0,583,1023,1044,583,1055,1.6,1,0.9895734597156398,20.723833446698844,65.625,16.25,874.35,0,1.042654028436019,0.010426540284360191
2025-09-29 13:00:00-03:00,1007,33,4,1017,1049,1.0,43.0,0.0,580,1017,1038,580,1049,1.6,1,0.9895138226882746,22.88244000549984,65.4375,16.175,870.1034999999999,0,1.0486177311725453,0.010486177311725454
2025-09-29 13:05:00-03:00,1000,33,5,1011,1042,1.0,43.0,0.0,576,1011,1031,575,1042,1.6,1,0.989443378119002,24.83887471221139,65.21875,16.087500000000002,865.137875,0,1.055662188099808,0.01055662188099808
2025-09-29 13:10:00-03:00,993,33,5,1003,1034,1.0,43.1,0.0,571,1003,1024,570,1034,1.5,1,0.9903288201160542,26.72460561830206,65.0,16.0,860.16,0,0.9671179883945842,0.009671179883945842
2025-09-29 13:15:00-03:00,986,33,6,996,1026,1.0,43.2,0.0,566,996,1016,565,1026,1.5,1,0.9902534113060428,28.662482076524977,64.75,15.9,854.456,0,0.9746588693957114,0.009746588693957114
2025-09-29 13:20:00-03:00,978,33,6,988,1018,1.0,43.3,0.0,560,988,1007,560,1018,1.5,1,0.9891944990176817,30.6162711740881,64.46875,15.787500000000001,848.019875,0,1.080550098231827,0.010805500982318271
2025-09-29 13:25:00-03:00,969,33,6,979,1009,1.0,43.4,0.0,554,979,998,554,1009,1.4,1,0.9890981169474727,32.592060754755344,64.1875,15.675,841.5635000000001,0,1.0901883052527255,0.010901883052527254
2025-09-29 13:30:00-03:00,960,33,7,970,999,1.0,43.5,0.0,548,970,989,548,999,1.4,1,0.98998998998999,34.5581416096756,63.90625,15.5625,835.086875,0,1.001001001001001,0.010010010010010012
2025-09-29 13:35:00-03:00,950,33,7,960,989,1.0,43.5,0.0,542,960,979,541,989,1.4,1,0.9898887765419616,36.37015093159665,63.59375,15.4375,827.8668749999999,0,1.0111223458038423,0.010111223458038422
2025-09-29 13:40:00-03:00,940,33,8,950,978,1.0,43.6,0.0,535,950,968,534,978,1.4,1,0.9897750511247444,38.1824765455406,63.25,15.3,819.896,0,1.0224948875255624,0.010224948875255624
2025-09-29 13:45:00-03:00,929,33,8,939,967,1.0,43.7,0.0,528,939,957,528,967,1.4,1,0.9896587383660806,39.9964960586417,62.90625,15.162500000000001,811.894875,0,1.0341261633919339,0.010341261633919338
2025-09-29 13:50:00-03:00,918,33,8,928,955,1.0,43.8,0.0,521,928,945,520,955,1.4,1,0.9895287958115183,41.7854367845063,62.53125,15.012500000000001,803.1318749999999,0,1.0471204188481675,0.010471204188481676
2025-09-29 13:55:00-03:00,907,33,9,916,943,1.0,43.9,0.0,514,916,933,513,943,1.4,1,0.9893955461293743,43.698259448027486,62.15625,14.8625,794.332875,0,1.0604453870625663,0.010604453870625663
2025-09-29 14:00:00-03:00,895,33,9,904,930,1.0,44.0,0.0,506,904,921,505,930,1.4,1,0.9903225806451613,45.434935163732504,61.78125,14.7125,785.497875,0,0.967741935483871,0.00967741935483871
2025-09-29 14:05:00-03:00,882,33,10,891,917,1.0,44.0,0.0,499,891,908,497,917,1.4,1,0.990185387131952,47.17343885421727,61.375,14.55,775.8860000000001,0,0.9814612868047983,0.009814612868047983
2025-09-29 14:10:00-03:00,869,34,10,878,903,1.0,44.1,0.0,490,878,894,489,903,1.4,1,0.9900332225913622,48.889485763107174,61.9375,14.775,761.9114999999999,0,0.9966777408637874,0.009966777408637873
2025-09-29 14:15:00-03:00,856,34,10,864,889,1.0,44.2,0.0,482,864,880,481,889,1.4,1,0.9898762654668166,50.585885562882645,61.5,14.600000000000001,751.52,0,1.0123734533183353,0.010123734533183352
2025-09-29 14:20:00-03:00,842,34,11,850,875,1.0,44.3,0.0,474,850,865,472,875,1.4,1,0.9885714285714285,52.14047168829631,61.03125,14.412500000000001,740.331875,0,1.1428571428571428,0.011428571428571429
2025-09-29 14:25:00-03:00,827,34,11,836,859,1.0,44.4,0.0,465,836,851,463,859,1.4,1,0.9906868451688009,53.73081052803172,60.59375,14.2375,729.838875,0,0.9313154831199069,0.009313154831199068
2025-09-29 14:30:00-03:00,812,34,11,821,844,1.0,44.5,0.0,456,821,835,454,844,1.5,1,0.9893364928909952,55.23256615109976,60.09375,14.037500000000001,717.786875,0,1.066350710900474,0.01066350710900474
2025-09-29 14:35:00-03:00,797,34,12,805,828,1.0,44.5,0.0,447,805,819,445,828,1.5,1,0.9891304347826086,56.38154651903441,59.59375,13.8375,705.670875,0,1.0869565217391304,0.010869565217391304
2025-09-29 14:40:00-03:00,782,34,12,790,812,1.0,44.6,0.0,437,790,803,435,812,1.5,1,0.9889162561576355,56.688075278555175,59.09375,13.637500000000001,693.490875,0,1.1083743842364533,0.011083743842364532
2025-09-29 14:45:00-03:00,766,34,13,774,795,1.0,44.7,0.0,428,774,787,426,795,1.6,1,0.989937106918239,57.31273854911547,58.59375,13.4375,681.2468749999999,0,1.0062893081761006,0.010062893081761006
2025-09-29 14:50:00-03:00,750,34,13,757,778,1.0,44.8,0.0,418,757,770,416,778,1.6,1,0.9897172236503856,58.13594308848145,58.0625,13.225000000000001,668.1675,0,1.0282776349614395,0.010282776349614395
2025-09-29 14:55:00-03:00,733,34,13,741,761,1.0,44.9,0.0,408,741,753,406,761,1.6,1,0.9894875164257556,59.19171471505432,57.53125,13.012500000000001,655.0158749999999,0,1.0512483574244416,0.010512483574244415
2025-09-29 15:00:00-03:00,718,34,14,723,743,0.8,45.1,0.0,398,723,737,395,743,1.7,1,0.9919246298788694,60.36229005434898,57.03125,12.8125,642.571875,0,0.8075370121130552,0.006460296096904442
2025-09-29 15:05:00-03:00,706,34,14,706,725,0.0,45.6,0.0,384,706,725,382,725,1.7,1,1.0,61.8127058626292,56.65625,12.662500000000001,633.196875,0,0.0,0.0
2025-09-29 15:10:00-03:00,688,34,14,688,706,0.0,46.2,0.0,370,688,706,367,706,1.8,1,1.0,63.43357298637293,56.0625,12.425,618.2795,0,0.0,0.0
2025-09-29 15:15:00-03:00,670,34,14,670,687,0.0,46.9,0.0,356,670,687,353,687,1.8,1,1.0,65.11871443522442,55.46875,12.1875,603.271875,0,0.0,0.0
2025-09-29 15:20:00-03:00,652,34,14,652,668,0.0,47.5,0.0,342,652,668,339,668,1.8,1,1.0,66.91123699621002,54.875,11.950000000000001,588.174,0,0.0,0.0
2025-09-29 15:25:00-03:00,633,33,15,633,648,0.0,48.2,0.0,328,633,648,325,648,1.9,1,1.0,68.83637824360264,53.25,11.3,574.776,0,0.0,0.0
2025-09-29 15:30:00-03:00,614,33,15,614,628,0.0,48.8,0.0,314,614,628,311,628,1.9,1,1.0,70.93402824904092,52.625,11.05,558.606,0,0.0,0.0
2025-09-29 15:35:00-03:00,594,33,15,594,608,0.0,49.5,0.0,300,594,608,297,608,2.0,1,1.0,72.78423905314142,52.0,10.8,542.336,0,0.0,0.0
2025-09-29 15:40:00-03:00,574,33,15,574,588,0.0,50.1,0.0,286,574,588,283,588,2.0,1,1.0,73.79311785270788,51.375,10.55,525.966,0,0.0,0.0
2025-09-29 15:45:00-03:00,554,33,15,554,567,0.0,50.8,0.0,273,554,567,269,567,2.0,1,1.0,74.813049825828,50.71875,10.287500000000001,508.669875,0,0.0,0.0
2025-09-29 15:50:00-03:00,534,33,15,534,546,0.0,51.4,0.0,260,534,546,256,546,2.1,1,1.0,75.76893702686625,50.0625,10.025,491.2635,0,0.0,0.0
2025-09-29 15:55:00-03:00,514,33,15,514,524,0.0,52.0,0.0,246,514,524,243,524,2.1,1,1.0,76.58665126191747,49.375,9.75,472.90999999999997,0,0.0,0.0
2025-09-29 16:00:00-03:00,493,33,16,493,503,0.0,52.7,0.0,233,493,503,230,503,2.2,1,1.0,77.35215614710091,48.71875,9.4875,455.277875,0,0.0,0.0
2025-09-29 16:05:00-03:00,472,32,16,472,481,0.0,53.2,0.0,221,472,481,217,481,2.2,1,1.0,78.15655423377108,47.03125,8.8125,438.611875,0,0.0,0.0
2025-09-29 16:10:00-03:00,451,32,16,451,459,0.0,53.7,0.0,209,451,459,205,459,2.2,1,1.0,78.78408353329533,46.34375,8.5375,419.812875,0,0.0,0.0
2025-09-29 16:15:00-03:00,430,32,16,430,437,0.0,54.1,0.0,197,430,437,194,437,2.3,1,1.0,79.3259482175001,45.65625,8.262500000000001,400.892875,0,0.0,0.0
2025-09-29 16:20:00-03:00,408,32,16,408,415,0.0,54.6,0.0,185,408,415,182,415,2.3,1,1.0,79.72832658851883,44.96875,7.987500000000001,381.851875,0,0.0,0.0
2025-09-29 16:25:00-03:00,387,32,16,387,393,0.0,55.2,0.0,173,387,393,170,393,2.4,1,1.0,80.10655782181676,44.28125,7.7125,362.689875,0,0.0,0.0
2025-09-29 16:30:00-03:00,365,32,16,365,370,0.0,56.1,0.0,160,365,370,158,370,2.4,1,1.0,80.43291953829615,43.5625,7.425000000000001,342.5275,0,0.0,0.0
2025-09-29 16:35:00-03:00,343,32,17,343,348,0.0,57.1,0.0,147,343,348,145,348,2.4,1,1.0,80.54600605187436,42.875,7.15,323.118,0,0.0,0.0
2025-09-29 16:40:00-03:00,322,32,17,322,325,0.0,58.0,0.0,135,322,325,133,325,2.5,1,1.0,80.58366628992982,42.15625,6.862500000000001,302.696875,0,0.0,0.0
2025-09-29 16:45:00-03:00,300,32,17,300,303,0.0,58.9,0.0,123,300,303,121,303,2.5,1,1.0,80.54600605187449,41.46875,6.5875,283.039875,0,0.0,0.0
2025-09-29 16:50:00-03:00,278,31,17,278,280,0.0,59.8,0.0,112,278,280,110,280,2.6,1,1.0,80.29542988617462,39.75,5.9,263.47999999999996,0,0.0,0.0
2025-09-29 16:55:00-03:00,257,31,17,257,258,0.0,60.8,0.0,101,257,258,99,258,2.6,1,1.0,80.5497681654931,39.0625,5.625,243.48749999999998,0,0.0,0.0
2025-09-29 17:00:00-03:00,235,31,17,235,236,0.0,61.7,0.0,90,235,236,89,236,2.6,1,1.0,80.93258511460562,38.375,5.3500000000000005,223.374,0,0.0,0.0
2025-09-29 17:05:00-03:00,214,31,17,214,214,0.0,62.8,0.0,80,214,214,78,214,2.7,1,1.0,81.27432036944212,37.6875,5.075,203.1395,0,0.0,0.0
2025-09-29 17:10:00-03:00,193,31,18,193,192,0.0,64.9,0.0,68,193,192,66,192,2.7,1,1.0,81.16140857836203,37.0,4.800000000000001,182.784,0,0.0,0.0
2025-09-29 17:15:00-03:00,172,31,18,172,171,0.0,67.1,0.0,57,172,171,56,171,2.8,1,1.0,80.27618047412783,36.34375,4.5375000000000005,163.240875,0,0.0,0.0
2025-09-29 17:20:00-03:00,146,31,18,151,150,3.1,69.2,0.0,47,151,145,46,150,2.8,1,0.9666666666666667,78.5121106272855,35.53125,4.2125,138.891875,0,3.3333333333333335,0.10333333333333333
2025-09-29 17:25:00-03:00,123,31,18,131,129,6.4,71.2,0.0,38,131,121,37,129,2.9,1,0.937984496124031,76.07691482767018,34.78125,3.9125,116.26587500000001,0,6.2015503875969,0.3968992248062016
2025-09-29 17:30:00-03:00,101,30,18,111,109,9.6,73.3,0.0,30,111,99,29,109,2.9,1,0.908256880733945,72.76154495502449,33.09375,3.2375000000000003,95.79487499999999,0,9.174311926605505,0.8807339449541284
2025-09-29 17:35:00-03:00,81,30,18,93,90,12.9,75.3,0.0,23,93,79,22,90,2.9,1,0.8777777777777778,68.53399952511693,32.46875,2.9875000000000003,76.639875,0,12.222222222222221,1.5766666666666667
2025-09-29 17:40:00-03:00,64,30,18,75,72,13.6,76.0,0.0,18,75,63,18,72,3.0,1,0.875,63.510139968256446,31.96875,2.7875,61.243875,0,12.5,1.7
2025-09-29 17:45:00-03:00,50,30,19,58,55,13.6,76.2,0.0,14,58,48,13,55,3.0,1,0.8727272727272727,57.272011780039556,31.5,2.6,46.751999999999995,0,12.727272727272727,1.7309090909090907
2025-09-29 17:50:00-03:00,36,30,19,42,37,13.6,76.5,0.0,10,42,34,10,37,3.1,1,0.918918918918919,49.65120768160719,31.0625,2.4250000000000003,33.1755,0,8.108108108108109,1.1027027027027028
2025-09-29 17:55:00-03:00,24,30,19,28,23,13.6,76.8,0.0,6,28,22,6,23,3.1,1,0.9565217391304348,42.07019746983828,30.6875,2.275,21.499499999999998,0,4.3478260869565215,0.5913043478260869
2025-09-29 18:00:00-03:00,13,30,19,15,13,13.6,77.1,0.0,3,15,12,3,13,3.1,1,0.9230769230769231,34.782440711052175,30.375,2.15,11.742,0,7.6923076923076925,1.0461538461538462
2025-09-29 18:05:00-03:00,3,30,19,4,4,13.6,77.3,0.0,1,4,3,1,4,3.1,0,0.75,28.01014426628083,30.09375,2.0375,2.938875,0,25.0,3.4
2025-09-29 18:10:00-03:00,0,30,18,0,0,13.6,77.4,0.0,0,0,0,0,0,3.1,0,,21.962088546698382,30.0,2.0,0.0,0,,
2025-09-29 18:15:00-03:00,0,29,18,0,0,13.6,77.5,0.0,0,0,0,0,0,3.0,0,,16.284171530167953,29.0,1.6,0.0,0,,
2025-09-29 18:20:00-03:00,0,29,17,0,0,13.6,77.7,0.0,0,0,0,0,0,2.9,0,,11.171866722276027,29.0,1.6,0.0,0,,
2025-09-29 18:25:00-03:00,0,29,17,0,0,13.6,77.8,0.0,0,0,0,0,0,2.9,0,,6.894771844490065,29.0,1.6,0.0,0,,
2025-09-29 18:30:00-03:00,0,29,16,0,0,13.6,77.9,0.0,0,0,0,0,0,2.8,0,,3.4935004586003275,29.0,1.6,0.0,0,,
2025-09-29 18:35:00-03:00,0,29,16,0,0,13.6,78.1,0.0,0,0,0,0,0,2.7,0,,0.8660254036088346,29.0,1.6,0.0,0,,
2025-09-29 18:40:00-03:00,0,29,15,0,0,13.6,78.2,0.0,0,0,0,0,0,2.7,0,,0.0,29.0,1.6,0.0,0,,
2025-09-29 18:45:00-03:00,0,29,15,0,0,13.6,78.3,0.0,0,0,0,0,0,2.6,0,,0.0,29.0,1.6,0.0,0,,
2025-09-29 18:50:00-03:00,0,29,14,0,0,13.6,78.4,0.0,0,0,0,0,0,2.6,0,,0.0,29.0,1.6,0.0,0,,
2025-09-29 18:55:00-03:00,0,29,14,0,0,13.6,78.6,0.0,0,0,0,0,0,2.5,0,,0.0,29.0,1.6,0.0,0,,
2025-09-29 19:00:00-03:00,0,29,13,0,0,13.6,78.7,0.0,0,0,0,0,0,2.4,0,,0.0,29.0,1.6,0.0,0,,
2025-09-29 19:05:00-03:00,0,29,13,0,0,13.6,78.8,0.0,0,0,0,0,0,2.4,0,,0.0,29.0,1.6,0.0,0,,
2025-09-29 19:10:00-03:00,0,29,12,0,0,13.6,79.0,0.0,0,0,0,0,0,2.3,0,,0.0,29.0,1.6,0.0,0,,
2025-09-29 19:15:00-03:00,0,29,12,0,0,13.6,79.1,0.0,0,0,0,0,0,2.2,0,,0.0,29.0,1.6,0.0,0,,
2025-09-29 19:20:00-03:00,0,28,11,0,0,13.6,79.2,0.0,0,0,0,0,0,2.2,0,,0.0,28.0,1.2000000000000002,0.0,0,,
2025-09-29 19:25:00-03:00,0,28,11,0,0,13.6,79.3,0.0,0,0,0,0,0,2.1,0,,0.0,28.0,1.2000000000000002,0.0,0,,
2025-09-29 19:30:00-03:00,0,28,10,0,0,13.6,79.5,0.0,0,0,0,0,0,2.0,0,,0.0,28.0,1.2000000000000002,0.0,0,,
2025-09-29 19:35:00-03:00,0,28,10,0,0,13.6,79.6,0.0,0,0,0,0,0,2.0,0,,0.0,28.0,1.2000000000000002,0.0,0,,
2025-09-29 19:40:00-03:00,0,28,9,0,0,13.6,79.7,0.0,0,0,0,0,0,1.9,0,,0.0,28.0,1.2000000000000002,0.0,0,,
2025-09-29 19:45:00-03:00,0,28,9,0,0,13.6,79.8,0.0,0,0,0,0,0,1.9,0,,0.0,28.0,1.2000000000000002,0.0,0,,
2025-09-29 19:50:00-03:00,0,28,8,0,0,13.6,80.0,0.0,0,0,0,0,0,1.8,0,,0.0,28.0,1.2000000000000002,0.0,0,,
2025-09-29 19:55:00-03:00,0,28,8,0,0,13.6,80.1,0.0,0,0,0,0,0,1.7,0,,0.0,28.0,1.2000000000000002,0.0,0,,
2025-09-29 20:00:00-03:00,0,28,7,0,0,13.6,80.2,0.0,0,0,0,0,0,1.7,0,,0.0,28.0,1.2000000000000002,0.0,0,,
2025-09-29 20:05:00-03:00,0,28,7,0,0,13.6,80.3,0.0,0,0,0,0,0,1.6,0,,0.0,28.0,1.2000000000000002,0.0,0,,
2025-09-29 20:10:00-03:00,0,28,6,0,0,13.6,80.5,0.0,0,0,0,0,0,1.5,0,,0.0,28.0,1.2000000000000002,0.0,0,,
2025-09-29 20:15:00-03:00,0,28,6,0,0,13.6,80.6,0.0,0,0,0,0,0,1.5,0,,0.0,28.0,1.2000000000000002,0.0,0,,
2025-09-29 20:20:00-03:00,0,28,5,0,0,13.6,80.7,0.0,0,0,0,0,0,1.4,0,,0.0,28.0,1.2000000000000002,0.0,0,,
2025-09-29 20:25:00-03:00,0,27,5,0,0,13.6,80.8,0.0,0,0,0,0,0,1.4,0,,0.0,27.0,0.8,0.0,0,,
2025-09-29 20:30:00-03:00,0,27,4,0,0,13.6,81.0,0.0,0,0,0,0,0,1.3,0,,0.0,27.0,0.8,0.0,0,,
2025-09-29 20:35:00-03:00,0,27,4,0,0,13.6,81.1,0.0,0,0,0,0,0,1.2,0,,0.0,27.0,0.8,0.0,0,,
2025-09-29 20:40:00-03:00,0,27,3,0,0,13.6,81.2,0.0,0,0,0,0,0,1.2,0,,0.0,27.0,0.8,0.0,0,,
2025-09-29 20:45:00-03:00,0,27,3,0,0,13.6,81.3,0.0,0,0,0,0,0,1.1,0,,0.0,27.0,0.8,0.0,0,,
2025-09-29 20:50:00-03:00,0,27,2,0,0,13.6,81.4,0.0,0,0,0,0,0,1.0,0,,0.0,27.0,0.8,0.0,0,,
2025-09-29 20:55:00-03:00,0,27,2,0,0,13.6,81.6,0.0,0,0,0,0,0,1.0,0,,0.0,27.0,0.8,0.0,0,,
2025-09-29 21:00:00-03:00,0,27,1,0,0,13.6,81.7,0.0,0,0,0,0,0,0.9,0,,0.0,27.0,0.8,0.0,0,,
2025-09-29 21:05:00-03:00,0,27,1,0,0,13.6,81.7,0.0,0,0,0,0,0,0.9,0,,0.0,27.0,0.8,0.0,0,,
2025-09-29 21:10:00-03:00,0,27,1,0,0,13.6,81.7,0.0,0,0,0,0,0,0.9,0,,0.0,27.0,0.8,0.0,0,,
2025-09-29 21:15:00-03:00,0,27,1,0,0,13.6,81.7,0.0,0,0,0,0,0,0.9,0,,0.0,27.0,0.8,0.0,0,,
2025-09-29 21:20:00-03:00,0,27,1,0,0,13.6,81.7,0.0,0,0,0,0,0,0.9,0,,0.0,27.0,0.8,0.0,0,,
2025-09-29 21:25:00-03:00,0,27,1,0,0,13.6,81.7,0.0,0,0,0,0,0,0.9,0,,0.0,27.0,0.8,0.0,0,,
2025-09-29 21:30:00-03:00,0,27,1,0,0,13.6,81.7,0.0,0,0,0,0,0,1.0,0,,0.0,27.0,0.8,0.0,0,,
2025-09-29 21:35:00-03:00,0,27,1,0,0,13.6,81.7,0.0,0,0,0,0,0,1.0,0,,0.0,27.0,0.8,0.0,0,,
2025-09-29 21:40:00-03:00,0,27,1,0,0,13.6,81.7,0.0,0,0,0,0,0,1.0,0,,0.0,27.0,0.8,0.0,0,,
2025-09-29 21:45:00-03:00,0,27,1,0,0,13.6,81.7,0.0,0,0,0,0,0,1.0,0,,0.0,27.0,0.8,0.0,0,,
2025-09-29 21:50:00-03:00,0,27,1,0,0,13.6,81.7,0.0,0,0,0,0,0,1.1,0,,0.0,27.0,0.8,0.0,0,,
2025-09-29 21:55:00-03:00,0,26,1,0,0,13.6,81.7,0.0,0,0,0,0,0,1.1,0,,0.0,26.0,0.4,0.0,0,,
2025-09-29 22:00:00-03:00,0,26,1,0,0,13.6,81.7,0.0,0,0,0,0,0,1.1,0,,0.0,26.0,0.4,0.0,0,,
2025-09-29 22:05:00-03:00,0,26,1,0,0,13.6,81.7,0.0,0,0,0,0,0,1.1,0,,0.0,26.0,0.4,0.0,0,,
2025-09-29 22:10:00-03:00,0,26,1,0,0,13.6,81.7,0.0,0,0,0,0,0,1.2,0,,0.0,26.0,0.4,0.0,0,,
2025-09-29 22:15:00-03:00,0,26,1,0,0,13.6,81.7,0.0,0,0,0,0,0,1.2,0,,0.0,26.0,0.4,0.0,0,,
2025-09-29 22:20:00-03:00,0,26,1,0,0,13.6,81.7,0.0,0,0,0,0,0,1.2,0,,0.0,26.0,0.4,0.0,0,,
2025-09-29 22:25:00-03:00,0,26,1,0,0,13.6,81.7,0.0,0,0,0,0,0,1.3,0,,0.0,26.0,0.4,0.0,0,,
2025-09-29 22:30:00-03:00,0,26,1,0,0,13.6,81.7,0.0,0,0,0,0,0,1.3,0,,0.0,26.0,0.4,0.0,0,,
2025-09-29 22:35:00-03:00,0,26,0,0,0,13.6,81.7,0.0,0,0,0,0,0,1.3,0,,0.0,26.0,0.4,0.0,0,,
2025-09-29 22:40:00-03:00,0,26,0,0,0,13.6,81.7,0.0,0,0,0,0,0,1.4,0,,0.0,26.0,0.4,0.0,0,,
2025-09-29 22:45:00-03:00,0,26,0,0,0,13.6,81.7,0.0,0,0,0,0,0,1.4,0,,0.0,26.0,0.4,0.0,0,,
2025-09-29 22:50:00-03:00,0,26,0,0,0,13.6,81.7,0.0,0,0,0,0,0,1.4,0,,0.0,26.0,0.4,0.0,0,,
2025-09-29 22:55:00-03:00,0,26,0,0,0,13.6,81.7,0.0,0,0,0,0,0,1.5,0,,0.0,26.0,0.4,0.0,0,,
2025-09-29 23:00:00-03:00,0,26,0,0,0,13.6,81.7,0.0,0,0,0,0,0,1.5,0,,0.0,26.0,0.4,0.0,0,,
2025-09-29 23:05:00-03:00,0,26,0,0,0,13.6,81.7,0.0,0,0,0,0,0,1.6,0,,0.0,26.0,0.4,0.0,0,,
2025-09-29 23:10:00-03:00,0,26,0,0,0,13.8,81.7,0.0,0,0,0,0,0,1.6,0,,0.0,26.0,0.4,0.0,0,,
2025-09-29 23:15:00-03:00,0,26,0,0,0,13.9,81.7,0.0,0,0,0,0,0,1.6,0,,0.0,26.0,0.4,0.0,0,,
2025-09-29 23:20:00-03:00,0,26,0,0,0,14.1,81.7,0.0,0,0,0,0,0,1.7,0,,0.0,26.0,0.4,0.0,0,,
2025-09-29 23:25:00-03:00,0,26,0,0,0,14.2,81.7,0.0,0,0,0,0,0,1.7,0,,0.0,26.0,0.4,0.0,0,,
2025-09-29 23:30:00-03:00,0,26,0,0,0,14.3,81.7,0.0,0,0,0,0,0,1.8,0,,0.0,26.0,0.4,0.0,0,,
2025-09-29 23:35:00-03:00,0,26,0,0,0,14.5,81.7,0.0,0,0,0,0,0,1.8,0,,0.0,26.0,0.4,0.0,0,,
2025-09-29 23:40:00-03:00,0,26,0,0,0,14.6,81.7,0.0,0,0,0,0,0,1.8,0,,0.0,26.0,0.4,0.0,0,,
2025-09-29 23:45:00-03:00,0,26,0,0,0,14.7,81.7,0.0,0,0,0,0,0,1.9,0,,0.0,26.0,0.4,0.0,0,,
2025-09-29 23:50:00-03:00,0,26,0,0,0,14.9,81.7,0.0,0,0,0,0,0,1.9,0,,0.0,26.0,0.4,0.0,0,,
2025-09-29 23:55:00-03:00,0,26,0,0,0,15.0,81.7,0.0,0,0,0,0,0,2.0,0,,0.0,26.0,0.4,0.0,0,,
2025-09-30 00:00:00-03:00,0,26,0,0,0,15.1,81.7,0.0,0,0,0,0,0,2.0,0,,0.0,26.0,0.4,0.0,0,,
2025-09-30 00:05:00-03:00,0,26,0,0,0,15.3,81.8,0.0,0,0,0,0,0,2.0,0,,0.0,26.0,0.4,0.0,0,,
2025-09-30 00:10:00-03:00,0,26,0,0,0,15.4,81.9,0.0,0,0,0,0,0,2.0,0,,0.0,26.0,0.4,0.0,0,,
2025-09-30 00:15:00-03:00,0,26,0,0,0,15.6,82.0,0.0,0,0,0,0,0,2.0,0,,0.0,26.0,0.4,0.0,0,,
2025-09-30 00:20:00-03:00,0,26,0,0,0,15.7,82.1,0.0,0,0,0,0,0,2.0,0,,0.0,26.0,0.4,0.0,0,,
2025-09-30 00:25:00-03:00,0,25,0,0,0,15.8,82.3,0.0,0,0,0,0,0,2.0,0,,0.0,25.0,0.0,0.0,0,,
2025-09-30 00:30:00-03:00,0,25,0,0,0,16.0,82.4,0.0,0,0,0,0,0,2.0,0,,0.0,25.0,0.0,0.0,0,,
2025-09-30 00:35:00-03:00,0,25,0,0,0,16.1,82.5,0.0,0,0,0,0,0,2.0,0,,0.0,25.0,0.0,0.0,0,,
2025-09-30 00:40:00-03:00,0,25,0,0,0,16.2,82.6,0.0,0,0,0,0,0,2.0,0,,0.0,25.0,0.0,0.0,0,,
2025-09-30 00:45:00-03:00,0,25,0,0,0,16.4,82.7,0.0,0,0,0,0,0,2.0,0,,0.0,25.0,0.0,0.0,0,,
2025-09-30 00:50:00-03:00,0,25,0,0,0,16.5,82.8,0.0,0,0,0,0,0,2.0,0,,0.0,25.0,0.0,0.0,0,,
2025-09-30 00:55:00-03:00,0,25,0,0,0,16.6,82.9,0.0,0,0,0,0,0,2.0,0,,0.0,25.0,0.0,0.0,0,,
2025-09-30 01:00:00-03:00,0,25,0,0,0,16.8,83.1,0.0,0,0,0,0,0,2.0,0,,0.0,25.0,0.0,0.0,0,,
2025-09-30 01:05:00-03:00,0,25,0,0,0,17.0,83.1,0.0,0,0,0,0,0,2.0,0,,0.0,25.0,0.0,0.0,0,,
2025-09-30 01:10:00-03:00,0,25,0,0,0,17.2,83.2,0.0,0,0,0,0,0,2.0,0,,0.0,25.0,0.0,0.0,0,,
2025-09-30 01:15:00-03:00,0,25,0,0,0,17.5,83.3,0.0,0,0,0,0,0,2.0,0,,0.0,25.0,0.0,0.0,0,,
2025-09-30 01:20:00-03:00,0,25,0,0,0,17.8,83.3,0.0,0,0,0,0,0,2.0,0,,0.0,25.0,0.0,0.0,0,,
2025-09-30 01:25:00-03:00,0,25,0,0,0,18.0,83.4,0.0,0,0,0,0,0,2.1,0,,0.0,25.0,0.0,0.0,0,,
2025-09-30 01:30:00-03:00,0,25,0,0,0,18.3,83.4,0.0,0,0,0,0,0,2.1,0,,0.0,25.0,0.0,0.0,0,,
2025-09-30 01:35:00-03:00,0,25,1,0,0,18.6,83.5,0.0,0,0,0,0,0,2.1,0,,0.0,25.0,0.0,0.0,0,,
2025-09-30 01:40:00-03:00,0,25,1,0,0,18.8,83.5,0.0,0,0,0,0,0,2.1,0,,0.0,25.0,0.0,0.0,0,,
2025-09-30 01:45:00-03:00,0,25,1,0,0,19.1,83.6,0.0,0,0,0,0,0,2.1,0,,0.0,25.0,0.0,0.0,0,,
2025-09-30 01:50:00-03:00,0,25,1,0,0,19.4,83.6,0.0,0,0,0,0,0,2.1,0,,0.0,25.0,0.0,0.0,0,,
2025-09-30 01:55:00-03:00,0,25,1,0,0,19.6,83.7,0.0,0,0,0,0,0,2.1,0,,0.0,25.0,0.0,0.0,0,,
2025-09-30 02:00:00-03:00,0,25,1,0,0,19.9,83.8,0.0,0,0,0,0,0,2.1,0,,0.0,25.0,0.0,0.0,0,,
2025-09-30 02:05:00-03:00,0,25,1,0,0,20.2,83.8,0.0,0,0,0,0,0,2.1,0,,0.0,25.0,0.0,0.0,0,,
2025-09-30 02:10:00-03:00,0,25,1,0,0,20.4,83.9,0.0,0,0,0,0,0,2.2,0,,0.0,25.0,0.0,0.0,0,,
2025-09-30 02:15:00-03:00,0,25,1,0,0,20.7,83.9,0.0,0,0,0,0,0,2.2,0,,0.0,25.0,0.0,0.0,0,,
2025-09-30 02:20:00-03:00,0,25,1,0,0,20.9,84.0,0.0,0,0,0,0,0,2.2,0,,0.0,25.0,0.0,0.0,0,,
2025-09-30 02:25:00-03:00,0,25,1,0,0,21.2,84.0,0.0,0,0,0,0,0,2.2,0,,0.0,25.0,0.0,0.0,0,,
2025-09-30 02:30:00-03:00,0,25,1,0,0,21.5,84.1,0.0,0,0,0,0,0,2.2,0,,0.0,25.0,0.0,0.0,0,,
2025-09-30 02:35:00-03:00,0,24,1,0,0,21.7,84.1,0.0,0,0,0,0,0,2.2,0,,0.0,24.0,0.0,0.0,0,,
2025-09-30 02:40:00-03:00,0,24,1,0,0,22.0,84.2,0.0,0,0,0,0,0,2.3,0,,0.0,24.0,0.0,0.0,0,,
2025-09-30 02:45:00-03:00,0,24,1,0,0,22.2,84.2,0.0,0,0,0,0,0,2.3,0,,0.0,24.0,0.0,0.0,0,,
2025-09-30 02:50:00-03:00,0,24,1,0,0,22.5,84.3,0.0,0,0,0,0,0,2.3,0,,0.0,24.0,0.0,0.0,0,,
2025-09-30 02:55:00-03:00,0,24,1,0,0,22.8,84.4,0.0,0,0,0,0,0,2.3,0,,0.0,24.0,0.0,0.0,0,,
2025-09-30 03:00:00-03:00,0,24,1,0,0,23.0,84.4,0.0,0,0,0,0,0,2.3,0,,0.0,24.0,0.0,0.0,0,,
2025-09-30 03:05:00-03:00,0,24,1,0,0,23.1,84.4,0.0,0,0,0,0,0,2.4,0,,0.0,24.0,0.0,0.0,0,,
2025-09-30 03:10:00-03:00,0,24,1,0,0,22.9,84.3,0.0,0,0,0,0,0,2.4,0,,0.0,24.0,0.0,0.0,0,,
2025-09-30 03:15:00-03:00,0,24,1,0,0,22.8,84.2,0.0,0,0,0,0,0,2.5,0,,0.0,24.0,0.0,0.0,0,,
2025-09-30 03:20:00-03:00,0,24,1,0,0,22.7,84.1,0.0,0,0,0,0,0,2.5,0,,0.0,24.0,0.0,0.0,0,,
2025-09-30 03:25:00-03:00,0,24,1,0,0,22.6,83.9,0.0,0,0,0,0,0,2.5,0,,0.0,24.0,0.0,0.0,0,,
2025-09-30 03:30:00-03:00,0,24,1,0,0,22.4,83.8,0.0,0,0,0,0,0,2.6,0,,0.0,24.0,0.0,0.0,0,,
2025-09-30 03:35:00-03:00,0,24,1,0,0,22.3,83.7,0.0,0,0,0,0,0,2.6,0,,0.0,24.0,0.0,0.0,0,,
2025-09-30 03:40:00-03:00,0,24,1,0,0,22.2,83.6,0.0,0,0,0,0,0,2.7,0,,0.0,24.0,0.0,0.0,0,,
2025-09-30 03:45:00-03:00,0,24,1,0,0,22.0,83.5,0.0,0,0,0,0,0,2.7,0,,0.0,24.0,0.0,0.0,0,,
2025-09-30 03:50:00-03:00,0,24,1,0,0,21.9,83.4,0.0,0,0,0,0,0,2.8,0,,0.0,24.0,0.0,0.0,0,,
2025-09-30 03:55:00-03:00,0,24,1,0,0,21.8,83.3,0.0,0,0,0,0,0,2.8,0,,0.0,24.0,0.0,0.0,0,,
2025-09-30 04:00:00-03:00,0,24,1,0,0,21.7,83.2,0.0,0,0,0,0,0,2.9,0,,0.0,24.0,0.0,0.0,0,,
2025-09-30 04:05:00-03:00,0,24,1,0,0,21.5,83.0,0.0,0,0,0,0,0,2.9,0,,0.0,24.0,0.0,0.0,0,,
2025-09-30 04:10:00-03:00,0,24,1,0,0,21.2,82.9,0.0,0,0,0,0,0,3.0,0,,0.0,24.0,0.0,0.0,0,,
2025-09-30 04:15:00-03:00,0,24,1,0,0,20.9,82.7,0.0,0,0,0,0,0,3.0,0,,0.0,24.0,0.0,0.0,0,,
2025-09-30 04:20:00-03:00,0,24,1,0,0,20.7,82.5,0.0,0,0,0,0,0,3.1,0,,0.0,24.0,0.0,0.0,0,,
2025-09-30 04:25:00-03:00,0,24,1,0,0,20.4,82.3,0.0,0,0,0,0,0,3.1,0,,0.0,24.0,0.0,0.0,0,,
2025-09-30 04:30:00-03:00,0,24,1,0,0,20.2,82.2,0.0,0,0,0,0,0,3.2,0,,0.0,24.0,0.0,0.0,0,,
2025-09-30 04:35:00-03:00,0,24,0,0,0,19.9,82.0,0.0,0,0,0,0,0,3.2,0,,0.0,24.0,0.0,0.0,0,,
2025-09-30 04:40:00-03:00,0,23,0,0,0,19.6,81.8,0.0,0,0,0,0,0,3.2,0,,0.0,23.0,0.0,0.0,0,,
2025-09-30 04:45:00-03:00,0,23,0,0,0,19.4,81.6,0.0,0,0,0,0,0,3.3,0,,0.0,23.0,0.0,0.0,0,,
2025-09-30 04:50:00-03:00,0,23,0,0,0,19.1,81.5,0.0,0,0,0,0,0,3.3,0,,0.0,23.0,0.0,0.0,0,,
2025-09-30 04:55:00-03:00,0,23,0,0,0,18.8,81.3,0.0,0,0,0,0,0,3.4,0,,0.0,23.0,0.0,0.0,0,,
2025-09-30 05:00:00-03:00,0,23,0,0,0,18.6,81.1,0.0,0,0,0,0,0,3.4,0,,0.0,23.0,0.0,0.0,0,,
2025-09-30 05:05:00-03:00,0,23,0,0,0,18.4,81.0,0.0,0,0,0,0,0,3.5,0,,0.0,23.0,0.0,0.0,0,,
2025-09-30 05:10:00-03:00,0,23,0,0,0,18.4,80.8,0.0,0,0,0,0,0,3.5,0,,0.0,23.0,0.0,0.0,0,,
2025-09-30 05:15:00-03:00,0,23,0,0,0,18.4,80.7,0.0,0,0,0,0,0,3.6,0,,0.0,23.0,0.0,0.0,0,,
2025-09-30 05:20:00-03:00,0,23,0,0,0,18.4,80.6,0.0,0,0,0,0,0,3.6,0,,0.0,23.0,0.0,0.0,0,,
2025-09-30 05:25:00-03:00,0,23,0,0,0,18.4,80.5,0.0,0,0,0,0,0,3.7,0,,0.0,23.0,0.0,0.0,0,,
2025-09-30 05:30:00-03:00,0,23,0,0,0,18.4,80.3,0.0,0,0,0,0,0,3.7,0,,0.0,23.0,0.0,0.0,0,,
2025-09-30 05:35:00-03:00,0,23,0,0,0,18.4,80.2,0.0,0,0,0,0,0,3.8,0,,0.0,23.0,0.0,0.0,0,,
2025-09-30 05:40:00-03:00,0,23,0,0,0,18.4,80.1,0.0,0,0,0,0,0,3.8,0,,1.1547005382475268,23.0,0.0,0.0,0,,
2025-09-30 05:45:00-03:00,0,23,0,0,0,18.4,80.0,0.0,0,0,0,0,0,3.9,0,,3.550501458351454,23.0,0.0,0.0,0,,
2025-09-30 05:50:00-03:00,0,23,0,0,0,18.4,79.8,0.0,0,0,0,0,0,3.9,0,,6.899714530743624,23.0,0.0,0.0,0,,
2025-09-30 05:55:00-03:00,0,23,0,0,0,18.4,79.7,0.0,0,0,0,0,0,4.0,0,,10.70117523989043,23.0,0.0,0.0,0,,
2025-09-30 06:00:00-03:00,0,23,0,0,0,18.4,79.6,0.0,0,0,0,0,0,4.0,0,,15.138752200280855,23.0,0.0,0.0,0,,
2025-09-30 06:05:00-03:00,4,23,0,5,4,18.4,79.5,0.0,1,5,4,1,4,4.1,0,1.0,20.036897782016062,23.125,0.0,4.0,0,0.0,0.0
2025-09-30 06:10:00-03:00,13,23,0,15,14,18.4,79.3,0.0,3,15,12,3,14,4.1,1,0.8571428571428571,25.434854396703393,23.375,0.0,12.0,0,14.285714285714285,2.628571428571428
2025-09-30 06:15:00-03:00,22,23,0,27,23,18.4,79.2,0.0,6,27,22,6,23,4.1,1,0.9565217391304348,31.47329315177967,23.6875,0.0,22.0,0,4.3478260869565215,0.7999999999999998
2025-09-30 06:20:00-03:00,33,23,0,41,37,18.4,79.1,0.0,9,41,32,8,37,4.1,1,0.8648648648648649,38.174241672525746,24.0,0.0,32.0,0,13.513513513513514,2.4864864864864864
2025-09-30 06:25:00-03:00,46,23,0,56,53,18.4,79.0,0.0,12,56,44,12,53,4.1,1,0.8301886792452831,45.1290237860122,24.375,0.0,44.0,0,16.9811320754717,3.124528301886792
2025-09-30 06:30:00-03:00,59,24,0,72,69,18.4,78.8,0.0,15,72,57,15,69,4.1,1,0.8260869565217391,52.135894690234046,25.78125,0.3125,56.821875,0,17.391304347826086,3.1999999999999993
2025-09-30 06:35:00-03:00,74,24,0,89,87,17.3,78.1,0.0,20,89,72,19,87,4.2,1,0.8275862068965517,58.93827022376333,26.25,0.5,71.64,0,17.24137931034483,2.9827586206896557
2025-09-30 06:40:00-03:00,92,24,0,108,105,14.1,76.4,0.0,25,108,90,25,105,4.2,1,0.8571428571428571,65.07664478881297,26.8125,0.7250000000000001,89.3475,0,14.285714285714285,2.0142857142857142
2025-09-30 06:45:00-03:00,113,24,0,127,124,10.9,74.6,0.0,32,127,111,32,124,4.2,1,0.8951612903225806,70.35682861906841,27.46875,0.9875,109.903875,0,10.483870967741936,1.142741935483871
2025-09-30 06:50:00-03:00,135,24,0,146,144,7.8,72.9,0.0,40,146,133,39,144,4.2,1,0.9236111111111112,74.81431559655837,28.15625,1.2625000000000002,131.320875,0,7.638888888888889,0.5958333333333333
2025-09-30 06:55:00-03:00,159,24,0,166,165,4.6,71.1,0.0,48,166,157,47,165,4.2,1,0.9515151515151515,78.2379335260323,28.90625,1.5625,154.546875,0,4.848484848484849,0.22303030303030302
2025-09-30 07:00:00-03:00,184,24,0,187,186,1.4,69.3,0.0,57,187,183,56,186,4.3,1,0.9838709677419355,80.6671049324408,29.71875,1.8875000000000002,179.545875,0,1.6129032258064515,0.02258064516129032
2025-09-30 07:05:00-03:00,208,25,0,208,207,0.0,67.6,0.0,67,208,207,66,207,4.3,1,1.0,82.16073492633781,31.46875,2.5875000000000004,201.643875,0,0.0,0.0
2025-09-30 07:10:00-03:00,229,25,0,229,229,0.0,66.6,0.0,77,229,229,75,229,4.3,1,1.0,82.6289167228244,32.15625,2.8625000000000003,222.444875,0,0.0,0.0
2025-09-30 07:15:00-03:00,250,25,0,250,251,0.0,65.6,0.0,86,250,251,85,251,4.3,1,1.0,82.35414103403728,32.84375,3.1375,243.124875,0,0.0,0.0
2025-09-30 07:20:00-03:00,272,25,0,272,273,0.0,64.6,0.0,96,272,273,95,273,4.3,1,1.0,81.71124324550948,33.53125,3.4125,263.683875,0,0.0,0.0
2025-09-30 07:25:00-03:00,294,25,0,294,295,0.0,63.6,0.0,107,294,295,105,295,4.4,1,1.0,80.9711882914711,34.21875,3.6875,284.121875,0,0.0,0.0
2025-09-30 07:30:00-03:00,315,25,0,315,318,0.0,62.6,0.0,118,315,318,116,318,4.4,1,1.0,80.30679808198892,34.9375,3.975,305.3595,0,0.0,0.0
2025-09-30 07:35:00-03:00,337,25,0,337,340,0.0,61.6,0.0,129,337,340,127,340,4.4,1,1.0,80.10428808557303,35.625,4.25,325.55,0,0.0,0.0
2025-09-30 07:40:00-03:00,358,26,0,358,362,0.0,60.6,0.0,141,358,362,139,362,4.4,1,1.0,80.1294407363908,37.3125,4.925000000000001,344.1715,0,0.0,0.0
2025-09-30 07:45:00-03:00,380,26,0,380,384,0.0,59.6,0.0,154,380,384,151,384,4.5,1,1.0,79.96642287784461,38.0,5.2,364.032,0,0.0,0.0
2025-09-30 07:50:00-03:00,401,26,0,401,407,0.0,58.9,0.0,165,401,407,162,407,4.5,1,1.0,79.77791142612483,38.71875,5.487500000000001,384.66587499999997,0,0.0,0.0
2025-09-30 07:55:00-03:00,423,26,0,423,429,0.0,58.4,0.0,176,423,429,173,429,4.5,1,1.0,79.42616163150909,39.40625,5.7625,404.27887499999997,0,0.0,0.0
2025-09-30 08:00:00-03:00,444,26,0,444,451,0.0,57.9,0.0,187,444,451,184,451,4.6,1,1.0,78.93548382102975,40.09375,6.0375000000000005,423.77087500000005,0,0.0,0.0
2025-09-30 08:05:00-03:00,465,26,0,465,473,0.0,57.3,0.0,198,465,473,195,473,4.6,1,1.0,78.4958983680389,40.78125,6.3125,443.141875,0,0.0,0.0
2025-09-30 08:10:00-03:00,486,26,0,486,494,0.0,56.8,0.0,210,486,494,207,494,4.6,1,1.0,77.85587889676216,41.4375,6.575,461.5195,0,0.0,0.0
2025-09-30 08:15:00-03:00,507,27,0,507,516,0.0,56.2,0.0,222,507,516,218,516,4.6,1,1.0,77.06412127493698,43.125,7.25,478.59,0,0.0,0.0
2025-09-30 08:20:00-03:00,527,27,0,527,537,0.0,55.7,0.0,233,527,537,230,537,4.7,1,1.0,75.89880623486896,43.78125,7.5125,496.657875,0,0.0,0.0
2025-09-30 08:25:00-03:00,547,27,0,547,558,0.0,55.2,0.0,245,547,558,241,558,4.7,1,1.0,74.22978247347888,44.4375,7.775,514.6155,0,0.0,0.0
2025-09-30 08:30:00-03:00,567,27,0,567,579,0.0,54.6,0.0,258,567,579,253,579,4.7,1,1.0,71.83060882127995,45.09375,8.0375,532.462875,0,0.0,0.0
2025-09-30 08:35:00-03:00,587,27,0,587,599,0.0,54.0,0.0,270,587,599,266,599,4.8,1,1.0,68.91029522414019,45.71875,8.2875,549.357875,0,0.0,0.0
2025-09-30 08:40:00-03:00,606,27,0,606,619,0.0,53.4,0.0,283,606,619,278,619,4.8,1,1.0,65.54803928833276,46.34375,8.5375,566.152875,0,0.0,0.0
2025-09-30 08:45:00-03:00,624,27,0,625,639,0.2,52.8,0.0,295,625,637,290,639,4.8,1,0.9968701095461658,61.66496721654472,46.90625,8.762500000000001,581.182875,0,0.3129890453834116,0.0006259780907668232
2025-09-30 08:50:00-03:00,638,28,0,644,658,0.9,52.2,0.0,308,644,652,303,658,4.8,1,0.9908814589665653,58.40214556041543,48.375,9.35,591.038,0,0.911854103343465,0.008206686930091184
2025-09-30 08:55:00-03:00,651,28,0,662,677,1.7,51.6,0.0,321,662,665,316,677,4.9,1,0.982274741506647,55.64089405202285,48.78125,9.512500000000001,601.7418749999999,0,1.7725258493353029,0.03013293943870015
2025-09-30 09:00:00-03:00,663,28,0,680,695,2.4,51.0,0.0,333,680,678,329,695,4.9,1,0.9755395683453237,53.56304696336212,49.1875,9.675,612.4035,0,2.446043165467626,0.05870503597122302
2025-09-30 09:05:00-03:00,675,28,0,697,714,3.2,50.5,0.0,345,697,690,341,714,4.9,1,0.9663865546218487,52.204144732693976,49.5625,9.825000000000001,622.2075,0,3.361344537815126,0.10756302521008404
2025-09-30 09:10:00-03:00,686,28,0,714,731,3.9,50.0,0.0,357,714,701,352,731,4.9,1,0.9589603283173734,51.556603198161355,49.90625,9.9625,631.162875,0,4.1039671682626535,0.16005471956224349
2025-09-30 09:15:00-03:00,702,28,0,731,749,4.0,50.0,0.0,366,731,718,361,749,4.8,1,0.9586114819759679,51.73731728645509,50.4375,10.175,644.9435,0,4.138851802403204,0.16555407209612816
2025-09-30 09:20:00-03:00,718,28,0,747,766,4.0,50.0,0.0,374,747,734,369,766,4.8,1,0.95822454308094,52.504256681685256,50.9375,10.375,657.8475,0,4.177545691906006,0.16710182767624024
2025-09-30 09:25:00-03:00,733,28,0,763,782,4.0,50.0,0.0,382,763,750,377,782,4.7,1,0.959079283887468,53.15407849455561,51.4375,10.575000000000001,670.6875,0,4.092071611253197,0.1636828644501279
2025-09-30 09:30:00-03:00,748,29,0,779,798,4.0,50.0,0.0,390,779,765,385,798,4.7,1,0.9586466165413534,53.56919908780053,52.90625,11.162500000000001,679.6068750000001,0,4.135338345864661,0.16541353383458646
2025-09-30 09:35:00-03:00,762,29,0,794,814,4.0,50.0,0.0,397,794,780,392,814,4.7,1,0.9582309582309583,53.593517812460036,53.375,11.350000000000001,691.4699999999999,0,4.176904176904177,0.16707616707616707
2025-09-30 09:40:00-03:00,777,29,0,809,830,4.0,50.0,0.0,405,809,795,400,830,4.6,1,0.9578313253012049,53.06514007244692,53.84375,11.537500000000001,703.276875,0,4.216867469879518,0.1686746987951807
2025-09-30 09:45:00-03:00,791,29,0,823,845,4.0,50.0,0.0,412,823,810,407,845,4.6,1,0.9585798816568047,51.62980111946675,54.3125,11.725000000000001,715.0274999999999,0,4.142011834319527,0.1656804733727811
2025-09-30 09:50:00-03:00,804,29,0,837,859,4.0,50.0,0.0,419,837,823,414,859,4.5,1,0.9580908032596042,50.12892469331872,54.71875,11.887500000000001,725.1658749999999,0,4.190919674039581,0.16763678696158324
2025-09-30 09:55:00-03:00,817,29,0,851,873,4.0,50.0,0.0,425,851,837,420,873,4.5,1,0.9587628865979382,48.53950281299413,55.15625,12.0625,736.036875,0,4.123711340206185,0.1649484536082474
2025-09-30 10:00:00-03:00,830,29,0,864,887,4.0,50.0,0.0,432,864,850,427,887,4.5,1,0.9582863585118376,46.985732844220124,55.5625,12.225000000000001,746.0875,0,4.1713641488162345,0.1668545659526494
2025-09-30 10:05:00-03:00,842,29,0,877,900,4.0,50.0,0.0,439,877,863,433,900,4.4,1,0.9588888888888889,45.28997480879357,55.96875,12.387500000000001,756.0958750000001,0,4.111111111111112,0.16444444444444448
2025-09-30 10:10:00-03:00,853,29,0,889,913,4.0,49.9,0.0,446,889,875,440,913,4.4,1,0.9583789704271632,43.57404008921266,56.34375,12.537500000000001,765.296875,0,4.16210295728368,0.16648411829134718
2025-09-30 10:15:00-03:00,864,30,0,901,925,4.0,49.8,0.0,452,901,886,447,925,4.4,1,0.9578378378378378,41.83589875025721,57.6875,13.075000000000001,770.1555,0,4.216216216216216,0.16864864864864862
2025-09-30 10:20:00-03:00,875,30,0,912,936,4.0,49.7,0.0,459,912,897,453,936,4.3,1,0.9583333333333334,40.2288905683837,58.03125,13.2125,778.483875,0,4.166666666666666,0.16666666666666663
2025-09-30 10:25:00-03:00,885,30,0,922,947,4.0,49.6,0.0,465,922,908,459,947,4.3,1,0.9588173178458289,38.424562062518405,58.375,13.350000000000001,786.782,0,4.118268215417107,0.16473072861668428
2025-09-30 10:30:00-03:00,895,30,0,933,958,4.0,49.5,0.0,471,933,918,465,958,4.2,1,0.9582463465553236,36.72337213009479,58.6875,13.475000000000001,794.2995,0,4.175365344467641,0.16701461377870566
2025-09-30 10:35:00-03:00,905,30,0,942,968,4.0,49.5,0.0,476,942,928,471,968,4.2,1,0.9586776859504132,34.97564087396852,59.0,13.600000000000001,801.792,0,4.132231404958678,0.1652892561983471
2025-09-30 10:40:00-03:00,914,30,0,952,978,4.0,49.4,0.0,482,952,937,476,978,4.2,1,0.9580777096114519,33.20859235288314,59.28125,13.7125,808.5138750000001,0,4.192229038854806,0.16768916155419222
2025-09-30 10:45:00-03:00,922,30,0,960,987,4.0,49.3,0.0,487,960,946,482,987,4.1,1,0.9584599797365755,31.297206768568223,59.5625,13.825000000000001,815.2155,0,4.154002026342452,0.1661600810536981
2025-09-30 10:50:00-03:00,930,30,0,969,996,4.0,49.2,0.0,492,969,954,487,996,4.1,1,0.9578313253012049,29.227814689341933,59.8125,13.925,821.1555,0,4.216867469879518,0.1686746987951807
2025-09-30 10:55:00-03:00,937,31,0,976,1004,4.0,49.1,0.0,497,976,962,492,1004,4.0,1,0.9581673306772909,27.022297190540733,61.0625,14.425,823.2315,0,4.183266932270916,0.16733067729083664
2025-09-30 11:00:00-03:00,944,31,0,984,1011,4.0,49.0,0.0,501,984,969,496,1011,4.0,1,0.9584569732937686,24.849852142709242,61.28125,14.512500000000001,828.373875,0,4.154302670623145,0.1661721068249258
2025-09-30 11:05:00-03:00,950,31,0,990,1018,4.0,49.0,0.0,505,990,975,500,1018,4.0,1,0.9577603143418467,22.582508650923963,61.46875,14.5875,832.771875,0,4.223968565815324,0.16895874263261296
2025-09-30 11:10:00-03:00,955,31,0,996,1024,4.1,49.0,0.0,508,996,980,503,1024,3.9,1,0.95703125,20.28135432688585,61.625,14.65,836.4300000000001,0,4.296875,0.176171875
2025-09-30 11:15:00-03:00,960,31,0,1002,1030,4.2,49.0,0.0,511,1002,985,506,1030,3.9,1,0.9563106796116505,17.946680287247844,61.78125,14.7125,840.0818750000001,0,4.368932038834951,0.18349514563106797
2025-09-30 11:20:00-03:00,964,31,0,1007,1035,4.3,49.0,0.0,514,1007,989,508,1035,3.8,1,0.9555555555555556,15.756432068032023,61.90625,14.762500000000001,842.998875,0,4.444444444444445,0.19111111111111112
2025-09-30 11:25:00-03:00,967,31,0,1012,1040,4.4,49.0,0.0,516,1012,993,511,1040,3.8,1,0.9548076923076924,13.593670541367203,62.03125,14.8125,845.9118749999999,0,4.519230769230769,0.19884615384615387
2025-09-30 11:30:00-03:00,970,31,0,1015,1044,4.5,49.0,0.0,518,1015,996,513,1044,3.8,1,0.9540229885057471,11.555859067470221,62.125,14.850000000000001,848.0939999999999,0,4.597701149425287,0.20689655172413793
2025-09-30 11:35:00-03:00,973,31,0,1019,1048,4.5,49.0,0.0,520,1019,998,514,1048,3.7,1,0.9522900763358778,9.662094007274757,62.1875,14.875,849.5475,0,4.770992366412214,0.21469465648854963
2025-09-30 11:40:00-03:00,975,32,0,1022,1051,4.6,49.0,0.0,521,1022,1000,516,1051,3.7,1,0.9514747859181731,7.898503885908858,63.25,15.3,847.0,0,4.8525214081826835,0.22321598477640342
2025-09-30 11:45:00-03:00,976,32,0,1024,1053,4.7,49.0,0.0,522,1024,1002,517,1053,3.7,1,0.9515669515669516,6.206057646727489,63.3125,15.325000000000001,848.4435,0,4.843304843304843,0.22763532763532762
2025-09-30 11:50:00-03:00,977,32,0,1026,1055,4.8,49.0,0.0,523,1026,1003,518,1055,3.6,1,0.9507109004739337,4.7354242073541135,63.34375,15.3375,849.1648749999999,0,4.928909952606635,0.23658767772511846
2025-09-30 11:55:00-03:00,977,32,0,1027,1056,4.9,49.0,0.0,524,1027,1003,519,1056,3.6,1,0.9498106060606061,3.4067668845128347,63.34375,15.3375,849.1648749999999,0,5.018939393939394,0.24592803030303031
2025-09-30 12:00:00-03:00,977,32,0,1028,1057,5.0,49.0,0.0,524,1028,1003,519,1057,3.5,1,0.9489120151371807,2.3548788811331662,63.34375,15.3375,849.1648749999999,0,5.10879848628193,0.2554399243140965
2025-09-30 12:05:00-03:00,977,32,0,1028,1057,5.0,49.0,0.0,525,1028,1003,520,1057,3.5,1,0.9489120151371807,1.6966991124357185,63.34375,15.3375,849.1648749999999,0,5.10879848628193,0.2554399243140965
2025-09-30 12:10:00-03:00,978,32,1,1028,1057,4.9,48.9,0.0,525,1028,1003,520,1057,3.5,1,0.9489120151371807,1.9128750373307701,63.34375,15.3375,849.1648749999999,0,5.10879848628193,0.2503311258278146
2025-09-30 12:15:00-03:00,978,32,2,1027,1056,4.8,48.8,0.0,526,1027,1003,521,1056,3.5,1,0.9498106060606061,2.927145677538822,63.34375,15.3375,849.1648749999999,0,5.018939393939394,0.2409090909090909
2025-09-30 12:20:00-03:00,977,32,3,1025,1054,4.7,48.7,0.0,526,1025,1003,521,1054,3.5,1,0.9516129032258065,4.1414387778727155,63.34375,15.3375,849.1648749999999,0,4.838709677419355,0.22741935483870968
2025-09-30 12:25:00-03:00,976,32,4,1023,1052,4.6,48.6,0.0,526,1023,1001,520,1052,3.5,1,0.9515209125475285,5.543218625187518,63.28125,15.3125,847.7218750000001,0,4.847908745247148,0.22300380228136876
2025-09-30 12:30:00-03:00,974,32,4,1020,1049,4.5,48.5,0.0,525,1020,1000,520,1049,3.4,1,0.9532888465204957,7.225271306594578,63.25,15.3,847.0,0,4.671115347950429,0.2102001906577693
2025-09-30 12:35:00-03:00,972,32,5,1017,1046,4.5,48.5,0.0,524,1017,997,519,1046,3.4,1,0.9531548757170172,9.019759453855446,63.15625,15.262500000000001,844.832875,0,4.684512428298279,0.21080305927342255
2025-09-30 12:40:00-03:00,969,32,6,1013,1042,4.4,48.4,0.0,523,1013,994,518,1042,3.4,1,0.9539347408829175,10.983113760593694,63.0625,15.225000000000001,842.6635,0,4.606525911708253,0.20268714011516317
2025-09-30 12:45:00-03:00,966,32,7,1009,1037,4.3,48.3,0.0,522,1009,991,517,1037,3.4,1,0.9556412729026037,13.127579111652249,62.96875,15.1875,840.491875,0,4.435872709739633,0.19074252651880422
2025-09-30 12:50:00-03:00,962,32,7,1004,1032,4.2,48.2,0.0,520,1004,987,515,1032,3.4,1,0.9563953488372093,15.433876553021323,62.84375,15.137500000000001,837.5928749999999,0,4.3604651162790695,0.18313953488372092
2025-09-30 12:55:00-03:00,957,32,8,998,1026,4.1,48.1,0.0,518,998,982,513,1026,3.4,1,0.9571150097465887,17.6858100970025,62.6875,15.075000000000001,833.9635,0,4.28849902534113,0.1758284600389863
2025-09-30 13:00:00-03:00,952,32,9,992,1020,4.0,48.0,0.0,516,992,977,511,1020,3.4,1,0.957843137254902,20.097489666832725,62.53125,15.012500000000001,830.327875,0,4.215686274509804,0.16862745098039217
2025-09-30 13:05:00-03:00,946,32,10,986,1013,4.0,48.0,0.0,513,986,971,508,1013,3.4,1,0.9585389930898321,22.37016411257636,62.34375,14.9375,825.956875,0,4.146100691016782,0.1658440276406713
2025-09-30 13:10:00-03:00,939,32,10,978,1005,4.0,47.9,0.0,510,978,964,505,1005,3.4,1,0.9592039800995025,24.735418110277934,62.125,14.850000000000001,820.8459999999999,0,4.079601990049751,0.16318407960199002
2025-09-30 13:15:00-03:00,932,32,11,971,997,4.0,47.8,0.0,507,971,956,502,997,3.4,1,0.958876629889669,27.02229719054067,61.875,14.75,814.99,0,4.112337011033099,0.16449348044132395
2025-09-30 13:20:00-03:00,924,33,12,963,989,4.0,47.7,0.0,503,963,948,499,989,3.4,1,0.9585439838220424,29.227814689341876,62.625,15.05,805.326,0,4.145601617795753,0.16582406471183014
2025-09-30 13:25:00-03:00,916,33,13,954,980,4.0,47.6,0.0,500,954,939,495,980,3.4,1,0.9581632653061225,31.297206768568174,62.34375,14.9375,798.7368749999999,0,4.183673469387755,0.1673469387755102
2025-09-30 13:30:00-03:00,907,33,14,945,970,4.0,47.5,0.0,496,945,930,491,970,3.4,1,0.9587628865979382,33.20859235288308,62.0625,14.825000000000001,792.1275,0,4.123711340206185,0.1649484536082474
2025-09-30 13:35:00-03:00,898,33,14,935,960,4.0,47.5,0.0,491,935,920,486,960,3.4,1,0.9583333333333334,34.97564087396847,61.75,14.700000000000001,784.76,0,4.166666666666666,0.16666666666666663
2025-09-30 13:40:00-03:00,888,33,15,925,950,4.0,47.4,0.0,487,925,910,482,950,3.4,1,0.9578947368421052,36.72337213009476,61.4375,14.575000000000001,777.3675,0,4.2105263157894735,0.16842105263157894
2025-09-30 13:45:00-03:00,878,33,16,914,939,4.0,47.3,0.0,482,914,899,477,939,3.4,1,0.9574014909478168,38.42456206251842,61.09375,14.4375,769.206875,0,4.259850905218317,0.1703940362087327
2025-09-30 13:50:00-03:00,867,33,17,903,927,4.0,47.2,0.0,477,903,888,472,927,3.5,1,0.9579288025889967,40.080506105790754,60.75,14.3,761.016,0,4.207119741100324,0.16828478964401294
2025-09-30 13:55:00-03:00,856,33,18,891,915,4.0,47.1,0.0,471,891,877,467,915,3.5,1,0.9584699453551913,41.71793815177981,60.40625,14.162500000000001,752.794875,0,4.1530054644808745,0.16612021857923498
2025-09-30 14:00:00-03:00,844,33,18,879,902,4.0,47.0,0.0,466,879,865,461,902,3.5,1,0.958980044345898,43.48554270377442,60.03125,14.012500000000001,743.791875,0,4.1019955654102,0.164079822616408
2025-09-30 14:05:00-03:00,832,33,19,867,889,4.0,47.0,0.0,460,867,852,455,889,3.5,1,0.9583802024746907,45.082416111202484,59.625,13.850000000000001,733.9979999999999,0,4.161979752530934,0.16647919010123735
2025-09-30 14:10:00-03:00,820,33,20,854,876,4.0,46.9,0.0,454,854,839,449,876,3.5,1,0.9577625570776256,46.835220494700856,59.21875,13.6875,724.161875,0,4.223744292237443,0.16894977168949774
2025-09-30 14:15:00-03:00,807,33,21,840,862,4.0,46.8,0.0,447,840,826,443,862,3.5,1,0.9582366589327146,48.44326578585893,58.8125,13.525,714.2835,0,4.176334106728538,0.16705336426914152
2025-09-30 14:20:00-03:00,793,33,21,826,847,4.0,46.7,0.0,440,826,812,436,847,3.6,1,0.9586776859504132,50.08507913056066,58.375,13.350000000000001,703.5980000000001,0,4.132231404958678,0.1652892561983471
2025-09-30 14:25:00-03:00,779,33,22,812,832,4.0,46.6,0.0,433,812,797,429,832,3.6,1,0.9579326923076923,51.78181206374913,57.90625,13.162500000000001,692.094875,0,4.206730769230769,0.16826923076923075
2025-09-30 14:30:00-03:00,765,33,23,797,817,4.0,46.5,0.0,426,797,783,422,817,3.6,1,0.9583843329253366,53.23781693039762,57.46875,12.9875,681.3078750000001,0,4.16156670746634,0.1664626682986536
2025-09-30 14:35:00-03:00,751,33,24,782,801,4.0,46.5,0.0,419,782,767,414,801,3.6,1,0.9575530586766542,54.48957364820376,56.96875,12.787500000000001,668.919875,0,4.2446941323345815,0.16978776529338327
2025-09-30 14:40:00-03:00,736,33,24,766,785,4.0,46.4,0.0,411,766,752,407,785,3.7,1,0.9579617834394905,55.04048097040885,56.5,12.600000000000001,657.248,0,4.203821656050955,0.1681528662420382
2025-09-30 14:45:00-03:00,720,33,25,750,768,4.0,46.3,0.0,403,750,736,399,768,3.7,1,0.9583333333333334,55.07701219861761,56.0,12.4,644.736,0,4.166666666666666,0.16666666666666663
2025-09-30 14:50:00-03:00,704,33,26,734,751,4.0,46.2,0.0,395,734,719,390,751,3.7,1,0.9573901464713716,54.60019979982881,55.46875,12.1875,631.371875,0,4.26098535286285,0.170439414114514
2025-09-30 14:55:00-03:00,688,33,27,717,733,4.0,46.1,0.0,386,717,703,382,733,3.8,1,0.9590723055934516,53.89573266965961,54.96875,11.9875,618.727875,0,4.092769440654844,0.16371077762619377
2025-09-30 15:00:00-03:00,673,33,28,700,715,3.8,46.1,0.0,377,700,687,373,715,3.8,1,0.9608391608391609,53.25752187591024,54.46875,11.787500000000001,606.0198750000001,0,3.9160839160839163,0.14881118881118882
2025-09-30 15:05:00-03:00,661,33,28,682,697,3.1,46.5,0.0,365,682,675,360,697,3.8,1,0.9684361549497847,53.0759889786336,54.09375,11.637500000000001,596.446875,0,3.1563845050215207,0.09784791965566715
2025-09-30 15:10:00-03:00,649,33,27,664,679,2.3,47.1,0.0,351,664,662,347,679,3.8,1,0.9749631811487481,53.73560413277765,53.6875,11.475000000000001,586.0355,0,2.503681885125184,0.057584683357879224
2025-09-30 15:15:00-03:00,636,33,27,646,660,1.6,47.7,0.0,338,646,649,334,660,3.9,1,0.9833333333333333,55.12520184804158,53.28125,11.3125,575.581875,0,1.6666666666666667,0.02666666666666667
2025-09-30 15:20:00-03:00,622,33,27,627,640,0.8,48.2,0.0,325,627,635,320,640,3.9,1,0.9921875,57.237080055963624,52.84375,11.137500000000001,564.276875,0,0.78125,0.00625
2025-09-30 15:25:00-03:00,608,33,26,609,621,0.1,48.8,0.0,312,609,620,307,621,3.9,1,0.998389694041868,60.05426838713976,52.375,10.950000000000001,552.11,0,0.1610305958132045,0.0001610305958132045
2025-09-30 15:30:00-03:00,589,33,26,589,601,0.0,49.4,0.0,298,589,601,294,601,3.9,1,1.0,63.26854740634212,51.78125,10.7125,536.617875,0,0.0,0.0
2025-09-30 15:35:00-03:00,570,32,25,570,581,0.0,50.0,0.0,285,570,581,281,581,3.9,1,1.0,66.72393373694938,50.15625,10.0625,522.536875,0,0.0,0.0
2025-09-30 15:40:00-03:00,550,32,25,550,560,0.0,50.5,0.0,272,550,560,268,560,4.0,1,1.0,69.87391241631686,49.5,9.8,505.12,0,0.0,0.0
2025-09-30 15:45:00-03:00,530,32,24,530,539,0.0,51.1,0.0,259,530,539,255,539,4.0,1,1.0,72.49383463857839,48.84375,9.5375,487.592875,0,0.0,0.0
2025-09-30 15:50:00-03:00,510,32,24,510,518,0.0,51.6,0.0,247,510,518,243,518,4.0,1,1.0,74.55377355650513,48.1875,9.275,469.9555,0,0.0,0.0
2025-09-30 15:55:00-03:00,490,32,24,490,497,0.0,52.2,0.0,234,490,497,230,497,4.0,1,1.0,75.98978200848104,47.53125,9.012500000000001,452.207875,0,0.0,0.0
2025-09-30 16:00:00-03:00,469,32,23,469,476,0.0,52.7,0.0,222,469,476,218,476,4.0,1,1.0,76.75521895195887,46.875,8.75,434.34999999999997,0,0.0,0.0
2025-09-30 16:05:00-03:00,448,32,23,448,454,0.0,53.3,0.0,210,448,454,206,454,4.1,1,1.0,77.30910017388953,46.1875,8.475,415.5235,0,0.0,0.0
2025-09-30 16:10:00-03:00,427,32,22,427,433,0.0,53.8,0.0,197,427,433,194,433,4.1,1,1.0,77.73770973698052,45.53125,8.2125,397.439875,0,0.0,0.0
2025-09-30 16:15:00-03:00,406,32,22,406,411,0.0,54.3,0.0,185,406,411,182,411,4.1,1,1.0,78.15306465616715,44.84375,7.9375,378.376875,0,0.0,0.0
2025-09-30 16:20:00-03:00,385,32,22,385,389,0.0,54.9,0.0,174,385,389,171,389,4.1,1,1.0,78.53020071438733,44.15625,7.6625000000000005,359.192875,0,0.0,0.0
2025-09-30 16:25:00-03:00,364,31,21,364,367,0.0,55.6,0.0,161,364,367,159,367,4.2,1,1.0,78.84430380454754,42.46875,6.987500000000001,341.35587499999997,0,0.0,0.0
2025-09-30 16:30:00-03:00,342,31,21,342,345,0.0,56.6,0.0,149,342,345,146,345,4.2,1,1.0,78.9320286798376,41.78125,6.7125,321.841875,0,0.0,0.0
2025-09-30 16:35:00-03:00,321,31,20,321,323,0.0,57.6,0.0,136,321,323,134,323,4.2,1,1.0,78.93202867983766,41.09375,6.4375,302.206875,0,0.0,0.0
2025-09-30 16:40:00-03:00,300,31,20,300,301,0.0,58.6,0.0,124,300,301,122,301,4.2,1,1.0,78.84430380454772,40.40625,6.1625000000000005,282.450875,0,0.0,0.0
2025-09-30 16:45:00-03:00,278,31,19,278,279,0.0,59.6,0.0,112,278,279,110,279,4.2,1,1.0,78.80638914261047,39.71875,5.8875,262.573875,0,0.0,0.0
2025-09-30 16:50:00-03:00,257,31,19,257,257,0.0,60.7,0.0,101,257,257,99,257,4.3,1,1.0,79.2144672277824,39.03125,5.612500000000001,242.575875,0,0.0,0.0
2025-09-30 16:55:00-03:00,236,31,19,236,236,0.0,61.7,0.0,90,236,236,89,236,4.3,1,1.0,79.7108410557672,38.375,5.3500000000000005,223.374,0,0.0,0.0
2025-09-30 17:00:00-03:00,215,31,18,215,214,0.0,62.7,0.0,80,215,214,79,214,4.3,1,1.0,79.84924242064622,37.6875,5.075,203.1395,0,0.0,0.0
2025-09-30 17:05:00-03:00,194,31,18,194,193,0.0,63.7,0.0,71,194,193,69,193,4.3,1,1.0,79.55039378604467,37.03125,4.8125,183.711875,0,0.0,0.0
2025-09-30 17:10:00-03:00,171,31,17,174,172,1.6,65.7,0.0,60,174,170,59,172,4.4,1,0.9883720930232558,78.6272371652601,36.3125,4.525,162.3075,0,1.1627906976744187,0.0186046511627907
2025-09-30 17:15:00-03:00,147,30,17,154,152,4.6,67.6,0.0,50,154,145,49,152,4.4,1,0.9539473684210527,76.81910076552502,34.53125,3.8125,139.471875,0,4.605263157894736,0.21184210526315783
2025-09-30 17:20:00-03:00,125,30,17,135,133,7.7,69.5,0.0,41,135,122,40,133,4.4,1,0.9172932330827067,73.94894840156026,33.8125,3.5250000000000004,117.6995,0,8.270676691729323,0.6368421052631579
2025-09-30 17:25:00-03:00,104,30,16,116,114,10.7,71.4,0.0,33,116,102,33,114,4.4,1,0.8947368421052632,70.2642199562499,33.1875,3.2750000000000004,98.6595,0,10.526315789473683,1.126315789473684
2025-09-30 17:30:00-03:00,85,30,16,98,96,13.8,73.3,0.0,26,98,83,26,96,4.4,1,0.8645833333333334,65.69050482559938,32.59375,3.0375,80.478875,0,13.541666666666666,1.86875
2025-09-30 17:35:00-03:00,67,30,15,81,78,16.8,75.2,0.0,20,81,66,20,78,4.5,1,0.8461538461538461,60.48609907919224,32.0625,2.825,64.1355,0,15.384615384615385,2.5846153846153843
2025-09-30 17:40:00-03:00,54,30,15,65,63,17.4,75.8,0.0,16,65,52,15,63,4.5,1,0.8253968253968254,54.581812377603654,31.625,2.6500000000000004,50.622,0,17.46031746031746,3.0380952380952375
2025-09-30 17:45:00-03:00,41,30,14,50,48,17.3,75.9,0.0,12,50,41,12,48,4.5,1,0.8541666666666666,48.057021055481215,31.28125,2.5125,39.969875,0,14.583333333333334,2.5229166666666667
2025-09-30 17:50:00-03:00,30,30,14,36,33,17.2,76.0,0.0,9,36,30,9,33,4.5,1,0.9090909090909091,41.49443190101024,30.9375,2.375,29.287499999999998,0,9.090909090909092,1.5636363636363637
2025-09-30 17:55:00-03:00,20,30,14,24,21,17.0,76.2,0.0,6,24,20,6,21,4.5,1,0.9523809523809523,35.15161964456354,30.625,2.25,19.55,0,4.761904761904762,0.8095238095238095
2025-09-30 18:00:00-03:00,11,30,13,13,12,16.9,76.3,0.0,3,13,11,3,12,4.6,1,0.9166666666666666,29.0094028643328,30.34375,2.1375,10.764875,0,8.333333333333332,1.4083333333333332
2025-09-30 18:05:00-03:00,3,29,13,3,3,16.8,76.4,0.0,1,3,3,1,3,4.6,0,1.0,23.407296194802676,29.09375,1.6375000000000002,2.950875,0,0.0,0.0
2025-09-30 18:10:00-03:00,0,29,12,0,0,16.8,76.6,0.0,0,0,0,0,0,4.5,0,,18.490579091830146,29.0,1.6,0.0,0,,
2025-09-30 18:15:00-03:00,0,29,12,0,0,16.8,76.7,0.0,0,0,0,0,0,4.5,0,,14.117204204273857,29.0,1.6,0.0,0,,
2025-09-30 18:20:00-03:00,0,29,12,0,0,16.8,76.9,0.0,0,0,0,0,0,4.4,0,,9.94835146993769,29.0,1.6,0.0,0,,
2025-09-30 18:25:00-03:00,0,29,11,0,0,16.8,77.0,0.0,0,0,0,0,0,4.4,0,,6.278872703277074,29.0,1.6,0.0,0,,
2025-09-30 18:30:00-03:00,0,29,11,0,0,16.8,77.1,0.0,0,0,0,0,0,4.3,0,,3.2145502536201835,29.0,1.6,0.0,0,,
2025-09-30 18:35:00-03:00,0,29,11,0,0,16.8,77.3,0.0,0,0,0,0,0,4.3,0,,0.8660254036208509,29.0,1.6,0.0,0,,
2025-09-30 18:40:00-03:00,0,29,10,0,0,16.8,77.4,0.0,0,0,0,0,0,4.2,0,,0.0,29.0,1.6,0.0,0,,
2025-09-30 18:45:00-03:00,0,29,10,0,0,16.8,77.5,0.0,0,0,0,0,0,4.2,0,,0.0,29.0,1.6,0.0,0,,
2025-09-30 18:50:00-03:00,0,29,10,0,0,16.8,77.7,0.0,0,0,0,0,0,4.1,0,,0.0,29.0,1.6,0.0,0,,
2025-09-30 18:55:00-03:00,0,29,9,0,0,16.8,77.8,0.0,0,0,0,0,0,4.1,0,,0.0,29.0,1.6,0.0,0,,
2025-09-30 19:00:00-03:00,0,29,9,0,0,16.8,77.9,0.0,0,0,0,0,0,4.0,0,,0.0,29.0,1.6,0.0,0,,
2025-09-30 19:05:00-03:00,0,29,8,0,0,16.8,78.1,0.0,0,0,0,0,0,4.0,0,,0.0,29.0,1.6,0.0,0,,
2025-09-30 19:10:00-03:00,0,29,8,0,0,16.8,78.3,0.0,0,0,0,0,0,3.9,0,,0.0,29.0,1.6,0.0,0,,
2025-09-30 19:15:00-03:00,0,28,8,0,0,16.8,78.5,0.0,0,0,0,0,0,3.9,0,,0.0,28.0,1.2000000000000002,0.0,0,,
2025-09-30 19:20:00-03:00,0,28,7,0,0,16.8,78.7,0.0,0,0,0,0,0,3.8,0,,0.0,28.0,1.2000000000000002,0.0,0,,
2025-09-30 19:25:00-03:00,0,28,7,0,0,16.8,78.9,0.0,0,0,0,0,0,3.8,0,,0.0,28.0,1.2000000000000002,0.0,0,,
2025-09-30 19:30:00-03:00,0,28,7,0,0,16.8,79.1,0.0,0,0,0,0,0,3.7,0,,0.0,28.0,1.2000000000000002,0.0,0,,
2025-09-30 19:35:00-03:00,0,28,6,0,0,16.8,79.2,0.0,0,0,0,0,0,3.7,0,,0.0,28.0,1.2000000000000002,0.0,0,,
2025-09-30 19:40:00-03:00,0,28,6,0,0,16.8,79.4,0.0,0,0,0,0,0,3.6,0,,0.0,28.0,1.2000000000000002,0.0,0,,
2025-09-30 19:45:00-03:00,0,28,6,0,0,16.8,79.6,0.0,0,0,0,0,0,3.6,0,,0.0,28.0,1.2000000000000002,0.0,0,,
2025-09-30 19:50:00-03:00,0,28,5,0,0,16.8,79.8,0.0,0,0,0,0,0,3.5,0,,0.0,28.0,1.2000000000000002,0.0,0,,
2025-09-30 19:55:00-03:00,0,28,5,0,0,16.8,80.0,0.0,0,0,0,0,0,3.5,0,,0.0,28.0,1.2000000000000002,0.0,0,,
2025-09-30 20:00:00-03:00,0,28,5,0,0,16.8,80.2,0.0,0,0,0,0,0,3.4,0,,0.0,28.0,1.2000000000000002,0.0,0,,
2025-09-30 20:05:00-03:00,0,28,4,0,0,16.8,80.3,0.0,0,0,0,0,0,3.4,0,,0.0,28.0,1.2000000000000002,0.0,0,,
2025-09-30 20:10:00-03:00,0,28,4,0,0,16.8,80.5,0.0,0,0,0,0,0,3.3,0,,0.0,28.0,1.2000000000000002,0.0,0,,
2025-09-30 20:15:00-03:00,0,28,3,0,0,16.8,80.6,0.0,0,0,0,0,0,3.3,0,,0.0,28.0,1.2000000000000002,0.0,0,,
2025-09-30 20:20:00-03:00,0,28,3,0,0,16.8,80.7,0.0,0,0,0,0,0,3.2,0,,0.0,28.0,1.2000000000000002,0.0,0,,
2025-09-30 20:25:00-03:00,0,27,3,0,0,16.8,80.8,0.0,0,0,0,0,0,3.2,0,,0.0,27.0,0.8,0.0,0,,
2025-09-30 20:30:00-03:00,0,27,2,0,0,16.8,81.0,0.0,0,0,0,0,0,3.1,0,,0.0,27.0,0.8,0.0,0,,
2025-09-30 20:35:00-03:00,0,27,2,0,0,16.8,81.1,0.0,0,0,0,0,0,3.1,0,,0.0,27.0,0.8,0.0,0,,
2025-09-30 20:40:00-03:00,0,27,2,0,0,16.8,81.2,0.0,0,0,0,0,0,3.1,0,,0.0,27.0,0.8,0.0,0,,
2025-09-30 20:45:00-03:00,0,27,1,0,0,16.8,81.3,0.0,0,0,0,0,0,3.0,0,,0.0,27.0,0.8,0.0,0,,
2025-09-30 20:50:00-03:00,0,27,1,0,0,16.8,81.4,0.0,0,0,0,0,0,3.0,0,,0.0,27.0,0.8,0.0,0,,
2025-09-30 20:55:00-03:00,0,27,1,0,0,16.8,81.6,0.0,0,0,0,0,0,2.9,0,,0.0,27.0,0.8,0.0,0,,
2025-09-30 21:00:00-03:00,0,27,0,0,0,16.8,81.7,0.0,0,0,0,0,0,2.9,0,,0.0,27.0,0.8,0.0,0,,
2025-09-30 21:05:00-03:00,0,27,0,0,0,16.8,81.7,0.0,0,0,0,0,0,2.8,0,,0.0,27.0,0.8,0.0,0,,
2025-09-30 21:10:00-03:00,0,27,0,0,0,16.8,81.7,0.0,0,0,0,0,0,2.8,0,,0.0,27.0,0.8,0.0,0,,
2025-09-30 21:15:00-03:00,0,27,0,0,0,16.8,81.7,0.0,0,0,0,0,0,2.8,0,,0.0,27.0,0.8,0.0,0,,
2025-09-30 21:20:00-03:00,0,27,0,0,0,16.8,81.7,0.0,0,0,0,0,0,2.8,0,,0.0,27.0,0.8,0.0,0,,
2025-09-30 21:25:00-03:00,0,27,0,0,0,16.8,81.7,0.0,0,0,0,0,0,2.8,0,,0.0,27.0,0.8,0.0,0,,
2025-09-30 21:30:00-03:00,0,27,0,0,0,16.8,81.7,0.0,0,0,0,0,0,2.8,0,,0.0,27.0,0.8,0.0,0,,
2025-09-30 21:35:00-03:00,0,27,0,0,0,16.8,81.7,0.0,0,0,0,0,0,2.7,0,,0.0,27.0,0.8,0.0,0,,
2025-09-30 21:40:00-03:00,0,27,0,0,0,16.8,81.7,0.0,0,0,0,0,0,2.7,0,,0.0,27.0,0.8,0.0,0,,
2025-09-30 21:45:00-03:00,0,27,0,0,0,16.8,81.7,0.0,0,0,0,0,0,2.7,0,,0.0,27.0,0.8,0.0,0,,
2025-09-30 21:50:00-03:00,0,27,0,0,0,16.8,81.7,0.0,0,0,0,0,0,2.7,0,,0.0,27.0,0.8,0.0,0,,
2025-09-30 21:55:00-03:00,0,26,0,0,0,16.8,81.7,0.0,0,0,0,0,0,2.7,0,,0.0,26.0,0.4,0.0,0,,
2025-09-30 22:00:00-03:00,0,26,0,0,0,16.8,81.7,0.0,0,0,0,0,0,2.7,0,,0.0,26.0,0.4,0.0,0,,
2025-09-30 22:05:00-03:00,0,26,0,0,0,16.8,81.7,0.0,0,0,0,0,0,2.6,0,,0.0,26.0,0.4,0.0,0,,
2025-09-30 22:10:00-03:00,0,26,0,0,0,16.8,81.6,0.0,0,0,0,0,0,2.6,0,,0.0,26.0,0.4,0.0,0,,
2025-09-30 22:15:00-03:00,0,26,0,0,0,16.8,81.6,0.0,0,0,0,0,0,2.6,0,,0.0,26.0,0.4,0.0,0,,
2025-09-30 22:20:00-03:00,0,26,0,0,0,16.8,81.5,0.0,0,0,0,0,0,2.6,0,,0.0,26.0,0.4,0.0,0,,
2025-09-30 22:25:00-03:00,0,26,0,0,0,16.8,81.5,0.0,0,0,0,0,0,2.6,0,,0.0,26.0,0.4,0.0,0,,
2025-09-30 22:30:00-03:00,0,26,0,0,0,16.8,81.4,0.0,0,0,0,0,0,2.6,0,,0.0,26.0,0.4,0.0,0,,
2025-09-30 22:35:00-03:00,0,26,0,0,0,16.8,81.3,0.0,0,0,0,0,0,2.6,0,,0.0,26.0,0.4,0.0,0,,
2025-09-30 22:40:00-03:00,0,26,0,0,0,16.8,81.3,0.0,0,0,0,0,0,2.5,0,,0.0,26.0,0.4,0.0,0,,
2025-09-30 22:45:00-03:00,0,26,0,0,0,16.8,81.2,0.0,0,0,0,0,0,2.5,0,,0.0,26.0,0.4,0.0,0,,
2025-09-30 22:50:00-03:00,0,26,0,0,0,16.8,81.2,0.0,0,0,0,0,0,2.5,0,,0.0,26.0,0.4,0.0,0,,
2025-09-30 22:55:00-03:00,0,26,0,0,0,16.8,81.1,0.0,0,0,0,0,0,2.5,0,,0.0,26.0,0.4,0.0,0,,
2025-09-30 23:00:00-03:00,0,26,0,0,0,16.8,81.0,0.0,0,0,0,0,0,2.5,0,,0.0,26.0,0.4,0.0,0,,
2025-09-30 23:05:00-03:00,0,26,0,0,0,16.8,81.0,0.0,0,0,0,0,0,2.5,0,,0.0,26.0,0.4,0.0,0,,
2025-09-30 23:10:00-03:00,0,26,0,0,0,16.8,81.0,0.0,0,0,0,0,0,2.4,0,,0.0,26.0,0.4,0.0,0,,
2025-09-30 23:15:00-03:00,0,26,0,0,0,16.8,81.0,0.0,0,0,0,0,0,2.4,0,,0.0,26.0,0.4,0.0,0,,
2025-09-30 23:20:00-03:00,0,26,0,0,0,16.8,81.0,0.0,0,0,0,0,0,2.4,0,,0.0,26.0,0.4,0.0,0,,
2025-09-30 23:25:00-03:00,0,26,0,0,0,16.8,81.0,0.0,0,0,0,0,0,2.4,0,,0.0,26.0,0.4,0.0,0,,
2025-09-30 23:30:00-03:00,0,26,0,0,0,16.8,81.0,0.0,0,0,0,0,0,2.4,0,,0.0,26.0,0.4,0.0,0,,
2025-09-30 23:35:00-03:00,0,26,0,0,0,16.8,81.0,0.0,0,0,0,0,0,2.4,0,,0.0,26.0,0.4,0.0,0,,
2025-09-30 23:40:00-03:00,0,25,0,0,0,16.8,81.0,0.0,0,0,0,0,0,2.4,0,,0.0,25.0,0.0,0.0,0,,
2025-09-30 23:45:00-03:00,0,25,0,0,0,16.8,81.0,0.0,0,0,0,0,0,2.3,0,,0.0,25.0,0.0,0.0,0,,
2025-09-30 23:50:00-03:00,0,25,0,0,0,16.8,81.0,0.0,0,0,0,0,0,2.3,0,,0.0,25.0,0.0,0.0,0,,
2025-09-30 23:55:00-03:00,0,25,0,0,0,16.8,81.0,0.0,0,0,0,0,0,2.3,0,,0.0,25.0,0.0,0.0,0,,
2025-10-01 00:00:00-03:00,0,25,0,0,0,16.8,81.0,0.0,0,0,0,0,0,2.3,0,,0.0,25.0,0.0,0.0,0,,
2025-10-01 00:05:00-03:00,0,25,0,0,0,17.0,81.1,0.0,0,0,0,0,0,2.3,0,,0.0,25.0,0.0,0.0,0,,
2025-10-01 00:10:00-03:00,0,25,0,0,0,17.2,81.2,0.0,0,0,0,0,0,2.4,0,,0.0,25.0,0.0,0.0,0,,
2025-10-01 00:15:00-03:00,0,25,0,0,0,17.5,81.3,0.0,0,0,0,0,0,2.4,0,,0.0,25.0,0.0,0.0,0,,
2025-10-01 00:20:00-03:00,0,25,0,0,0,17.8,81.4,0.0,0,0,0,0,0,2.5,0,,0.0,25.0,0.0,0.0,0,,
2025-10-01 00:25:00-03:00,0,25,0,0,0,18.0,81.6,0.0,0,0,0,0,0,2.5,0,,0.0,25.0,0.0,0.0,0,,
2025-10-01 00:30:00-03:00,0,25,0,0,0,18.3,81.7,0.0,0,0,0,0,0,2.6,0,,0.0,25.0,0.0,0.0,0,,
2025-10-01 00:35:00-03:00,0,25,0,0,0,18.6,81.8,0.0,0,0,0,0,0,2.6,0,,0.0,25.0,0.0,0.0,0,,
2025-10-01 00:40:00-03:00,0,25,0,0,0,18.8,81.9,0.0,0,0,0,0,0,2.7,0,,0.0,25.0,0.0,0.0,0,,
2025-10-01 00:45:00-03:00,0,25,0,0,0,19.1,82.0,0.0,0,0,0,0,0,2.7,0,,0.0,25.0,0.0,0.0,0,,
2025-10-01 00:50:00-03:00,0,25,0,0,0,19.4,82.1,0.0,0,0,0,0,0,2.8,0,,0.0,25.0,0.0,0.0,0,,
2025-10-01 00:55:00-03:00,0,25,0,0,0,19.6,82.3,0.0,0,0,0,0,0,2.8,0,,0.0,25.0,0.0,0.0,0,,
2025-10-01 01:00:00-03:00,0,25,0,0,0,19.9,82.4,0.0,0,0,0,0,0,2.9,0,,0.0,25.0,0.0,0.0,0,,
2025-10-01 01:05:00-03:00,0,25,0,0,0,20.2,82.5,0.0,0,0,0,0,0,2.9,0,,0.0,25.0,0.0,0.0,0,,
2025-10-01 01:10:00-03:00,0,25,0,0,0,20.4,82.6,0.0,0,0,0,0,0,3.0,0,,0.0,25.0,0.0,0.0,0,,
2025-10-01 01:15:00-03:00,0,25,0,0,0,20.7,82.7,0.0,0,0,0,0,0,3.0,0,,0.0,25.0,0.0,0.0,0,,
2025-10-01 01:20:00-03:00,0,25,0,0,0,20.9,82.8,0.0,0,0,0,0,0,3.1,0,,0.0,25.0,0.0,0.0,0,,
2025-10-01 01:25:00-03:00,0,25,0,0,0,21.2,82.9,0.0,0,0,0,0,0,3.1,0,,0.0,25.0,0.0,0.0,0,,
2025-10-01 01:30:00-03:00,0,25,0,0,0,21.5,83.1,0.0,0,0,0,0,0,3.2,0,,0.0,25.0,0.0,0.0,0,,
2025-10-01 01:35:00-03:00,0,25,0,0,0,21.7,83.2,0.0,0,0,0,0,0,3.2,0,,0.0,25.0,0.0,0.0,0,,
2025-10-01 01:40:00-03:00,0,25,0,0,0,22.0,83.3,0.0,0,0,0,0,0,3.3,0,,0.0,25.0,0.0,0.0,0,,
2025-10-01 01:45:00-03:00,0,25,0,0,0,22.2,83.4,0.0,0,0,0,0,0,3.3,0,,0.0,25.0,0.0,0.0,0,,
2025-10-01 01:50:00-03:00,0,25,0,0,0,22.5,83.5,0.0,0,0,0,0,0,3.4,0,,0.0,25.0,0.0,0.0,0,,
2025-10-01 01:55:00-03:00,0,25,0,0,0,22.8,83.6,0.0,0,0,0,0,0,3.5,0,,0.0,25.0,0.0,0.0,0,,
2025-10-01 02:00:00-03:00,0,25,0,0,0,23.0,83.7,0.0,0,0,0,0,0,3.5,0,,0.0,25.0,0.0,0.0,0,,
2025-10-01 02:05:00-03:00,0,25,0,0,0,23.3,83.8,0.0,0,0,0,0,0,3.6,0,,0.0,25.0,0.0,0.0,0,,
2025-10-01 02:10:00-03:00,0,25,0,0,0,23.5,83.9,0.0,0,0,0,0,0,3.6,0,,0.0,25.0,0.0,0.0,0,,
2025-10-01 02:15:00-03:00,0,25,0,0,0,23.8,84.1,0.0,0,0,0,0,0,3.7,0,,0.0,25.0,0.0,0.0,0,,
2025-10-01 02:20:00-03:00,0,25,0,0,0,24.0,84.2,0.0,0,0,0,0,0,3.7,0,,0.0,25.0,0.0,0.0,0,,
2025-10-01 02:25:00-03:00,0,25,0,0,0,24.3,84.3,0.0,0,0,0,0,0,3.8,0,,0.0,25.0,0.0,0.0,0,,
2025-10-01 02:30:00-03:00,0,25,0,0,0,24.6,84.4,0.0,0,0,0,0,0,3.8,0,,0.0,25.0,0.0,0.0,0,,
2025-10-01 02:35:00-03:00,0,25,0,0,0,24.8,84.5,0.0,0,0,0,0,0,3.9,0,,0.0,25.0,0.0,0.0,0,,
2025-10-01 02:40:00-03:00,0,25,0,0,0,25.1,84.6,0.0,0,0,0,0,0,4.0,0,,0.0,25.0,0.0,0.0,0,,
2025-10-01 02:45:00-03:00,0,25,0,0,0,25.3,84.7,0.0,0,0,0,0,0,4.0,0,,0.0,25.0,0.0,0.0,0,,
2025-10-01 02:50:00-03:00,0,25,0,0,0,25.6,84.8,0.0,0,0,0,0,0,4.1,0,,0.0,25.0,0.0,0.0,0,,
2025-10-01 02:55:00-03:00,0,25,0,0,0,25.8,84.9,0.0,0,0,0,0,0,4.1,0,,0.0,25.0,0.0,0.0,0,,
2025-10-01 03:00:00-03:00,0,25,0,0,0,26.1,85.0,0.0,0,0,0,0,0,4.2,0,,0.0,25.0,0.0,0.0,0,,
2025-10-01 03:05:00-03:00,0,25,0,0,0,26.2,85.0,0.0,0,0,0,0,0,4.2,0,,0.0,25.0,0.0,0.0,0,,
2025-10-01 03:10:00-03:00,0,25,0,0,0,26.2,84.9,0.0,0,0,0,0,0,4.3,0,,0.0,25.0,0.0,0.0,0,,
2025-10-01 03:15:00-03:00,0,25,0,0,0,26.2,84.8,0.0,0,0,0,0,0,4.3,0,,0.0,25.0,0.0,0.0,0,,
2025-10-01 03:20:00-03:00,0,25,0,0,0,26.2,84.7,0.0,0,0,0,0,0,4.3,0,,0.0,25.0,0.0,0.0,0,,
2025-10-01 03:25:00-03:00,0,25,0,0,0,26.2,84.6,0.0,0,0,0,0,0,4.4,0,,0.0,25.0,0.0,0.0,0,,
2025-10-01 03:30:00-03:00,0,24,0,0,0,26.2,84.5,0.0,0,0,0,0,0,4.4,0,,0.0,24.0,0.0,0.0,0,,
2025-10-01 03:35:00-03:00,0,24,0,0,0,26.2,84.4,0.0,0,0,0,0,0,4.4,0,,0.0,24.0,0.0,0.0,0,,
2025-10-01 03:40:00-03:00,0,24,0,0,0,26.2,84.3,0.0,0,0,0,0,0,4.5,0,,0.0,24.0,0.0,0.0,0,,
2025-10-01 03:45:00-03:00,0,24,0,0,0,26.2,84.2,0.0,0,0,0,0,0,4.5,0,,0.0,24.0,0.0,0.0,0,,
2025-10-01 03:50:00-03:00,0,24,0,0,0,26.2,84.1,0.0,0,0,0,0,0,4.6,0,,0.0,24.0,0.0,0.0,0,,
2025-10-01 03:55:00-03:00,0,24,0,0,0,26.2,83.9,0.0,0,0,0,0,0,4.6,0,,0.0,24.0,0.0,0.0,0,,
2025-10-01 04:00:00-03:00,0,24,0,0,0,26.2,83.8,0.0,0,0,0,0,0,4.6,0,,0.0,24.0,0.0,0.0,0,,
2025-10-01 04:05:00-03:00,0,24,0,0,0,26.1,83.7,0.0,0,0,0,0,0,4.7,0,,0.0,24.0,0.0,0.0,0,,
2025-10-01 04:10:00-03:00,0,24,0,0,0,26.0,83.6,0.0,0,0,0,0,0,4.7,0,,0.0,24.0,0.0,0.0,0,,
2025-10-01 04:15:00-03:00,0,24,0,0,0,25.9,83.5,0.0,0,0,0,0,0,4.8,0,,0.0,24.0,0.0,0.0,0,,
2025-10-01 04:20:00-03:00,0,24,0,0,0,25.8,83.4,0.0,0,0,0,0,0,4.8,0,,0.0,24.0,0.0,0.0,0,,
2025-10-01 04:25:00-03:00,0,24,0,0,0,25.6,83.3,0.0,0,0,0,0,0,4.9,0,,0.0,24.0,0.0,0.0,0,,
2025-10-01 04:30:00-03:00,0,24,0,0,0,25.5,83.2,0.0,0,0,0,0,0,4.9,0,,0.0,24.0,0.0,0.0,0,,
2025-10-01 04:35:00-03:00,0,24,0,0,0,25.4,83.1,0.0,0,0,0,0,0,4.9,0,,0.0,24.0,0.0,0.0,0,,
2025-10-01 04:40:00-03:00,0,24,0,0,0,25.3,82.9,0.0,0,0,0,0,0,5.0,0,,0.0,24.0,0.0,0.0,0,,
2025-10-01 04:45:00-03:00,0,24,0,0,0,25.1,82.8,0.0,0,0,0,0,0,5.0,0,,0.0,24.0,0.0,0.0,0,,
2025-10-01 04:50:00-03:00,0,24,0,0,0,25.0,82.7,0.0,0,0,0,0,0,5.1,0,,0.0,24.0,0.0,0.0,0,,
2025-10-01 04:55:00-03:00,0,24,0,0,0,24.9,82.6,0.0,0,0,0,0,0,5.1,0,,0.0,24.0,0.0,0.0,0,,
2025-10-01 05:00:00-03:00,0,24,0,0,0,24.7,82.5,0.0,0,0,0,0,0,5.2,0,,0.0,24.0,0.0,0.0,0,,
2025-10-01 05:05:00-03:00,0,24,0,0,0,24.7,82.4,0.0,0,0,0,0,0,5.2,0,,0.0,24.0,0.0,0.0,0,,
2025-10-01 05:10:00-03:00,0,24,0,0,0,24.7,82.3,0.0,0,0,0,0,0,5.3,0,,0.0,24.0,0.0,0.0,0,,
2025-10-01 05:15:00-03:00,0,23,0,0,0,24.7,82.3,0.0,0,0,0,0,0,5.3,0,,0.0,23.0,0.0,0.0,0,,
2025-10-01 05:20:00-03:00,0,23,0,0,0,24.7,82.2,0.0,0,0,0,0,0,5.4,0,,0.0,23.0,0.0,0.0,0,,
2025-10-01 05:25:00-03:00,0,23,0,0,0,24.7,82.2,0.0,0,0,0,0,0,5.4,0,,0.0,23.0,0.0,0.0,0,,
2025-10-01 05:30:00-03:00,0,23,0,0,0,24.7,82.1,0.0,0,0,0,0,0,5.5,0,,0.0,23.0,0.0,0.0,0,,
2025-10-01 05:35:00-03:00,0,23,0,0,0,24.7,82.1,0.0,0,0,0,0,0,5.5,0,,0.0,23.0,0.0,0.0,0,,
2025-10-01 05:40:00-03:00,0,23,0,0,0,24.7,82.0,0.0,0,0,0,0,0,5.6,0,,1.4433756728758862,23.0,0.0,0.0,0,,
2025-10-01 05:45:00-03:00,0,23,0,0,0,24.7,81.9,0.0,0,0,0,0,0,5.6,0,,3.8963852711884495,23.0,0.0,0.0,0,,
2025-10-01 05:50:00-03:00,0,23,0,0,0,24.7,81.9,0.0,0,0,0,0,0,5.7,0,,7.036700328624689,23.0,0.0,0.0,0,,
2025-10-01 05:55:00-03:00,0,23,0,0,0,24.7,81.8,0.0,0,0,0,0,0,5.7,0,,10.744977685144795,23.0,0.0,0.0,0,,
2025-10-01 06:00:00-03:00,0,23,0,0,0,24.7,81.8,0.0,0,0,0,0,0,5.8,0,,14.920750245161951,23.0,0.0,0.0,0,,
2025-10-01 06:05:00-03:00,5,23,0,6,6,24.6,81.6,0.0,1,6,5,1,6,5.8,0,0.8333333333333334,19.464808960750126,23.15625,0.0,5.0,0,16.666666666666664,4.1
2025-10-01 06:10:00-03:00,13,23,0,17,15,24.3,81.5,0.0,3,17,13,3,15,5.9,1,0.8666666666666667,24.635524977333016,23.40625,0.0,13.0,0,13.333333333333334,3.24
2025-10-01 06:15:00-03:00,22,23,0,29,25,24.0,81.3,0.0,5,29,22,5,25,5.9,1,0.88,30.352849199789457,23.6875,0.0,22.0,0,12.0,2.88
2025-10-01 06:20:00-03:00,32,23,0,43,39,23.8,81.1,0.0,8,43,32,8,39,5.9,1,0.8205128205128205,36.67754659518717,24.0,0.0,32.0,0,17.94871794871795,4.271794871794872
2025-10-01 06:25:00-03:00,44,23,0,57,54,23.5,80.9,0.0,11,57,43,11,54,6.0,1,0.7962962962962963,43.401839787840714,24.34375,0.0,43.0,0,20.37037037037037,4.787037037037037
2025-10-01 06:30:00-03:00,57,24,0,74,70,23.3,80.7,0.0,14,74,55,14,70,6.0,1,0.7857142857142857,50.124315154390494,25.71875,0.28750000000000003,54.841875,0,21.428571428571427,4.992857142857143
2025-10-01 06:35:00-03:00,71,24,0,91,88,21.4,79.8,0.0,18,91,70,18,88,6.0,1,0.7954545454545454,56.78421408892311,26.1875,0.47500000000000003,69.6675,0,20.454545454545457,4.377272727272728
2025-10-01 06:40:00-03:00,89,24,0,109,106,18.1,78.1,0.0,24,109,87,24,106,6.1,1,0.8207547169811321,63.18581304135168,26.71875,0.6875,86.401875,0,17.92452830188679,3.24433962264151
2025-10-01 06:45:00-03:00,109,24,0,128,125,14.7,76.3,0.0,30,128,107,30,125,6.1,1,0.856,68.80731770456279,27.34375,0.9375,105.996875,0,14.399999999999999,2.1167999999999996
2025-10-01 06:50:00-03:00,131,24,0,148,145,11.3,74.6,0.0,38,148,129,37,145,6.1,1,0.8896551724137931,73.70883545574496,28.03125,1.2125000000000001,127.435875,0,11.03448275862069,1.2468965517241382
2025-10-01 06:55:00-03:00,155,24,0,168,165,7.9,72.8,0.0,46,168,152,45,165,6.2,1,0.9212121212121213,77.61692060134837,28.75,1.5,149.72,0,7.878787878787878,0.6224242424242424
2025-10-01 07:00:00-03:00,180,24,0,188,186,4.5,71.0,0.0,55,188,178,54,186,6.2,1,0.956989247311828,80.58587552004991,29.5625,1.8250000000000002,174.7515,0,4.301075268817205,0.19354838709677424
2025-10-01 07:05:00-03:00,205,24,0,209,207,2.0,69.4,0.0,64,209,203,63,207,6.2,1,0.9806763285024155,82.48948509667635,30.34375,2.1375,198.660875,0,1.932367149758454,0.03864734299516908
2025-10-01 07:10:00-03:00,227,24,0,230,229,1.6,68.3,0.0,73,230,225,72,229,6.3,1,0.982532751091703,83.50843724384212,31.03125,2.4125,219.571875,0,1.7467248908296942,0.027947598253275106
2025-10-01 07:15:00-03:00,248,24,0,252,251,1.3,67.3,0.0,82,252,248,81,251,6.3,1,0.9880478087649402,83.6078055657172,31.75,2.7,241.304,0,1.1952191235059761,0.01553784860557769
2025-10-01 07:20:00-03:00,270,25,0,273,273,1.0,66.2,0.0,92,273,270,91,273,6.3,1,0.989010989010989,83.13128536273344,33.4375,3.375,260.8875,0,1.098901098901099,0.01098901098901099
2025-10-01 07:25:00-03:00,293,25,0,294,295,0.7,65.1,0.0,103,294,293,101,295,6.4,1,0.9932203389830508,82.3478854763366,34.15625,3.6625,282.268875,0,0.6779661016949152,0.0047457627118644066
2025-10-01 07:30:00-03:00,315,25,0,316,317,0.3,64.0,0.0,114,316,316,112,317,6.4,1,0.9968454258675079,81.41922935701679,34.875,3.95,303.51800000000003,0,0.31545741324921134,0.000946372239747634
2025-10-01 07:35:00-03:00,337,25,0,337,339,0.0,63.0,0.0,125,337,339,123,339,6.4,1,1.0,80.87527808953854,35.59375,4.2375,324.63487499999997,0,0.0,0.0
2025-10-01 07:40:00-03:00,359,25,0,359,361,0.0,61.9,0.0,137,359,361,135,361,6.5,1,1.0,80.51180978683246,36.28125,4.5125,344.709875,0,0.0,0.0
2025-10-01 07:45:00-03:00,380,25,0,380,383,0.0,60.8,0.0,149,380,383,147,383,6.5,1,1.0,80.07094392228448,36.96875,4.7875000000000005,364.663875,0,0.0,0.0
2025-10-01 07:50:00-03:00,401,25,0,401,405,0.0,60.1,0.0,160,401,405,157,405,6.5,1,1.0,79.58052906371107,37.65625,5.0625,384.496875,0,0.0,0.0
2025-10-01 07:55:00-03:00,422,25,0,422,427,0.0,59.5,0.0,171,422,427,168,427,6.6,1,1.0,78.92439804053089,38.34375,5.3375,404.20887500000003,0,0.0,0.0
2025-10-01 08:00:00-03:00,443,25,0,443,449,0.0,58.9,0.0,182,443,449,179,449,6.6,1,1.0,78.15655423377179,39.03125,5.612500000000001,423.799875,0,0.0,0.0
2025-10-01 08:05:00-03:00,464,25,0,464,470,0.0,58.3,0.0,194,464,470,190,470,6.6,1,1.0,77.48841555648224,39.6875,5.875,442.3875,0,0.0,0.0
2025-10-01 08:10:00-03:00,485,25,0,485,492,0.0,57.6,0.0,205,485,492,202,492,6.7,1,1.0,76.8349273482157,40.375,6.15,461.742,0,0.0,0.0
2025-10-01 08:15:00-03:00,505,26,0,505,513,0.0,57.0,0.0,217,505,513,214,513,6.7,1,1.0,76.10519036175862,42.03125,6.8125,478.051875,0,0.0,0.0
2025-10-01 08:20:00-03:00,525,26,0,525,534,0.0,56.4,0.0,229,525,534,225,534,6.8,1,1.0,75.34888549576598,42.6875,7.075,496.21950000000004,0,0.0,0.0
2025-10-01 08:25:00-03:00,545,26,0,545,554,0.0,55.8,0.0,241,545,554,237,554,6.8,1,1.0,74.21033784065224,43.3125,7.325,513.4195,0,0.0,0.0
2025-10-01 08:30:00-03:00,565,26,0,565,575,0.0,55.1,0.0,254,565,575,250,575,6.8,1,1.0,72.5502438230732,43.96875,7.5875,531.3718749999999,0,0.0,0.0
2025-10-01 08:35:00-03:00,585,26,0,585,595,0.0,54.4,0.0,267,585,595,262,595,6.9,1,1.0,70.41107652187391,44.59375,7.8375,548.366875,0,0.0,0.0
2025-10-01 08:40:00-03:00,604,26,0,604,615,0.0,53.7,0.0,280,604,615,275,615,6.9,1,1.0,67.68302907111872,45.21875,8.0875,565.261875,0,0.0,0.0
2025-10-01 08:45:00-03:00,623,26,0,623,635,0.0,53.0,0.0,293,623,635,288,635,6.9,1,1.0,64.71827056909056,45.84375,8.3375,582.056875,0,0.0,0.0
2025-10-01 08:50:00-03:00,639,26,0,642,654,0.4,52.3,0.0,306,642,652,302,654,7.0,1,0.9969418960244648,62.1871564251163,46.375,8.55,596.254,0,0.3058103975535168,0.0012232415902140672
2025-10-01 08:55:00-03:00,654,26,0,660,674,1.0,51.6,0.0,319,660,667,315,674,7.0,1,0.9896142433234422,60.07343990331863,46.84375,8.7375,608.720875,0,1.0385756676557862,0.010385756676557863
2025-10-01 09:00:00-03:00,668,26,0,678,692,1.6,50.9,0.0,333,678,681,328,692,7.0,1,0.9841040462427746,58.32893922843619,47.28125,8.9125,620.305875,0,1.5895953757225432,0.025433526011560695
2025-10-01 09:05:00-03:00,680,27,0,696,711,2.2,50.3,0.0,346,696,694,341,711,7.0,1,0.9760900140646976,57.23529320164471,48.6875,9.475,628.2435,0,2.390998593530239,0.05260196905766526
2025-10-01 09:10:00-03:00,693,27,1,713,729,2.9,49.9,0.0,358,713,707,353,729,7.0,1,0.9698216735253772,56.735163592592514,49.09375,9.637500000000001,638.862875,0,3.017832647462277,0.08751714677640603
2025-10-01 09:15:00-03:00,710,27,1,730,746,2.8,49.8,0.0,367,730,725,362,746,6.9,1,0.9718498659517426,56.76106219775689,49.65625,9.8625,653.496875,0,2.8150134048257374,0.07882037533512064
2025-10-01 09:20:00-03:00,727,27,2,747,764,2.7,49.7,0.0,376,747,742,371,764,6.9,1,0.9712041884816754,57.250843582505674,50.1875,10.075000000000001,667.2435,0,2.8795811518324608,0.07774869109947645
2025-10-01 09:25:00-03:00,743,27,3,763,781,2.6,49.6,0.0,384,763,759,380,781,6.9,1,0.971830985915493,57.82942524564688,50.71875,10.287500000000001,680.917875,0,2.8169014084507045,0.07323943661971832
2025-10-01 09:30:00-03:00,759,27,3,779,797,2.5,49.5,0.0,393,779,776,389,797,6.8,1,0.973651191969887,58.23222839838655,51.25,10.5,694.52,0,2.6348808030112925,0.06587202007528231
2025-10-01 09:35:00-03:00,775,27,4,795,813,2.5,49.5,0.0,402,795,793,397,813,6.8,1,0.97539975399754,58.3055561570877,51.78125,10.7125,708.0498749999999,0,2.4600246002460024,0.06150061500615006
2025-10-01 09:40:00-03:00,790,27,4,810,829,2.4,49.4,0.0,410,810,809,406,829,6.7,1,0.9758745476477684,57.461185845641076,52.28125,10.912500000000001,720.7178749999999,0,2.4125452352231602,0.05790108564535584
2025-10-01 09:45:00-03:00,805,28,5,824,844,2.3,49.3,0.0,418,824,824,414,844,6.7,1,0.976303317535545,55.563981684230285,53.75,11.5,729.24,0,2.3696682464454977,0.054502369668246446
2025-10-01 09:50:00-03:00,820,28,6,839,859,2.2,49.2,0.0,426,839,839,422,859,6.6,1,0.9767171129220024,53.48654602851093,54.21875,11.6875,740.941875,0,2.3282887077997674,0.05122235157159489
2025-10-01 09:55:00-03:00,834,28,6,852,873,2.1,49.1,0.0,434,852,854,429,873,6.6,1,0.9782359679266895,51.09586948851428,54.6875,11.875,752.5875,0,2.176403207331042,0.04570446735395189
2025-10-01 10:00:00-03:00,848,28,7,866,887,2.0,49.0,0.0,441,866,869,437,887,6.5,1,0.979706877113867,48.42825058315502,55.15625,12.0625,764.176875,0,2.029312288613303,0.040586245772266064
2025-10-01 10:05:00-03:00,860,28,7,879,901,2.1,49.0,0.0,448,879,881,444,901,6.5,1,0.9778024417314095,45.67042674190018,55.53125,12.2125,773.407875,0,2.2197558268590454,0.04661487236403995
2025-10-01 10:10:00-03:00,871,28,8,891,914,2.2,49.1,0.0,453,891,892,449,914,6.5,1,0.975929978118162,43.02104840726211,55.875,12.350000000000001,781.838,0,2.4070021881838075,0.05295404814004377
2025-10-01 10:15:00-03:00,881,28,8,903,926,2.4,49.2,0.0,459,903,903,454,926,6.4,1,0.9751619870410367,40.259292170379524,56.21875,12.4875,790.2378749999999,0,2.4838012958963285,0.05961123110151188
2025-10-01 10:20:00-03:00,891,29,9,914,938,2.6,49.3,0.0,464,914,913,459,938,6.4,1,0.9733475479744137,37.54229937581889,57.53125,13.012500000000001,794.195875,0,2.6652452025586353,0.06929637526652452
2025-10-01 10:25:00-03:00,900,29,10,925,949,2.8,49.4,0.0,469,925,922,464,949,6.3,1,0.9715489989462592,34.808567388442285,57.8125,13.125,800.9875000000001,0,2.845100105374078,0.07966280295047418
2025-10-01 10:30:00-03:00,909,29,10,936,960,2.9,49.5,0.0,473,936,931,469,960,6.3,1,0.9697916666666667,32.41913015488477,58.09375,13.2375,807.758875,0,3.0208333333333335,0.08760416666666666
2025-10-01 10:35:00-03:00,917,29,11,946,971,3.1,49.5,0.0,477,946,940,473,971,6.2,1,0.9680741503604532,30.360959780402744,58.375,13.350000000000001,814.51,0,3.192584963954686,0.09897013388259528
2025-10-01 10:40:00-03:00,924,29,11,955,980,3.2,49.6,0.0,481,955,947,477,980,6.2,1,0.9663265306122449,28.46795114551786,58.59375,13.4375,819.7468749999999,0,3.36734693877551,0.10775510204081634
2025-10-01 10:45:00-03:00,931,29,12,964,990,3.4,49.7,0.0,485,964,955,481,990,6.1,1,0.9646464646464646,26.59459958848925,58.84375,13.537500000000001,825.716875,0,3.535353535353535,0.12020202020202019
2025-10-01 10:50:00-03:00,938,29,13,973,998,3.6,49.8,0.0,488,973,961,484,998,6.1,1,0.9629258517034068,24.89919068903724,59.03125,13.6125,830.183875,0,3.707414829659319,0.13346693386773548
2025-10-01 10:55:00-03:00,944,30,13,980,1007,3.8,49.9,0.0,491,980,968,487,1007,6.0,1,0.9612711022840119,23.2372480506844,60.25,14.100000000000001,831.512,0,3.8728897715988087,0.14716981132075474
2025-10-01 11:00:00-03:00,949,30,14,988,1014,3.9,50.0,0.0,494,988,973,490,1014,6.0,1,0.9595660749506904,21.576326814062114,60.40625,14.162500000000001,835.198875,0,4.043392504930966,0.1576923076923077
2025-10-01 11:05:00-03:00,954,30,14,994,1021,4.0,50.0,0.0,497,994,979,493,1021,6.0,1,0.9588638589618022,19.926379652609786,60.59375,14.2375,839.614875,0,4.113614103819784,0.16454456415279137
2025-10-01 11:10:00-03:00,959,30,15,1001,1028,4.1,50.0,0.0,500,1001,984,496,1028,5.9,1,0.9571984435797666,18.446277443280657,60.75,14.3,843.288,0,4.280155642023346,0.17548638132295719
2025-10-01 11:15:00-03:00,964,30,15,1006,1034,4.2,50.0,0.0,503,1006,989,499,1034,5.9,1,0.9564796905222437,16.80074854030271,60.90625,14.3625,846.954875,0,4.352030947775629,0.1827852998065764
2025-10-01 11:20:00-03:00,968,30,16,1012,1039,4.3,50.0,0.0,506,1012,993,501,1039,5.8,1,0.9557266602502407,15.194696044282008,61.03125,14.412500000000001,849.883875,0,4.427333974975938,0.19037536092396531
2025-10-01 11:25:00-03:00,972,30,17,1016,1044,4.4,50.0,0.0,508,1016,997,504,1044,5.8,1,0.9549808429118773,13.416407864973793,61.15625,14.4625,852.808875,0,4.501915708812261,0.1980842911877395
2025-10-01 11:30:00-03:00,975,30,17,1020,1048,4.5,50.0,0.0,510,1020,1000,506,1048,5.7,1,0.9541984732824428,11.780826744639292,61.25,14.5,855.0,0,4.580152671755725,0.20610687022900762
2025-10-01 11:35:00-03:00,977,31,18,1024,1052,4.5,50.0,0.0,512,1024,1003,508,1052,5.7,1,0.9534220532319392,9.937303457142123,62.34375,14.9375,853.176875,0,4.657794676806084,0.2096007604562738
2025-10-01 11:40:00-03:00,980,31,18,1027,1055,4.6,50.0,0.0,514,1027,1005,509,1055,5.6,1,0.95260663507109,8.062257748256892,62.40625,14.9625,854.626875,0,4.739336492890995,0.21800947867298578
2025-10-01 11:45:00-03:00,981,31,19,1030,1058,4.7,50.0,0.0,515,1030,1006,510,1058,5.6,1,0.9508506616257089,6.164414002914463,62.4375,14.975000000000001,855.3515,0,4.914933837429111,0.23100189035916824
2025-10-01 11:50:00-03:00,982,31,20,1032,1060,4.8,50.0,0.0,516,1032,1007,511,1060,5.6,1,0.95,4.845335151111883,62.46875,14.9875,856.075875,0,5.0,0.24
2025-10-01 11:55:00-03:00,983,31,20,1033,1061,4.9,50.0,0.0,517,1033,1008,512,1061,5.5,1,0.9500471253534402,4.845335151111883,62.5,15.0,856.8,0,4.995287464655985,0.24476908576814327
2025-10-01 12:00:00-03:00,983,31,21,1034,1062,5.0,50.0,0.0,517,1034,1008,513,1062,5.5,1,0.9491525423728814,6.501165396640769,62.5,15.0,856.8,0,5.084745762711865,0.25423728813559326
2025-10-01 12:05:00-03:00,981,31,22,1034,1063,5.2,50.2,0.0,515,1034,1006,511,1063,5.4,1,0.9463781749764817,8.886489575137356,62.4375,14.975000000000001,855.3515,0,5.362182502351835,0.2788334901222954
2025-10-01 12:10:00-03:00,977,31,24,1034,1062,5.5,50.5,0.0,512,1034,1002,507,1062,5.4,1,0.943502824858757,11.6186240253204,62.3125,14.925,852.4515,0,5.649717514124294,0.3107344632768362
2025-10-01 12:15:00-03:00,973,31,25,1033,1062,5.8,50.8,0.0,508,1033,998,503,1062,5.3,1,0.9397363465160076,14.366153404293458,62.1875,14.875,849.5475,0,6.0263653483992465,0.3495291902071563
2025-10-01 12:20:00-03:00,968,31,27,1032,1060,6.2,51.2,0.0,504,1032,993,499,1060,5.3,1,0.9367924528301886,16.989078488196988,62.03125,14.8125,845.9118749999999,0,6.320754716981132,0.3918867924528302
2025-10-01 12:25:00-03:00,963,31,29,1030,1058,6.5,51.5,0.0,500,1030,987,495,1058,5.2,1,0.9328922495274102,19.652087559693893,61.84375,14.7375,841.5408749999999,0,6.71077504725898,0.43620037807183365
2025-10-01 12:30:00-03:00,957,31,30,1028,1056,6.8,51.8,0.0,495,1028,981,490,1056,5.2,1,0.9289772727272727,21.937238300245404,61.65625,14.662500000000001,837.160875,0,7.1022727272727275,0.48295454545454547
2025-10-01 12:35:00-03:00,951,31,32,1024,1052,7.2,52.2,0.0,490,1024,974,485,1052,5.1,1,0.9258555133079848,23.917788485977006,61.4375,14.575000000000001,832.0395,0,7.41444866920152,0.5338403041825095
2025-10-01 12:40:00-03:00,944,31,34,1021,1049,7.5,52.5,0.0,485,1021,967,480,1049,5.1,1,0.9218303145853194,25.79229389259028,61.21875,14.4875,826.905875,0,7.816968541468065,0.5862726406101049
2025-10-01 12:45:00-03:00,937,32,35,1017,1044,7.8,52.8,0.0,479,1017,960,474,1044,5.0,1,0.9195402298850575,27.48704929211576,62.0,14.8,817.92,0,8.045977011494253,0.6275862068965518
2025-10-01 12:50:00-03:00,929,32,37,1012,1039,8.2,53.2,0.0,474,1012,951,468,1039,5.0,1,0.9153031761308951,28.89623546833989,61.71875,14.6875,811.321875,0,8.46968238691049,0.6945139557266602
2025-10-01 12:55:00-03:00,921,32,39,1006,1034,8.5,53.5,0.0,468,1006,943,463,1034,5.0,1,0.9119922630560928,30.20184622089903,61.46875,14.5875,805.439875,0,8.800773694390715,0.7480657640232109
2025-10-01 13:00:00-03:00,912,32,40,1001,1028,8.8,53.8,0.0,462,1001,934,456,1028,4.9,1,0.9085603112840467,31.57770598303226,61.1875,14.475000000000001,798.8035,0,9.14396887159533,0.8046692607003891
2025-10-01 13:05:00-03:00,903,32,42,994,1021,9.1,54.1,0.0,456,994,924,450,1021,4.9,1,0.9049951028403526,32.89779858158393,60.875,14.350000000000001,791.4060000000001,0,9.500489715964742,0.8645445641527914
2025-10-01 13:10:00-03:00,895,32,44,987,1014,9.4,54.4,0.0,450,987,915,445,1014,4.8,1,0.9023668639053254,34.18886935653326,60.59375,14.2375,784.726875,0,9.763313609467456,0.9177514792899408
2025-10-01 13:15:00-03:00,885,32,46,980,1006,9.6,54.6,0.0,445,980,906,439,1006,4.8,1,0.9005964214711729,35.50032010097985,60.3125,14.125,778.0275,0,9.940357852882704,0.9542743538767395
2025-10-01 13:20:00-03:00,876,32,47,972,998,9.9,54.9,0.0,439,972,896,433,998,4.7,1,0.8977955911823647,36.706349050339526,60.0,14.0,770.56,0,10.220440881763528,1.0118236472945892
2025-10-01 13:25:00-03:00,866,32,49,963,989,10.1,55.1,0.0,432,963,885,426,989,4.7,1,0.8948432760364005,37.98913321495422,59.65625,13.8625,762.316875,0,10.51567239635996,1.0620829120323558
2025-10-01 13:30:00-03:00,855,32,51,954,979,10.4,55.4,0.0,426,954,874,420,979,4.6,1,0.8927477017364658,39.26676441824663,59.3125,13.725000000000001,754.0435,0,10.725229826353422,1.115423901940756
2025-10-01 13:35:00-03:00,844,32,52,945,970,10.6,55.6,0.0,419,945,863,413,970,4.6,1,0.8896907216494845,40.56672393610777,58.96875,13.5875,745.739875,0,11.030927835051546,1.1692783505154638
2025-10-01 13:40:00-03:00,833,32,54,935,959,10.9,55.9,0.0,413,935,851,407,959,4.5,1,0.8873826903023984,42.086131020108155,58.59375,13.4375,736.646875,0,11.261730969760167,1.2275286757038584
2025-10-01 13:45:00-03:00,822,32,56,925,948,11.1,56.1,0.0,406,925,839,400,948,4.5,1,0.8850210970464135,43.71489933926083,58.21875,13.287500000000001,727.5178749999999,0,11.49789029535865,1.27626582278481
2025-10-01 13:50:00-03:00,810,32,57,914,937,11.4,56.4,0.0,399,914,827,393,937,4.5,1,0.8826040554962646,45.300010034106926,57.84375,13.137500000000001,718.352875,0,11.739594450373533,1.3383137673425827
2025-10-01 13:55:00-03:00,797,32,59,902,925,11.6,56.6,0.0,391,902,814,385,925,4.4,1,0.88,46.8446821146597,57.4375,12.975000000000001,708.3835,0,12.0,1.392
2025-10-01 14:00:00-03:00,785,32,61,890,913,11.9,56.9,0.0,384,890,801,378,913,4.4,1,0.8773274917853231,48.52451738943994,57.03125,12.8125,698.3718749999999,0,12.26725082146769,1.459802847754655
2025-10-01 14:05:00-03:00,771,32,63,878,900,12.2,57.1,0.0,376,878,787,370,900,4.3,1,0.8744444444444445,50.21069245054187,56.59375,12.637500000000001,687.542875,0,12.555555555555555,1.5317777777777777
2025-10-01 14:10:00-03:00,757,32,64,865,887,12.5,57.4,0.0,369,865,772,363,887,4.3,1,0.8703494926719278,51.77983695562176,56.125,12.450000000000001,675.886,0,12.965050732807216,1.620631341600902
2025-10-01 14:15:00-03:00,743,32,66,852,873,12.8,57.6,0.0,361,852,757,355,873,4.2,1,0.8671248568155785,53.408942617453135,55.65625,12.262500000000001,664.172875,0,13.287514318442154,1.7008018327605958
2025-10-01 14:20:00-03:00,728,32,68,838,859,13.2,57.9,0.0,353,838,742,347,859,4.2,1,0.8637951105937136,54.829211413640316,55.1875,12.075000000000001,652.4035,0,13.62048894062864,1.7979045401629805
2025-10-01 14:25:00-03:00,713,32,69,824,844,13.5,58.1,0.0,345,824,726,339,844,4.1,1,0.8601895734597157,56.09157825836587,54.6875,11.875,639.7875,0,13.981042654028435,1.8874407582938388
2025-10-01 14:30:00-03:00,698,32,71,810,829,13.8,58.4,0.0,337,810,710,331,829,4.1,1,0.856453558504222,57.229204242074154,54.1875,11.675,627.1075,0,14.354644149577805,1.9809408926417371
2025-10-01 14:35:00-03:00,682,32,73,795,813,14.2,58.6,0.0,329,795,694,323,813,4.1,1,0.8536285362853628,58.14473842111437,53.6875,11.475000000000001,614.3634999999999,0,14.637146371463713,2.078474784747847
2025-10-01 14:40:00-03:00,666,32,74,779,797,14.5,58.9,0.0,321,779,677,315,797,4.0,1,0.849435382685069,58.342445175790346,53.15625,11.262500000000001,600.752875,0,15.056461731493098,2.1831869510664994
2025-10-01 14:45:00-03:00,650,32,76,764,781,14.8,59.1,0.0,312,764,661,307,781,4.0,1,0.8463508322663252,57.891486787121124,52.65625,11.0625,587.876875,0,15.364916773367476,2.274007682458387
2025-10-01 14:50:00-03:00,634,32,78,747,764,15.2,59.4,0.0,304,747,644,299,764,3.9,1,0.8429319371727748,56.74257393676161,52.125,10.850000000000001,574.126,0,15.706806282722512,2.387434554973822
2025-10-01 14:55:00-03:00,617,32,79,731,747,15.5,59.6,0.0,295,731,627,290,747,3.9,1,0.8393574297188755,55.108914199443,51.59375,10.637500000000001,560.302875,0,16.06425702811245,2.4899598393574296
2025-10-01 15:00:00-03:00,601,32,81,714,729,15.8,60.0,0.0,286,714,610,281,729,3.8,1,0.8367626886145405,53.34081386932106,51.0625,10.425,546.4075,0,16.323731138545952,2.5791495198902608
2025-10-01 15:05:00-03:00,588,32,81,696,711,15.5,60.5,0.0,275,696,597,270,711,3.8,1,0.8396624472573839,51.50522185940949,50.65625,10.262500000000001,535.732875,0,16.033755274261605,2.485232067510549
2025-10-01 15:10:00-03:00,577,32,79,679,693,15.0,60.9,0.0,265,679,585,261,693,3.8,1,0.8441558441558441,49.6743181008756,50.28125,10.1125,525.841875,0,15.584415584415584,2.3376623376623376
2025-10-01 15:15:00-03:00,566,32,77,661,674,14.4,61.3,0.0,256,661,574,252,674,3.8,1,0.8516320474777448,48.24456320443746,49.9375,9.975000000000001,516.7435,0,14.836795252225517,2.1364985163204744
2025-10-01 15:20:00-03:00,554,32,76,642,655,13.8,61.7,0.0,246,642,562,242,655,3.8,1,0.8580152671755725,47.41970885484068,49.5625,9.825000000000001,506.7835,0,14.198473282442748,1.9593893129770992
2025-10-01 15:25:00-03:00,542,32,74,624,636,13.1,62.1,0.0,237,624,549,233,636,3.8,1,0.8632075471698113,47.553717631801554,49.15625,9.662500000000001,495.952875,0,13.679245283018867,1.7919811320754715
2025-10-01 15:30:00-03:00,529,31,72,605,616,12.5,62.5,0.0,227,605,536,223,616,3.8,1,0.8701298701298701,48.638664629785374,47.75,9.1,487.224,0,12.987012987012985,1.6233766233766231
2025-10-01 15:35:00-03:00,516,31,70,586,596,11.8,62.9,0.0,218,586,523,214,596,3.8,1,0.87751677852349,50.7638621163591,47.34375,8.9375,476.25687500000004,0,12.248322147651008,1.4453020134228192
2025-10-01 15:40:00-03:00,503,31,68,566,576,11.2,63.2,0.0,208,566,509,205,576,3.8,1,0.8836805555555556,53.223086811044446,46.90625,8.762500000000001,464.398875,0,11.631944444444445,1.3027777777777778
2025-10-01 15:45:00-03:00,488,31,66,547,555,10.8,63.5,0.0,199,547,493,196,555,3.8,1,0.8882882882882883,55.72633347371086,46.40625,8.5625,450.78687499999995,0,11.17117117117117,1.2064864864864864
2025-10-01 15:50:00-03:00,471,31,65,527,535,10.6,63.8,0.0,191,527,476,187,535,3.9,1,0.8897196261682243,57.98138415983076,45.875,8.35,436.254,0,11.02803738317757,1.1689719626168225
2025-10-01 15:55:00-03:00,454,31,63,507,514,10.4,64.1,0.0,182,507,459,179,514,3.9,1,0.8929961089494164,60.12178297320972,45.34375,8.137500000000001,421.64887500000003,0,10.700389105058365,1.11284046692607
2025-10-01 16:00:00-03:00,437,31,61,486,493,10.2,64.3,0.0,173,486,441,171,493,3.9,1,0.8945233265720081,62.1295689131371,44.78125,7.9125000000000005,406.105875,0,10.547667342799189,1.0758620689655172
2025-10-01 16:05:00-03:00,419,31,59,466,472,10.0,64.6,0.0,165,466,423,162,472,3.9,1,0.8961864406779662,64.00686516208773,44.21875,7.6875,390.481875,0,10.38135593220339,1.0381355932203389
2025-10-01 16:10:00-03:00,402,31,57,445,450,9.8,64.9,0.0,156,445,405,154,450,3.9,1,0.9,65.44040777452291,43.65625,7.4625,374.776875,0,10.0,0.98
2025-10-01 16:15:00-03:00,384,31,55,424,429,9.5,65.1,0.0,148,424,387,145,429,3.9,1,0.9020979020979021,66.58396385334147,43.09375,7.237500000000001,358.990875,0,9.79020979020979,0.93006993006993
2025-10-01 16:20:00-03:00,366,30,54,403,407,9.3,65.4,0.0,140,403,368,137,407,3.9,1,0.9041769041769042,67.60373622451621,41.5,6.6000000000000005,343.712,0,9.582309582309582,0.8911547911547912
2025-10-01 16:25:00-03:00,348,30,52,382,385,9.1,65.8,0.0,131,382,349,128,385,3.9,1,0.9064935064935065,68.55936379252037,40.90625,6.362500000000001,326.794875,0,9.35064935064935,0.8509090909090908
2025-10-01 16:30:00-03:00,328,30,50,361,363,9.1,66.6,0.0,121,361,329,119,363,4.0,1,0.90633608815427,69.37688026389107,40.28125,6.112500000000001,308.889875,0,9.366391184573002,0.8523415977961432
2025-10-01 16:35:00-03:00,309,30,48,340,341,9.1,67.3,0.0,111,340,310,109,341,4.0,1,0.9090909090909091,70.0019480248333,39.6875,5.875,291.7875,0,9.090909090909092,0.8272727272727274
2025-10-01 16:40:00-03:00,290,30,46,319,319,9.1,68.0,0.0,102,319,290,100,319,4.0,1,0.9090909090909091,70.41322835427613,39.0625,5.625,273.6875,0,9.090909090909092,0.8272727272727274
2025-10-01 16:45:00-03:00,270,30,44,297,297,9.0,68.7,0.0,93,297,270,91,297,4.0,1,0.9090909090909091,71.43014175762102,38.4375,5.375,255.4875,0,9.090909090909092,0.8181818181818182
2025-10-01 16:50:00-03:00,251,30,43,276,275,8.9,69.4,0.0,84,276,250,83,275,4.0,1,0.9090909090909091,72.59330464158892,37.8125,5.125,237.1875,0,9.090909090909092,0.8090909090909092
2025-10-01 16:55:00-03:00,232,30,41,255,253,8.9,70.2,0.0,76,255,230,75,253,4.0,1,0.9090909090909091,73.6467304711454,37.1875,4.875,218.78750000000002,0,9.090909090909092,0.8090909090909092
2025-10-01 17:00:00-03:00,213,30,39,233,231,8.8,70.9,0.0,68,233,211,67,231,4.1,1,0.9134199134199135,74.40200999238992,36.59375,4.6375,201.21487499999998,0,8.658008658008658,0.7619047619047619
2025-10-01 17:05:00-03:00,194,30,37,212,210,8.7,71.6,0.0,60,212,192,59,210,4.1,1,0.9142857142857143,74.72429121087914,36.0,4.4,183.552,0,8.571428571428571,0.7457142857142857
2025-10-01 17:10:00-03:00,170,29,35,191,188,11.3,73.0,0.0,52,191,167,51,188,4.1,1,0.8882978723404256,74.38001320001838,34.21875,3.6875,160.841875,0,11.170212765957446,1.2622340425531915
2025-10-01 17:15:00-03:00,147,29,33,171,167,13.9,74.5,0.0,44,171,144,43,167,4.1,1,0.8622754491017964,73.19271987310461,33.5,3.4000000000000004,139.10399999999998,0,13.77245508982036,1.91437125748503
2025-10-01 17:20:00-03:00,126,29,32,150,147,16.5,75.9,0.0,36,150,123,36,147,4.2,1,0.8367346938775511,71.06137978514204,32.84375,3.1375,119.140875,0,16.3265306122449,2.6938775510204085
2025-10-01 17:25:00-03:00,106,29,30,131,127,19.2,77.3,0.0,30,131,103,29,127,4.2,1,0.8110236220472441,68.04388067246143,32.21875,2.8875,100.025875,0,18.89763779527559,3.6283464566929133
2025-10-01 17:30:00-03:00,87,29,28,111,107,21.8,78.8,0.0,24,111,85,23,107,4.2,1,0.794392523364486,64.2006206898979,31.65625,2.6625,82.736875,0,20.5607476635514,4.482242990654205
2025-10-01 17:35:00-03:00,70,29,26,93,88,24.5,80.2,0.0,18,93,68,18,88,4.2,1,0.7727272727272727,59.407427349119,31.125,2.45,66.334,0,22.727272727272727,5.5681818181818175
2025-10-01 17:40:00-03:00,56,29,24,75,70,24.9,80.6,0.0,15,75,54,14,70,4.3,1,0.7714285714285715,53.778093433402226,30.6875,2.275,52.771499999999996,0,22.857142857142858,5.691428571428571
2025-10-01 17:45:00-03:00,44,29,22,58,54,24.5,80.5,0.0,11,58,42,11,54,4.3,1,0.7777777777777778,47.99779035316383,30.3125,2.125,41.1075,0,22.22222222222222,5.444444444444445
2025-10-01 17:50:00-03:00,32,29,21,42,36,24.1,80.4,0.0,8,42,31,8,36,4.3,1,0.8611111111111112,41.932485418011,29.96875,1.9875,30.383875,0,13.88888888888889,3.3472222222222223
2025-10-01 17:55:00-03:00,21,29,19,28,22,23.7,80.4,0.0,5,28,21,5,22,4.3,1,0.9545454545454546,35.75537679420157,29.65625,1.8625,20.608875,0,4.545454545454546,1.0772727272727274
2025-10-01 18:00:00-03:00,12,28,17,15,13,23.3,80.3,0.0,3,15,12,3,13,4.4,1,0.9230769230769231,29.79119251580068,28.375,1.35,11.838000000000001,0,7.6923076923076925,1.7923076923076926
2025-10-01 18:05:00-03:00,3,28,16,4,4,23.4,80.5,0.0,1,4,3,1,4,4.3,0,0.75,24.143980992788986,28.09375,1.2375,2.962875,0,25.0,5.85
2025-10-01 18:10:00-03:00,0,28,16,0,0,23.9,80.8,0.0,0,0,0,0,0,4.1,0,,19.119044923484253,28.0,1.2000000000000002,0.0,0,,
2025-10-01 18:15:00-03:00,0,28,16,0,0,24.4,81.2,0.0,0,0,0,0,0,4.0,0,,14.550590949099671,28.0,1.2000000000000002,0.0,0,,
2025-10-01 18:20:00-03:00,0,28,16,0,0,24.9,81.6,0.0,0,0,0,0,0,3.8,0,,10.3612769774956,28.0,1.2000000000000002,0.0,0,,
2025-10-01 18:25:00-03:00,0,28,16,0,0,25.4,81.9,0.0,0,0,0,0,0,3.7,0,,6.646940512757319,28.0,1.2000000000000002,0.0,0,,
2025-10-01 18:30:00-03:00,0,28,16,0,0,25.9,82.3,0.0,0,0,0,0,0,3.5,0,,3.4935004584026466,28.0,1.2000000000000002,0.0,0,,
2025-10-01 18:35:00-03:00,0,27,16,0,0,26.5,82.6,0.0,0,0,0,0,0,3.4,0,,0.8660254028102928,27.0,0.8,0.0,0,,
2025-10-01 18:40:00-03:00,0,27,16,0,0,27.0,82.9,0.0,0,0,0,0,0,3.2,0,,0.0,27.0,0.8,0.0,0,,
2025-10-01 18:45:00-03:00,0,27,16,0,0,27.5,83.3,0.0,0,0,0,0,0,3.1,0,,0.0,27.0,0.8,0.0,0,,
2025-10-01 18:50:00-03:00,0,27,16,0,0,28.0,83.6,0.0,0,0,0,0,0,3.0,0,,0.0,27.0,0.8,0.0,0,,
2025-10-01 18:55:00-03:00,0,27,16,0,0,28.5,83.9,0.0,0,0,0,0,0,2.8,0,,0.0,27.0,0.8,0.0,0,,
2025-10-01 19:00:00-03:00,0,27,16,0,0,28.9,84.3,0.0,0,0,0,0,0,2.7,0,,0.0,27.0,0.8,0.0,0,,
2025-10-01 19:05:00-03:00,0,26,16,0,0,29.4,84.6,0.0,0,0,0,0,0,2.6,0,,0.0,26.0,0.4,0.0,0,,
2025-10-01 19:10:00-03:00,0,26,16,0,0,29.7,84.9,0.0,0,0,0,0,0,2.5,0,,0.0,26.0,0.4,0.0,0,,
2025-10-01 19:15:00-03:00,0,26,16,0,0,30.1,85.2,0.0,0,0,0,0,0,2.4,0,,0.0,26.0,0.4,0.0,0,,
2025-10-01 19:20:00-03:00,0,26,16,0,0,30.5,85.5,0.0,0,0,0,0,0,2.3,0,,0.0,26.0,0.4,0.0,0,,
2025-10-01 19:25:00-03:00,0,26,16,0,0,30.9,85.8,0.0,0,0,0,0,0,2.2,0,,0.0,26.0,0.4,0.0,0,,
2025-10-01 19:30:00-03:00,0,26,16,0,0,31.2,86.1,0.0,0,0,0,0,0,2.1,0,,0.0,26.0,0.4,0.0,0,,
2025-10-01 19:35:00-03:00,0,26,15,0,0,31.6,86.4,0.0,0,0,0,0,0,2.1,0,,0.0,26.0,0.4,0.0,0,,
2025-10-01 19:40:00-03:00,0,25,15,0,0,31.9,86.7,0.0,0,0,0,0,0,2.1,0,,0.0,25.0,0.0,0.0,0,,
2025-10-01 19:45:00-03:00,0,25,15,0,0,32.3,87.0,0.0,0,0,0,0,0,2.0,0,,0.0,25.0,0.0,0.0,0,,
2025-10-01 19:50:00-03:00,0,25,15,0,0,32.7,87.3,0.0,0,0,0,0,0,2.0,0,,0.0,25.0,0.0,0.0,0,,
2025-10-01 19:55:00-03:00,0,25,15,0,0,33.0,87.6,0.0,0,0,0,0,0,2.1,0,,0.0,25.0,0.0,0.0,0,,
2025-10-01 20:00:00-03:00,0,25,15,0,0,33.4,87.9,0.0,0,0,0,0,0,2.1,0,,0.0,25.0,0.0,0.0,0,,
2025-10-01 20:05:00-03:00,0,25,15,0,0,33.8,88.1,0.0,0,0,0,0,0,2.1,0,,0.0,25.0,0.0,0.0,0,,
2025-10-01 20:10:00-03:00,0,24,15,0,0,34.3,88.2,0.0,0,0,0,0,0,2.2,0,,0.0,24.0,0.0,0.0,0,,
2025-10-01 20:15:00-03:00,0,24,15,0,0,34.8,88.3,0.0,0,0,0,0,0,2.3,0,,0.0,24.0,0.0,0.0,0,,
2025-10-01 20:20:00-03:00,0,24,15,0,0,35.2,88.5,0.0,0,0,0,0,0,2.3,0,,0.0,24.0,0.0,0.0,0,,
2025-10-01 20:25:00-03:00,0,24,15,0,0,35.7,88.6,0.0,0,0,0,0,0,2.4,0,,0.0,24.0,0.0,0.0,0,,
2025-10-01 20:30:00-03:00,0,24,15,0,0,36.2,88.7,0.0,0,0,0,0,0,2.6,0,,0.0,24.0,0.0,0.0,0,,
2025-10-01 20:35:00-03:00,0,24,15,0,0,36.6,88.9,0.0,0,0,0,0,0,2.7,0,,0.0,24.0,0.0,0.0,0,,
2025-10-01 20:40:00-03:00,0,24,15,0,0,37.1,89.0,0.0,0,0,0,0,0,2.8,0,,0.0,24.0,0.0,0.0,0,,
2025-10-01 20:45:00-03:00,0,23,15,0,0,37.6,89.1,0.0,0,0,0,0,0,2.9,0,,0.0,23.0,0.0,0.0,0,,
2025-10-01 20:50:00-03:00,0,23,15,0,0,38.0,89.3,0.0,0,0,0,0,0,3.1,0,,0.0,23.0,0.0,0.0,0,,
2025-10-01 20:55:00-03:00,0,23,15,0,0,38.5,89.4,0.0,0,0,0,0,0,3.2,0,,0.0,23.0,0.0,0.0,0,,
2025-10-01 21:00:00-03:00,0,23,15,0,0,38.9,89.5,0.0,0,0,0,0,0,3.3,0,,0.0,23.0,0.0,0.0,0,,
2025-10-01 21:05:00-03:00,0,23,15,0,0,39.1,89.6,0.0,0,0,0,0,0,3.4,0,,0.0,23.0,0.0,0.0,0,,
2025-10-01 21:10:00-03:00,0,23,16,0,0,38.8,89.6,0.0,0,0,0,0,0,3.3,0,,0.0,23.0,0.0,0.0,0,,
2025-10-01 21:15:00-03:00,0,23,17,0,0,38.6,89.6,0.0,0,0,0,0,0,3.3,0,,0.0,23.0,0.0,0.0,0,,
2025-10-01 21:20:00-03:00,0,23,17,0,0,38.4,89.6,0.0,0,0,0,0,0,3.2,0,,0.0,23.0,0.0,0.0,0,,
2025-10-01 21:25:00-03:00,0,23,18,0,0,38.1,89.6,0.0,0,0,0,0,0,3.2,0,,0.0,23.0,0.0,0.0,0,,
2025-10-01 21:30:00-03:00,0,23,18,0,0,37.9,89.6,0.0,0,0,0,0,0,3.1,0,,0.0,23.0,0.0,0.0,0,,
2025-10-01 21:35:00-03:00,0,23,19,0,0,37.7,89.6,0.0,0,0,0,0,0,3.1,0,,0.0,23.0,0.0,0.0,0,,
2025-10-01 21:40:00-03:00,0,23,20,0,0,37.4,89.6,0.0,0,0,0,0,0,3.0,0,,0.0,23.0,0.0,0.0,0,,
2025-10-01 21:45:00-03:00,0,23,20,0,0,37.2,89.6,0.0,0,0,0,0,0,3.0,0,,0.0,23.0,0.0,0.0,0,,
2025-10-01 21:50:00-03:00,0,23,21,0,0,37.0,89.6,0.0,0,0,0,0,0,2.9,0,,0.0,23.0,0.0,0.0,0,,
2025-10-01 21:55:00-03:00,0,23,21,0,0,36.7,89.6,0.0,0,0,0,0,0,2.9,0,,0.0,23.0,0.0,0.0,0,,
2025-10-01 22:00:00-03:00,0,23,22,0,0,36.5,89.6,0.0,0,0,0,0,0,2.8,0,,0.0,23.0,0.0,0.0,0,,
2025-10-01 22:05:00-03:00,0,23,23,0,0,36.3,89.5,0.0,0,0,0,0,0,2.8,0,,0.0,23.0,0.0,0.0,0,,
2025-10-01 22:10:00-03:00,0,23,23,0,0,36.0,89.5,0.0,0,0,0,0,0,2.7,0,,0.0,23.0,0.0,0.0,0,,
2025-10-01 22:15:00-03:00,0,23,24,0,0,35.8,89.5,0.0,0,0,0,0,0,2.7,0,,0.0,23.0,0.0,0.0,0,,
2025-10-01 22:20:00-03:00,0,23,24,0,0,35.6,89.4,0.0,0,0,0,0,0,2.6,0,,0.0,23.0,0.0,0.0,0,,
2025-10-01 22:25:00-03:00,0,23,25,0,0,35.3,89.4,0.0,0,0,0,0,0,2.6,0,,0.0,23.0,0.0,0.0,0,,
2025-10-01 22:30:00-03:00,0,23,26,0,0,35.1,89.3,0.0,0,0,0,0,0,2.5,0,,0.0,23.0,0.0,0.0,0,,
2025-10-01 22:35:00-03:00,0,23,26,0,0,34.9,89.3,0.0,0,0,0,0,0,2.5,0,,0.0,23.0,0.0,0.0,0,,
2025-10-01 22:40:00-03:00,0,23,27,0,0,34.6,89.3,0.0,0,0,0,0,0,2.4,0,,0.0,23.0,0.0,0.0,0,,
2025-10-01 22:45:00-03:00,0,23,28,0,0,34.4,89.2,0.0,0,0,0,0,0,2.4,0,,0.0,23.0,0.0,0.0,0,,
2025-10-01 22:50:00-03:00,0,23,28,0,0,34.2,89.2,0.0,0,0,0,0,0,2.4,0,,0.0,23.0,0.0,0.0,0,,
2025-10-01 22:55:00-03:00,0,23,29,0,0,33.9,89.1,0.0,0,0,0,0,0,2.3,0,,0.0,23.0,0.0,0.0,0,,
2025-10-01 23:00:00-03:00,0,23,29,0,0,33.7,89.1,0.0,0,0,0,0,0,2.3,0,,0.0,23.0,0.0,0.0,0,,
2025-10-01 23:05:00-03:00,0,23,30,0,0,33.4,89.0,0.0,0,0,0,0,0,2.2,0,,0.0,23.0,0.0,0.0,0,,
2025-10-01 23:10:00-03:00,0,23,31,0,0,33.2,88.9,0.0,0,0,0,0,0,2.2,0,,0.0,23.0,0.0,0.0,0,,
2025-10-01 23:15:00-03:00,0,23,31,0,0,33.0,88.8,0.0,0,0,0,0,0,2.2,0,,0.0,23.0,0.0,0.0,0,,
2025-10-01 23:20:00-03:00,0,23,32,0,0,32.7,88.8,0.0,0,0,0,0,0,2.1,0,,0.0,23.0,0.0,0.0,0,,
2025-10-01 23:25:00-03:00,0,23,32,0,0,32.5,88.7,0.0,0,0,0,0,0,2.1,0,,0.0,23.0,0.0,0.0,0,,
2025-10-01 23:30:00-03:00,0,23,33,0,0,32.2,88.6,0.0,0,0,0,0,0,2.1,0,,0.0,23.0,0.0,0.0,0,,
2025-10-01 23:35:00-03:00,0,23,34,0,0,32.0,88.5,0.0,0,0,0,0,0,2.1,0,,0.0,23.0,0.0,0.0,0,,
2025-10-01 23:40:00-03:00,0,23,34,0,0,31.8,88.4,0.0,0,0,0,0,0,2.0,0,,0.0,23.0,0.0,0.0,0,,
2025-10-01 23:45:00-03:00,0,23,35,0,0,31.5,88.3,0.0,0,0,0,0,0,2.0,0,,0.0,23.0,0.0,0.0,0,,
2025-10-01 23:50:00-03:00,0,23,35,0,0,31.3,88.2,0.0,0,0,0,0,0,2.0,0,,0.0,23.0,0.0,0.0,0,,
2025-10-01 23:55:00-03:00,0,23,36,0,0,31.0,88.1,0.0,0,0,0,0,0,2.0,0,,0.0,23.0,0.0,0.0,0,,
2025-10-02 00:00:00-03:00,0,23,37,0,0,30.8,88.0,0.0,0,0,0,0,0,1.9,0,,0.0,23.0,0.0,0.0,0,,
2025-10-02 00:05:00-03:00,0,23,36,0,0,31.3,88.2,0.0,0,0,0,0,0,1.9,0,,0.0,23.0,0.0,0.0,0,,
2025-10-02 00:10:00-03:00,0,22,35,0,0,32.5,88.7,0.0,0,0,0,0,0,1.9,0,,0.0,22.0,0.0,0.0,0,,
2025-10-02 00:15:00-03:00,0,22,34,0,0,33.7,89.1,0.0,0,0,0,0,0,1.8,0,,0.0,22.0,0.0,0.0,0,,
2025-10-02 00:20:00-03:00,0,22,33,0,0,34.9,89.5,0.0,0,0,0,0,0,1.8,0,,0.0,22.0,0.0,0.0,0,,
2025-10-02 00:25:00-03:00,0,22,32,0,0,36.0,89.9,0.0,0,0,0,0,0,1.8,0,,0.0,22.0,0.0,0.0,0,,
2025-10-02 00:30:00-03:00,0,22,31,0,0,37.2,90.3,0.0,0,0,0,0,0,1.8,0,,0.0,22.0,0.0,0.0,0,,
2025-10-02 00:35:00-03:00,0,22,30,0,0,38.4,90.7,0.0,0,0,0,0,0,1.7,0,,0.0,22.0,0.0,0.0,0,,
2025-10-02 00:40:00-03:00,0,22,29,0,0,39.5,91.1,0.0,0,0,0,0,0,1.7,0,,0.0,22.0,0.0,0.0,0,,
2025-10-02 00:45:00-03:00,0,22,28,0,0,40.6,91.5,0.0,0,0,0,0,0,1.7,0,,0.0,22.0,0.0,0.0,0,,
2025-10-02 00:50:00-03:00,0,22,27,0,0,41.8,91.8,0.0,0,0,0,0,0,1.7,0,,0.0,22.0,0.0,0.0,0,,
2025-10-02 00:55:00-03:00,0,22,26,0,0,42.9,92.2,0.0,0,0,0,0,0,1.7,0,,0.0,22.0,0.0,0.0,0,,
2025-10-02 01:00:00-03:00,0,22,25,0,0,44.0,92.5,0.0,0,0,0,0,0,1.7,0,,0.0,22.0,0.0,0.0,0,,
2025-10-02 01:05:00-03:00,0,22,24,0,0,45.1,92.8,0.0,0,0,0,0,0,1.7,0,,0.0,22.0,0.0,0.0,0,,
2025-10-02 01:10:00-03:00,0,22,23,0,0,46.3,93.1,0.0,0,0,0,0,0,1.7,0,,0.0,22.0,0.0,0.0,0,,
2025-10-02 01:15:00-03:00,0,22,22,0,0,47.5,93.4,0.0,0,0,0,0,0,1.8,0,,0.0,22.0,0.0,0.0,0,,
2025-10-02 01:20:00-03:00,0,22,21,0,0,48.6,93.7,0.0,0,0,0,0,0,1.8,0,,0.0,22.0,0.0,0.0,0,,
2025-10-02 01:25:00-03:00,0,22,20,0,0,49.8,94.0,0.0,0,0,0,0,0,1.8,0,,0.0,22.0,0.0,0.0,0,,
2025-10-02 01:30:00-03:00,0,22,19,0,0,50.9,94.3,0.0,0,0,0,0,0,1.8,0,,0.0,22.0,0.0,0.0,0,,
2025-10-02 01:35:00-03:00,0,22,18,0,0,52.0,94.5,0.0,0,0,0,0,0,1.9,0,,0.0,22.0,0.0,0.0,0,,
2025-10-02 01:40:00-03:00,0,21,17,0,0,53.1,94.8,0.0,0,0,0,0,0,1.9,0,,0.0,21.0,0.0,0.0,0,,
2025-10-02 01:45:00-03:00,0,21,16,0,0,54.2,95.0,0.0,0,0,0,0,0,1.9,0,,0.0,21.0,0.0,0.0,0,,
2025-10-02 01:50:00-03:00,0,21,15,0,0,55.3,95.2,0.0,0,0,0,0,0,2.0,0,,0.0,21.0,0.0,0.0,0,,
2025-10-02 01:55:00-03:00,0,21,14,0,0,56.3,95.4,0.0,0,0,0,0,0,2.0,0,,0.0,21.0,0.0,0.0,0,,
2025-10-02 02:00:00-03:00,0,21,13,0,0,57.4,95.6,0.0,0,0,0,0,0,2.1,0,,0.0,21.0,0.0,0.0,0,,
2025-10-02 02:05:00-03:00,0,21,12,0,0,58.4,95.8,0.0,0,0,0,0,0,2.1,0,,0.0,21.0,0.0,0.0,0,,
2025-10-02 02:10:00-03:00,0,21,11,0,0,59.4,95.9,0.0,0,0,0,0,0,2.2,0,,0.0,21.0,0.0,0.0,0,,
2025-10-02 02:15:00-03:00,0,21,10,0,0,60.4,96.1,0.0,0,0,0,0,0,2.2,0,,0.0,21.0,0.0,0.0,0,,
2025-10-02 02:20:00-03:00,0,21,9,0,0,61.4,96.2,0.0,0,0,0,0,0,2.3,0,,0.0,21.0,0.0,0.0,0,,
2025-10-02 02:25:00-03:00,0,21,8,0,0,62.4,96.3,0.0,0,0,0,0,0,2.4,0,,0.0,21.0,0.0,0.0,0,,
2025-10-02 02:30:00-03:00,0,21,7,0,0,63.4,96.4,0.0,0,0,0,0,0,2.4,0,,0.0,21.0,0.0,0.0,0,,
2025-10-02 02:35:00-03:00,0,21,6,0,0,64.3,96.5,0.0,0,0,0,0,0,2.5,0,,0.0,21.0,0.0,0.0,0,,
2025-10-02 02:40:00-03:00,0,21,5,0,0,65.2,96.6,0.0,0,0,0,0,0,2.5,0,,0.0,21.0,0.0,0.0,0,,
2025-10-02 02:45:00-03:00,0,21,4,0,0,66.2,96.7,0.0,0,0,0,0,0,2.6,0,,0.0,21.0,0.0,0.0,0,,
2025-10-02 02:50:00-03:00,0,21,3,0,0,67.1,96.8,0.0,0,0,0,0,0,2.7,0,,0.0,21.0,0.0,0.0,0,,
2025-10-02 02:55:00-03:00,0,21,2,0,0,68.0,96.9,0.0,0,0,0,0,0,2.7,0,,0.0,21.0,0.0,0.0,0,,
2025-10-02 03:00:00-03:00,0,21,1,0,0,68.9,97.0,0.0,0,0,0,0,0,2.8,0,,0.0,21.0,0.0,0.0,0,,
2025-10-02 03:05:00-03:00,0,21,0,0,0,69.2,97.0,0.0,0,0,0,0,0,2.9,0,,0.0,21.0,0.0,0.0,0,,
2025-10-02 03:10:00-03:00,0,21,0,0,0,68.9,97.0,0.0,0,0,0,0,0,2.9,0,,0.0,21.0,0.0,0.0,0,,
2025-10-02 03:15:00-03:00,0,21,0,0,0,68.7,97.0,0.0,0,0,0,0,0,2.9,0,,0.0,21.0,0.0,0.0,0,,
2025-10-02 03:20:00-03:00,0,21,0,0,0,68.5,96.9,0.0,0,0,0,0,0,3.0,0,,0.0,21.0,0.0,0.0,0,,
2025-10-02 03:25:00-03:00,0,20,0,0,0,68.2,96.9,0.0,0,0,0,0,0,3.0,0,,0.0,20.0,0.0,0.0,0,,
2025-10-02 03:30:00-03:00,0,20,0,0,0,68.0,96.9,0.0,0,0,0,0,0,3.0,0,,0.0,20.0,0.0,0.0,0,,
2025-10-02 03:35:00-03:00,0,20,0,0,0,67.7,96.9,0.0,0,0,0,0,0,3.1,0,,0.0,20.0,0.0,0.0,0,,
2025-10-02 03:40:00-03:00,0,20,0,0,0,67.5,96.9,0.0,0,0,0,0,0,3.1,0,,0.0,20.0,0.0,0.0,0,,
2025-10-02 03:45:00-03:00,0,20,0,0,0,67.2,96.8,0.0,0,0,0,0,0,3.1,0,,0.0,20.0,0.0,0.0,0,,
2025-10-02 03:50:00-03:00,0,20,0,0,0,67.0,96.8,0.0,0,0,0,0,0,3.2,0,,0.0,20.0,0.0,0.0,0,,
2025-10-02 03:55:00-03:00,0,20,0,0,0,66.8,96.8,0.0,0,0,0,0,0,3.2,0,,0.0,20.0,0.0,0.0,0,,
2025-10-02 04:00:00-03:00,0,20,0,0,0,66.5,96.8,0.0,0,0,0,0,0,3.3,0,,0.0,20.0,0.0,0.0,0,,
2025-10-02 04:05:00-03:00,0,20,0,0,0,66.3,96.8,0.0,0,0,0,0,0,3.3,0,,0.0,20.0,0.0,0.0,0,,
2025-10-02 04:10:00-03:00,0,20,0,0,0,66.1,96.7,0.0,0,0,0,0,0,3.3,0,,0.0,20.0,0.0,0.0,0,,
2025-10-02 04:15:00-03:00,0,20,0,0,0,66.0,96.7,0.0,0,0,0,0,0,3.4,0,,0.0,20.0,0.0,0.0,0,,
2025-10-02 04:20:00-03:00,0,20,0,0,0,65.8,96.7,0.0,0,0,0,0,0,3.4,0,,0.0,20.0,0.0,0.0,0,,
2025-10-02 04:25:00-03:00,0,20,0,0,0,65.6,96.7,0.0,0,0,0,0,0,3.5,0,,0.0,20.0,0.0,0.0,0,,
2025-10-02 04:30:00-03:00,0,20,0,0,0,65.5,96.7,0.0,0,0,0,0,0,3.5,0,,0.0,20.0,0.0,0.0,0,,
2025-10-02 04:35:00-03:00,0,20,0,0,0,65.3,96.6,0.0,0,0,0,0,0,3.6,0,,0.0,20.0,0.0,0.0,0,,
2025-10-02 04:40:00-03:00,0,20,0,0,0,65.1,96.6,0.0,0,0,0,0,0,3.6,0,,0.0,20.0,0.0,0.0,0,,
2025-10-02 04:45:00-03:00,0,20,0,0,0,64.9,96.6,0.0,0,0,0,0,0,3.7,0,,0.0,20.0,0.0,0.0,0,,
2025-10-02 04:50:00-03:00,0,20,0,0,0,64.8,96.6,0.0,0,0,0,0,0,3.7,0,,0.0,20.0,0.0,0.0,0,,
2025-10-02 04:55:00-03:00,0,20,0,0,0,64.6,96.5,0.0,0,0,0,0,0,3.8,0,,0.0,20.0,0.0,0.0,0,,
2025-10-02 05:00:00-03:00,0,20,0,0,0,64.4,96.5,0.0,0,0,0,0,0,3.8,0,,0.0,20.0,0.0,0.0,0,,
2025-10-02 05:05:00-03:00,0,20,0,0,0,64.2,96.5,0.0,0,0,0,0,0,3.9,0,,0.0,20.0,0.0,0.0,0,,
2025-10-02 05:10:00-03:00,0,20,0,0,0,63.8,96.4,0.0,0,0,0,0,0,3.9,0,,0.0,20.0,0.0,0.0,0,,
2025-10-02 05:15:00-03:00,0,20,0,0,0,63.5,96.3,0.0,0,0,0,0,0,4.0,0,,0.0,20.0,0.0,0.0,0,,
2025-10-02 05:20:00-03:00,0,20,0,0,0,63.1,96.2,0.0,0,0,0,0,0,4.0,0,,0.0,20.0,0.0,0.0,0,,
2025-10-02 05:25:00-03:00,0,20,0,0,0,62.8,96.2,0.0,0,0,0,0,0,4.1,0,,0.0,20.0,0.0,0.0,0,,
2025-10-02 05:30:00-03:00,0,20,0,0,0,62.4,96.1,0.0,0,0,0,0,0,4.1,0,,0.0,20.0,0.0,0.0,0,,
2025-10-02 05:35:00-03:00,0,20,0,0,0,62.1,96.0,0.0,0,0,0,0,0,4.2,0,,0.0,20.0,0.0,0.0,0,,
2025-10-02 05:40:00-03:00,0,20,0,0,0,61.7,95.9,0.0,0,0,0,0,0,4.2,0,,0.8660254028102928,20.0,0.0,0.0,0,,
2025-10-02 05:45:00-03:00,0,20,0,0,0,61.4,95.8,0.0,0,0,0,0,0,4.3,0,,2.3915887957612147,20.0,0.0,0.0,0,,
2025-10-02 05:50:00-03:00,0,20,0,0,0,61.0,95.7,0.0,0,0,0,0,0,4.3,0,,4.199567077054333,20.0,0.0,0.0,0,,
2025-10-02 05:55:00-03:00,0,20,0,0,0,60.6,95.6,0.0,0,0,0,0,0,4.4,0,,6.171783298952264,20.0,0.0,0.0,0,,
2025-10-02 06:00:00-03:00,0,20,0,0,0,60.3,95.5,0.0,0,0,0,0,0,4.4,0,,8.41535393293125,20.0,0.0,0.0,0,,
2025-10-02 06:05:00-03:00,3,20,0,9,8,60.4,95.5,0.0,0,9,3,0,8,4.5,0,0.375,10.761885606923386,20.09375,0.0,3.0,0,62.5,37.75
2025-10-02 06:10:00-03:00,8,20,0,21,17,60.9,95.6,0.0,1,21,8,1,17,4.6,0,0.47058823529411764,13.449118479555269,20.25,0.0,8.0,0,52.94117647058824,32.241176470588236
2025-10-02 06:15:00-03:00,13,20,0,34,27,61.5,95.7,0.0,1,34,13,1,27,4.6,1,0.48148148148148145,16.417608802325965,20.40625,0.0,13.0,0,51.85185185185185,31.888888888888886
2025-10-02 06:20:00-03:00,19,21,0,49,44,62.0,95.8,0.0,2,49,18,2,44,4.7,1,0.4090909090909091,19.595144729448556,21.5625,0.0,18.0,0,59.09090909090909,36.63636363636364
2025-10-02 06:25:00-03:00,24,21,0,65,61,62.5,95.9,0.0,3,65,24,3,61,4.7,1,0.39344262295081966,22.725469625407428,21.75,0.0,24.0,0,60.65573770491803,37.90983606557377
2025-10-02 06:30:00-03:00,31,21,0,83,78,63.0,96.0,0.0,3,83,30,3,78,4.8,1,0.38461538461538464,25.912439974902018,21.9375,0.0,30.0,0,61.53846153846154,38.769230769230774
2025-10-02 06:35:00-03:00,38,21,0,101,96,62.1,95.9,0.0,4,101,38,4,96,4.8,1,0.3958333333333333,28.845854699275215,22.1875,0.0,38.0,0,60.416666666666664,37.51875
2025-10-02 06:40:00-03:00,48,21,0,121,116,60.5,95.8,0.0,5,121,47,5,116,4.9,1,0.4051724137931034,31.62696873735337,22.46875,0.0,47.0,0,59.48275862068966,35.98706896551724
2025-10-02 06:45:00-03:00,58,21,0,140,136,58.9,95.6,0.0,6,140,57,6,136,4.9,1,0.41911764705882354,34.01425726027373,22.78125,0.0,57.0,0,58.08823529411765,34.2139705882353
2025-10-02 06:50:00-03:00,69,22,0,161,156,57.3,95.6,0.0,7,161,67,7,156,5.0,1,0.42948717948717946,36.08943016584453,24.09375,0.0,67.0,0,57.05128205128205,32.690384615384616
2025-10-02 06:55:00-03:00,80,22,0,182,178,55.8,95.5,0.0,8,182,79,8,178,5.0,1,0.4438202247191011,37.59220986351633,24.46875,0.0,79.0,0,55.61797752808989,31.034831460674155
2025-10-02 07:00:00-03:00,93,22,0,203,199,54.3,95.5,0.0,9,203,91,9,199,5.1,1,0.457286432160804,38.70948517382617,24.84375,0.0,91.0,0,54.2713567839196,29.46934673366834
2025-10-02 07:05:00-03:00,105,22,0,224,221,53.4,95.4,0.0,10,224,103,10,221,5.1,1,0.4660633484162896,39.32113318751069,25.21875,0.08750000000000001,102.909875,0,53.39366515837104,28.512217194570134
2025-10-02 07:10:00-03:00,115,22,0,246,243,53.1,95.3,0.0,11,246,113,11,243,5.2,1,0.46502057613168724,39.744639432693525,25.53125,0.21250000000000002,112.759875,0,53.49794238683128,28.40740740740741
2025-10-02 07:15:00-03:00,126,23,0,267,265,52.9,95.2,0.0,13,267,124,13,265,5.3,1,0.4679245283018868,39.89531756528367,26.875,0.75,123.07000000000001,0,53.20754716981132,28.146792452830187
2025-10-02 07:20:00-03:00,137,23,0,289,288,52.7,95.2,0.0,14,289,134,14,288,5.3,1,0.4652777777777778,39.88268782162594,27.1875,0.875,132.8275,0,53.47222222222222,28.179861111111112
2025-10-02 07:25:00-03:00,148,23,0,311,310,52.4,95.1,0.0,15,311,145,15,310,5.4,1,0.46774193548387094,39.403410866031436,27.53125,1.0125,143.53187499999999,0,53.2258064516129,27.890322580645158
2025-10-02 07:30:00-03:00,159,23,0,332,332,52.2,95.0,0.0,17,332,156,16,332,5.4,1,0.46987951807228917,38.95092094447514,27.875,1.1500000000000001,154.20600000000002,0,53.01204819277109,27.672289156626512
2025-10-02 07:35:00-03:00,170,23,0,354,355,51.9,94.9,0.0,18,354,168,18,355,5.5,1,0.4732394366197183,38.44121840844534,28.25,1.3,165.816,0,52.67605633802817,27.33887323943662
2025-10-02 07:40:00-03:00,182,23,0,376,377,51.6,94.9,0.0,19,376,179,19,377,5.5,1,0.47480106100795755,37.94932825690137,28.59375,1.4375,176.426875,0,52.51989389920424,27.10026525198939
2025-10-02 07:45:00-03:00,193,24,0,397,399,51.4,94.8,0.0,21,397,190,20,399,5.6,1,0.47619047619047616,37.35051011779032,29.9375,1.975,186.2475,0,52.38095238095239,26.923809523809528
2025-10-02 07:50:00-03:00,203,24,0,418,421,51.6,94.8,0.0,22,418,199,21,421,5.6,1,0.47268408551068886,36.676307272544214,30.21875,2.0875,194.845875,0,52.73159144893111,27.209501187648456
2025-10-02 07:55:00-03:00,212,24,0,440,443,51.8,94.8,0.0,23,440,209,22,443,5.7,1,0.4717832957110609,35.80365225993144,30.53125,2.2125,204.375875,0,52.82167042889391,27.361625282167044
2025-10-02 08:00:00-03:00,221,24,0,461,465,52.0,94.9,0.0,24,461,218,23,465,5.7,1,0.46881720430107526,34.92416025755753,30.8125,2.325,212.9315,0,53.118279569892465,27.62150537634408
2025-10-02 08:05:00-03:00,231,24,0,482,487,52.1,94.8,0.0,25,482,227,24,487,5.8,1,0.46611909650924027,34.0893433983692,31.09375,2.4375,221.466875,0,53.38809034907598,27.815195071868587
2025-10-02 08:10:00-03:00,240,24,0,502,508,52.2,94.8,0.0,26,502,237,26,508,5.9,1,0.46653543307086615,33.52735201789653,31.40625,2.5625,230.926875,0,53.34645669291339,27.84685039370079
2025-10-02 08:15:00-03:00,249,25,0,523,530,52.3,94.8,0.0,27,523,246,27,530,5.9,1,0.4641509433962264,33.14556965685486,32.6875,3.075,238.4355,0,53.58490566037736,28.024905660377357
2025-10-02 08:20:00-03:00,259,25,0,543,551,52.4,94.7,0.0,29,543,255,28,551,6.0,1,0.4627949183303085,32.99437509451316,32.96875,3.1875,246.87187500000002,0,53.72050816696915,28.149546279491833
2025-10-02 08:25:00-03:00,268,25,0,563,572,52.5,94.7,0.0,30,563,264,30,572,6.0,1,0.46153846153846156,32.79169795152592,33.25,3.3000000000000003,255.28799999999998,0,53.84615384615385,28.26923076923077
2025-10-02 08:30:00-03:00,277,25,0,583,592,52.5,94.6,0.0,32,583,273,31,592,6.1,1,0.46114864864864863,32.566365806101985,33.53125,3.4125,263.683875,0,53.88513513513513,28.28969594594594
2025-10-02 08:35:00-03:00,286,25,0,603,612,52.6,94.5,0.0,33,603,282,33,612,6.1,1,0.46078431372549017,32.33946364876184,33.8125,3.5250000000000004,272.0595,0,53.92156862745098,28.362745098039216
2025-10-02 08:40:00-03:00,295,25,0,622,632,52.6,94.4,0.0,35,622,291,34,632,6.2,1,0.46044303797468356,32.53389840540536,34.09375,3.6375,280.414875,0,53.95569620253164,28.380696202531645
2025-10-02 08:45:00-03:00,304,26,0,641,652,52.6,94.4,1.1,36,634,300,36,645,6.2,1,0.4601226993865031,33.70145217622801,35.375,4.15,287.55,0,53.987730061349694,28.39754601226994
2025-10-02 08:50:00-03:00,313,26,0,660,671,52.6,94.3,2.3,38,644,309,37,655,6.3,1,0.46050670640834573,35.23127054537123,35.65625,4.2625,295.828875,0,53.94932935916542,28.377347242921008
2025-10-02 08:55:00-03:00,322,26,0,678,690,52.6,94.2,3.5,39,654,317,39,666,6.3,1,0.45942028985507244,36.84724816005164,35.90625,4.3625,303.17087499999997,0,54.05797101449276,28.43449275362319
2025-10-02 09:00:00-03:00,330,26,0,696,709,52.5,94.1,4.6,41,664,326,40,675,6.4,1,0.459802538787024,38.61935454475245,36.1875,4.4750000000000005,311.4115,0,54.01974612129761,28.360366713681245
2025-10-02 09:05:00-03:00,342,26,0,713,727,52.0,94.0,5.3,43,676,338,42,688,6.4,1,0.4649243466299862,40.43953586040302,36.5625,4.625,322.3675,0,53.507565337001374,27.823933975240717
2025-10-02 09:10:00-03:00,357,26,0,731,745,51.1,93.9,5.2,45,692,353,44,705,6.4,1,0.4738255033557047,42.20907557155021,37.03125,4.8125,336.01187500000003,0,52.61744966442953,26.88751677852349
2025-10-02 09:15:00-03:00,370,27,0,747,763,50.5,93.8,4.8,46,712,366,46,725,6.3,1,0.4796854521625164,43.69383841172925,38.4375,5.375,346.3275,0,52.031454783748366,26.275884665792923
2025-10-02 09:20:00-03:00,382,27,0,764,780,50.0,93.7,4.2,48,731,378,47,746,6.3,1,0.4846153846153846,44.97979344306313,38.8125,5.525,357.1155,0,51.53846153846153,25.769230769230766
2025-10-02 09:25:00-03:00,395,27,0,780,796,49.4,93.6,3.8,50,751,391,49,766,6.3,1,0.49120603015075376,45.976937565236035,39.21875,5.6875,368.761875,0,50.87939698492462,25.13442211055276
2025-10-02 09:30:00-03:00,407,27,0,796,813,48.8,93.5,3.2,51,770,404,51,786,6.2,1,0.4969249692496925,46.29712995881154,39.625,5.8500000000000005,380.366,0,50.307503075030745,24.550061500615
2025-10-02 09:35:00-03:00,420,27,0,811,829,48.2,93.5,2.8,53,789,417,52,805,6.2,1,0.503015681544029,46.12039580369808,40.03125,6.0125,391.92787500000003,0,49.698431845597106,23.954644149577806
2025-10-02 09:40:00-03:00,433,27,0,826,844,47.6,93.4,2.2,55,807,429,54,825,6.1,1,0.5082938388625592,45.82666618173543,40.40625,6.1625000000000005,402.56287499999996,0,49.170616113744074,23.40521327014218
2025-10-02 09:45:00-03:00,445,27,0,841,859,47.0,93.3,1.8,56,826,442,55,844,6.1,1,0.5145518044237486,45.88985495594518,40.8125,6.325,414.0435,0,48.544819557625146,22.81606519208382
2025-10-02 09:50:00-03:00,458,28,0,855,874,46.5,93.2,1.2,58,844,455,57,863,6.1,1,0.5205949656750573,46.028564912211905,42.21875,6.8875,423.661875,0,47.94050343249428,22.29233409610984
2025-10-02 09:55:00-03:00,470,28,0,868,888,45.9,93.1,0.8,60,862,467,59,881,6.0,1,0.5259009009009009,46.079230186108695,42.59375,7.0375000000000005,434.134875,0,47.409909909909906,21.761148648648646
2025-10-02 10:00:00-03:00,482,28,0,881,902,45.3,93.0,0.2,61,879,480,60,900,6.0,1,0.532150776053215,46.04148327125373,43.0,7.2,445.43999999999994,0,46.78492239467849,21.193569844789355
2025-10-02 10:05:00-03:00,495,28,0,894,915,44.7,92.7,0.0,65,894,493,64,915,6.0,1,0.5387978142076503,46.07923018610911,43.40625,7.362500000000001,456.70287499999995,0,46.12021857923497,20.615737704918033
2025-10-02 10:10:00-03:00,508,28,0,906,928,44.0,92.1,0.0,71,906,506,70,928,5.9,1,0.5452586206896551,46.19228585734058,43.8125,7.525,467.9235,0,45.474137931034484,20.00862068965517
2025-10-02 10:15:00-03:00,520,28,0,918,940,43.3,91.5,0.0,78,918,519,76,940,5.9,1,0.5521276595744681,46.07923018610952,44.21875,7.6875,479.101875,0,44.787234042553195,19.39287234042553
2025-10-02 10:20:00-03:00,533,28,0,930,952,42.7,91.0,0.0,84,930,532,83,952,5.9,1,0.5588235294117647,45.903967610907806,44.625,7.8500000000000005,490.238,0,44.11764705882353,18.83823529411765
2025-10-02 10:25:00-03:00,545,29,0,940,963,42.0,90.4,0.0,91,940,544,89,963,5.8,1,0.564901349948079,45.69165430060856,46.0,8.4,498.30400000000003,0,43.509865005192104,18.274143302180686
2025-10-02 10:30:00-03:00,558,29,0,951,974,41.3,89.8,0.0,97,951,557,95,974,5.8,1,0.5718685831622177,45.3019331984212,46.40625,8.5625,509.306875,0,42.813141683778234,17.68182751540041
2025-10-02 10:35:00-03:00,570,29,0,960,984,40.7,89.2,0.0,104,960,570,102,984,5.7,1,0.5792682926829268,44.763012328554886,46.8125,8.725,520.2674999999999,0,42.073170731707314,17.12378048780488
2025-10-02 10:40:00-03:00,582,29,0,970,994,40.0,88.6,0.0,110,970,582,108,994,5.7,1,0.5855130784708249,44.12405033743979,47.1875,8.875,530.3475,0,41.4486921529175,16.579476861167
2025-10-02 10:45:00-03:00,594,29,0,978,1003,39.3,88.0,0.0,117,978,594,115,1003,5.7,1,0.5922233300099701,43.569084813824965,47.5625,9.025,540.3915000000001,0,40.777666999002996,16.025623130608174
2025-10-02 10:50:00-03:00,605,29,0,987,1011,38.7,87.5,0.0,124,987,606,122,1011,5.6,1,0.599406528189911,42.854581453028935,47.9375,9.175,550.3995,0,40.0593471810089,15.502967359050446
2025-10-02 10:55:00-03:00,616,30,0,994,1019,38.0,86.9,0.0,131,994,618,128,1019,5.6,1,0.6064769381746811,42.18887904591297,49.3125,9.725000000000001,557.8995,0,39.35230618253189,14.953876349362117
2025-10-02 11:00:00-03:00,628,30,0,1001,1027,37.3,86.3,0.0,137,1001,629,135,1027,5.6,1,0.6124634858812074,41.318790207865504,49.65625,9.8625,566.964875,0,38.75365141187926,14.455111976630963
2025-10-02 11:05:00-03:00,638,30,0,1008,1033,36.7,85.7,0.0,144,1008,640,142,1033,5.5,1,0.6195546950629235,40.46210348191273,50.0,10.0,576.0,0,38.04453049370765,13.962342691190708
2025-10-02 11:10:00-03:00,649,30,0,1014,1040,36.0,85.0,0.0,152,1014,652,150,1040,5.5,1,0.6269230769230769,39.69533595989469,50.375,10.15,585.822,0,37.30769230769231,13.430769230769231
2025-10-02 11:15:00-03:00,659,30,0,1020,1046,35.3,84.3,0.0,160,1020,662,157,1046,5.5,1,0.6328871892925431,38.791888405436424,50.6875,10.275,593.9795,0,36.7112810707457,12.95908221797323
2025-10-02 11:20:00-03:00,669,30,0,1025,1051,34.7,83.7,0.0,167,1025,673,165,1051,5.4,1,0.6403425309229306,37.824955687039655,51.03125,10.412500000000001,602.923875,0,35.965746907706944,12.48011417697431
2025-10-02 11:25:00-03:00,679,30,0,1029,1055,34.0,83.0,0.0,175,1029,683,172,1055,5.4,1,0.64739336492891,36.869137952121825,51.34375,10.537500000000001,611.028875,0,35.260663507109,11.98862559241706
2025-10-02 11:30:00-03:00,689,31,0,1033,1059,33.3,82.3,0.0,183,1033,693,179,1059,5.4,1,0.6543909348441926,35.869291331239474,52.65625,11.0625,616.336875,0,34.56090651558073,11.508781869688383
2025-10-02 11:35:00-03:00,698,31,0,1036,1063,32.7,81.7,0.0,190,1036,703,187,1063,5.3,1,0.6613358419567262,34.7522617532871,52.96875,11.1875,624.3518750000001,0,33.866415804327374,11.074317968015052
2025-10-02 11:40:00-03:00,707,31,0,1039,1066,32.0,81.0,0.0,197,1039,712,194,1066,5.3,1,0.6679174484052532,33.2055125032781,53.25,11.3,631.544,0,33.20825515947467,10.626641651031894
2025-10-02 11:45:00-03:00,715,31,0,1042,1068,31.3,80.3,0.0,205,1042,721,201,1068,5.3,1,0.6750936329588015,31.1976834804247,53.53125,11.412500000000001,638.715875,0,32.49063670411985,10.169569288389514
2025-10-02 11:50:00-03:00,723,31,0,1044,1070,30.7,79.7,0.0,212,1044,730,209,1070,5.2,1,0.6822429906542056,28.618176042496515,53.8125,11.525,645.8675000000001,0,31.775700934579437,9.755140186915888
2025-10-02 11:55:00-03:00,731,31,0,1045,1072,30.0,79.0,0.0,219,1045,738,216,1072,5.2,1,0.6884328358208955,25.812259243856566,54.0625,11.625,652.2075,0,31.156716417910445,9.347014925373134
2025-10-02 12:00:00-03:00,739,31,0,1045,1072,29.3,78.3,0.0,227,1045,746,223,1072,5.2,1,0.6958955223880597,22.684095349330605,54.3125,11.725000000000001,658.5314999999999,0,30.410447761194032,8.910261194029852
2025-10-02 12:05:00-03:00,744,32,0,1046,1072,28.9,77.9,0.0,231,1046,751,227,1072,5.1,1,0.7005597014925373,19.405364768989283,55.46875,12.1875,659.4718750000001,0,29.94402985074627,8.65382462686567
2025-10-02 12:10:00-03:00,746,32,0,1045,1072,28.6,77.8,0.0,233,1045,753,229,1072,5.1,1,0.7024253731343284,16.163932914735902,55.53125,12.2125,661.0398749999999,0,29.757462686567166,8.51063432835821
2025-10-02 12:15:00-03:00,748,32,0,1044,1071,28.4,77.6,0.0,234,1044,755,230,1071,5.0,1,0.7049486461251168,12.78108213749611,55.59375,12.2375,662.606875,0,29.50513538748833,8.379458450046686
2025-10-02 12:20:00-03:00,749,32,0,1043,1069,28.1,77.4,0.0,235,1043,757,232,1069,5.0,1,0.7081384471468662,9.52945990389657,55.65625,12.262500000000001,664.172875,0,29.186155285313376,8.20130963517306
2025-10-02 12:25:00-03:00,751,32,0,1041,1067,27.9,77.2,0.0,237,1041,758,233,1067,5.0,1,0.7104029990627929,6.612087187043624,55.6875,12.275,664.9555,0,28.959700093720713,8.079756326148079
2025-10-02 12:30:00-03:00,751,32,0,1038,1064,27.6,77.1,0.0,238,1038,759,234,1064,4.9,1,0.7133458646616542,4.134115272979307,55.71875,12.287500000000001,665.7378749999999,0,28.665413533834588,7.911654135338347
2025-10-02 12:35:00-03:00,752,32,0,1035,1061,27.4,76.9,0.0,239,1035,760,235,1061,4.9,1,0.7163053722902922,2.734460225829862,55.75,12.3,666.52,0,28.36946277097078,7.773232799245993
2025-10-02 12:40:00-03:00,751,32,0,1031,1057,27.1,76.8,0.0,240,1031,759,236,1057,4.9,1,0.718070009460738,2.552479483663762,55.71875,12.287500000000001,665.7378749999999,0,28.192999053926204,7.640302743614002
2025-10-02 12:45:00-03:00,751,32,0,1027,1053,26.9,76.6,0.0,240,1027,759,236,1053,4.8,1,0.7207977207977208,3.0587678247021555,55.71875,12.287500000000001,665.7378749999999,0,27.92022792022792,7.51054131054131
2025-10-02 12:50:00-03:00,750,32,0,1022,1047,26.6,76.4,0.0,241,1022,758,237,1047,4.8,1,0.7239732569245463,4.122186827619039,55.6875,12.275,664.9555,0,27.602674307545367,7.342311365807068
2025-10-02 12:55:00-03:00,748,32,0,1016,1042,26.4,76.2,0.0,241,1016,757,237,1042,4.8,1,0.7264875239923224,5.528849954335172,55.65625,12.262500000000001,664.172875,0,27.351247600767753,7.220729366602686
2025-10-02 13:00:00-03:00,746,32,0,1010,1036,26.1,76.1,0.0,242,1010,755,238,1036,4.8,1,0.7287644787644788,7.030237721699786,55.59375,12.2375,662.606875,0,27.123552123552123,7.079247104247105
2025-10-02 13:05:00-03:00,744,32,0,1004,1029,25.9,75.9,0.0,242,1004,752,238,1029,4.7,1,0.7308066083576288,8.659816640194498,55.5,12.200000000000001,660.256,0,26.919339164237122,6.972108843537415
2025-10-02 13:10:00-03:00,741,32,0,997,1021,25.6,75.6,0.0,243,997,750,239,1021,4.7,1,0.7345739471106758,10.238075103140403,55.4375,12.175,658.6875,0,26.54260528893242,6.7949069539667
2025-10-02 13:15:00-03:00,738,32,0,989,1014,25.4,75.4,0.0,244,989,747,240,1014,4.7,1,0.7366863905325444,11.83568051836018,55.34375,12.137500000000001,656.332875,0,26.331360946745562,6.6881656804733725
2025-10-02 13:20:00-03:00,735,32,0,981,1005,25.1,75.1,0.0,244,981,743,240,1005,4.6,1,0.7393034825870647,13.422053313516077,55.21875,12.0875,653.1898749999999,0,26.06965174129353,6.543482587064676
2025-10-02 13:25:00-03:00,731,32,0,972,996,24.9,74.9,0.0,244,972,739,240,996,4.6,1,0.7419678714859438,14.96865411651808,55.09375,12.037500000000001,650.042875,0,25.803212851405622,6.425
2025-10-02 13:30:00-03:00,726,32,0,963,987,24.6,74.6,0.0,244,963,734,240,987,4.6,1,0.7436676798378926,16.519960378537,54.9375,11.975000000000001,646.1034999999999,0,25.633232016210737,6.305775075987842
2025-10-02 13:35:00-03:00,721,32,1,954,976,24.4,74.4,0.0,244,954,729,240,976,4.5,1,0.7469262295081968,18.056099447889114,54.78125,11.912500000000001,642.157875,0,25.307377049180328,6.175
2025-10-02 13:40:00-03:00,716,32,1,943,966,24.1,74.1,0.0,244,943,724,240,966,4.5,1,0.7494824016563147,19.745924013599414,54.625,11.850000000000001,638.206,0,25.051759834368532,6.037474120082817
2025-10-02 13:45:00-03:00,710,32,1,933,955,23.9,73.9,0.0,244,933,718,240,955,4.5,1,0.7518324607329843,21.48290370304886,54.4375,11.775,633.4555,0,24.81675392670157,5.931204188481675
2025-10-02 13:50:00-03:00,704,32,1,922,943,23.6,73.6,0.0,243,922,712,239,943,4.5,1,0.7550371155885471,23.22404057448598,54.25,11.700000000000001,628.696,0,24.496288441145282,5.781124072110287
2025-10-02 13:55:00-03:00,697,32,1,910,931,23.4,73.4,0.0,242,910,705,238,931,4.4,1,0.757250268528464,24.959816190062888,54.03125,11.6125,623.1318749999999,0,24.2749731471536,5.680343716433941
2025-10-02 14:00:00-03:00,690,32,1,898,918,23.1,73.1,0.0,241,898,698,237,918,4.4,1,0.7603485838779956,26.724605618303094,53.8125,11.525,617.5555,0,23.965141612200437,5.535947712418301
2025-10-02 14:05:00-03:00,682,32,1,885,905,22.9,72.9,0.0,240,885,690,236,905,4.4,1,0.7624309392265194,28.662482076525784,53.5625,11.425,611.1675,0,23.756906077348066,5.440331491712707
2025-10-02 14:10:00-03:00,674,32,1,872,892,22.8,72.8,0.0,238,872,681,234,892,4.3,1,0.7634529147982063,30.6162711740887,53.28125,11.3125,603.961875,0,23.654708520179373,5.393273542600897
2025-10-02 14:15:00-03:00,665,32,1,859,878,22.6,72.6,0.0,235,859,672,232,878,4.3,1,0.765375854214123,32.29081865943064,53.0,11.200000000000001,596.736,0,23.462414578587698,5.30250569476082
2025-10-02 14:20:00-03:00,655,32,1,845,863,22.4,72.4,0.0,233,845,663,229,863,4.3,1,0.7682502896871379,34.02171766278895,52.71875,11.0875,589.489875,0,23.174971031286212,5.1911935110081115
2025-10-02 14:25:00-03:00,646,32,1,830,848,22.2,72.2,0.0,230,830,653,227,848,4.3,1,0.7700471698113207,35.51216180920105,52.40625,10.9625,581.414875,0,22.995283018867923,5.104952830188679
2025-10-02 14:30:00-03:00,635,32,1,815,833,22.1,72.1,0.0,228,815,642,224,833,4.2,1,0.7707082833133253,37.089878550735634,52.0625,10.825000000000001,572.5035,0,22.92917166866747,5.067346938775511
2025-10-02 14:35:00-03:00,625,32,1,800,817,21.9,71.9,0.0,225,800,631,221,817,4.2,1,0.7723378212974297,38.45619310173594,51.71875,10.6875,563.561875,0,22.766217870257037,4.985801713586291
2025-10-02 14:40:00-03:00,614,32,1,785,801,21.8,71.8,0.0,222,785,621,218,801,4.2,1,0.7752808988764045,39.358780930852504,51.40625,10.5625,555.406875,0,22.47191011235955,4.8988764044943816
2025-10-02 14:45:00-03:00,603,32,1,769,785,21.6,71.6,0.0,219,769,609,215,785,4.2,1,0.7757961783439491,39.64874181196569,51.03125,10.412500000000001,545.5878749999999,0,22.420382165605098,4.8428025477707015
2025-10-02 14:50:00-03:00,592,32,1,753,768,21.4,71.4,0.0,215,753,598,212,768,4.2,1,0.7786458333333334,39.373118040632754,50.6875,10.275,536.5555,0,22.135416666666664,4.736979166666666
2025-10-02 14:55:00-03:00,580,32,1,736,751,21.2,71.2,0.0,212,736,585,208,751,4.1,1,0.7789613848202397,38.6815867243617,50.28125,10.1125,525.841875,0,22.103861517976032,4.686018641810919
2025-10-02 15:00:00-03:00,568,32,1,720,733,21.1,71.1,0.0,208,720,573,204,733,4.1,1,0.781718963165075,37.72257181372414,49.90625,9.9625,515.914875,0,21.828103683492497,4.605729877216917
2025-10-02 15:05:00-03:00,558,32,1,702,715,20.5,71.2,0.0,202,702,563,199,715,4.1,1,0.7874125874125875,36.679095689577714,49.59375,9.8375,507.614875,0,21.25874125874126,4.358041958041959
2025-10-02 15:10:00-03:00,550,32,1,685,697,19.6,71.1,0.0,198,685,555,195,697,4.1,1,0.7962697274031564,35.72962441175649,49.34375,9.7375,500.956875,0,20.373027259684363,3.9931133428981354
2025-10-02 15:15:00-03:00,542,32,1,667,678,18.7,70.9,0.0,194,667,547,191,678,4.1,1,0.8067846607669616,34.86554259731478,49.09375,9.637500000000001,494.282875,0,19.321533923303836,3.6131268436578172
2025-10-02 15:20:00-03:00,533,32,1,649,659,17.8,70.8,0.0,189,649,538,186,659,4.0,1,0.8163884673748103,34.71823815525721,48.8125,9.525,486.7555,0,18.361153262518968,3.268285280728376
2025-10-02 15:25:00-03:00,524,32,1,630,640,16.8,70.7,0.0,185,630,529,182,640,4.0,1,0.8265625,35.26383244610492,48.53125,9.4125,479.207875,0,17.34375,2.91375
2025-10-02 15:30:00-03:00,515,32,1,611,621,15.8,70.6,0.0,180,611,520,177,621,4.0,1,0.8373590982286635,36.74688195388016,48.25,9.3,471.64,0,16.264090177133657,2.5697262479871177
2025-10-02 15:35:00-03:00,505,32,1,592,601,14.7,70.5,0.0,175,592,510,172,601,4.0,1,0.848585690515807,39.059395331154604,47.9375,9.175,463.2075,0,15.141430948419302,2.2257903494176374
2025-10-02 15:40:00-03:00,495,32,1,573,580,13.6,70.4,0.0,169,573,499,167,580,4.0,1,0.8603448275862069,41.90971537034448,47.59375,9.0375,453.902875,0,13.96551724137931,1.899310344827586
2025-10-02 15:45:00-03:00,482,32,1,553,560,12.7,70.2,0.0,165,553,486,162,560,4.0,1,0.8678571428571429,44.827615947250465,47.1875,8.875,442.8675,0,13.214285714285715,1.6782142857142859
2025-10-02 15:50:00-03:00,469,31,1,533,539,12.0,70.0,0.0,160,533,472,157,539,3.9,1,0.87569573283859,47.921969403543606,45.75,8.3,432.824,0,12.430426716141001,1.4916512059369202
2025-10-02 15:55:00-03:00,455,31,1,512,518,11.2,69.7,0.0,155,512,458,152,518,3.9,1,0.8841698841698842,50.92656626471251,45.3125,8.125,420.78749999999997,0,11.583011583011583,1.2972972972972971
2025-10-02 16:00:00-03:00,440,31,1,492,497,10.5,69.5,0.0,150,492,443,147,497,3.9,1,0.8913480885311871,53.80851290088815,44.84375,7.9375,407.836875,0,10.865191146881289,1.1408450704225352
2025-10-02 16:05:00-03:00,425,31,1,471,475,9.8,69.4,0.0,144,471,427,142,475,3.9,1,0.8989473684210526,56.5058323618727,44.34375,7.737500000000001,393.960875,0,10.105263157894736,0.9903157894736841
2025-10-02 16:10:00-03:00,409,31,1,450,453,9.2,69.3,0.0,138,450,411,136,453,3.9,1,0.9072847682119205,58.92496512642553,43.84375,7.5375000000000005,380.020875,0,9.271523178807946,0.852980132450331
2025-10-02 16:15:00-03:00,392,31,1,429,432,8.6,69.2,0.0,132,429,393,130,432,3.9,1,0.9097222222222222,61.00124191482043,43.28125,7.3125,364.261875,0,9.027777777777777,0.7763888888888887
2025-10-02 16:20:00-03:00,375,31,1,408,410,8.0,69.2,0.0,126,408,376,124,410,3.8,1,0.9170731707317074,62.848061130616415,42.75,7.1000000000000005,349.30400000000003,0,8.292682926829269,0.6634146341463415
2025-10-02 16:25:00-03:00,358,31,1,386,388,7.5,69.2,0.0,119,386,358,117,388,3.8,1,0.9226804123711341,64.47709247899088,42.1875,6.875,333.3875,0,7.731958762886598,0.5798969072164949
2025-10-02 16:30:00-03:00,339,31,1,365,365,7.1,69.6,0.0,111,365,339,109,365,3.8,1,0.9287671232876712,65.91362575829773,41.59375,6.6375,316.498875,0,7.123287671232877,0.5057534246575343
2025-10-02 16:35:00-03:00,321,30,0,344,343,6.6,70.0,0.0,103,344,320,101,343,3.8,1,0.9329446064139941,67.0243623730506,40.0,6.0,300.79999999999995,0,6.705539358600583,0.4425655976676384
2025-10-02 16:40:00-03:00,302,30,0,322,321,6.2,70.4,0.0,95,322,301,94,321,3.8,1,0.9376947040498442,68.01269934891644,39.40625,5.7625,283.654875,0,6.230529595015576,0.3862928348909657
2025-10-02 16:45:00-03:00,284,30,0,301,299,5.7,70.8,0.0,88,301,282,86,299,3.8,1,0.9431438127090301,69.35039489956834,38.8125,5.525,266.41949999999997,0,5.68561872909699,0.3240802675585284
2025-10-02 16:50:00-03:00,265,30,0,279,277,5.1,71.2,0.0,81,279,263,79,277,3.7,1,0.9494584837545126,71.15220561328469,38.21875,5.2875000000000005,249.093875,0,5.054151624548736,0.2577617328519855
2025-10-02 16:55:00-03:00,246,30,0,258,255,4.6,71.6,0.0,73,258,243,72,255,3.7,1,0.9529411764705882,72.80775849432843,37.59375,5.0375000000000005,230.758875,0,4.705882352941177,0.21647058823529408
2025-10-02 17:00:00-03:00,227,30,0,236,233,4.0,72.0,0.0,66,236,224,65,233,3.7,1,0.9613733905579399,74.2091128113061,37.0,4.800000000000001,213.248,0,3.862660944206009,0.15450643776824036
2025-10-02 17:05:00-03:00,208,30,0,215,211,3.3,72.3,0.0,60,215,204,59,211,3.7,1,0.966824644549763,75.16587717114592,36.375,4.55,194.718,0,3.3175355450236967,0.109478672985782
2025-10-02 17:10:00-03:00,184,30,0,194,190,5.3,73.2,0.0,52,194,180,51,190,3.7,1,0.9473684210526315,75.55832585532377,35.625,4.25,172.35,0,5.263157894736842,0.2789473684210526
2025-10-02 17:15:00-03:00,160,30,0,173,169,7.5,74.2,0.0,45,173,156,44,169,3.7,1,0.9230769230769231,75.02706582333647,34.875,3.95,149.838,0,7.6923076923076925,0.576923076923077
2025-10-02 17:20:00-03:00,138,29,0,153,148,9.6,75.2,0.0,38,153,134,37,148,3.6,1,0.9054054054054054,73.42693750602557,33.1875,3.2750000000000004,129.61149999999998,0,9.45945945945946,0.908108108108108
2025-10-02 17:25:00-03:00,117,29,0,133,128,11.8,76.3,0.0,32,133,113,31,128,3.6,1,0.8828125,71.012749602161,32.53125,3.0125,109.595875,0,11.71875,1.3828125
2025-10-02 17:30:00-03:00,97,29,0,113,108,14.1,77.4,0.0,26,113,94,25,108,3.6,1,0.8703703703703703,67.79224054998086,31.9375,2.7750000000000004,91.3915,0,12.962962962962962,1.8277777777777777
2025-10-02 17:35:00-03:00,79,29,0,94,89,16.3,78.5,0.0,20,94,76,20,89,3.6,1,0.8539325842696629,63.368271862079744,31.375,2.5500000000000003,74.062,0,14.606741573033707,2.3808988764044945
2025-10-02 17:40:00-03:00,64,29,0,76,71,16.2,78.5,0.0,16,76,61,16,71,3.6,1,0.8591549295774648,58.05241884135306,30.90625,2.3625000000000003,59.558875,0,14.084507042253522,2.2816901408450705
2025-10-02 17:45:00-03:00,50,29,0,59,54,15.3,78.0,0.0,13,59,48,13,54,3.6,1,0.8888888888888888,52.24149923597881,30.5,2.2,46.944,0,11.11111111111111,1.7
2025-10-02 17:50:00-03:00,37,29,0,43,37,14.3,77.6,0.0,10,43,34,10,37,3.6,1,0.918918918918919,46.01078595547941,30.0625,2.025,33.3115,0,8.108108108108109,1.1594594594594596
2025-10-02 17:55:00-03:00,25,29,0,29,22,13.4,77.1,0.0,7,29,22,7,22,3.5,1,1.0,39.55692101261807,29.6875,1.875,21.5875,0,0.0,0.0
2025-10-02 18:00:00-03:00,14,29,0,16,13,12.4,76.6,0.0,4,16,13,4,13,3.5,1,1.0,33.2164617822523,29.40625,1.7625000000000002,12.770875,0,0.0,0.0
2025-10-02 18:05:00-03:00,5,29,0,5,4,0.0,76.4,0.0,1,5,4,1,4,3.5,0,1.0,27.100821859364903,29.125,1.6500000000000001,3.934,0,0.0,0.0
2025-10-02 18:10:00-03:00,0,28,0,0,0,0.0,76.5,0.0,0,0,0,0,0,3.5,0,,21.510392132535554,28.0,1.2000000000000002,0.0,0,,
2025-10-02 18:15:00-03:00,0,28,0,0,0,0.0,76.5,0.0,0,0,0,0,0,3.5,0,,16.261825533913512,28.0,1.2000000000000002,0.0,0,,
2025-10-02 18:20:00-03:00,0,28,0,0,0,0.0,76.6,0.0,0,0,0,0,0,3.5,0,,11.204368736628851,28.0,1.2000000000000002,0.0,0,,
2025-10-02 18:25:00-03:00,0,28,0,0,0,0.0,76.7,0.0,0,0,0,0,0,3.5,0,,7.021072179084792,28.0,1.2000000000000002,0.0,0,,
2025-10-02 18:30:00-03:00,0,28,0,0,0,0.0,76.8,0.0,0,0,0,0,0,3.5,0,,3.824759845696155,28.0,1.2000000000000002,0.0,0,,
2025-10-02 18:35:00-03:00,0,28,0,0,0,0.0,76.8,0.0,0,0,0,0,0,3.5,0,,1.1547005377126482,28.0,1.2000000000000002,0.0,0,,
2025-10-02 18:40:00-03:00,0,28,0,0,0,0.0,76.9,0.0,0,0,0,0,0,3.5,0,,0.0,28.0,1.2000000000000002,0.0,0,,
2025-10-02 18:45:00-03:00,0,28,0,0,0,0.0,77.0,0.0,0,0,0,0,0,3.5,0,,0.0,28.0,1.2000000000000002,0.0,0,,
2025-10-02 18:50:00-03:00,0,28,0,0,0,0.0,77.0,0.0,0,0,0,0,0,3.5,0,,0.0,28.0,1.2000000000000002,0.0,0,,
2025-10-02 18:55:00-03:00,0,28,0,0,0,0.0,77.1,0.0,0,0,0,0,0,3.5,0,,0.0,28.0,1.2000000000000002,0.0,0,,
2025-10-02 19:00:00-03:00,0,27,0,0,0,0.0,77.2,0.0,0,0,0,0,0,3.5,0,,0.0,27.0,0.8,0.0,0,,
2025-10-02 19:05:00-03:00,0,27,0,0,0,0.0,77.2,0.0,0,0,0,0,0,3.5,0,,0.0,27.0,0.8,0.0,0,,
2025-10-02 19:10:00-03:00,0,27,0,0,0,0.0,77.2,0.0,0,0,0,0,0,3.5,0,,0.0,27.0,0.8,0.0,0,,
2025-10-02 19:15:00-03:00,0,27,0,0,0,0.0,77.2,0.0,0,0,0,0,0,3.5,0,,0.0,27.0,0.8,0.0,0,,
2025-10-02 19:20:00-03:00,0,27,0,0,0,0.0,77.2,0.0,0,0,0,0,0,3.5,0,,0.0,27.0,0.8,0.0,0,,
2025-10-02 19:25:00-03:00,0,27,0,0,0,0.0,77.2,0.0,0,0,0,0,0,3.5,0,,0.0,27.0,0.8,0.0,0,,
2025-10-02 19:30:00-03:00,0,27,0,0,0,0.0,77.2,0.0,0,0,0,0,0,3.5,0,,0.0,27.0,0.8,0.0,0,,
2025-10-02 19:35:00-03:00,0,27,0,0,0,0.0,77.2,0.0,0,0,0,0,0,3.5,0,,0.0,27.0,0.8,0.0,0,,
2025-10-02 19:40:00-03:00,0,27,0,0,0,0.0,77.2,0.0,0,0,0,0,0,3.5,0,,0.0,27.0,0.8,0.0,0,,
2025-10-02 19:45:00-03:00,0,27,0,0,0,0.0,77.2,0.0,0,0,0,0,0,3.5,0,,0.0,27.0,0.8,0.0,0,,
2025-10-02 19:50:00-03:00,0,27,0,0,0,0.0,77.2,0.0,0,0,0,0,0,3.5,0,,0.0,27.0,0.8,0.0,0,,
2025-10-02 19:55:00-03:00,0,26,0,0,0,0.0,77.2,0.0,0,0,0,0,0,3.5,0,,0.0,26.0,0.4,0.0,0,,
2025-10-02 20:00:00-03:00,0,26,0,0,0,0.0,77.2,0.0,0,0,0,0,0,3.5,0,,0.0,26.0,0.4,0.0,0,,
2025-10-02 20:05:00-03:00,0,26,0,0,0,0.0,77.3,0.0,0,0,0,0,0,3.5,0,,0.0,26.0,0.4,0.0,0,,
2025-10-02 20:10:00-03:00,0,26,0,0,0,0.0,77.4,0.0,0,0,0,0,0,3.5,0,,0.0,26.0,0.4,0.0,0,,
2025-10-02 20:15:00-03:00,0,26,0,0,0,0.0,77.5,0.0,0,0,0,0,0,3.6,0,,0.0,26.0,0.4,0.0,0,,
2025-10-02 20:20:00-03:00,0,26,0,0,0,0.0,77.7,0.0,0,0,0,0,0,3.6,0,,0.0,26.0,0.4,0.0,0,,
2025-10-02 20:25:00-03:00,0,26,0,0,0,0.0,77.8,0.0,0,0,0,0,0,3.6,0,,0.0,26.0,0.4,0.0,0,,
2025-10-02 20:30:00-03:00,0,26,0,0,0,0.0,77.9,0.0,0,0,0,0,0,3.6,0,,0.0,26.0,0.4,0.0,0,,
2025-10-02 20:35:00-03:00,0,26,0,0,0,0.0,78.1,0.0,0,0,0,0,0,3.6,0,,0.0,26.0,0.4,0.0,0,,
2025-10-02 20:40:00-03:00,0,26,0,0,0,0.0,78.2,0.0,0,0,0,0,0,3.6,0,,0.0,26.0,0.4,0.0,0,,
2025-10-02 20:45:00-03:00,0,25,0,0,0,0.0,78.3,0.0,0,0,0,0,0,3.6,0,,0.0,25.0,0.0,0.0,0,,
2025-10-02 20:50:00-03:00,0,25,0,0,0,0.0,78.4,0.0,0,0,0,0,0,3.6,0,,0.0,25.0,0.0,0.0,0,,
2025-10-02 20:55:00-03:00,0,25,0,0,0,0.0,78.6,0.0,0,0,0,0,0,3.6,0,,0.0,25.0,0.0,0.0,0,,
2025-10-02 21:00:00-03:00,0,25,0,0,0,0.0,78.7,0.0,0,0,0,0,0,3.6,0,,0.0,25.0,0.0,0.0,0,,
2025-10-02 21:05:00-03:00,0,25,0,0,0,0.0,78.8,0.0,0,0,0,0,0,3.6,0,,0.0,25.0,0.0,0.0,0,,
2025-10-02 21:10:00-03:00,0,25,0,0,0,0.0,78.8,0.0,0,0,0,0,0,3.6,0,,0.0,25.0,0.0,0.0,0,,
2025-10-02 21:15:00-03:00,0,25,0,0,0,0.0,78.8,0.0,0,0,0,0,0,3.5,0,,0.0,25.0,0.0,0.0,0,,
2025-10-02 21:20:00-03:00,0,25,0,0,0,0.0,78.8,0.0,0,0,0,0,0,3.5,0,,0.0,25.0,0.0,0.0,0,,
2025-10-02 21:25:00-03:00,0,25,0,0,0,0.0,78.8,0.0,0,0,0,0,0,3.5,0,,0.0,25.0,0.0,0.0,0,,
2025-10-02 21:30:00-03:00,0,25,0,0,0,0.0,78.8,0.0,0,0,0,0,0,3.5,0,,0.0,25.0,0.0,0.0,0,,
2025-10-02 21:35:00-03:00,0,25,0,0,0,0.0,78.8,0.0,0,0,0,0,0,3.5,0,,0.0,25.0,0.0,0.0,0,,
2025-10-02 21:40:00-03:00,0,25,0,0,0,0.0,78.8,0.0,0,0,0,0,0,3.4,0,,0.0,25.0,0.0,0.0,0,,
2025-10-02 21:45:00-03:00,0,25,0,0,0,0.0,78.8,0.0,0,0,0,0,0,3.4,0,,0.0,25.0,0.0,0.0,0,,
2025-10-02 21:50:00-03:00,0,25,0,0,0,0.0,78.8,0.0,0,0,0,0,0,3.4,0,,0.0,25.0,0.0,0.0,0,,
2025-10-02 21:55:00-03:00,0,25,0,0,0,0.0,78.8,0.0,0,0,0,0,0,3.4,0,,0.0,25.0,0.0,0.0,0,,
2025-10-02 22:00:00-03:00,0,25,0,0,0,0.0,78.8,0.0,0,0,0,0,0,3.3,0,,0.0,25.0,0.0,0.0,0,,
2025-10-02 22:05:00-03:00,0,25,0,0,0,0.0,78.8,0.0,0,0,0,0,0,3.3,0,,0.0,25.0,0.0,0.0,0,,
2025-10-02 22:10:00-03:00,0,25,0,0,0,0.0,78.9,0.0,0,0,0,0,0,3.3,0,,0.0,25.0,0.0,0.0,0,,
2025-10-02 22:15:00-03:00,0,24,0,0,0,0.0,78.9,0.0,0,0,0,0,0,3.3,0,,0.0,24.0,0.0,0.0,0,,
2025-10-02 22:20:00-03:00,0,24,0,0,0,0.0,79.0,0.0,0,0,0,0,0,3.3,0,,0.0,24.0,0.0,0.0,0,,
2025-10-02 22:25:00-03:00,0,24,0,0,0,0.0,79.1,0.0,0,0,0,0,0,3.2,0,,0.0,24.0,0.0,0.0,0,,
2025-10-02 22:30:00-03:00,0,24,0,0,0,0.0,79.1,0.0,0,0,0,0,0,3.2,0,,0.0,24.0,0.0,0.0,0,,
2025-10-02 22:35:00-03:00,0,24,0,0,0,0.0,79.2,0.0,0,0,0,0,0,3.2,0,,0.0,24.0,0.0,0.0,0,,
2025-10-02 22:40:00-03:00,0,24,0,0,0,0.0,79.2,0.0,0,0,0,0,0,3.2,0,,0.0,24.0,0.0,0.0,0,,
2025-10-02 22:45:00-03:00,0,24,0,0,0,0.0,79.3,0.0,0,0,0,0,0,3.2,0,,0.0,24.0,0.0,0.0,0,,
2025-10-02 22:50:00-03:00,0,24,0,0,0,0.0,79.4,0.0,0,0,0,0,0,3.1,0,,0.0,24.0,0.0,0.0,0,,
2025-10-02 22:55:00-03:00,0,24,0,0,0,0.0,79.4,0.0,0,0,0,0,0,3.1,0,,0.0,24.0,0.0,0.0,0,,
2025-10-02 23:00:00-03:00,0,24,0,0,0,0.0,79.5,0.0,0,0,0,0,0,3.1,0,,0.0,24.0,0.0,0.0,0,,
2025-10-02 23:05:00-03:00,0,24,0,0,0,0.0,79.5,0.0,0,0,0,0,0,3.1,0,,0.0,24.0,0.0,0.0,0,,
2025-10-02 23:10:00-03:00,0,24,0,0,0,0.0,79.5,0.0,0,0,0,0,0,3.1,0,,0.0,24.0,0.0,0.0,0,,
2025-10-02 23:15:00-03:00,0,24,0,0,0,0.0,79.5,0.0,0,0,0,0,0,3.1,0,,0.0,24.0,0.0,0.0,0,,
2025-10-02 23:20:00-03:00,0,24,0,0,0,0.0,79.5,0.0,0,0,0,0,0,3.0,0,,0.0,24.0,0.0,0.0,0,,
2025-10-02 23:25:00-03:00,0,24,0,0,0,0.0,79.5,0.0,0,0,0,0,0,3.0,0,,0.0,24.0,0.0,0.0,0,,
2025-10-02 23:30:00-03:00,0,24,0,0,0,0.0,79.5,0.0,0,0,0,0,0,3.0,0,,0.0,24.0,0.0,0.0,0,,
2025-10-02 23:35:00-03:00,0,24,0,0,0,0.0,79.5,0.0,0,0,0,0,0,3.0,0,,0.0,24.0,0.0,0.0,0,,
2025-10-02 23:40:00-03:00,0,24,0,0,0,0.0,79.5,0.0,0,0,0,0,0,3.0,0,,0.0,24.0,0.0,0.0,0,,
2025-10-02 23:45:00-03:00,0,24,0,0,0,0.0,79.5,0.0,0,0,0,0,0,3.0,0,,0.0,24.0,0.0,0.0,0,,
2025-10-02 23:50:00-03:00,0,24,0,0,0,0.0,79.5,0.0,0,0,0,0,0,2.9,0,,0.0,24.0,0.0,0.0,0,,
2025-10-02 23:55:00-03:00,0,24,0,0,0,0.0,79.5,0.0,0,0,0,0,0,2.9,0,,0.0,24.0,0.0,0.0,0,,
2025-10-03 00:00:00-03:00,0,23,0,0,0,0.0,79.5,0.0,0,0,0,0,0,2.9,0,,0.0,23.0,0.0,0.0,0,,
2025-10-03 00:05:00-03:00,0,23,0,0,0,13.4,80.2,0.0,0,0,0,0,0,2.9,0,,0.0,23.0,0.0,0.0,0,,
2025-10-03 00:10:00-03:00,0,23,0,0,0,16.2,81.6,0.0,0,0,0,0,0,3.0,0,,0.0,23.0,0.0,0.0,0,,
2025-10-03 00:15:00-03:00,0,23,0,0,0,19.0,82.8,0.0,0,0,0,0,0,3.0,0,,0.0,23.0,0.0,0.0,0,,
2025-10-03 00:20:00-03:00,0,23,0,0,0,21.8,84.1,0.0,0,0,0,0,0,3.0,0,,0.0,23.0,0.0,0.0,0,,
2025-10-03 00:25:00-03:00,0,23,0,0,0,24.5,85.2,0.0,0,0,0,0,0,3.0,0,,0.0,23.0,0.0,0.0,0,,
2025-10-03 00:30:00-03:00,0,23,0,0,0,27.1,86.3,0.0,0,0,0,0,0,3.1,0,,0.0,23.0,0.0,0.0,0,,
2025-10-03 00:35:00-03:00,0,23,0,0,0,29.7,87.4,0.0,0,0,0,0,0,3.1,0,,0.0,23.0,0.0,0.0,0,,
2025-10-03 00:40:00-03:00,0,23,0,0,0,32.3,88.4,0.0,0,0,0,0,0,3.1,0,,0.0,23.0,0.0,0.0,0,,
2025-10-03 00:45:00-03:00,0,23,0,0,0,34.8,89.4,0.0,0,0,0,0,0,3.2,0,,0.0,23.0,0.0,0.0,0,,
2025-10-03 00:50:00-03:00,0,23,0,0,0,37.3,90.3,0.0,0,0,0,0,0,3.2,0,,0.0,23.0,0.0,0.0,0,,
2025-10-03 00:55:00-03:00,0,23,0,0,0,39.7,91.1,0.0,0,0,0,0,0,3.2,0,,0.0,23.0,0.0,0.0,0,,
2025-10-03 01:00:00-03:00,0,23,0,0,0,42.0,91.9,0.0,0,0,0,0,0,3.2,0,,0.0,23.0,0.0,0.0,0,,
2025-10-03 01:05:00-03:00,0,23,0,0,0,44.4,92.6,0.0,0,0,0,0,0,3.3,0,,0.0,23.0,0.0,0.0,0,,
2025-10-03 01:10:00-03:00,0,23,0,0,0,46.8,93.1,0.0,0,0,0,0,0,3.3,0,,0.0,23.0,0.0,0.0,0,,
2025-10-03 01:15:00-03:00,0,23,0,0,0,49.1,93.7,0.0,0,0,0,0,0,3.3,0,,0.0,23.0,0.0,0.0,0,,
2025-10-03 01:20:00-03:00,0,23,0,0,0,51.3,94.2,0.0,0,0,0,0,0,3.4,0,,0.0,23.0,0.0,0.0,0,,
2025-10-03 01:25:00-03:00,0,23,0,0,0,53.5,94.6,0.0,0,0,0,0,0,3.4,0,,0.0,23.0,0.0,0.0,0,,
2025-10-03 01:30:00-03:00,0,23,0,0,0,55.7,95.0,0.0,0,0,0,0,0,3.4,0,,0.0,23.0,0.0,0.0,0,,
2025-10-03 01:35:00-03:00,0,23,0,0,0,57.8,95.4,0.0,0,0,0,0,0,3.4,0,,0.0,23.0,0.0,0.0,0,,
2025-10-03 01:40:00-03:00,0,23,0,0,0,59.8,95.8,0.0,0,0,0,0,0,3.5,0,,0.0,23.0,0.0,0.0,0,,
2025-10-03 01:45:00-03:00,0,23,0,0,0,61.8,96.1,0.0,0,0,0,0,0,3.5,0,,0.0,23.0,0.0,0.0,0,,
2025-10-03 01:50:00-03:00,0,23,0,0,0,63.7,96.4,0.0,0,0,0,0,0,3.5,0,,0.0,23.0,0.0,0.0,0,,
2025-10-03 01:55:00-03:00,0,23,0,0,0,65.6,96.6,0.0,0,0,0,0,0,3.6,0,,0.0,23.0,0.0,0.0,0,,
2025-10-03 02:00:00-03:00,0,23,0,0,0,67.4,96.8,0.0,0,0,0,0,0,3.6,0,,0.0,23.0,0.0,0.0,0,,
2025-10-03 02:05:00-03:00,0,22,0,0,0,69.2,96.9,12.3,0,0,0,0,0,3.6,0,,0.0,22.0,0.0,0.0,0,,
2025-10-03 02:10:00-03:00,0,22,0,0,0,70.8,96.9,13.2,0,0,0,0,0,3.7,0,,0.0,22.0,0.0,0.0,0,,
2025-10-03 02:15:00-03:00,0,22,0,0,0,72.4,96.9,14.0,0,0,0,0,0,3.7,0,,0.0,22.0,0.0,0.0,0,,
2025-10-03 02:20:00-03:00,0,22,0,0,0,74.0,96.9,14.8,0,0,0,0,0,3.7,0,,0.0,22.0,0.0,0.0,0,,
2025-10-03 02:25:00-03:00,0,22,0,0,0,75.4,96.9,15.6,0,0,0,0,0,3.7,0,,0.0,22.0,0.0,0.0,0,,
2025-10-03 02:30:00-03:00,0,22,0,0,0,76.9,96.9,16.4,0,0,0,0,0,3.8,0,,0.0,22.0,0.0,0.0,0,,
2025-10-03 02:35:00-03:00,0,22,0,0,0,78.3,97.0,17.2,0,0,0,0,0,3.8,0,,0.0,22.0,0.0,0.0,0,,
2025-10-03 02:40:00-03:00,0,22,0,0,0,79.6,97.0,18.0,0,0,0,0,0,3.8,0,,0.0,22.0,0.0,0.0,0,,
2025-10-03 02:45:00-03:00,0,22,0,0,0,80.9,97.0,18.8,0,0,0,0,0,3.9,0,,0.0,22.0,0.0,0.0,0,,
2025-10-03 02:50:00-03:00,0,22,0,0,0,82.2,97.0,19.6,0,0,0,0,0,3.9,0,,0.0,22.0,0.0,0.0,0,,
2025-10-03 02:55:00-03:00,0,22,0,0,0,83.4,97.0,20.4,0,0,0,0,0,3.9,0,,0.0,22.0,0.0,0.0,0,,
2025-10-03 03:00:00-03:00,0,22,0,0,0,84.5,97.0,21.2,0,0,0,0,0,3.9,0,,0.0,22.0,0.0,0.0,0,,
2025-10-03 03:05:00-03:00,0,22,0,0,0,84.9,97.0,21.3,0,0,0,0,0,4.0,0,,0.0,22.0,0.0,0.0,0,,
2025-10-03 03:10:00-03:00,0,22,0,0,0,84.7,97.0,20.8,0,0,0,0,0,4.0,0,,0.0,22.0,0.0,0.0,0,,
2025-10-03 03:15:00-03:00,0,22,0,0,0,84.4,97.0,20.3,0,0,0,0,0,4.0,0,,0.0,22.0,0.0,0.0,0,,
2025-10-03 03:20:00-03:00,0,22,0,0,0,84.1,97.0,19.8,0,0,0,0,0,4.1,0,,0.0,22.0,0.0,0.0,0,,
2025-10-03 03:25:00-03:00,0,22,0,0,0,83.9,97.0,19.2,0,0,0,0,0,4.1,0,,0.0,22.0,0.0,0.0,0,,
2025-10-03 03:30:00-03:00,0,22,0,0,0,83.6,97.0,18.7,0,0,0,0,0,4.1,0,,0.0,22.0,0.0,0.0,0,,
2025-10-03 03:35:00-03:00,0,22,0,0,0,83.3,97.0,18.2,0,0,0,0,0,4.2,0,,0.0,22.0,0.0,0.0,0,,
2025-10-03 03:40:00-03:00,0,22,0,0,0,83.0,97.0,17.6,0,0,0,0,0,4.2,0,,0.0,22.0,0.0,0.0,0,,
2025-10-03 03:45:00-03:00,0,22,0,0,0,82.7,97.0,17.1,0,0,0,0,0,4.3,0,,0.0,22.0,0.0,0.0,0,,
2025-10-03 03:50:00-03:00,0,22,0,0,0,82.5,97.0,16.6,0,0,0,0,0,4.3,0,,0.0,22.0,0.0,0.0,0,,
2025-10-03 03:55:00-03:00,0,22,0,0,0,82.2,97.0,16.0,0,0,0,0,0,4.3,0,,0.0,22.0,0.0,0.0,0,,
2025-10-03 04:00:00-03:00,0,22,0,0,0,81.9,97.0,15.5,0,0,0,0,0,4.4,0,,0.0,22.0,0.0,0.0,0,,
2025-10-03 04:05:00-03:00,0,22,0,0,0,81.6,97.0,15.1,0,0,0,0,0,4.4,0,,0.0,22.0,0.0,0.0,0,,
2025-10-03 04:10:00-03:00,0,22,0,0,0,81.2,97.0,14.8,0,0,0,0,0,4.4,0,,0.0,22.0,0.0,0.0,0,,
2025-10-03 04:15:00-03:00,0,21,0,0,0,80.8,97.0,14.5,0,0,0,0,0,4.5,0,,0.0,21.0,0.0,0.0,0,,
2025-10-03 04:20:00-03:00,0,21,0,0,0,80.5,97.0,14.3,0,0,0,0,0,4.5,0,,0.0,21.0,0.0,0.0,0,,
2025-10-03 04:25:00-03:00,0,21,0,0,0,80.1,97.0,14.0,0,0,0,0,0,4.5,0,,0.0,21.0,0.0,0.0,0,,
2025-10-03 04:30:00-03:00,0,21,0,0,0,79.7,97.0,13.7,0,0,0,0,0,4.6,0,,0.0,21.0,0.0,0.0,0,,
2025-10-03 04:35:00-03:00,0,21,0,0,0,79.3,97.0,13.4,0,0,0,0,0,4.6,0,,0.0,21.0,0.0,0.0,0,,
2025-10-03 04:40:00-03:00,0,21,0,0,0,79.0,97.0,13.2,0,0,0,0,0,4.6,0,,0.0,21.0,0.0,0.0,0,,
2025-10-03 04:45:00-03:00,0,21,0,0,0,78.6,97.0,12.9,0,0,0,0,0,4.7,0,,0.0,21.0,0.0,0.0,0,,
2025-10-03 04:50:00-03:00,0,21,0,0,0,78.2,97.0,12.6,0,0,0,0,0,4.7,0,,0.0,21.0,0.0,0.0,0,,
2025-10-03 04:55:00-03:00,0,21,0,0,0,77.8,97.0,12.3,0,0,0,0,0,4.8,0,,0.0,21.0,0.0,0.0,0,,
2025-10-03 05:00:00-03:00,0,21,0,0,0,77.4,97.0,12.1,0,0,0,0,0,4.8,0,,0.0,21.0,0.0,0.0,0,,
2025-10-03 05:05:00-03:00,0,21,0,0,0,77.0,97.0,0.0,0,0,0,0,0,4.8,0,,0.0,21.0,0.0,0.0,0,,
2025-10-03 05:10:00-03:00,0,21,0,0,0,76.5,97.0,0.0,0,0,0,0,0,4.9,0,,0.0,21.0,0.0,0.0,0,,
2025-10-03 05:15:00-03:00,0,21,0,0,0,76.0,97.0,0.0,0,0,0,0,0,4.9,0,,0.0,21.0,0.0,0.0,0,,
2025-10-03 05:20:00-03:00,0,21,0,0,0,75.5,97.0,0.0,0,0,0,0,0,4.9,0,,0.0,21.0,0.0,0.0,0,,
2025-10-03 05:25:00-03:00,0,21,0,0,0,75.0,97.0,0.0,0,0,0,0,0,5.0,0,,0.0,21.0,0.0,0.0,0,,
2025-10-03 05:30:00-03:00,0,21,0,0,0,74.5,97.0,0.0,0,0,0,0,0,5.0,0,,0.0,21.0,0.0,0.0,0,,
2025-10-03 05:35:00-03:00,0,21,0,0,0,74.0,96.9,0.0,0,0,0,0,0,5.0,0,,0.0,21.0,0.0,0.0,0,,
2025-10-03 05:40:00-03:00,0,21,0,0,0,73.5,96.9,0.0,0,0,0,0,0,5.1,0,,0.8660254028955787,21.0,0.0,0.0,0,,
2025-10-03 05:45:00-03:00,0,21,0,0,0,73.0,96.9,0.0,0,0,0,0,0,5.1,0,,2.124888588517676,21.0,0.0,0.0,0,,
2025-10-03 05:50:00-03:00,0,21,0,0,0,72.5,96.9,0.0,0,0,0,0,0,5.2,0,,3.5960837282077245,21.0,0.0,0.0,0,,
2025-10-03 05:55:00-03:00,0,21,0,0,0,72.0,96.9,0.0,0,0,0,0,0,5.2,0,,5.4013185818563,21.0,0.0,0.0,0,,
2025-10-03 06:00:00-03:00,0,21,0,0,0,71.4,96.9,0.0,0,0,0,0,0,5.2,0,,7.561365116346933,21.0,0.0,0.0,0,,
2025-10-03 06:05:00-03:00,3,21,0,10,9,70.7,96.9,0.0,0,10,3,0,9,5.3,0,0.3333333333333333,10.06644591361827,21.09375,0.0,3.0,0,66.66666666666666,47.13333333333333
2025-10-03 06:10:00-03:00,7,21,0,23,18,69.7,96.8,0.0,1,23,7,1,18,5.3,0,0.3888888888888889,13.269639532851137,21.21875,0.0,7.0,0,61.111111111111114,42.594444444444456
2025-10-03 06:15:00-03:00,11,21,0,36,30,68.6,96.7,0.0,1,36,11,1,30,5.3,1,0.36666666666666664,16.976588157018558,21.34375,0.0,11.0,0,63.33333333333333,43.44666666666666
2025-10-03 06:20:00-03:00,17,21,0,52,46,67.6,96.5,0.0,2,52,16,2,46,5.3,1,0.34782608695652173,21.213203435560676,21.5,0.0,16.0,0,65.21739130434783,44.08695652173913
2025-10-03 06:25:00-03:00,23,22,0,68,63,66.5,96.4,0.0,2,68,22,2,63,5.3,1,0.3492063492063492,25.949251171510273,22.6875,0.0,22.0,0,65.07936507936508,43.27777777777777
2025-10-03 06:30:00-03:00,30,22,0,86,81,65.4,96.3,0.0,3,86,29,3,81,5.4,1,0.35802469135802467,30.931987953999638,22.90625,0.0,29.0,0,64.19753086419753,41.985185185185195
2025-10-03 06:35:00-03:00,39,22,0,105,99,62.6,96.0,0.0,4,105,39,4,99,5.4,1,0.3939393939393939,36.26950885696942,23.21875,0.0,39.0,0,60.60606060606061,37.93939393939394
2025-10-03 06:40:00-03:00,51,22,0,125,119,59.2,95.5,0.0,6,125,50,5,119,5.4,1,0.42016806722689076,41.62267374515353,23.5625,0.0,50.0,0,57.98319327731093,34.32605042016807
2025-10-03 06:45:00-03:00,64,22,0,145,139,55.8,95.0,0.0,7,145,63,7,139,5.4,1,0.45323741007194246,46.78213528492173,23.96875,0.0,63.0,0,54.67625899280576,30.50935251798561
2025-10-03 06:50:00-03:00,79,22,0,166,160,52.3,94.4,0.0,9,166,78,9,160,5.4,1,0.4875,51.47307327842223,24.4375,0.0,78.0,0,51.24999999999999,26.803749999999994
2025-10-03 06:55:00-03:00,96,23,0,187,182,48.7,93.8,0.0,12,187,94,11,182,5.5,1,0.5164835164835165,55.85451882100356,25.9375,0.375,93.6475,0,48.35164835164835,23.547252747252745
2025-10-03 07:00:00-03:00,115,23,0,208,204,45.0,93.0,0.0,14,208,113,14,204,5.5,1,0.553921568627451,59.87259199939367,26.53125,0.6125,112.307875,0,44.6078431372549,20.073529411764707
2025-10-03 07:05:00-03:00,133,23,0,230,226,42.2,92.2,0.0,18,230,131,18,226,5.5,1,0.5796460176991151,63.31642517521264,27.09375,0.8375,129.902875,0,42.0353982300885,17.738938053097346
2025-10-03 07:10:00-03:00,151,23,0,252,248,40.1,91.3,0.0,22,252,149,22,248,5.5,1,0.6008064516129032,66.58345185257886,27.65625,1.0625,147.416875,0,39.91935483870967,16.007661290322577
2025-10-03 07:15:00-03:00,170,23,0,274,271,38.1,90.3,0.0,27,274,167,26,271,5.5,1,0.6162361623616236,69.50190753866976,28.21875,1.2875,164.849875,0,38.37638376383764,14.621402214022142
2025-10-03 07:20:00-03:00,189,24,0,296,293,36.0,89.2,0.0,32,296,187,31,293,5.6,1,0.6382252559726962,72.07965921621675,29.84375,1.9375,183.37687499999998,0,36.177474402730375,13.023890784982934
2025-10-03 07:25:00-03:00,210,24,0,318,316,34.0,88.1,0.0,38,318,208,37,316,5.6,1,0.6582278481012658,74.37986042177229,30.5,2.2,203.424,0,34.177215189873415,11.620253164556962
2025-10-03 07:30:00-03:00,232,24,0,341,339,32.0,86.8,0.0,45,341,229,44,339,5.6,1,0.6755162241887905,76.5096052595255,31.15625,2.4625000000000004,223.360875,0,32.448377581120944,10.383480825958703
2025-10-03 07:35:00-03:00,254,24,0,363,362,30.0,85.6,0.0,52,363,252,51,362,5.6,1,0.6961325966850829,78.73329548660183,31.875,2.75,245.07000000000002,0,30.386740331491712,9.116022099447514
2025-10-03 07:40:00-03:00,277,24,0,385,385,28.0,84.2,0.0,61,385,275,60,385,5.6,1,0.7142857142857143,80.9172791226004,32.59375,3.0375,266.64687499999997,0,28.57142857142857,8.0
2025-10-03 07:45:00-03:00,300,25,0,407,407,26.2,82.9,0.0,70,407,298,68,407,5.7,1,0.7321867321867321,83.03353648868008,34.3125,3.725,286.8995,0,26.78132678132678,7.016707616707617
2025-10-03 07:50:00-03:00,323,25,0,428,430,24.6,81.8,0.0,78,428,321,77,430,5.7,1,0.7465116279069768,84.7407365099055,35.03125,4.0125,308.11987500000004,0,25.348837209302328,6.235813953488373
2025-10-03 07:55:00-03:00,346,25,0,450,452,23.1,80.6,0.0,87,450,345,86,452,5.7,1,0.7632743362831859,86.32545009052757,35.78125,4.3125,330.121875,0,23.672566371681416,5.468362831858408
2025-10-03 08:00:00-03:00,370,25,0,472,474,21.6,79.4,0.0,97,472,369,96,474,5.7,1,0.7784810126582279,87.9391576861202,36.53125,4.6125,351.979875,0,22.151898734177212,4.784810126582278
2025-10-03 08:05:00-03:00,394,25,0,493,496,20.1,78.1,0.0,108,493,394,106,496,5.8,1,0.7943548387096774,89.0054475690594,37.3125,4.925000000000001,374.5955,0,20.56451612903226,4.133467741935485
2025-10-03 08:10:00-03:00,419,25,0,514,518,18.6,76.8,0.0,119,514,420,117,518,5.8,1,0.8108108108108109,89.77784028400058,38.125,5.25,397.95,0,18.91891891891892,3.5189189189189194
2025-10-03 08:15:00-03:00,444,26,0,535,540,17.1,75.4,0.0,131,535,445,129,540,5.8,1,0.8240740740740741,90.09977634250062,39.90625,5.9625,418.46687499999996,0,17.59259259259259,3.0083333333333333
2025-10-03 08:20:00-03:00,469,26,0,556,561,15.6,74.0,0.0,144,556,471,142,561,5.8,1,0.839572192513369,89.97609110033584,40.71875,6.2875000000000005,441.385875,0,16.0427807486631,2.5026737967914436
2025-10-03 08:25:00-03:00,495,26,0,576,583,14.1,72.6,0.0,158,576,498,155,583,5.8,1,0.8542024013722127,89.40493512240481,41.5625,6.625,465.0075,0,14.57975986277873,2.0557461406518005
2025-10-03 08:30:00-03:00,518,26,0,596,604,13.1,71.1,0.0,173,596,522,170,604,5.9,1,0.8642384105960265,88.4096868407062,42.3125,6.925000000000001,485.8515,0,13.57615894039735,1.7784768211920527
2025-10-03 08:35:00-03:00,541,26,0,616,624,12.2,69.5,0.0,188,616,546,185,624,5.9,1,0.875,87.03221277552981,43.0625,7.2250000000000005,506.5515,0,12.5,1.525
2025-10-03 08:40:00-03:00,564,27,0,636,645,11.4,67.9,0.0,204,636,569,201,645,5.9,1,0.8821705426356589,84.68922689170215,44.78125,7.9125000000000005,523.977875,0,11.782945736434108,1.3432558139534885
2025-10-03 08:45:00-03:00,586,27,0,655,665,10.6,66.2,0.0,221,655,592,218,665,5.9,1,0.8902255639097745,81.38847174712404,45.5,8.200000000000001,543.4559999999999,0,10.977443609022556,1.1636090225563909
2025-10-03 08:50:00-03:00,608,27,0,674,685,9.9,64.6,0.0,239,674,615,235,685,5.9,1,0.8978102189781022,77.37844817792184,46.21875,8.4875,562.801875,0,10.218978102189782,1.0116788321167884
2025-10-03 08:55:00-03:00,629,27,0,693,704,9.2,63.0,0.0,257,693,637,253,704,6.0,1,0.9048295454545454,73.19504868168518,46.90625,8.762500000000001,581.182875,0,9.517045454545455,0.8755681818181817
2025-10-03 09:00:00-03:00,650,27,0,712,723,8.7,61.3,0.0,275,712,659,271,723,6.0,1,0.9114799446749654,69.1653157954913,47.59375,9.0375,599.442875,0,8.852005532503458,0.7701244813278008
2025-10-03 09:05:00-03:00,665,28,0,730,742,8.8,60.3,0.0,289,730,675,285,742,6.0,1,0.9097035040431267,64.95190528382633,49.09375,9.637500000000001,609.946875,0,9.029649595687331,0.7946091644204852
2025-10-03 09:10:00-03:00,678,28,0,747,760,9.2,60.2,0.0,297,747,688,292,760,6.0,1,0.9052631578947369,60.946262967438244,49.5,9.8,620.576,0,9.473684210526317,0.8715789473684211
2025-10-03 09:15:00-03:00,692,28,0,764,778,9.4,60.4,0.0,303,764,702,298,778,5.9,1,0.9023136246786633,56.9821875410981,49.9375,9.975000000000001,631.9755,0,9.768637532133676,0.9182519280205657
2025-10-03 09:20:00-03:00,706,28,0,781,795,9.6,60.6,0.0,308,781,717,303,795,5.9,1,0.9018867924528302,53.48484633873393,50.40625,10.162500000000001,644.134875,0,9.811320754716983,0.9418867924528302
2025-10-03 09:25:00-03:00,720,28,0,798,813,9.8,60.8,0.0,313,798,731,308,813,5.8,1,0.8991389913899139,50.49842481791007,50.84375,10.3375,655.432875,0,10.08610086100861,0.9884378843788438
2025-10-03 09:30:00-03:00,733,28,0,814,829,9.9,60.9,0.0,318,814,744,313,829,5.8,1,0.8974668275030157,48.30858823199988,51.25,10.5,665.88,0,10.253317249698432,1.0150784077201447
2025-10-03 09:35:00-03:00,746,28,0,829,845,10.1,61.1,0.0,323,829,758,317,845,5.8,1,0.8970414201183432,47.05340292977714,51.6875,10.675,677.0835,0,10.29585798816568,1.0398816568047338
2025-10-03 09:40:00-03:00,758,28,0,845,861,10.2,61.3,0.0,327,845,770,322,861,5.8,1,0.8943089430894309,45.83856719426872,52.0625,10.825000000000001,686.6475,0,10.569105691056912,1.078048780487805
2025-10-03 09:45:00-03:00,770,29,0,860,877,10.4,61.4,0.0,332,860,783,326,877,5.7,1,0.8928164196123147,44.169353834769616,53.46875,11.387500000000001,693.835875,0,10.718358038768528,1.114709236031927
2025-10-03 09:50:00-03:00,781,29,0,874,892,10.6,61.6,0.0,336,874,794,330,892,5.7,1,0.8901345291479821,42.17594819396331,53.8125,11.525,702.4915,0,10.986547085201794,1.1645739910313901
2025-10-03 09:55:00-03:00,792,29,0,888,906,10.8,61.8,0.0,340,888,806,334,906,5.7,1,0.8896247240618101,40.17650451633138,54.1875,11.675,711.8995,0,11.037527593818984,1.1920529801324504
2025-10-03 10:00:00-03:00,803,29,0,901,920,10.9,61.9,0.0,343,901,817,338,920,5.6,1,0.8880434782608696,38.168188404218185,54.53125,11.8125,720.4918749999999,0,11.195652173913045,1.2203260869565218
2025-10-03 10:05:00-03:00,813,29,0,914,934,11.1,62.1,0.0,346,914,827,341,934,5.6,1,0.8854389721627409,35.99452820367784,54.84375,11.9375,728.276875,0,11.45610278372591,1.271627408993576
2025-10-03 10:10:00-03:00,821,29,0,927,947,11.4,62.4,0.0,349,927,836,343,947,5.6,1,0.8827877507919747,33.86190762314042,55.125,12.05,735.262,0,11.721224920802534,1.3362196409714888
2025-10-03 10:15:00-03:00,830,29,0,939,959,11.6,62.6,0.0,351,939,844,345,959,5.5,1,0.8800834202294057,31.60408489131583,55.375,12.15,741.4540000000001,0,11.991657977059438,1.3910323253388948
2025-10-03 10:20:00-03:00,838,30,0,951,971,11.9,62.9,0.0,353,951,852,347,971,5.5,1,0.8774459320288363,29.55734026660192,56.625,12.65,744.222,0,12.255406797116375,1.4583934088568486
2025-10-03 10:25:00-03:00,845,30,0,962,983,12.1,63.1,0.0,355,962,860,349,983,5.5,1,0.8748728382502543,27.412671257173688,56.875,12.75,750.35,0,12.512716174974567,1.5140386571719227
2025-10-03 10:30:00-03:00,852,30,0,972,994,12.4,63.4,0.0,356,972,867,350,994,5.4,1,0.8722334004024145,25.392673722694443,57.09375,12.8375,755.6988749999999,0,12.776659959758552,1.5843058350100605
2025-10-03 10:35:00-03:00,858,30,0,982,1004,12.6,63.6,0.0,357,982,873,351,1004,5.4,1,0.8695219123505976,23.523521432927616,57.28125,12.912500000000001,760.273875,0,13.047808764940239,1.64402390438247
2025-10-03 10:40:00-03:00,864,30,0,992,1014,12.9,63.9,0.0,358,992,879,352,1014,5.4,1,0.8668639053254438,21.688392370936892,57.46875,12.9875,764.839875,0,13.313609467455622,1.717455621301775
2025-10-03 10:45:00-03:00,869,30,0,1001,1023,13.1,64.1,0.0,359,1001,885,353,1023,5.4,1,0.8651026392961877,19.878989974935788,57.65625,13.0625,769.396875,0,13.48973607038123,1.767155425219941
2025-10-03 10:50:00-03:00,874,30,0,1009,1032,13.4,64.4,0.0,359,1009,890,354,1032,5.3,1,0.8624031007751938,17.941614062031174,57.8125,13.125,773.1875,0,13.75968992248062,1.8437984496124031
2025-10-03 10:55:00-03:00,878,31,0,1017,1040,13.6,64.6,0.0,360,1017,894,354,1040,5.3,1,0.8596153846153847,16.01774584070885,58.9375,13.575000000000001,772.6395,0,14.038461538461538,1.909230769230769
2025-10-03 11:00:00-03:00,882,31,0,1024,1048,13.9,64.9,0.0,360,1024,898,354,1048,5.3,1,0.8568702290076335,14.160337266976349,59.0625,13.625,775.6475,0,14.31297709923664,1.989503816793893
2025-10-03 11:05:00-03:00,885,31,0,1031,1055,14.1,65.1,0.0,360,1031,901,354,1055,5.3,1,0.8540284360189574,12.35430240354182,59.15625,13.662500000000001,777.900875,0,14.597156398104266,2.0581990521327014
2025-10-03 11:10:00-03:00,888,31,0,1037,1062,14.4,65.4,0.0,359,1037,904,353,1062,5.2,1,0.8512241054613936,10.449010392433946,59.25,13.700000000000001,780.152,0,14.87758945386064,2.142372881355932
2025-10-03 11:15:00-03:00,891,31,0,1043,1068,14.6,65.6,0.0,359,1043,906,353,1068,5.2,1,0.848314606741573,8.586017526715967,59.3125,13.725000000000001,781.6515,0,15.168539325842698,2.214606741573034
2025-10-03 11:20:00-03:00,892,31,0,1048,1073,14.9,65.9,0.0,358,1048,908,352,1073,5.2,1,0.8462255358807083,6.868350779016829,59.375,13.75,783.1500000000001,0,15.37744641192917,2.2912395153774465
2025-10-03 11:25:00-03:00,894,31,0,1053,1078,15.1,66.1,0.0,357,1053,909,351,1078,5.2,1,0.8432282003710575,5.299371031803052,59.40625,13.762500000000001,783.898875,0,15.67717996289425,2.3672541743970315
2025-10-03 11:30:00-03:00,894,32,0,1057,1082,15.4,66.4,0.0,355,1057,910,350,1082,5.1,1,0.8410351201478743,3.8484550224716134,60.4375,14.175,781.0074999999999,0,15.89648798521257,2.4480591497227358
2025-10-03 11:35:00-03:00,895,32,0,1060,1086,15.6,66.6,0.0,354,1060,910,348,1086,5.1,1,0.8379373848987108,2.906367095937998,60.4375,14.175,781.0074999999999,0,16.206261510128915,2.5281767955801104
2025-10-03 11:40:00-03:00,894,32,0,1063,1089,15.9,66.9,0.0,352,1063,910,346,1089,5.1,1,0.8356290174471993,3.1042492869846825,60.4375,14.175,781.0074999999999,0,16.437098255280073,2.613498622589532
2025-10-03 11:45:00-03:00,894,32,0,1066,1091,16.1,67.1,0.0,350,1066,909,344,1091,5.1,1,0.8331805682859762,4.396968652687212,60.40625,14.162500000000001,780.262875,0,16.681943171402384,2.685792850595784
2025-10-03 11:50:00-03:00,893,32,0,1067,1093,16.4,67.4,0.0,348,1067,908,342,1093,5.1,1,0.8307410795974383,6.244391422853294,60.375,14.15,779.518,0,16.925892040256176,2.7758462946020126
2025-10-03 11:55:00-03:00,891,32,0,1068,1094,16.6,67.6,0.0,346,1068,906,340,1094,5.0,1,0.8281535648994516,8.225514628791867,60.3125,14.125,778.0275,0,17.184643510054844,2.8526508226691045
2025-10-03 12:00:00-03:00,889,32,0,1069,1095,16.9,67.9,0.0,343,1069,904,338,1095,5.0,1,0.8255707762557077,10.364566678043946,60.25,14.100000000000001,776.536,0,17.442922374429223,2.9478538812785384
2025-10-03 12:05:00-03:00,886,32,0,1069,1095,17.2,68.2,0.0,340,1069,900,335,1095,5.0,1,0.821917808219178,12.466925941210082,60.125,14.05,773.55,0,17.80821917808219,3.063013698630136
2025-10-03 12:10:00-03:00,882,32,0,1069,1094,17.5,68.5,0.0,337,1069,896,331,1094,5.0,1,0.8190127970749543,14.474638217051357,60.0,14.0,770.56,0,18.09872029250457,3.1672760511882996
2025-10-03 12:15:00-03:00,877,33,0,1067,1093,17.8,68.8,0.0,333,1067,891,327,1093,4.9,1,0.8151875571820677,16.432368279468925,60.84375,14.3375,763.252875,0,18.48124428179323,3.2896614821591954
2025-10-03 12:20:00-03:00,872,33,0,1066,1091,18.2,69.2,0.0,329,1066,886,323,1091,4.9,1,0.8120989917506874,18.292240447944756,60.6875,14.275,759.5235,0,18.790100824931255,3.419798350137488
2025-10-03 12:25:00-03:00,867,33,0,1064,1089,18.5,69.5,0.0,324,1064,880,319,1089,4.9,1,0.8080808080808081,20.079387893588265,60.5,14.200000000000001,755.04,0,19.19191919191919,3.55050505050505
2025-10-03 12:30:00-03:00,861,33,0,1061,1086,18.8,69.8,0.0,320,1061,874,315,1086,4.8,1,0.8047882136279927,21.754135796252157,60.3125,14.125,750.5475,0,19.521178637200737,3.6699815837937386
2025-10-03 12:35:00-03:00,855,33,0,1057,1082,19.2,70.2,0.0,315,1057,868,310,1082,4.8,1,0.8022181146025879,23.329491025620353,60.125,14.05,746.0459999999999,0,19.77818853974122,3.7974121996303136
2025-10-03 12:40:00-03:00,848,33,0,1054,1078,19.5,70.5,0.0,311,1054,861,306,1078,4.8,1,0.7987012987012987,24.912422360704536,59.90625,13.9625,740.782875,0,20.12987012987013,3.9253246753246755
2025-10-03 12:45:00-03:00,841,33,0,1049,1074,19.8,70.8,0.0,306,1049,854,301,1074,4.7,1,0.7951582867783985,26.533426602534114,59.6875,13.875,735.5074999999999,0,20.48417132216015,4.05586592178771
2025-10-03 12:50:00-03:00,834,33,0,1044,1069,20.2,71.2,0.0,301,1044,846,296,1069,4.7,1,0.7913938260056127,28.337120958942805,59.4375,13.775,729.4635,0,20.860617399438727,4.213844714686623
2025-10-03 12:55:00-03:00,826,33,0,1039,1063,20.5,71.5,0.0,296,1039,838,291,1063,4.7,1,0.7883349012229539,30.164573843348727,59.1875,13.675,723.4035,0,21.16650987770461,4.339134524929445
2025-10-03 13:00:00-03:00,818,33,0,1033,1057,20.8,71.8,0.0,291,1033,829,286,1057,4.7,1,0.7842951750236519,32.009468296199096,58.90625,13.5625,716.566875,0,21.570482497634817,4.486660359508042
2025-10-03 13:05:00-03:00,809,33,0,1027,1050,21.2,72.2,0.0,286,1027,820,281,1050,4.6,1,0.780952380952381,33.901260368086035,58.625,13.450000000000001,709.7099999999999,0,21.904761904761905,4.643809523809524
2025-10-03 13:10:00-03:00,799,33,0,1020,1043,21.6,72.5,0.0,280,1020,810,276,1043,4.6,1,0.7766059443911792,35.69143857955414,58.3125,13.325000000000001,702.0675,0,22.33940556088207,4.825311601150528
2025-10-03 13:15:00-03:00,789,33,0,1012,1035,22.0,72.8,0.0,275,1012,799,270,1035,4.6,1,0.7719806763285024,37.383353936136345,57.96875,13.1875,693.631875,0,22.801932367149757,5.016425120772947
2025-10-03 13:20:00-03:00,778,33,0,1004,1027,22.5,73.2,0.0,269,1004,788,265,1027,4.5,1,0.7672833495618305,39.007769233901875,57.625,13.05,685.1659999999999,0,23.27166504381694,5.236124634858812
2025-10-03 13:25:00-03:00,768,33,0,995,1018,22.9,73.5,0.0,264,995,777,259,1018,4.5,1,0.7632612966601179,40.56672393610758,57.28125,12.912500000000001,676.6698749999999,0,23.673870333988212,5.4213163064833
2025-10-03 13:30:00-03:00,756,33,0,986,1008,23.3,73.8,0.0,258,986,765,254,1008,4.5,1,0.7589285714285714,41.9403436352361,56.90625,12.762500000000001,667.366875,0,24.107142857142858,5.616964285714285
2025-10-03 13:35:00-03:00,745,33,0,976,998,23.7,74.2,0.0,252,976,753,248,998,4.5,1,0.7545090180360722,43.161693875253285,56.53125,12.6125,658.027875,0,24.549098196392784,5.818136272545089
2025-10-03 13:40:00-03:00,733,33,0,966,987,24.1,74.5,0.0,246,966,741,242,987,4.4,1,0.7507598784194529,44.27975801307209,56.15625,12.4625,648.652875,0,24.924012158054712,6.006686930091186
2025-10-03 13:45:00-03:00,721,33,0,955,976,24.5,74.8,0.0,240,955,728,236,976,4.4,1,0.7459016393442623,45.18212304024112,55.75,12.3,638.456,0,25.40983606557377,6.225409836065573
2025-10-03 13:50:00-03:00,708,33,0,944,964,25.0,75.2,0.0,234,944,715,231,964,4.4,1,0.741701244813278,45.9551823832528,55.34375,12.137500000000001,628.216875,0,25.829875518672203,6.457468879668051
2025-10-03 13:55:00-03:00,696,33,0,932,952,25.4,75.5,0.0,228,932,702,225,952,4.4,1,0.7373949579831933,46.69330949412761,54.9375,11.975000000000001,617.9354999999999,0,26.260504201680675,6.670168067226891
2025-10-03 14:00:00-03:00,683,33,0,920,939,25.8,75.8,0.0,222,920,689,219,939,4.3,1,0.7337593184238551,47.18114672260346,54.53125,11.8125,607.6118749999999,0,26.624068157614484,6.869009584664537
2025-10-03 14:05:00-03:00,670,33,0,907,926,26.2,76.2,0.0,216,907,675,213,926,4.3,1,0.7289416846652268,47.81118165145381,54.09375,11.637500000000001,596.446875,0,27.10583153347732,7.1017278617710575
2025-10-03 14:10:00-03:00,657,33,0,894,912,26.5,76.5,0.0,210,894,662,207,912,4.3,1,0.7258771929824561,48.36571538023232,53.6875,11.475000000000001,586.0355,0,27.412280701754387,7.264254385964913
2025-10-03 14:15:00-03:00,644,33,0,880,898,26.8,76.8,0.0,204,880,649,201,898,4.2,1,0.72271714922049,48.795181083472876,53.28125,11.3125,575.581875,0,27.728285077951004,7.431180400890869
2025-10-03 14:20:00-03:00,631,33,0,866,884,27.2,77.2,0.0,198,866,635,195,884,4.2,1,0.7183257918552036,49.35216675725163,52.84375,11.137500000000001,564.276875,0,28.167420814479637,7.661538461538461
2025-10-03 14:25:00-03:00,618,33,0,852,868,27.5,77.5,0.0,192,852,622,188,868,4.2,1,0.716589861751152,49.98514930971355,52.4375,10.975000000000001,553.7355,0,28.341013824884794,7.7937788018433185
2025-10-03 14:30:00-03:00,604,33,0,837,853,27.8,77.8,0.0,185,837,607,182,853,4.2,1,0.7116060961313013,50.642837299031434,51.96875,10.787500000000001,541.519875,0,28.839390386869873,8.017350527549825
2025-10-03 14:35:00-03:00,590,33,0,821,837,28.2,78.2,0.0,179,821,593,176,837,4.1,1,0.7084826762246117,51.274661472213594,51.53125,10.6125,530.067875,0,29.15173237753883,8.22078853046595
2025-10-03 14:40:00-03:00,576,33,0,805,820,28.5,78.5,0.0,173,805,579,170,820,4.1,1,0.7060975609756097,52.41876832515684,51.09375,10.4375,518.566875,0,29.39024390243902,8.37621951219512
2025-10-03 14:45:00-03:00,562,33,0,789,803,28.8,78.8,0.0,167,789,564,164,803,4.1,1,0.7023661270236613,54.254171742957624,50.625,10.25,506.19,0,29.763387297633876,8.571855541718556
2025-10-03 14:50:00-03:00,547,33,0,773,786,29.2,79.2,0.0,161,773,549,158,786,4.1,1,0.6984732824427481,56.41479227895797,50.15625,10.0625,493.75687500000004,0,30.15267175572519,8.804580152671756
2025-10-03 14:55:00-03:00,533,33,0,756,768,29.5,79.5,0.0,155,756,534,152,768,4.0,1,0.6953125,59.013288180013895,49.6875,9.875,481.2675,0,30.46875,8.98828125
2025-10-03 15:00:00-03:00,518,33,0,738,750,29.8,79.9,0.0,149,738,519,146,750,4.0,1,0.692,61.701812261576414,49.21875,9.6875,468.72187499999995,0,30.8,9.1784
2025-10-03 15:05:00-03:00,500,33,0,720,732,30.6,80.9,0.0,138,720,501,136,732,4.0,1,0.6844262295081968,64.57430533184305,48.65625,9.4625,453.592875,0,31.557377049180328,9.65655737704918
2025-10-03 15:10:00-03:00,480,33,0,702,713,31.7,82.2,0.0,125,702,480,123,713,3.9,1,0.6732117812061711,67.18241788389622,48.0,9.200000000000001,435.84000000000003,0,32.678821879382895,10.359186535764376
2025-10-03 15:15:00-03:00,460,33,0,684,694,32.8,83.4,0.0,113,684,460,111,694,3.9,1,0.6628242074927954,69.54244398315824,47.375,8.950000000000001,418.83,0,33.71757925072046,11.05936599423631
2025-10-03 15:20:00-03:00,439,33,0,665,674,33.9,84.7,0.0,102,665,439,100,674,3.8,1,0.6513353115727003,71.50185418235206,46.71875,8.6875,400.861875,0,34.86646884272997,11.81973293768546
2025-10-03 15:25:00-03:00,419,33,0,646,654,35.1,85.9,0.0,91,646,418,90,654,3.8,1,0.6391437308868502,72.95593315020629,46.0625,8.425,382.7835,0,36.08562691131498,12.66605504587156
2025-10-03 15:30:00-03:00,399,33,0,626,634,36.4,87.1,0.0,81,626,397,80,634,3.8,1,0.6261829652996845,73.79142390836098,45.40625,8.1625,364.594875,0,37.381703470031546,13.606940063091484
2025-10-03 15:35:00-03:00,379,32,0,607,614,37.6,88.2,0.0,72,607,377,70,614,3.7,1,0.6140065146579805,73.74171756265305,43.78125,7.5125,348.67787500000003,0,38.59934853420196,14.513355048859937
2025-10-03 15:40:00-03:00,358,32,0,587,593,38.9,89.3,0.0,63,587,356,62,593,3.7,1,0.6003372681281619,73.04227708952826,43.125,7.25,330.19,0,39.96627318718381,15.546880269814501
2025-10-03 15:45:00-03:00,338,32,0,566,572,40.3,90.3,0.0,55,566,336,54,572,3.6,1,0.5874125874125874,72.1820090066881,42.5,7.0,312.47999999999996,0,41.25874125874126,16.62727272727273
2025-10-03 15:50:00-03:00,319,32,0,546,551,41.7,91.2,0.0,48,546,316,47,551,3.6,1,0.573502722323049,70.93274663689344,41.875,6.75,294.67,0,42.6497277676951,17.78493647912886
2025-10-03 15:55:00-03:00,299,32,0,525,529,43.0,92.1,0.0,42,525,296,41,529,3.5,1,0.5595463137996219,69.53133150318084,41.25,6.5,276.76,0,44.045368620037806,18.939508506616257
2025-10-03 16:00:00-03:00,280,32,0,504,507,44.4,92.9,0.0,36,504,277,35,507,3.5,1,0.5463510848126233,67.9426563026035,40.65625,6.2625,259.652875,0,45.36489151873767,20.142011834319526
2025-10-03 16:05:00-03:00,262,32,0,483,486,45.8,93.5,0.0,31,483,259,31,486,3.4,1,0.5329218106995884,66.42129085456737,40.09375,6.0375000000000005,243.362875,0,46.70781893004115,21.39218106995885
2025-10-03 16:10:00-03:00,244,32,0,462,463,47.1,93.9,0.0,28,462,241,28,463,3.4,1,0.5205183585313174,64.89828872001966,39.53125,5.8125,226.991875,0,47.94816414686825,22.58358531317495
2025-10-03 16:15:00-03:00,227,31,0,440,441,48.4,94.3,0.0,25,440,224,25,441,3.4,1,0.5079365079365079,63.35613624582192,38.0,5.2,212.35199999999998,0,49.2063492063492,23.815873015873013
2025-10-03 16:20:00-03:00,211,31,0,418,419,49.7,94.6,0.0,22,418,207,22,419,3.3,1,0.49403341288782815,61.774455346303796,37.46875,4.987500000000001,196.675875,0,50.59665871121718,25.146539379474937
2025-10-03 16:25:00-03:00,194,31,0,397,396,51.1,95.0,0.0,20,397,191,20,396,3.3,1,0.4823232323232323,60.14729395156624,36.96875,4.7875000000000005,181.855875,0,51.76767676767676,26.453282828282827
2025-10-03 16:30:00-03:00,177,31,0,375,374,52.9,95.3,0.0,17,375,174,17,374,3.2,1,0.46524064171123,58.49527305429146,36.4375,4.575,166.0395,0,53.475935828877006,28.288770053475936
2025-10-03 16:35:00-03:00,160,31,0,353,351,54.6,95.7,0.0,15,353,157,15,351,3.2,1,0.4472934472934473,56.69288609104743,35.90625,4.3625,150.15087499999998,0,55.27065527065527,30.177777777777777
2025-10-03 16:40:00-03:00,144,31,0,331,328,56.4,96.0,0.0,13,331,142,13,328,3.1,1,0.4329268292682927,54.73960396662902,35.4375,4.175,136.07150000000001,0,56.70731707317073,31.98292682926829
2025-10-03 16:45:00-03:00,129,31,0,309,306,58.1,96.3,0.0,12,309,127,11,306,3.1,1,0.4150326797385621,52.781639943740466,34.96875,3.9875000000000003,121.935875,0,58.496732026143796,33.986601307189545
2025-10-03 16:50:00-03:00,115,31,0,287,283,59.9,96.5,0.0,10,287,113,10,283,3.0,1,0.3992932862190813,50.79392411767248,34.53125,3.8125,108.69187500000001,0,60.07067137809188,35.98233215547703
2025-10-03 16:55:00-03:00,102,30,0,265,260,61.6,96.7,0.0,9,265,100,9,260,3.0,1,0.38461538461538464,48.64434938686989,33.125,3.25,96.75,0,61.53846153846154,37.90769230769231
2025-10-03 17:00:00-03:00,89,30,0,243,238,63.3,96.9,0.0,7,243,88,7,238,3.0,1,0.3697478991596639,46.07002246250929,32.75,3.1,85.27199999999999,0,63.02521008403361,39.89495798319327
2025-10-03 17:05:00-03:00,77,30,0,221,216,65.1,97.0,0.0,7,221,76,7,216,2.9,1,0.35185185185185186,43.4395260591269,32.375,2.95,73.758,0,64.81481481481481,42.194444444444436
2025-10-03 17:10:00-03:00,65,30,0,199,194,67.6,97.0,0.0,6,199,64,6,194,2.9,1,0.32989690721649484,40.73937861205186,32.0,2.8000000000000003,62.208,0,67.0103092783505,45.29896907216494
2025-10-03 17:15:00-03:00,53,30,0,178,172,70.1,97.0,0.8,5,177,52,5,171,2.8,1,0.3023255813953488,37.76111114825215,31.625,2.6500000000000004,50.622,0,69.76744186046511,48.90697674418604
2025-10-03 17:20:00-03:00,43,30,0,157,151,72.5,97.0,5.1,5,149,42,5,143,2.8,1,0.2781456953642384,34.629095316270956,31.3125,2.5250000000000004,40.9395,0,72.18543046357617,52.33443708609272
2025-10-03 17:25:00-03:00,34,30,0,137,130,74.9,97.0,9.5,4,124,34,4,118,2.7,1,0.26153846153846155,31.311726915380728,31.0625,2.4250000000000003,33.1755,0,73.84615384615385,55.31076923076924
2025-10-03 17:30:00-03:00,27,30,0,117,110,77.2,97.0,13.8,3,100,26,3,96,2.7,1,0.23636363636363636,27.87023501872803,30.8125,2.325,25.3955,0,76.36363636363637,58.95272727272728
2025-10-03 17:35:00-03:00,20,30,0,97,91,79.4,97.0,18.0,3,80,20,3,76,2.6,1,0.21978021978021978,24.22370489390531,30.625,2.25,19.55,0,78.02197802197803,61.94945054945056
2025-10-03 17:40:00-03:00,15,29,0,79,72,80.5,97.0,20.0,2,63,15,2,60,2.6,1,0.20833333333333334,20.584452797410705,29.46875,1.7875,14.731875,0,79.16666666666666,63.72916666666666
2025-10-03 17:45:00-03:00,12,29,0,61,55,81.1,97.0,21.1,2,48,11,2,46,2.6,1,0.2,17.111709618262513,29.34375,1.7375,10.808875,0,80.0,64.88
2025-10-03 17:50:00-03:00,8,29,0,45,37,81.7,97.0,22.1,1,35,8,1,33,2.5,0,0.21621621621621623,14.052660699184473,29.25,1.7000000000000002,7.864,0,78.37837837837837,64.03513513513514
2025-10-03 17:55:00-03:00,5,29,0,30,23,82.3,97.0,23.1,1,23,5,1,22,2.5,0,0.21739130434782608,11.34680571787191,29.15625,1.6625,4.916875,0,78.26086956521739,64.4086956521739
2025-10-03 18:00:00-03:00,3,29,0,17,13,82.8,97.0,24.2,0,13,3,0,12,2.4,0,0.23076923076923078,8.846759379246267,29.09375,1.6375000000000002,2.950875,0,76.92307692307693,63.69230769230769
2025-10-03 18:05:00-03:00,1,29,0,5,4,83.1,97.0,24.5,0,4,1,0,4,2.4,0,0.25,6.837397165525049,29.03125,1.6125,0.983875,0,75.0,62.325
2025-10-03 18:10:00-03:00,0,29,0,0,0,83.0,97.0,24.1,0,0,0,0,0,2.4,0,,5.142661732614683,29.0,1.6,0.0,0,,
2025-10-03 18:15:00-03:00,0,29,0,0,0,83.0,97.0,23.7,0,0,0,0,0,2.4,0,,3.7497474661283055,29.0,1.6,0.0,0,,
2025-10-03 18:20:00-03:00,0,28,0,0,0,82.9,97.0,23.3,0,0,0,0,0,2.4,0,,2.6097137888541577,28.0,1.2000000000000002,0.0,0,,
2025-10-03 18:25:00-03:00,0,28,0,0,0,82.9,97.0,22.9,0,0,0,0,0,2.5,0,,1.6025547782560168,28.0,1.2000000000000002,0.0,0,,
2025-10-03 18:30:00-03:00,0,28,0,0,0,82.8,97.0,22.6,0,0,0,0,0,2.5,0,,0.8876253641081377,28.0,1.2000000000000002,0.0,0,,
2025-10-03 18:35:00-03:00,0,28,0,0,0,82.7,97.0,22.2,0,0,0,0,0,2.5,0,,0.288675133086686,28.0,1.2000000000000002,0.0,0,,
2025-10-03 18:40:00-03:00,0,28,0,0,0,82.7,97.0,21.8,0,0,0,0,0,2.5,0,,0.0,28.0,1.2000000000000002,0.0,0,,
2025-10-03 18:45:00-03:00,0,28,0,0,0,82.6,97.0,21.4,0,0,0,0,0,2.5,0,,0.0,28.0,1.2000000000000002,0.0,0,,
2025-10-03 18:50:00-03:00,0,28,0,0,0,82.6,97.0,21.0,0,0,0,0,0,2.5,0,,0.0,28.0,1.2000000000000002,0.0,0,,
2025-10-03 18:55:00-03:00,0,28,0,0,0,82.5,97.0,20.6,0,0,0,0,0,2.5,0,,0.0,28.0,1.2000000000000002,0.0,0,,
2025-10-03 19:00:00-03:00,0,28,0,0,0,82.5,97.0,20.2,0,0,0,0,0,2.5,0,,0.0,28.0,1.2000000000000002,0.0,0,,
2025-10-03 19:05:00-03:00,0,28,0,0,0,82.4,97.0,19.8,0,0,0,0,0,2.5,0,,0.0,28.0,1.2000000000000002,0.0,0,,
2025-10-03 19:10:00-03:00,0,27,0,0,0,82.3,97.0,19.4,0,0,0,0,0,2.6,0,,0.0,27.0,0.8,0.0,0,,
2025-10-03 19:15:00-03:00,0,27,0,0,0,82.1,97.0,19.0,0,0,0,0,0,2.6,0,,0.0,27.0,0.8,0.0,0,,
2025-10-03 19:20:00-03:00,0,27,0,0,0,82.0,97.0,18.6,0,0,0,0,0,2.6,0,,0.0,27.0,0.8,0.0,0,,
2025-10-03 19:25:00-03:00,0,27,0,0,0,81.9,97.0,18.2,0,0,0,0,0,2.6,0,,0.0,27.0,0.8,0.0,0,,
2025-10-03 19:30:00-03:00,0,27,0,0,0,81.8,97.0,17.8,0,0,0,0,0,2.6,0,,0.0,27.0,0.8,0.0,0,,
2025-10-03 19:35:00-03:00,0,27,0,0,0,81.7,97.0,17.4,0,0,0,0,0,2.6,0,,0.0,27.0,0.8,0.0,0,,
2025-10-03 19:40:00-03:00,0,27,0,0,0,81.6,97.0,17.0,0,0,0,0,0,2.6,0,,0.0,27.0,0.8,0.0,0,,
2025-10-03 19:45:00-03:00,0,27,0,0,0,81.4,97.0,16.6,0,0,0,0,0,2.6,0,,0.0,27.0,0.8,0.0,0,,
2025-10-03 19:50:00-03:00,0,27,0,0,0,81.3,97.0,16.2,0,0,0,0,0,2.6,0,,0.0,27.0,0.8,0.0,0,,
2025-10-03 19:55:00-03:00,0,26,0,0,0,81.2,97.0,15.8,0,0,0,0,0,2.7,0,,0.0,26.0,0.4,0.0,0,,
2025-10-03 20:00:00-03:00,0,26,0,0,0,81.1,97.0,15.4,0,0,0,0,0,2.7,0,,0.0,26.0,0.4,0.0,0,,
2025-10-03 20:05:00-03:00,0,26,0,0,0,81.0,97.0,15.1,0,0,0,0,0,2.7,0,,0.0,26.0,0.4,0.0,0,,
2025-10-03 20:10:00-03:00,0,26,0,0,0,80.8,97.0,14.8,0,0,0,0,0,2.7,0,,0.0,26.0,0.4,0.0,0,,
2025-10-03 20:15:00-03:00,0,26,0,0,0,80.7,97.0,14.5,0,0,0,0,0,2.7,0,,0.0,26.0,0.4,0.0,0,,
2025-10-03 20:20:00-03:00,0,26,0,0,0,80.6,97.0,14.3,0,0,0,0,0,2.7,0,,0.0,26.0,0.4,0.0,0,,
2025-10-03 20:25:00-03:00,0,26,0,0,0,80.5,97.0,14.0,0,0,0,0,0,2.7,0,,0.0,26.0,0.4,0.0,0,,
2025-10-03 20:30:00-03:00,0,26,0,0,0,80.3,97.0,13.7,0,0,0,0,0,2.7,0,,0.0,26.0,0.4,0.0,0,,
2025-10-03 20:35:00-03:00,0,26,0,0,0,80.2,97.0,13.4,0,0,0,0,0,2.8,0,,0.0,26.0,0.4,0.0,0,,
2025-10-03 20:40:00-03:00,0,26,0,0,0,80.1,97.0,13.2,0,0,0,0,0,2.8,0,,0.0,26.0,0.4,0.0,0,,
2025-10-03 20:45:00-03:00,0,25,0,0,0,80.0,97.0,12.9,0,0,0,0,0,2.8,0,,0.0,25.0,0.0,0.0,0,,
2025-10-03 20:50:00-03:00,0,25,0,0,0,79.8,97.0,12.6,0,0,0,0,0,2.8,0,,0.0,25.0,0.0,0.0,0,,
2025-10-03 20:55:00-03:00,0,25,0,0,0,79.7,97.0,12.3,0,0,0,0,0,2.8,0,,0.0,25.0,0.0,0.0,0,,
2025-10-03 21:00:00-03:00,0,25,0,0,0,79.6,97.0,12.1,0,0,0,0,0,2.8,0,,0.0,25.0,0.0,0.0,0,,
2025-10-03 21:05:00-03:00,0,25,0,0,0,79.3,97.0,0.0,0,0,0,0,0,2.8,0,,0.0,25.0,0.0,0.0,0,,
2025-10-03 21:10:00-03:00,0,25,0,0,0,78.9,97.0,0.0,0,0,0,0,0,2.8,0,,0.0,25.0,0.0,0.0,0,,
2025-10-03 21:15:00-03:00,0,25,0,0,0,78.4,97.0,0.0,0,0,0,0,0,2.8,0,,0.0,25.0,0.0,0.0,0,,
2025-10-03 21:20:00-03:00,0,25,0,0,0,78.0,97.0,0.0,0,0,0,0,0,2.8,0,,0.0,25.0,0.0,0.0,0,,
2025-10-03 21:25:00-03:00,0,25,0,0,0,77.5,97.0,0.0,0,0,0,0,0,2.8,0,,0.0,25.0,0.0,0.0,0,,
2025-10-03 21:30:00-03:00,0,25,0,0,0,77.0,97.0,0.0,0,0,0,0,0,2.8,0,,0.0,25.0,0.0,0.0,0,,
2025-10-03 21:35:00-03:00,0,25,0,0,0,76.5,97.0,0.0,0,0,0,0,0,2.8,0,,0.0,25.0,0.0,0.0,0,,
2025-10-03 21:40:00-03:00,0,25,0,0,0,76.1,97.0,0.0,0,0,0,0,0,2.8,0,,0.0,25.0,0.0,0.0,0,,
2025-10-03 21:45:00-03:00,0,25,0,0,0,75.6,97.0,0.0,0,0,0,0,0,2.8,0,,0.0,25.0,0.0,0.0,0,,
2025-10-03 21:50:00-03:00,0,25,0,0,0,75.1,97.0,0.0,0,0,0,0,0,2.8,0,,0.0,25.0,0.0,0.0,0,,
2025-10-03 21:55:00-03:00,0,25,0,0,0,74.6,97.0,0.0,0,0,0,0,0,2.8,0,,0.0,25.0,0.0,0.0,0,,
2025-10-03 22:00:00-03:00,0,25,0,0,0,74.1,97.0,0.0,0,0,0,0,0,2.8,0,,0.0,25.0,0.0,0.0,0,,
2025-10-03 22:05:00-03:00,0,25,0,0,0,73.6,97.0,0.0,0,0,0,0,0,2.8,0,,0.0,25.0,0.0,0.0,0,,
2025-10-03 22:10:00-03:00,0,25,0,0,0,73.0,97.0,0.0,0,0,0,0,0,2.8,0,,0.0,25.0,0.0,0.0,0,,
2025-10-03 22:15:00-03:00,0,24,0,0,0,72.4,97.0,0.0,0,0,0,0,0,2.8,0,,0.0,24.0,0.0,0.0,0,,
2025-10-03 22:20:00-03:00,0,24,0,0,0,71.8,96.9,0.0,0,0,0,0,0,2.8,0,,0.0,24.0,0.0,0.0,0,,
2025-10-03 22:25:00-03:00,0,24,0,0,0,71.2,96.9,0.0,0,0,0,0,0,2.8,0,,0.0,24.0,0.0,0.0,0,,
2025-10-03 22:30:00-03:00,0,24,0,0,0,70.5,96.9,0.0,0,0,0,0,0,2.8,0,,0.0,24.0,0.0,0.0,0,,
2025-10-03 22:35:00-03:00,0,24,0,0,0,69.9,96.9,0.0,0,0,0,0,0,2.9,0,,0.0,24.0,0.0,0.0,0,,
2025-10-03 22:40:00-03:00,0,24,0,0,0,69.3,96.9,0.0,0,0,0,0,0,2.9,0,,0.0,24.0,0.0,0.0,0,,
2025-10-03 22:45:00-03:00,0,24,0,0,0,68.7,96.8,0.0,0,0,0,0,0,2.9,0,,0.0,24.0,0.0,0.0,0,,
2025-10-03 22:50:00-03:00,0,24,0,0,0,68.0,96.8,0.0,0,0,0,0,0,2.9,0,,0.0,24.0,0.0,0.0,0,,
2025-10-03 22:55:00-03:00,0,24,0,0,0,67.4,96.8,0.0,0,0,0,0,0,2.9,0,,0.0,24.0,0.0,0.0,0,,
2025-10-03 23:00:00-03:00,0,24,0,0,0,66.7,96.8,0.0,0,0,0,0,0,2.9,0,,0.0,24.0,0.0,0.0,0,,
2025-10-03 23:05:00-03:00,0,24,0,0,0,66.0,96.7,0.0,0,0,0,0,0,2.9,0,,0.0,24.0,0.0,0.0,0,,
2025-10-03 23:10:00-03:00,0,24,0,0,0,65.4,96.6,0.0,0,0,0,0,0,2.9,0,,0.0,24.0,0.0,0.0,0,,
2025-10-03 23:15:00-03:00,0,24,0,0,0,64.7,96.5,0.0,0,0,0,0,0,2.9,0,,0.0,24.0,0.0,0.0,0,,
2025-10-03 23:20:00-03:00,0,24,0,0,0,64.0,96.4,0.0,0,0,0,0,0,2.9,0,,0.0,24.0,0.0,0.0,0,,
2025-10-03 23:25:00-03:00,0,24,0,0,0,63.3,96.3,0.0,0,0,0,0,0,2.9,0,,0.0,24.0,0.0,0.0,0,,
2025-10-03 23:30:00-03:00,0,24,0,0,0,62.6,96.2,0.0,0,0,0,0,0,2.9,0,,0.0,24.0,0.0,0.0,0,,
2025-10-03 23:35:00-03:00,0,24,0,0,0,61.9,96.1,0.0,0,0,0,0,0,2.9,0,,0.0,24.0,0.0,0.0,0,,
2025-10-03 23:40:00-03:00,0,24,0,0,0,61.2,95.9,0.0,0,0,0,0,0,2.9,0,,0.0,24.0,0.0,0.0,0,,
2025-10-03 23:45:00-03:00,0,24,0,0,0,60.5,95.8,0.0,0,0,0,0,0,2.9,0,,0.0,24.0,0.0,0.0,0,,
2025-10-03 23:50:00-03:00,0,24,0,0,0,59.7,95.6,0.0,0,0,0,0,0,2.9,0,,0.0,24.0,0.0,0.0,0,,
2025-10-03 23:55:00-03:00,0,24,0,0,0,59.0,95.5,0.0,0,0,0,0,0,2.9,0,,0.0,24.0,0.0,0.0,0,,
2025-10-04 00:00:00-03:00,0,24,0,0,0,58.3,95.3,0.0,0,0,0,0,0,3.0,0,,0.0,24.0,0.0,0.0,0,,
2025-10-04 00:05:00-03:00,0,24,0,0,0,57.4,95.1,0.0,0,0,0,0,0,3.0,0,,0.0,24.0,0.0,0.0,0,,
2025-10-04 00:10:00-03:00,0,24,0,0,0,56.3,94.8,0.0,0,0,0,0,0,3.0,0,,0.0,24.0,0.0,0.0,0,,
2025-10-04 00:15:00-03:00,0,24,0,0,0,55.3,94.5,0.0,0,0,0,0,0,3.0,0,,0.0,24.0,0.0,0.0,0,,
2025-10-04 00:20:00-03:00,0,23,0,0,0,54.2,94.2,0.0,0,0,0,0,0,3.0,0,,0.0,23.0,0.0,0.0,0,,
2025-10-04 00:25:00-03:00,0,23,0,0,0,53.1,93.9,0.0,0,0,0,0,0,3.0,0,,0.0,23.0,0.0,0.0,0,,
2025-10-04 00:30:00-03:00,0,23,0,0,0,52.0,93.6,0.0,0,0,0,0,0,3.0,0,,0.0,23.0,0.0,0.0,0,,
2025-10-04 00:35:00-03:00,0,23,0,0,0,50.9,93.2,0.0,0,0,0,0,0,3.0,0,,0.0,23.0,0.0,0.0,0,,
2025-10-04 00:40:00-03:00,0,23,0,0,0,49.8,92.9,0.0,0,0,0,0,0,3.0,0,,0.0,23.0,0.0,0.0,0,,
2025-10-04 00:45:00-03:00,0,23,0,0,0,48.6,92.5,0.0,0,0,0,0,0,3.0,0,,0.0,23.0,0.0,0.0,0,,
2025-10-04 00:50:00-03:00,0,23,0,0,0,47.5,92.1,0.0,0,0,0,0,0,3.0,0,,0.0,23.0,0.0,0.0,0,,
2025-10-04 00:55:00-03:00,0,23,0,0,0,46.3,91.7,0.0,0,0,0,0,0,3.0,0,,0.0,23.0,0.0,0.0,0,,
2025-10-04 01:00:00-03:00,0,23,0,0,0,45.1,91.2,0.0,0,0,0,0,0,3.0,0,,0.0,23.0,0.0,0.0,0,,
2025-10-04 01:05:00-03:00,0,23,0,0,0,43.9,90.8,0.0,0,0,0,0,0,3.0,0,,0.0,23.0,0.0,0.0,0,,
2025-10-04 01:10:00-03:00,0,23,0,0,0,42.7,90.3,0.0,0,0,0,0,0,3.0,0,,0.0,23.0,0.0,0.0,0,,
2025-10-04 01:15:00-03:00,0,23,0,0,0,41.5,89.8,0.0,0,0,0,0,0,3.0,0,,0.0,23.0,0.0,0.0,0,,
2025-10-04 01:20:00-03:00,0,23,0,0,0,40.2,89.3,0.0,0,0,0,0,0,3.0,0,,0.0,23.0,0.0,0.0,0,,
2025-10-04 01:25:00-03:00,0,23,0,0,0,39.0,88.8,0.0,0,0,0,0,0,3.0,0,,0.0,23.0,0.0,0.0,0,,
2025-10-04 01:30:00-03:00,0,23,0,0,0,37.7,88.3,0.0,0,0,0,0,0,3.0,0,,0.0,23.0,0.0,0.0,0,,
2025-10-04 01:35:00-03:00,0,23,0,0,0,36.5,87.7,0.0,0,0,0,0,0,3.0,0,,0.0,23.0,0.0,0.0,0,,
2025-10-04 01:40:00-03:00,0,23,0,0,0,35.2,87.2,0.0,0,0,0,0,0,3.0,0,,0.0,23.0,0.0,0.0,0,,
2025-10-04 01:45:00-03:00,0,23,0,0,0,33.9,86.6,0.0,0,0,0,0,0,3.1,0,,0.0,23.0,0.0,0.0,0,,
2025-10-04 01:50:00-03:00,0,23,0,0,0,32.5,86.0,0.0,0,0,0,0,0,3.1,0,,0.0,23.0,0.0,0.0,0,,
2025-10-04 01:55:00-03:00,0,23,0,0,0,31.2,85.4,0.0,0,0,0,0,0,3.1,0,,0.0,23.0,0.0,0.0,0,,
2025-10-04 02:00:00-03:00,0,23,0,0,0,29.9,84.8,0.0,0,0,0,0,0,3.1,0,,0.0,23.0,0.0,0.0,0,,
2025-10-04 02:05:00-03:00,0,23,0,0,0,28.5,84.1,0.0,0,0,0,0,0,3.1,0,,0.0,23.0,0.0,0.0,0,,
2025-10-04 02:10:00-03:00,0,23,0,0,0,27.1,83.4,0.0,0,0,0,0,0,3.1,0,,0.0,23.0,0.0,0.0,0,,
2025-10-04 02:15:00-03:00,0,22,0,0,0,25.8,82.8,0.0,0,0,0,0,0,3.1,0,,0.0,22.0,0.0,0.0,0,,
2025-10-04 02:20:00-03:00,0,22,0,0,0,24.4,82.1,0.0,0,0,0,0,0,3.1,0,,0.0,22.0,0.0,0.0,0,,
2025-10-04 02:25:00-03:00,0,22,0,0,0,22.9,81.4,0.0,0,0,0,0,0,3.1,0,,0.0,22.0,0.0,0.0,0,,
2025-10-04 02:30:00-03:00,0,22,0,0,0,21.5,80.6,0.0,0,0,0,0,0,3.1,0,,0.0,22.0,0.0,0.0,0,,
2025-10-04 02:35:00-03:00,0,22,0,0,0,20.1,79.9,0.0,0,0,0,0,0,3.1,0,,0.0,22.0,0.0,0.0,0,,
2025-10-04 02:40:00-03:00,0,22,0,0,0,18.6,79.2,0.0,0,0,0,0,0,3.1,0,,0.0,22.0,0.0,0.0,0,,
2025-10-04 02:45:00-03:00,0,22,0,0,0,17.2,78.4,0.0,0,0,0,0,0,3.1,0,,0.0,22.0,0.0,0.0,0,,
2025-10-04 02:50:00-03:00,0,22,0,0,0,15.7,77.6,0.0,0,0,0,0,0,3.1,0,,0.0,22.0,0.0,0.0,0,,
2025-10-04 02:55:00-03:00,0,22,0,0,0,14.2,76.8,0.0,0,0,0,0,0,3.1,0,,0.0,22.0,0.0,0.0,0,,
2025-10-04 03:00:00-03:00,0,22,0,0,0,12.7,76.0,0.0,0,0,0,0,0,3.1,0,,0.0,22.0,0.0,0.0,0,,
2025-10-04 03:05:00-03:00,0,22,0,0,0,0.0,75.5,0.0,0,0,0,0,0,3.1,0,,0.0,22.0,0.0,0.0,0,,
2025-10-04 03:10:00-03:00,0,22,0,0,0,0.0,75.5,0.0,0,0,0,0,0,3.2,0,,0.0,22.0,0.0,0.0,0,,
2025-10-04 03:15:00-03:00,0,22,0,0,0,0.0,75.5,0.0,0,0,0,0,0,3.2,0,,0.0,22.0,0.0,0.0,0,,
2025-10-04 03:20:00-03:00,0,22,0,0,0,0.0,75.5,0.0,0,0,0,0,0,3.2,0,,0.0,22.0,0.0,0.0,0,,
2025-10-04 03:25:00-03:00,0,22,0,0,0,0.0,75.5,0.0,0,0,0,0,0,3.2,0,,0.0,22.0,0.0,0.0,0,,
2025-10-04 03:30:00-03:00,0,22,0,0,0,0.0,75.5,0.0,0,0,0,0,0,3.2,0,,0.0,22.0,0.0,0.0,0,,
2025-10-04 03:35:00-03:00,0,22,0,0,0,0.0,75.5,0.0,0,0,0,0,0,3.2,0,,0.0,22.0,0.0,0.0,0,,
2025-10-04 03:40:00-03:00,0,22,0,0,0,0.0,75.5,0.0,0,0,0,0,0,3.2,0,,0.0,22.0,0.0,0.0,0,,
2025-10-04 03:45:00-03:00,0,22,0,0,0,0.0,75.5,0.0,0,0,0,0,0,3.2,0,,0.0,22.0,0.0,0.0,0,,
2025-10-04 03:50:00-03:00,0,22,0,0,0,0.0,75.5,0.0,0,0,0,0,0,3.2,0,,0.0,22.0,0.0,0.0,0,,
2025-10-04 03:55:00-03:00,0,22,0,0,0,0.0,75.5,0.0,0,0,0,0,0,3.2,0,,0.0,22.0,0.0,0.0,0,,
2025-10-04 04:00:00-03:00,0,22,0,0,0,0.0,75.5,0.0,0,0,0,0,0,3.2,0,,0.0,22.0,0.0,0.0,0,,
2025-10-04 04:05:00-03:00,0,22,0,0,0,0.0,75.5,0.0,0,0,0,0,0,3.3,0,,0.0,22.0,0.0,0.0,0,,
2025-10-04 04:10:00-03:00,0,22,0,0,0,0.0,75.4,0.0,0,0,0,0,0,3.3,0,,0.0,22.0,0.0,0.0,0,,
2025-10-04 04:15:00-03:00,0,22,0,0,0,0.0,75.4,0.0,0,0,0,0,0,3.3,0,,0.0,22.0,0.0,0.0,0,,
2025-10-04 04:20:00-03:00,0,22,0,0,0,0.0,75.3,0.0,0,0,0,0,0,3.3,0,,0.0,22.0,0.0,0.0,0,,
2025-10-04 04:25:00-03:00,0,22,0,0,0,0.0,75.2,0.0,0,0,0,0,0,3.3,0,,0.0,22.0,0.0,0.0,0,,
2025-10-04 04:30:00-03:00,0,22,0,0,0,0.0,75.2,0.0,0,0,0,0,0,3.3,0,,0.0,22.0,0.0,0.0,0,,
2025-10-04 04:35:00-03:00,0,21,0,0,0,0.0,75.1,0.0,0,0,0,0,0,3.3,0,,0.0,21.0,0.0,0.0,0,,
2025-10-04 04:40:00-03:00,0,21,0,0,0,0.0,75.0,0.0,0,0,0,0,0,3.3,0,,0.0,21.0,0.0,0.0,0,,
2025-10-04 04:45:00-03:00,0,21,0,0,0,0.0,75.0,0.0,0,0,0,0,0,3.3,0,,0.0,21.0,0.0,0.0,0,,
2025-10-04 04:50:00-03:00,0,21,0,0,0,0.0,74.9,0.0,0,0,0,0,0,3.4,0,,0.0,21.0,0.0,0.0,0,,
2025-10-04 04:55:00-03:00,0,21,0,0,0,0.0,74.8,0.0,0,0,0,0,0,3.4,0,,0.0,21.0,0.0,0.0,0,,
2025-10-04 05:00:00-03:00,0,21,0,0,0,0.0,74.7,0.0,0,0,0,0,0,3.4,0,,0.0,21.0,0.0,0.0,0,,
2025-10-04 05:05:00-03:00,0,21,0,0,0,0.0,74.7,0.0,0,0,0,0,0,3.4,0,,0.0,21.0,0.0,0.0,0,,
2025-10-04 05:10:00-03:00,0,21,0,0,0,0.0,74.6,0.0,0,0,0,0,0,3.4,0,,0.0,21.0,0.0,0.0,0,,
2025-10-04 05:15:00-03:00,0,21,0,0,0,0.0,74.5,0.0,0,0,0,0,0,3.4,0,,0.0,21.0,0.0,0.0,0,,
2025-10-04 05:20:00-03:00,0,21,0,0,0,0.0,74.5,0.0,0,0,0,0,0,3.4,0,,0.0,21.0,0.0,0.0,0,,
2025-10-04 05:25:00-03:00,0,21,0,0,0,0.0,74.4,0.0,0,0,0,0,0,3.4,0,,0.0,21.0,0.0,0.0,0,,
2025-10-04 05:30:00-03:00,0,21,0,0,0,0.0,74.3,0.0,0,0,0,0,0,3.5,0,,0.0,21.0,0.0,0.0,0,,
2025-10-04 05:35:00-03:00,0,21,0,0,0,0.0,74.2,0.0,0,0,0,0,0,3.5,0,,0.5773502684355721,21.0,0.0,0.0,0,,
2025-10-04 05:40:00-03:00,0,21,0,0,0,0.0,74.2,0.0,0,0,0,0,0,3.5,0,,3.1754264804058603,21.0,0.0,0.0,0,,
2025-10-04 05:45:00-03:00,0,21,0,0,0,0.0,74.1,0.0,0,0,0,0,0,3.5,0,,6.283094200026159,21.0,0.0,0.0,0,,
2025-10-04 05:50:00-03:00,0,21,0,0,0,0.0,74.0,0.0,0,0,0,0,0,3.5,0,,10.431232240715191,21.0,0.0,0.0,0,,
2025-10-04 05:55:00-03:00,0,21,0,0,0,0.0,74.0,0.0,0,0,0,0,0,3.5,0,,16.367697307521475,21.0,0.0,0.0,0,,
2025-10-04 06:00:00-03:00,2,21,0,2,2,0.0,73.9,0.0,0,2,2,0,2,3.5,0,1.0,22.918167994880296,21.0625,0.0,2.0,0,0.0,0.0
2025-10-04 06:05:00-03:00,13,21,0,13,11,0.0,73.8,0.0,3,13,11,3,11,3.6,1,1.0,29.881964764401793,21.34375,0.0,11.0,0,0.0,0.0
2025-10-04 06:10:00-03:00,26,21,0,26,20,0.0,73.8,0.0,7,26,20,7,20,3.7,1,1.0,37.06127195317253,21.625,0.0,20.0,0,0.0,0.0
2025-10-04 06:15:00-03:00,40,21,0,40,32,0.0,73.8,0.0,11,40,32,10,32,3.7,1,1.0,44.24749607706682,22.0,0.0,32.0,0,0.0,0.0
2025-10-04 06:20:00-03:00,56,22,0,56,50,0.0,73.8,0.0,15,56,50,15,50,3.8,1,1.0,51.20961084038209,23.5625,0.0,50.0,0,0.0,0.0
2025-10-04 06:25:00-03:00,74,22,0,74,67,0.0,73.8,0.0,19,74,67,19,67,3.9,1,1.0,57.52443486084626,24.09375,0.0,67.0,0,0.0,0.0
2025-10-04 06:30:00-03:00,92,22,0,92,85,0.0,73.8,0.0,24,92,85,24,85,4.0,1,1.0,62.91673188838,24.65625,0.0,85.0,0,0.0,0.0
2025-10-04 06:35:00-03:00,112,22,0,112,104,0.0,72.1,0.0,31,112,104,31,104,4.0,1,1.0,67.13329120397668,25.25,0.1,103.896,0,0.0,0.0
2025-10-04 06:40:00-03:00,132,22,0,132,124,0.0,70.3,0.0,39,132,124,39,124,4.1,1,1.0,70.66882858327624,25.875,0.35000000000000003,123.566,0,0.0,0.0
2025-10-04 06:45:00-03:00,152,23,0,152,145,0.0,68.5,0.0,48,152,145,47,145,4.2,1,1.0,73.23121333188298,27.53125,1.0125,143.53187499999999,0,0.0,0.0
2025-10-04 06:50:00-03:00,173,23,0,173,166,0.0,66.7,0.0,58,173,166,57,166,4.3,1,1.0,75.09569652358776,28.1875,1.2750000000000001,163.8835,0,0.0,0.0
2025-10-04 06:55:00-03:00,195,23,0,195,188,0.0,64.8,0.0,68,195,188,67,188,4.4,1,1.0,76.7725388877552,28.875,1.55,185.086,0,0.0,0.0
2025-10-04 07:00:00-03:00,216,23,0,216,210,0.0,63.0,0.0,80,216,210,79,210,4.4,1,1.0,78.15660269902799,29.5625,1.8250000000000002,206.1675,0,0.0,0.0
2025-10-04 07:05:00-03:00,238,23,0,238,232,0.0,61.9,0.0,91,238,232,89,232,4.5,1,1.0,79.25773071938815,30.25,2.1,227.128,0,0.0,0.0
2025-10-04 07:10:00-03:00,260,24,0,260,254,0.0,60.9,0.0,101,260,254,100,254,4.6,1,1.0,79.97097011169258,31.9375,2.7750000000000004,246.95149999999998,0,0.0,0.0
2025-10-04 07:15:00-03:00,282,24,0,282,277,0.0,60.0,0.0,113,282,277,111,277,4.7,1,1.0,80.52342967901888,32.65625,3.0625,268.51687499999997,0,0.0,0.0
2025-10-04 07:20:00-03:00,304,24,0,304,299,0.0,59.1,0.0,124,304,299,122,299,4.8,1,1.0,80.86183502515595,33.34375,3.3375000000000004,289.020875,0,0.0,0.0
2025-10-04 07:25:00-03:00,326,24,0,326,322,0.0,58.2,0.0,136,326,322,134,322,4.8,1,1.0,81.10090049195038,34.0625,3.625,310.3275,0,0.0,0.0
2025-10-04 07:30:00-03:00,348,24,0,348,345,0.0,57.2,0.0,149,348,345,146,345,4.9,1,1.0,81.2138964075493,34.78125,3.9125,331.501875,0,0.0,0.0
2025-10-04 07:35:00-03:00,370,25,0,370,367,0.0,56.3,0.0,162,370,367,159,367,5.0,1,1.0,81.20134907074065,36.46875,4.5875,350.163875,0,0.0,0.0
2025-10-04 07:40:00-03:00,392,25,0,392,390,0.0,55.4,0.0,175,392,390,172,390,5.1,1,1.0,81.06320018505073,37.1875,4.875,370.9875,0,0.0,0.0
2025-10-04 07:45:00-03:00,413,25,0,413,412,0.0,54.7,0.0,187,413,412,184,412,5.2,1,1.0,80.79880549671607,37.875,5.15,390.782,0,0.0,0.0
2025-10-04 07:50:00-03:00,435,25,0,435,435,0.0,54.2,0.0,199,435,435,196,435,5.3,1,1.0,80.4349916316715,38.59375,5.4375,411.346875,0,0.0,0.0
2025-10-04 07:55:00-03:00,457,25,0,457,457,0.0,53.7,0.0,211,457,457,208,457,5.3,1,1.0,79.99370240363682,39.28125,5.7125,430.89387500000004,0,0.0,0.0
2025-10-04 08:00:00-03:00,478,26,0,478,479,0.0,53.3,0.0,223,478,479,220,479,5.4,1,1.0,79.5028110804653,40.96875,6.3875,448.40387499999997,0,0.0,0.0
2025-10-04 08:05:00-03:00,499,26,0,499,501,0.0,52.8,0.0,235,499,501,232,501,5.5,1,1.0,78.87619758490982,41.65625,6.6625000000000005,467.62087499999996,0,0.0,0.0
2025-10-04 08:10:00-03:00,520,26,0,520,523,0.0,52.4,0.0,248,520,523,244,523,5.6,1,1.0,78.15849282067296,42.34375,6.9375,486.716875,0,0.0,0.0
2025-10-04 08:15:00-03:00,541,26,0,541,544,0.0,51.9,0.0,260,541,544,256,544,5.7,1,1.0,77.40463340605949,43.0,7.2,504.832,0,0.0,0.0
2025-10-04 08:20:00-03:00,562,26,0,562,566,0.0,51.5,0.0,272,562,566,269,566,5.8,1,1.0,76.38717169786553,43.6875,7.4750000000000005,523.6915,0,0.0,0.0
2025-10-04 08:25:00-03:00,582,27,0,582,587,0.0,51.0,0.0,285,582,587,281,587,5.9,1,1.0,75.34702543845664,45.34375,8.137500000000001,539.232875,0,0.0,0.0
2025-10-04 08:30:00-03:00,602,27,0,602,607,0.0,50.5,0.0,298,602,607,294,607,6.0,1,1.0,74.2164626840469,45.96875,8.387500000000001,556.0878749999999,0,0.0,0.0
2025-10-04 08:35:00-03:00,622,27,0,622,628,0.0,50.0,0.0,311,622,628,307,628,6.0,1,1.0,73.06970520113664,46.625,8.65,573.678,0,0.0,0.0
2025-10-04 08:40:00-03:00,641,27,0,641,648,0.0,49.5,0.0,323,641,648,319,648,6.1,1,1.0,71.84763971998339,47.25,8.9,590.328,0,0.0,0.0
2025-10-04 08:45:00-03:00,660,27,0,660,667,0.0,49.0,0.0,336,660,667,332,667,6.2,1,1.0,70.65065570477287,47.84375,9.137500000000001,606.052875,0,0.0,0.0
2025-10-04 08:50:00-03:00,678,28,0,678,686,0.0,48.6,0.0,349,678,686,345,686,6.3,1,1.0,69.2756352288656,49.4375,9.775,618.9435,0,0.0,0.0
2025-10-04 08:55:00-03:00,696,28,0,696,705,0.0,48.1,0.0,362,696,705,358,705,6.4,1,1.0,67.99214526826633,50.03125,10.012500000000001,634.411875,0,0.0,0.0
2025-10-04 09:00:00-03:00,714,28,0,714,724,0.0,47.6,0.0,374,714,724,370,724,6.5,1,1.0,66.7579866973084,50.625,10.25,649.79,0,0.0,0.0
2025-10-04 09:05:00-03:00,732,28,0,732,742,0.0,47.2,0.0,386,732,742,383,742,6.5,1,1.0,65.3704478686254,51.1875,10.475000000000001,664.2755,0,0.0,0.0
2025-10-04 09:10:00-03:00,749,28,0,749,760,0.0,47.1,0.0,396,749,760,392,760,6.4,1,1.0,64.09982744740498,51.75,10.700000000000001,678.6800000000001,0,0.0,0.0
2025-10-04 09:15:00-03:00,766,28,0,766,777,0.0,47.2,0.0,404,766,777,400,777,6.4,1,1.0,62.77062621282926,52.28125,10.912500000000001,692.209875,0,0.0,0.0
2025-10-04 09:20:00-03:00,782,29,0,782,794,0.0,47.3,0.0,412,782,794,408,794,6.3,1,1.0,61.33712109515439,53.8125,11.525,702.4915,0,0.0,0.0
2025-10-04 09:25:00-03:00,798,29,0,798,811,0.0,47.4,0.0,420,798,811,416,811,6.2,1,1.0,59.89814587102915,54.34375,11.7375,715.808875,0,0.0,0.0
2025-10-04 09:30:00-03:00,813,29,0,813,827,0.0,47.5,0.0,427,813,827,423,827,6.2,1,1.0,58.42237792510202,54.84375,11.9375,728.276875,0,0.0,0.0
2025-10-04 09:35:00-03:00,829,29,0,829,843,0.0,47.5,0.0,435,829,843,430,843,6.1,1,1.0,57.03660440825214,55.34375,12.137500000000001,740.680875,0,0.0,0.0
2025-10-04 09:40:00-03:00,844,29,0,844,858,0.0,47.6,0.0,442,844,858,438,858,6.0,1,1.0,55.56459522414831,55.8125,12.325000000000001,752.2515000000001,0,0.0,0.0
2025-10-04 09:45:00-03:00,858,29,0,858,873,0.0,47.7,0.0,449,858,873,444,873,6.0,1,1.0,54.13171366437262,56.28125,12.512500000000001,763.7658749999999,0,0.0,0.0
2025-10-04 09:50:00-03:00,872,29,0,872,888,0.0,47.8,0.0,455,872,888,451,888,5.9,1,1.0,52.56071525272451,56.75,12.700000000000001,775.224,0,0.0,0.0
2025-10-04 09:55:00-03:00,886,30,0,886,902,0.0,47.9,0.0,462,886,902,457,902,5.8,1,1.0,50.97496414609988,58.1875,13.275,782.2595,0,0.0,0.0
2025-10-04 10:00:00-03:00,899,30,0,899,916,0.0,48.0,0.0,468,899,916,464,916,5.8,1,1.0,49.37081397674611,58.625,13.450000000000001,792.7979999999999,0,0.0,0.0
2025-10-04 10:05:00-03:00,912,30,0,912,929,0.0,48.0,0.0,475,912,929,470,929,5.7,1,1.0,47.725223621227435,59.03125,13.6125,802.5398749999999,0,0.0,0.0
2025-10-04 10:10:00-03:00,924,30,0,924,942,0.0,47.9,0.0,482,924,942,477,942,5.6,1,1.0,46.03448970525724,59.4375,13.775,812.2394999999999,0,0.0,0.0
2025-10-04 10:15:00-03:00,936,30,0,936,954,0.0,47.8,0.0,489,936,954,484,954,5.6,1,1.0,44.14439118083363,59.8125,13.925,821.1555,0,0.0,0.0
2025-10-04 10:20:00-03:00,947,30,0,947,966,0.0,47.7,0.0,495,947,966,491,966,5.5,1,1.0,42.327725708281925,60.1875,14.075000000000001,830.0355,0,0.0,0.0
2025-10-04 10:25:00-03:00,958,31,0,958,977,0.0,47.6,0.0,502,958,977,497,977,5.4,1,1.0,40.45976302750189,61.53125,14.6125,834.235875,0,0.0,0.0
2025-10-04 10:30:00-03:00,968,31,0,968,988,0.0,47.5,0.0,508,968,988,503,988,5.4,1,1.0,38.53766359226644,61.875,14.75,842.27,0,0.0,0.0
2025-10-04 10:35:00-03:00,978,31,0,978,998,0.0,47.5,0.0,514,978,998,509,998,5.3,1,1.0,36.71295287892397,62.1875,14.875,849.5475,0,0.0,0.0
2025-10-04 10:40:00-03:00,987,31,0,987,1007,0.0,47.4,0.0,520,987,1007,515,1007,5.2,1,1.0,34.835544369427254,62.46875,14.9875,856.075875,0,0.0,0.0
2025-10-04 10:45:00-03:00,996,31,0,996,1017,0.0,47.3,0.0,525,996,1017,521,1017,5.2,1,1.0,32.93243772551067,62.78125,15.1125,863.305875,0,0.0,0.0
2025-10-04 10:50:00-03:00,1004,31,0,1004,1025,0.0,47.2,0.0,530,1004,1025,526,1025,5.1,1,1.0,30.998044904122118,63.03125,15.2125,869.071875,0,0.0,0.0
2025-10-04 10:55:00-03:00,1012,31,0,1012,1033,0.0,47.1,0.0,535,1012,1033,531,1033,5.0,1,1.0,29.062497963491882,63.28125,15.3125,874.8218750000001,0,0.0,0.0
2025-10-04 11:00:00-03:00,1019,32,0,1019,1041,0.0,47.0,0.0,540,1019,1041,536,1041,5.0,1,1.0,26.998737344198105,64.53125,15.8125,876.391875,0,0.0,0.0
2025-10-04 11:05:00-03:00,1026,32,0,1026,1048,0.0,47.0,0.0,544,1026,1048,540,1048,4.9,1,1.0,25.097838854186033,64.75,15.9,881.3679999999999,0,0.0,0.0
2025-10-04 11:10:00-03:00,1032,32,0,1032,1054,0.0,47.0,0.0,547,1032,1054,543,1054,4.8,1,1.0,23.098602869970822,64.9375,15.975000000000001,885.6234999999999,0,0.0,0.0
2025-10-04 11:15:00-03:00,1038,32,0,1038,1060,0.0,47.0,0.0,550,1038,1060,546,1060,4.8,1,1.0,20.978163249734163,65.125,16.05,889.87,0,0.0,0.0
2025-10-04 11:20:00-03:00,1043,32,0,1043,1065,0.0,47.0,0.0,553,1043,1065,548,1065,4.7,1,1.0,19.080967830078563,65.28125,16.1125,893.401875,0,0.0,0.0
2025-10-04 11:25:00-03:00,1047,32,0,1047,1069,0.0,47.0,0.0,555,1047,1069,551,1069,4.6,1,1.0,17.0957641395261,65.40625,16.1625,896.2228749999999,0,0.0,0.0
2025-10-04 11:30:00-03:00,1051,32,0,1051,1074,0.0,47.0,0.0,557,1051,1074,553,1074,4.6,1,1.0,15.06048411630031,65.5625,16.225,899.7435,0,0.0,0.0
2025-10-04 11:35:00-03:00,1054,33,0,1054,1077,0.0,47.0,0.0,559,1054,1077,555,1077,4.5,1,1.0,13.158704919203316,66.65625,16.6625,897.5448749999999,0,0.0,0.0
2025-10-04 11:40:00-03:00,1058,33,0,1058,1080,0.0,47.0,0.0,560,1058,1080,556,1080,4.4,1,1.0,10.97207198461225,66.75,16.7,899.64,0,0.0,0.0
2025-10-04 11:45:00-03:00,1060,33,0,1060,1083,0.0,47.0,0.0,562,1060,1083,558,1083,4.4,1,1.0,8.717797887032503,66.84375,16.7375,901.7328749999999,0,0.0,0.0
2025-10-04 11:50:00-03:00,1062,33,0,1062,1085,0.0,47.0,0.0,563,1062,1085,559,1085,4.3,1,1.0,7.775252115121003,66.90625,16.7625,903.1268749999999,0,0.0,0.0
2025-10-04 11:55:00-03:00,1063,33,0,1063,1086,0.0,47.0,0.0,564,1063,1086,559,1086,4.3,1,1.0,9.362643371838933,66.9375,16.775000000000002,903.8235,0,0.0,0.0
2025-10-04 12:00:00-03:00,1064,33,0,1064,1087,0.0,47.0,0.0,564,1064,1087,560,1087,4.2,1,1.0,13.018343701347817,66.96875,16.7875,904.519875,0,0.0,0.0
2025-10-04 12:05:00-03:00,1060,33,0,1064,1087,0.4,47.4,0.0,560,1064,1083,555,1087,4.1,1,0.9963201471941122,17.36506419638596,66.84375,16.7375,901.7328749999999,0,0.36798528058877644,0.0014719411223551057
2025-10-04 12:10:00-03:00,1052,33,0,1064,1087,1.1,48.2,0.0,551,1064,1075,546,1087,4.1,1,0.9889604415823368,22.148260756651023,66.59375,16.6375,896.146875,0,1.1039558417663293,0.012143514259429625
2025-10-04 12:15:00-03:00,1043,34,0,1063,1086,1.9,49.1,0.0,541,1063,1066,537,1086,4.1,1,0.9815837937384899,26.91104876168339,67.3125,16.925,885.5794999999999,0,1.841620626151013,0.034990791896869246
2025-10-04 12:20:00-03:00,1034,34,0,1062,1085,2.6,49.9,0.0,532,1062,1056,527,1085,4.0,1,0.9732718894009217,31.46667308678619,67.0,16.8,878.592,0,2.672811059907834,0.0694930875576037
2025-10-04 12:25:00-03:00,1024,34,0,1060,1083,3.4,50.7,0.0,522,1060,1045,517,1083,4.0,1,0.9649122807017544,35.53700589354642,66.65625,16.6625,870.8768749999999,0,3.508771929824561,0.11929824561403508
2025-10-04 12:30:00-03:00,1014,34,0,1058,1080,4.1,51.6,0.0,512,1058,1035,507,1080,4.0,1,0.9583333333333334,39.052703316964,66.34375,16.5375,863.836875,0,4.166666666666666,0.17083333333333328
2025-10-04 12:35:00-03:00,1003,34,0,1054,1077,4.9,52.4,0.0,502,1054,1023,496,1077,3.9,1,0.9498607242339833,41.640143073129586,65.96875,16.3875,855.355875,0,5.013927576601671,0.24568245125348193
2025-10-04 12:40:00-03:00,991,34,0,1050,1073,5.6,53.2,0.0,491,1050,1011,485,1073,3.9,1,0.9422180801491147,43.60593162319174,65.59375,16.2375,846.8388749999999,0,5.778191985088537,0.32357875116495805
2025-10-04 12:45:00-03:00,979,34,0,1046,1068,6.4,54.1,0.0,480,1046,998,474,1068,3.9,1,0.9344569288389513,45.4442715661835,65.1875,16.075,837.5715,0,6.5543071161048685,0.41947565543071164
2025-10-04 12:50:00-03:00,967,34,0,1041,1063,7.1,54.9,0.0,469,1041,985,463,1063,3.8,1,0.9266227657572906,47.13447879109648,64.78125,15.912500000000001,828.261875,0,7.337723424270931,0.5209783631232361
2025-10-04 12:55:00-03:00,954,34,0,1035,1057,7.9,55.8,0.0,458,1035,971,451,1057,3.8,1,0.9186376537369915,48.829015219149944,64.34375,15.7375,818.1888749999999,0,8.136234626300851,0.6427625354777673
2025-10-04 13:00:00-03:00,940,34,0,1029,1051,8.6,56.6,0.0,447,1029,957,440,1051,3.8,1,0.9105613701236918,50.52961927663508,63.90625,15.5625,808.066875,0,8.943862987630828,0.7691722169362513
2025-10-04 13:05:00-03:00,926,34,0,1022,1044,9.4,57.4,0.0,436,1022,943,429,1044,3.7,1,0.9032567049808429,51.96210740587694,63.46875,15.387500000000001,797.895875,0,9.67432950191571,0.9093869731800767
2025-10-04 13:10:00-03:00,912,34,0,1015,1036,10.1,58.1,0.0,425,1015,928,418,1036,3.7,1,0.8957528957528957,53.43383050487346,63.0,15.200000000000001,786.944,0,10.424710424710424,1.0528957528957528
2025-10-04 13:15:00-03:00,898,34,0,1007,1028,10.9,58.9,0.0,414,1007,913,407,1028,3.7,1,0.8881322957198443,54.675627499129504,62.53125,15.012500000000001,775.9358749999999,0,11.186770428015565,1.2193579766536966
2025-10-04 13:20:00-03:00,883,34,0,999,1019,11.6,59.6,0.0,403,999,897,397,1019,3.6,1,0.8802747791952895,55.8918734267412,62.03125,14.8125,764.1318749999999,0,11.97252208047105,1.3888125613346418
2025-10-04 13:25:00-03:00,868,34,0,990,1010,12.4,60.4,0.0,392,990,881,386,1010,3.6,1,0.8722772277227723,57.12685246647709,61.53125,14.6125,752.263875,0,12.772277227722773,1.5837623762376238
2025-10-04 13:30:00-03:00,852,34,0,981,1001,13.1,61.1,0.0,381,981,865,375,1001,3.6,1,0.8641358641358642,58.267928701395476,61.03125,14.412500000000001,740.331875,0,13.586413586413586,1.7798201798201796
2025-10-04 13:35:00-03:00,836,34,0,971,990,13.9,61.9,0.0,370,971,848,364,990,3.5,1,0.8565656565656565,59.38542571943225,60.5,14.200000000000001,727.584,0,14.343434343434344,1.9937373737373738
2025-10-04 13:40:00-03:00,820,34,0,961,980,14.6,62.6,0.0,359,961,832,353,980,3.5,1,0.8489795918367347,60.37985817080657,60.0,14.0,715.52,0,15.10204081632653,2.2048979591836737
2025-10-04 13:45:00-03:00,804,34,0,950,968,15.4,63.4,0.0,348,950,815,342,968,3.5,1,0.8419421487603306,61.45280278145534,59.46875,13.787500000000001,702.631875,0,15.805785123966942,2.434090909090909
2025-10-04 13:50:00-03:00,787,34,0,939,957,16.1,64.1,0.0,337,939,797,331,957,3.4,1,0.832810867293626,62.50284841993657,58.90625,13.5625,688.906875,0,16.718913270637408,2.6917450365726228
2025-10-04 13:55:00-03:00,770,34,0,927,944,16.9,64.9,0.0,326,927,780,320,944,3.4,1,0.826271186440678,63.587925287933245,58.375,13.350000000000001,675.87,0,17.372881355932204,2.936016949152542
2025-10-04 14:00:00-03:00,753,34,0,915,932,17.6,65.6,0.0,314,915,762,309,932,3.4,1,0.8175965665236051,64.77513552141555,57.8125,13.125,661.9875000000001,0,18.240343347639485,3.21030042918455
2025-10-04 14:05:00-03:00,736,34,0,902,918,18.4,66.5,0.0,302,902,744,297,918,3.3,1,0.8104575163398693,65.81994493703827,57.25,12.9,648.024,0,18.954248366013072,3.487581699346405
2025-10-04 14:10:00-03:00,718,34,0,889,905,19.2,67.4,0.0,290,889,725,285,905,3.3,1,0.8011049723756906,66.80818313150691,56.65625,12.662500000000001,633.196875,0,19.88950276243094,3.8187845303867403
2025-10-04 14:15:00-03:00,699,34,0,875,890,20.1,68.3,0.0,277,875,706,273,890,3.3,1,0.7932584269662921,67.67496963539159,56.0625,12.425,618.2795,0,20.674157303370784,4.155505617977528
2025-10-04 14:20:00-03:00,681,34,0,861,876,20.9,69.2,0.0,265,861,687,261,876,3.3,1,0.7842465753424658,68.33917196046578,55.46875,12.1875,603.271875,0,21.575342465753426,4.509246575342466
2025-10-04 14:25:00-03:00,662,34,0,846,861,21.8,70.1,0.0,253,846,667,249,861,3.2,1,0.7746806039488966,68.91298861607817,54.84375,11.9375,587.376875,0,22.531939605110338,4.911962833914054
2025-10-04 14:30:00-03:00,644,34,0,831,845,22.6,71.0,0.0,241,831,648,237,845,3.2,1,0.7668639053254438,69.21310963577851,54.25,11.700000000000001,572.184,0,23.31360946745562,5.268875739644971
2025-10-04 14:35:00-03:00,625,34,0,816,829,23.4,72.0,0.0,229,816,629,225,829,3.2,1,0.758745476477684,69.48948034621978,53.65625,11.4625,556.900875,0,24.125452352231605,5.645355850422195
2025-10-04 14:40:00-03:00,606,34,0,800,813,24.2,72.9,0.0,217,800,609,213,813,3.1,1,0.7490774907749077,68.73725777233498,53.03125,11.2125,540.715875,0,25.092250922509223,6.072324723247232
2025-10-04 14:45:00-03:00,587,34,0,784,796,25.1,73.8,0.0,206,784,590,202,796,3.1,1,0.7412060301507538,66.50609450313902,52.4375,10.975000000000001,525.2475,0,25.879396984924625,6.495728643216081
2025-10-04 14:50:00-03:00,569,34,0,768,779,25.9,74.7,0.0,194,768,571,191,779,3.1,1,0.7329910141206675,63.22686425591773,51.84375,10.7375,509.688875,0,26.700898587933246,6.91553273427471
2025-10-04 14:55:00-03:00,550,35,0,751,761,26.8,75.6,0.0,183,751,552,180,761,3.1,1,0.7253613666228647,59.01129835322421,52.25,10.9,491.832,0,27.463863337713533,7.360315374507227
2025-10-04 15:00:00-03:00,531,35,0,734,744,27.6,76.6,0.0,172,734,532,169,744,3.0,1,0.7150537634408602,54.37301023875886,51.625,10.65,475.342,0,28.49462365591398,7.864516129032259
2025-10-04 15:05:00-03:00,518,34,0,716,725,27.6,77.0,0.0,165,716,519,162,725,3.0,1,0.7158620689655173,49.47052994797294,50.21875,10.0875,466.645875,0,28.413793103448278,7.842206896551724
2025-10-04 15:10:00-03:00,511,34,0,698,707,26.8,76.6,0.0,164,698,512,161,707,3.0,1,0.7241867043847242,44.50297913078547,50.0,10.0,460.8,0,27.58132956152758,7.391796322489391
2025-10-04 15:15:00-03:00,503,34,0,680,688,25.9,76.2,0.0,162,680,504,159,688,3.0,1,0.7325581395348837,39.925973167016586,49.75,9.9,454.104,0,26.744186046511626,6.926744186046511
2025-10-04 15:20:00-03:00,496,34,0,661,668,25.0,75.8,0.0,160,661,497,158,668,3.0,1,0.7440119760479041,36.1470062467983,49.53125,9.8125,448.231875,0,25.59880239520958,6.399700598802395
2025-10-04 15:25:00-03:00,488,34,0,642,649,24.0,75.4,0.0,158,642,489,155,649,3.0,1,0.7534668721109399,33.6839139739742,49.28125,9.7125,441.505875,0,24.65331278890601,5.916795069337443
2025-10-04 15:30:00-03:00,480,34,0,623,629,23.0,75.0,0.0,156,623,480,153,629,3.0,1,0.7631160572337043,33.025701653364166,49.0,9.600000000000001,433.92,0,23.68839427662957,5.448330683624801
2025-10-04 15:35:00-03:00,471,34,0,603,608,22.0,74.7,0.0,153,603,471,150,608,3.0,1,0.774671052631579,34.42900028473276,48.71875,9.4875,426.313875,0,22.532894736842106,4.957236842105264
2025-10-04 15:40:00-03:00,462,34,0,583,588,20.8,74.3,0.0,150,583,462,147,588,3.0,1,0.7857142857142857,36.697782940218026,48.4375,9.375,418.6875,0,21.428571428571427,4.457142857142857
2025-10-04 15:45:00-03:00,451,33,0,563,566,19.9,73.9,0.0,147,563,451,144,566,3.0,1,0.7968197879858657,39.1952184777079,47.09375,8.8375,411.142875,0,20.318021201413426,4.0432862190812715
2025-10-04 15:50:00-03:00,439,33,0,542,545,19.0,73.4,0.0,144,542,439,142,545,3.0,1,0.8055045871559633,41.85065438828162,46.71875,8.6875,400.861875,0,19.449541284403672,3.6954128440366976
2025-10-04 15:55:00-03:00,427,33,0,521,523,18.1,72.9,0.0,141,521,426,139,523,3.0,1,0.8145315487571702,44.346688578505294,46.3125,8.525,389.6835,0,18.54684512428298,3.3569789674952197
2025-10-04 16:00:00-03:00,414,33,0,500,502,17.2,72.5,0.0,138,500,413,135,502,3.0,1,0.8227091633466136,46.79055525003125,45.90625,8.3625,378.462875,0,17.729083665338646,3.0494023904382472
2025-10-04 16:05:00-03:00,401,33,0,479,480,16.4,72.1,0.0,134,479,400,132,480,3.0,1,0.8333333333333334,49.28234978164281,45.5,8.200000000000001,367.2,0,16.666666666666664,2.7333333333333325
2025-10-04 16:10:00-03:00,386,33,0,458,458,15.5,71.8,0.0,129,458,385,127,458,3.0,1,0.8406113537117904,51.77369169293769,45.03125,8.012500000000001,354.151875,0,15.938864628820962,2.470524017467249
2025-10-04 16:15:00-03:00,372,33,0,436,435,14.7,71.5,0.0,124,436,370,122,435,3.0,1,0.8505747126436781,53.8940458846654,44.5625,7.825,341.04749999999996,0,14.942528735632186,2.1965517241379313
2025-10-04 16:20:00-03:00,357,33,0,414,413,13.8,71.2,0.0,119,414,355,117,413,3.0,1,0.8595641646489104,55.903257887394254,44.09375,7.6375,327.88687500000003,0,14.043583535108958,1.9380145278450363
2025-10-04 16:25:00-03:00,341,32,0,392,390,13.0,71.0,0.0,114,392,339,112,390,3.0,1,0.8692307692307693,57.6375824362126,42.59375,7.0375000000000005,315.142875,0,13.076923076923078,1.7000000000000002
2025-10-04 16:30:00-03:00,325,32,0,370,368,12.3,71.1,0.0,107,370,322,105,368,3.0,1,0.875,59.27976812615947,42.0625,6.825,300.0235,0,12.5,1.5375
2025-10-04 16:35:00-03:00,308,32,0,348,345,11.7,71.2,0.0,100,348,304,99,345,3.1,1,0.881159420289855,60.853027115265704,41.5,6.6000000000000005,283.936,0,11.884057971014492,1.3904347826086956
2025-10-04 16:40:00-03:00,291,32,0,326,322,10.9,71.4,0.0,93,326,287,92,322,3.1,1,0.8913043478260869,62.06661865701673,40.96875,6.3875,268.667875,0,10.869565217391305,1.184782608695652
2025-10-04 16:45:00-03:00,274,32,0,304,300,10.1,71.5,0.0,87,304,269,85,300,3.1,1,0.8966666666666666,63.831454201318046,40.40625,6.1625000000000005,252.42287499999998,0,10.333333333333334,1.0436666666666667
2025-10-04 16:50:00-03:00,256,32,0,282,277,9.3,71.7,0.0,80,282,252,79,277,3.1,1,0.9097472924187726,65.79352459618143,39.875,5.95,237.006,0,9.025270758122744,0.8393501805054153
2025-10-04 16:55:00-03:00,239,32,0,261,255,8.4,71.9,0.0,73,261,234,72,255,3.1,1,0.9176470588235294,67.7716196076419,39.3125,5.7250000000000005,220.6035,0,8.235294117647058,0.691764705882353
2025-10-04 17:00:00-03:00,221,32,0,239,233,7.5,72.0,0.0,67,239,215,66,233,3.1,1,0.9227467811158798,69.45305805166387,38.71875,5.487500000000001,203.201875,0,7.725321888412018,0.5793991416309013
2025-10-04 17:05:00-03:00,203,31,0,217,211,6.5,72.2,0.0,60,217,197,59,211,3.1,1,0.933649289099526,70.62234173061458,37.15625,4.862500000000001,187.420875,0,6.6350710900473935,0.4312796208530806
2025-10-04 17:10:00-03:00,180,31,0,196,189,8.1,72.9,0.0,53,196,174,52,189,3.1,1,0.9206349206349206,71.43189169772658,36.4375,4.575,166.0395,0,7.936507936507936,0.6428571428571428
2025-10-04 17:15:00-03:00,157,31,0,175,168,10.0,73.8,0.0,46,175,152,45,168,3.1,1,0.9047619047619048,71.2028153171736,35.75,4.3,145.464,0,9.523809523809524,0.9523809523809524
2025-10-04 17:20:00-03:00,136,31,0,154,147,11.8,74.6,0.0,39,154,130,38,147,3.1,1,0.8843537414965986,70.05987698845195,35.0625,4.025,124.7675,0,11.564625850340136,1.364625850340136
2025-10-04 17:25:00-03:00,115,31,0,133,126,13.7,75.6,0.0,33,133,110,32,126,3.1,1,0.873015873015873,67.95380561065278,34.4375,3.7750000000000004,105.84750000000001,0,12.698412698412698,1.7396825396825395
2025-10-04 17:30:00-03:00,96,31,0,114,107,15.7,76.6,0.0,27,114,92,26,107,3.1,1,0.8598130841121495,64.86068987383507,33.875,3.5500000000000003,88.73400000000001,0,14.018691588785046,2.2009345794392523
2025-10-04 17:35:00-03:00,78,31,0,95,88,17.6,77.6,0.0,21,95,74,21,88,3.1,1,0.8409090909090909,60.82631756971368,33.3125,3.325,71.5395,0,15.909090909090908,2.8
2025-10-04 17:40:00-03:00,63,31,0,76,70,17.4,77.5,0.0,17,76,60,17,70,3.1,1,0.8571428571428571,55.92988034273177,32.875,3.1500000000000004,58.11,0,14.285714285714285,2.4857142857142853
2025-10-04 17:45:00-03:00,50,30,0,59,53,16.2,76.9,0.0,14,59,47,13,53,3.1,1,0.8867924528301887,50.557498020188966,31.46875,2.5875000000000004,45.783875,0,11.320754716981133,1.8339622641509437
2025-10-04 17:50:00-03:00,37,30,0,43,36,15.0,76.3,0.0,10,43,34,10,36,3.1,1,0.9444444444444444,44.55231858062966,31.0625,2.4250000000000003,33.1755,0,5.555555555555555,0.8333333333333333
2025-10-04 17:55:00-03:00,25,30,0,29,23,13.8,75.7,0.0,7,29,23,7,23,3.1,1,1.0,38.45382906418836,30.71875,2.2875,22.473875,0,0.0,0.0
2025-10-04 18:00:00-03:00,14,30,0,16,13,12.6,75.0,0.0,4,16,14,4,13,3.1,1,1.0769230769230769,32.40931403724091,30.4375,2.1750000000000003,13.6955,0,0.0,0.0
2025-10-04 18:05:00-03:00,5,30,0,5,4,0.0,74.7,0.0,1,5,4,1,4,3.1,0,1.0,26.492995071899028,30.125,2.0500000000000003,3.918,0,0.0,0.0
2025-10-04 18:10:00-03:00,0,30,0,0,0,0.0,74.8,0.0,0,0,0,0,0,3.1,0,,21.20391616204304,30.0,2.0,0.0,0,,
2025-10-04 18:15:00-03:00,0,30,0,0,0,0.0,74.9,0.0,0,0,0,0,0,3.1,0,,16.140481762204313,30.0,2.0,0.0,0,,
2025-10-04 18:20:00-03:00,0,30,0,0,0,0.0,75.0,0.0,0,0,0,0,0,3.1,0,,11.39477551739457,30.0,2.0,0.0,0,,
2025-10-04 18:25:00-03:00,0,30,0,0,0,0.0,75.0,0.0,0,0,0,0,0,3.0,0,,7.391128998989169,30.0,2.0,0.0,0,,
2025-10-04 18:30:00-03:00,0,29,0,0,0,0.0,75.1,0.0,0,0,0,0,0,3.0,0,,4.100997661435087,29.0,1.6,0.0,0,,
2025-10-04 18:35:00-03:00,0,29,0,0,0,0.0,75.2,0.0,0,0,0,0,0,3.0,0,,1.1547005387760445,29.0,1.6,0.0,0,,
2025-10-04 18:40:00-03:00,0,29,0,0,0,0.0,75.2,0.0,0,0,0,0,0,3.0,0,,0.0,29.0,1.6,0.0,0,,
2025-10-04 18:45:00-03:00,0,29,0,0,0,0.0,75.3,0.0,0,0,0,0,0,3.0,0,,0.0,29.0,1.6,0.0,0,,
2025-10-04 18:50:00-03:00,0,29,0,0,0,0.0,75.4,0.0,0,0,0,0,0,3.0,0,,0.0,29.0,1.6,0.0,0,,
2025-10-04 18:55:00-03:00,0,29,0,0,0,0.0,75.4,0.0,0,0,0,0,0,3.0,0,,0.0,29.0,1.6,0.0,0,,
2025-10-04 19:00:00-03:00,0,29,0,0,0,0.0,75.5,0.0,0,0,0,0,0,2.9,0,,0.0,29.0,1.6,0.0,0,,
2025-10-04 19:05:00-03:00,0,29,0,0,0,0.0,75.6,0.0,0,0,0,0,0,2.9,0,,0.0,29.0,1.6,0.0,0,,
2025-10-04 19:10:00-03:00,0,28,0,0,0,0.0,75.7,0.0,0,0,0,0,0,2.9,0,,0.0,28.0,1.2000000000000002,0.0,0,,
2025-10-04 19:15:00-03:00,0,28,0,0,0,0.0,75.7,0.0,0,0,0,0,0,2.9,0,,0.0,28.0,1.2000000000000002,0.0,0,,
2025-10-04 19:20:00-03:00,0,28,0,0,0,0.0,75.8,0.0,0,0,0,0,0,2.9,0,,0.0,28.0,1.2000000000000002,0.0,0,,
2025-10-04 19:25:00-03:00,0,28,0,0,0,0.0,75.9,0.0,0,0,0,0,0,2.9,0,,0.0,28.0,1.2000000000000002,0.0,0,,
2025-10-04 19:30:00-03:00,0,28,0,0,0,0.0,75.9,0.0,0,0,0,0,0,2.9,0,,0.0,28.0,1.2000000000000002,0.0,0,,
2025-10-04 19:35:00-03:00,0,28,0,0,0,0.0,76.0,0.0,0,0,0,0,0,2.9,0,,0.0,28.0,1.2000000000000002,0.0,0,,
2025-10-04 19:40:00-03:00,0,28,0,0,0,0.0,76.1,0.0,0,0,0,0,0,2.8,0,,0.0,28.0,1.2000000000000002,0.0,0,,
2025-10-04 19:45:00-03:00,0,28,0,0,0,0.0,76.1,0.0,0,0,0,0,0,2.8,0,,0.0,28.0,1.2000000000000002,0.0,0,,
2025-10-04 19:50:00-03:00,0,27,0,0,0,0.0,76.2,0.0,0,0,0,0,0,2.8,0,,0.0,27.0,0.8,0.0,0,,
2025-10-04 19:55:00-03:00,0,27,0,0,0,0.0,76.3,0.0,0,0,0,0,0,2.8,0,,0.0,27.0,0.8,0.0,0,,
2025-10-04 20:00:00-03:00,0,27,0,0,0,0.0,76.3,0.0,0,0,0,0,0,2.8,0,,0.0,27.0,0.8,0.0,0,,
2025-10-04 20:05:00-03:00,0,27,0,0,0,0.0,76.4,0.0,0,0,0,0,0,2.8,0,,0.0,27.0,0.8,0.0,0,,
2025-10-04 20:10:00-03:00,0,27,0,0,0,0.0,76.5,0.0,0,0,0,0,0,2.8,0,,0.0,27.0,0.8,0.0,0,,
2025-10-04 20:15:00-03:00,0,27,0,0,0,0.0,76.5,0.0,0,0,0,0,0,2.8,0,,0.0,27.0,0.8,0.0,0,,
2025-10-04 20:20:00-03:00,0,27,0,0,0,0.0,76.6,0.0,0,0,0,0,0,2.8,0,,0.0,27.0,0.8,0.0,0,,
2025-10-04 20:25:00-03:00,0,27,0,0,0,0.0,76.7,0.0,0,0,0,0,0,2.8,0,,0.0,27.0,0.8,0.0,0,,
2025-10-04 20:30:00-03:00,0,27,0,0,0,0.0,76.8,0.0,0,0,0,0,0,2.8,0,,0.0,27.0,0.8,0.0,0,,
2025-10-04 20:35:00-03:00,0,26,0,0,0,0.0,76.8,0.0,0,0,0,0,0,2.7,0,,0.0,26.0,0.4,0.0,0,,
2025-10-04 20:40:00-03:00,0,26,0,0,0,0.0,76.9,0.0,0,0,0,0,0,2.7,0,,0.0,26.0,0.4,0.0,0,,
2025-10-04 20:45:00-03:00,0,26,0,0,0,0.0,77.0,0.0,0,0,0,0,0,2.7,0,,0.0,26.0,0.4,0.0,0,,
2025-10-04 20:50:00-03:00,0,26,0,0,0,0.0,77.0,0.0,0,0,0,0,0,2.7,0,,0.0,26.0,0.4,0.0,0,,
2025-10-04 20:55:00-03:00,0,26,0,0,0,0.0,77.1,0.0,0,0,0,0,0,2.7,0,,0.0,26.0,0.4,0.0,0,,
2025-10-04 21:00:00-03:00,0,26,0,0,0,0.0,77.2,0.0,0,0,0,0,0,2.7,0,,0.0,26.0,0.4,0.0,0,,
2025-10-04 21:05:00-03:00,0,26,0,0,0,0.0,77.2,0.0,0,0,0,0,0,2.7,0,,0.0,26.0,0.4,0.0,0,,
2025-10-04 21:10:00-03:00,0,26,0,0,0,0.0,77.1,0.0,0,0,0,0,0,2.7,0,,0.0,26.0,0.4,0.0,0,,
2025-10-04 21:15:00-03:00,0,26,0,0,0,0.0,77.0,0.0,0,0,0,0,0,2.8,0,,0.0,26.0,0.4,0.0,0,,
2025-10-04 21:20:00-03:00,0,26,0,0,0,0.0,77.0,0.0,0,0,0,0,0,2.8,0,,0.0,26.0,0.4,0.0,0,,
2025-10-04 21:25:00-03:00,0,26,0,0,0,0.0,76.9,0.0,0,0,0,0,0,2.8,0,,0.0,26.0,0.4,0.0,0,,
2025-10-04 21:30:00-03:00,0,26,0,0,0,0.0,76.8,0.0,0,0,0,0,0,2.8,0,,0.0,26.0,0.4,0.0,0,,
2025-10-04 21:35:00-03:00,0,25,0,0,0,0.0,76.8,0.0,0,0,0,0,0,2.8,0,,0.0,25.0,0.0,0.0,0,,
2025-10-04 21:40:00-03:00,0,25,0,0,0,0.0,76.7,0.0,0,0,0,0,0,2.8,0,,0.0,25.0,0.0,0.0,0,,
2025-10-04 21:45:00-03:00,0,25,0,0,0,0.0,76.6,0.0,0,0,0,0,0,2.9,0,,0.0,25.0,0.0,0.0,0,,
2025-10-04 21:50:00-03:00,0,25,0,0,0,0.0,76.5,0.0,0,0,0,0,0,2.9,0,,0.0,25.0,0.0,0.0,0,,
2025-10-04 21:55:00-03:00,0,25,0,0,0,0.0,76.5,0.0,0,0,0,0,0,2.9,0,,0.0,25.0,0.0,0.0,0,,
2025-10-04 22:00:00-03:00,0,25,0,0,0,0.0,76.4,0.0,0,0,0,0,0,2.9,0,,0.0,25.0,0.0,0.0,0,,
2025-10-04 22:05:00-03:00,0,25,0,0,0,0.0,76.3,0.0,0,0,0,0,0,2.9,0,,0.0,25.0,0.0,0.0,0,,
2025-10-04 22:10:00-03:00,0,25,0,0,0,0.0,76.2,0.0,0,0,0,0,0,2.9,0,,0.0,25.0,0.0,0.0,0,,
2025-10-04 22:15:00-03:00,0,25,0,0,0,0.0,76.0,0.0,0,0,0,0,0,3.0,0,,0.0,25.0,0.0,0.0,0,,
2025-10-04 22:20:00-03:00,0,25,0,0,0,0.0,75.9,0.0,0,0,0,0,0,3.0,0,,0.0,25.0,0.0,0.0,0,,
2025-10-04 22:25:00-03:00,0,25,0,0,0,0.0,75.8,0.0,0,0,0,0,0,3.0,0,,0.0,25.0,0.0,0.0,0,,
2025-10-04 22:30:00-03:00,0,25,0,0,0,0.0,75.6,0.0,0,0,0,0,0,3.0,0,,0.0,25.0,0.0,0.0,0,,
2025-10-04 22:35:00-03:00,0,25,0,0,0,0.0,75.5,0.0,0,0,0,0,0,3.0,0,,0.0,25.0,0.0,0.0,0,,
2025-10-04 22:40:00-03:00,0,25,0,0,0,0.0,75.3,0.0,0,0,0,0,0,3.0,0,,0.0,25.0,0.0,0.0,0,,
2025-10-04 22:45:00-03:00,0,25,0,0,0,0.0,75.2,0.0,0,0,0,0,0,3.0,0,,0.0,25.0,0.0,0.0,0,,
2025-10-04 22:50:00-03:00,0,25,0,0,0,0.0,75.1,0.0,0,0,0,0,0,3.1,0,,0.0,25.0,0.0,0.0,0,,
2025-10-04 22:55:00-03:00,0,25,0,0,0,0.0,74.9,0.0,0,0,0,0,0,3.1,0,,0.0,25.0,0.0,0.0,0,,
2025-10-04 23:00:00-03:00,0,25,0,0,0,0.0,74.8,0.0,0,0,0,0,0,3.1,0,,0.0,25.0,0.0,0.0,0,,
2025-10-04 23:05:00-03:00,0,25,0,0,0,0.0,74.7,0.0,0,0,0,0,0,3.1,0,,0.0,25.0,0.0,0.0,0,,
2025-10-04 23:10:00-03:00,0,25,0,0,0,0.0,74.6,0.0,0,0,0,0,0,3.1,0,,0.0,25.0,0.0,0.0,0,,
2025-10-04 23:15:00-03:00,0,25,0,0,0,0.0,74.5,0.0,0,0,0,0,0,3.1,0,,0.0,25.0,0.0,0.0,0,,
2025-10-04 23:20:00-03:00,0,25,0,0,0,0.0,74.5,0.0,0,0,0,0,0,3.2,0,,0.0,25.0,0.0,0.0,0,,
2025-10-04 23:25:00-03:00,0,25,0,0,0,0.0,74.4,0.0,0,0,0,0,0,3.2,0,,0.0,25.0,0.0,0.0,0,,
2025-10-04 23:30:00-03:00,0,25,0,0,0,0.0,74.3,0.0,0,0,0,0,0,3.2,0,,0.0,25.0,0.0,0.0,0,,
2025-10-04 23:35:00-03:00,0,24,0,0,0,0.0,74.2,0.0,0,0,0,0,0,3.2,0,,0.0,24.0,0.0,0.0,0,,
2025-10-04 23:40:00-03:00,0,24,0,0,0,0.0,74.2,0.0,0,0,0,0,0,3.2,0,,0.0,24.0,0.0,0.0,0,,
2025-10-04 23:45:00-03:00,0,24,0,0,0,0.0,74.1,0.0,0,0,0,0,0,3.3,0,,0.0,24.0,0.0,0.0,0,,
2025-10-04 23:50:00-03:00,0,24,0,0,0,0.0,74.0,0.0,0,0,0,0,0,3.3,0,,0.0,24.0,0.0,0.0,0,,
2025-10-04 23:55:00-03:00,0,24,0,0,0,0.0,74.0,0.0,0,0,0,0,0,3.3,0,,0.0,24.0,0.0,0.0,0,,
2025-10-05 00:00:00-03:00,0,24,0,0,0,0.0,73.9,0.0,0,0,0,0,0,3.3,0,,0.0,24.0,0.0,0.0,0,,
2025-10-05 00:05:00-03:00,0,24,0,0,0,0.0,73.8,0.0,0,0,0,0,0,3.3,0,,0.0,24.0,0.0,0.0,0,,
2025-10-05 00:10:00-03:00,0,24,0,0,0,0.0,73.8,0.0,0,0,0,0,0,3.3,0,,0.0,24.0,0.0,0.0,0,,
2025-10-05 00:15:00-03:00,0,24,0,0,0,0.0,73.8,0.0,0,0,0,0,0,3.3,0,,0.0,24.0,0.0,0.0,0,,
2025-10-05 00:20:00-03:00,0,24,0,0,0,0.0,73.8,0.0,0,0,0,0,0,3.3,0,,0.0,24.0,0.0,0.0,0,,
2025-10-05 00:25:00-03:00,0,24,0,0,0,0.0,73.8,0.0,0,0,0,0,0,3.3,0,,0.0,24.0,0.0,0.0,0,,
2025-10-05 00:30:00-03:00,0,24,0,0,0,0.0,73.8,0.0,0,0,0,0,0,3.3,0,,0.0,24.0,0.0,0.0,0,,
2025-10-05 00:35:00-03:00,0,24,0,0,0,0.0,73.8,0.0,0,0,0,0,0,3.3,0,,0.0,24.0,0.0,0.0,0,,
2025-10-05 00:40:00-03:00,0,24,0,0,0,0.0,73.8,0.0,0,0,0,0,0,3.3,0,,0.0,24.0,0.0,0.0,0,,
2025-10-05 00:45:00-03:00,0,24,0,0,0,0.0,73.8,0.0,0,0,0,0,0,3.2,0,,0.0,24.0,0.0,0.0,0,,
2025-10-05 00:50:00-03:00,0,24,0,0,0,0.0,73.8,0.0,0,0,0,0,0,3.2,0,,0.0,24.0,0.0,0.0,0,,
2025-10-05 00:55:00-03:00,0,24,0,0,0,0.0,73.8,0.0,0,0,0,0,0,3.2,0,,0.0,24.0,0.0,0.0,0,,
2025-10-05 01:00:00-03:00,0,24,0,0,0,0.0,73.8,0.0,0,0,0,0,0,3.2,0,,0.0,24.0,0.0,0.0,0,,
2025-10-05 01:05:00-03:00,0,24,0,0,0,0.0,73.8,0.0,0,0,0,0,0,3.2,0,,0.0,24.0,0.0,0.0,0,,
2025-10-05 01:10:00-03:00,0,24,0,0,0,0.0,73.7,0.0,0,0,0,0,0,3.2,0,,0.0,24.0,0.0,0.0,0,,
2025-10-05 01:15:00-03:00,0,24,0,0,0,0.0,73.7,0.0,0,0,0,0,0,3.2,0,,0.0,24.0,0.0,0.0,0,,
2025-10-05 01:20:00-03:00,0,24,0,0,0,0.0,73.6,0.0,0,0,0,0,0,3.2,0,,0.0,24.0,0.0,0.0,0,,
2025-10-05 01:25:00-03:00,0,24,0,0,0,0.0,73.5,0.0,0,0,0,0,0,3.2,0,,0.0,24.0,0.0,0.0,0,,
2025-10-05 01:30:00-03:00,0,24,0,0,0,0.0,73.4,0.0,0,0,0,0,0,3.2,0,,0.0,24.0,0.0,0.0,0,,
2025-10-05 01:35:00-03:00,0,24,0,0,0,0.0,73.4,0.0,0,0,0,0,0,3.2,0,,0.0,24.0,0.0,0.0,0,,
2025-10-05 01:40:00-03:00,0,24,0,0,0,0.0,73.3,0.0,0,0,0,0,0,3.2,0,,0.0,24.0,0.0,0.0,0,,
2025-10-05 01:45:00-03:00,0,24,0,0,0,0.0,73.2,0.0,0,0,0,0,0,3.2,0,,0.0,24.0,0.0,0.0,0,,
2025-10-05 01:50:00-03:00,0,24,0,0,0,0.0,73.2,0.0,0,0,0,0,0,3.1,0,,0.0,24.0,0.0,0.0,0,,
2025-10-05 01:55:00-03:00,0,24,0,0,0,0.0,73.1,0.0,0,0,0,0,0,3.1,0,,0.0,24.0,0.0,0.0,0,,
2025-10-05 02:00:00-03:00,0,23,0,0,0,0.0,73.0,0.0,0,0,0,0,0,3.1,0,,0.0,23.0,0.0,0.0,0,,
2025-10-05 02:05:00-03:00,0,23,0,0,0,0.0,72.9,0.0,0,0,0,0,0,3.1,0,,0.0,23.0,0.0,0.0,0,,
2025-10-05 02:10:00-03:00,0,23,0,0,0,0.0,72.9,0.0,0,0,0,0,0,3.1,0,,0.0,23.0,0.0,0.0,0,,
2025-10-05 02:15:00-03:00,0,23,0,0,0,0.0,72.8,0.0,0,0,0,0,0,3.1,0,,0.0,23.0,0.0,0.0,0,,
2025-10-05 02:20:00-03:00,0,23,0,0,0,0.0,72.7,0.0,0,0,0,0,0,3.1,0,,0.0,23.0,0.0,0.0,0,,
2025-10-05 02:25:00-03:00,0,23,0,0,0,0.0,72.6,0.0,0,0,0,0,0,3.1,0,,0.0,23.0,0.0,0.0,0,,
2025-10-05 02:30:00-03:00,0,23,0,0,0,0.0,72.6,0.0,0,0,0,0,0,3.1,0,,0.0,23.0,0.0,0.0,0,,
2025-10-05 02:35:00-03:00,0,23,0,0,0,0.0,72.5,0.0,0,0,0,0,0,3.1,0,,0.0,23.0,0.0,0.0,0,,
2025-10-05 02:40:00-03:00,0,23,0,0,0,0.0,72.4,0.0,0,0,0,0,0,3.1,0,,0.0,23.0,0.0,0.0,0,,
2025-10-05 02:45:00-03:00,0,23,0,0,0,0.0,72.3,0.0,0,0,0,0,0,3.1,0,,0.0,23.0,0.0,0.0,0,,
2025-10-05 02:50:00-03:00,0,23,0,0,0,0.0,72.3,0.0,0,0,0,0,0,3.1,0,,0.0,23.0,0.0,0.0,0,,
2025-10-05 02:55:00-03:00,0,23,0,0,0,0.0,72.2,0.0,0,0,0,0,0,3.1,0,,0.0,23.0,0.0,0.0,0,,
2025-10-05 03:00:00-03:00,0,23,0,0,0,0.0,72.1,0.0,0,0,0,0,0,3.0,0,,0.0,23.0,0.0,0.0,0,,
2025-10-05 03:05:00-03:00,0,23,0,0,0,0.0,72.1,0.0,0,0,0,0,0,3.0,0,,0.0,23.0,0.0,0.0,0,,
2025-10-05 03:10:00-03:00,0,23,0,0,0,0.0,72.1,0.0,0,0,0,0,0,3.0,0,,0.0,23.0,0.0,0.0,0,,
2025-10-05 03:15:00-03:00,0,23,0,0,0,0.0,72.1,0.0,0,0,0,0,0,3.0,0,,0.0,23.0,0.0,0.0,0,,
2025-10-05 03:20:00-03:00,0,23,0,0,0,0.0,72.1,0.0,0,0,0,0,0,3.0,0,,0.0,23.0,0.0,0.0,0,,
2025-10-05 03:25:00-03:00,0,23,0,0,0,0.0,72.1,0.0,0,0,0,0,0,3.0,0,,0.0,23.0,0.0,0.0,0,,
2025-10-05 03:30:00-03:00,0,23,0,0,0,0.0,72.1,0.0,0,0,0,0,0,3.0,0,,0.0,23.0,0.0,0.0,0,,
2025-10-05 03:35:00-03:00,0,23,0,0,0,0.0,72.1,0.0,0,0,0,0,0,3.0,0,,0.0,23.0,0.0,0.0,0,,
2025-10-05 03:40:00-03:00,0,23,0,0,0,0.0,72.1,0.0,0,0,0,0,0,3.0,0,,0.0,23.0,0.0,0.0,0,,
2025-10-05 03:45:00-03:00,0,23,0,0,0,0.0,72.1,0.0,0,0,0,0,0,3.0,0,,0.0,23.0,0.0,0.0,0,,
2025-10-05 03:50:00-03:00,0,23,0,0,0,0.0,72.1,0.0,0,0,0,0,0,3.0,0,,0.0,23.0,0.0,0.0,0,,
2025-10-05 03:55:00-03:00,0,23,0,0,0,0.0,72.1,0.0,0,0,0,0,0,2.9,0,,0.0,23.0,0.0,0.0,0,,
2025-10-05 04:00:00-03:00,0,23,0,0,0,0.0,72.1,0.0,0,0,0,0,0,2.9,0,,0.0,23.0,0.0,0.0,0,,
2025-10-05 04:05:00-03:00,0,23,0,0,0,0.0,72.1,0.0,0,0,0,0,0,2.9,0,,0.0,23.0,0.0,0.0,0,,
2025-10-05 04:10:00-03:00,0,23,0,0,0,0.0,72.1,0.0,0,0,0,0,0,2.9,0,,0.0,23.0,0.0,0.0,0,,
2025-10-05 04:15:00-03:00,0,23,0,0,0,0.0,72.1,0.0,0,0,0,0,0,2.9,0,,0.0,23.0,0.0,0.0,0,,
2025-10-05 04:20:00-03:00,0,22,0,0,0,0.0,72.1,0.0,0,0,0,0,0,2.9,0,,0.0,22.0,0.0,0.0,0,,
2025-10-05 04:25:00-03:00,0,22,0,0,0,0.0,72.1,0.0,0,0,0,0,0,2.9,0,,0.0,22.0,0.0,0.0,0,,
2025-10-05 04:30:00-03:00,0,22,0,0,0,0.0,72.1,0.0,0,0,0,0,0,2.9,0,,0.0,22.0,0.0,0.0,0,,
2025-10-05 04:35:00-03:00,0,22,0,0,0,0.0,72.1,0.0,0,0,0,0,0,2.9,0,,0.0,22.0,0.0,0.0,0,,
2025-10-05 04:40:00-03:00,0,22,0,0,0,0.0,72.1,0.0,0,0,0,0,0,2.9,0,,0.0,22.0,0.0,0.0,0,,
2025-10-05 04:45:00-03:00,0,22,0,0,0,0.0,72.1,0.0,0,0,0,0,0,2.9,0,,0.0,22.0,0.0,0.0,0,,
2025-10-05 04:50:00-03:00,0,22,0,0,0,0.0,72.1,0.0,0,0,0,0,0,2.8,0,,0.0,22.0,0.0,0.0,0,,
2025-10-05 04:55:00-03:00,0,22,0,0,0,0.0,72.1,0.0,0,0,0,0,0,2.8,0,,0.0,22.0,0.0,0.0,0,,
2025-10-05 05:00:00-03:00,0,22,0,0,0,0.0,72.1,0.0,0,0,0,0,0,2.8,0,,0.0,22.0,0.0,0.0,0,,
2025-10-05 05:05:00-03:00,0,22,0,0,0,0.0,72.0,0.0,0,0,0,0,0,2.8,0,,0.0,22.0,0.0,0.0,0,,
2025-10-05 05:10:00-03:00,0,22,0,0,0,0.0,72.0,0.0,0,0,0,0,0,2.8,0,,0.0,22.0,0.0,0.0,0,,
2025-10-05 05:15:00-03:00,0,22,0,0,0,0.0,71.9,0.0,0,0,0,0,0,2.8,0,,0.0,22.0,0.0,0.0,0,,
2025-10-05 05:20:00-03:00,0,22,0,0,0,0.0,71.8,0.0,0,0,0,0,0,2.8,0,,0.0,22.0,0.0,0.0,0,,
2025-10-05 05:25:00-03:00,0,22,0,0,0,0.0,71.7,0.0,0,0,0,0,0,2.8,0,,0.0,22.0,0.0,0.0,0,,
2025-10-05 05:30:00-03:00,0,22,0,0,0,0.0,71.7,0.0,0,0,0,0,0,2.8,0,,0.0,22.0,0.0,0.0,0,,
2025-10-05 05:35:00-03:00,0,22,0,0,0,0.0,71.6,0.0,0,0,0,0,0,2.8,0,,0.8660254043135834,22.0,0.0,0.0,0,,
2025-10-05 05:40:00-03:00,0,22,0,0,0,0.0,71.5,0.0,0,0,0,0,0,2.8,0,,3.2145502538066153,22.0,0.0,0.0,0,,
2025-10-05 05:45:00-03:00,0,22,0,0,0,0.0,71.4,0.0,0,0,0,0,0,2.7,0,,6.278872703372336,22.0,0.0,0.0,0,,
2025-10-05 05:50:00-03:00,0,22,0,0,0,0.0,71.4,0.0,0,0,0,0,0,2.7,0,,10.405418169090286,22.0,0.0,0.0,0,,
2025-10-05 05:55:00-03:00,0,22,0,0,0,0.0,71.3,0.0,0,0,0,0,0,2.7,0,,15.663845651913213,22.0,0.0,0.0,0,,
2025-10-05 06:00:00-03:00,3,22,0,3,3,0.0,71.2,0.0,1,3,3,1,3,2.7,0,1.0,21.436834626146865,22.09375,0.0,3.0,0,0.0,0.0
2025-10-05 06:05:00-03:00,13,22,0,13,11,0.0,71.2,0.0,4,13,11,4,11,2.8,1,1.0,27.751603830272472,22.34375,0.0,11.0,0,0.0,0.0
2025-10-05 06:10:00-03:00,24,22,0,24,20,0.0,71.2,0.0,7,24,20,7,20,2.8,1,1.0,34.364688536093006,22.625,0.0,20.0,0,0.0,0.0
2025-10-05 06:15:00-03:00,38,22,0,38,32,0.0,71.2,0.0,11,38,32,11,32,2.9,1,1.0,40.88305568845226,23.0,0.0,32.0,0,0.0,0.0
2025-10-05 06:20:00-03:00,52,22,0,52,47,0.0,71.2,0.0,15,52,47,15,47,3.0,1,1.0,47.29685427428816,23.46875,0.0,47.0,0,0.0,0.0
2025-10-05 06:25:00-03:00,68,23,0,68,62,0.0,71.2,0.0,20,68,62,19,62,3.0,1,1.0,53.17552410307928,24.9375,0.0,62.0,0,0.0,0.0
2025-10-05 06:30:00-03:00,85,23,0,85,79,0.0,70.9,0.0,25,85,79,24,79,3.1,1,1.0,58.09624981377902,25.46875,0.1875,78.851875,0,0.0,0.0
2025-10-05 06:35:00-03:00,103,23,0,103,97,0.0,69.0,0.0,32,103,97,31,97,3.2,1,1.0,62.145479369471055,26.03125,0.41250000000000003,96.599875,0,0.0,0.0
2025-10-05 06:40:00-03:00,122,23,0,122,115,0.0,67.1,0.0,40,122,115,39,115,3.2,1,1.0,65.73840489994106,26.59375,0.6375000000000001,114.266875,0,0.0,0.0
2025-10-05 06:45:00-03:00,141,23,0,141,135,0.0,65.2,0.0,49,141,135,48,135,3.3,1,1.0,68.68918798075303,27.21875,0.8875000000000001,133.801875,0,0.0,0.0
2025-10-05 06:50:00-03:00,162,24,0,162,155,0.0,63.3,0.0,59,162,155,58,155,3.4,1,1.0,71.13170669237695,28.84375,1.5375,152.616875,0,0.0,0.0
2025-10-05 06:55:00-03:00,182,24,0,182,175,0.0,61.4,0.0,70,182,175,69,175,3.4,1,1.0,73.28255817951461,29.46875,1.7875,171.87187500000002,0,0.0,0.0
2025-10-05 07:00:00-03:00,203,24,0,203,196,0.0,59.5,0.0,82,203,196,81,196,3.5,1,1.0,74.97817864370838,30.125,2.0500000000000003,191.982,0,0.0,0.0
2025-10-05 07:05:00-03:00,224,24,0,224,218,0.0,58.5,0.0,93,224,218,92,218,3.6,1,1.0,76.50351546686213,30.8125,2.325,212.9315,0,0.0,0.0
2025-10-05 07:10:00-03:00,246,25,0,246,240,0.0,57.7,0.0,104,246,240,102,240,3.7,1,1.0,77.72620945578224,32.5,3.0,232.79999999999998,0,0.0,0.0
2025-10-05 07:15:00-03:00,268,25,0,268,262,0.0,56.8,0.0,116,268,262,114,262,3.7,1,1.0,78.69210233369945,33.1875,3.2750000000000004,253.41949999999997,0,0.0,0.0
2025-10-05 07:20:00-03:00,289,25,0,289,284,0.0,56.0,0.0,127,289,284,125,284,3.8,1,1.0,79.45477082001447,33.875,3.5500000000000003,273.918,0,0.0,0.0
2025-10-05 07:25:00-03:00,311,25,0,311,306,0.0,55.2,0.0,140,311,306,137,306,3.9,1,1.0,80.10655782182245,34.5625,3.825,294.2955,0,0.0,0.0
2025-10-05 07:30:00-03:00,333,25,0,333,329,0.0,54.3,0.0,152,333,329,150,329,3.9,1,1.0,80.43291953830149,35.28125,4.1125,315.469875,0,0.0,0.0
2025-10-05 07:35:00-03:00,355,26,0,355,351,0.0,53.5,0.0,165,355,351,162,351,4.0,1,1.0,80.54600605187936,36.96875,4.7875000000000005,334.195875,0,0.0,0.0
2025-10-05 07:40:00-03:00,377,26,0,377,374,0.0,52.6,0.0,178,377,374,176,374,4.1,1,1.0,80.58366628993451,37.6875,5.075,355.0195,0,0.0,0.0
2025-10-05 07:45:00-03:00,399,26,0,399,396,0.0,52.1,0.0,191,399,396,188,396,4.1,1,1.0,80.54600605187885,38.375,5.3500000000000005,374.814,0,0.0,0.0
2025-10-05 07:50:00-03:00,421,26,0,421,419,0.0,51.7,0.0,203,421,419,200,419,4.2,1,1.0,80.29542988617865,39.09375,5.6375,395.378875,0,0.0,0.0
2025-10-05 07:55:00-03:00,442,26,0,442,441,0.0,51.4,0.0,215,442,441,212,441,4.3,1,1.0,79.99370240364271,39.78125,5.9125000000000005,414.925875,0,0.0,0.0
2025-10-05 08:00:00-03:00,464,27,0,464,463,0.0,51.0,0.0,227,464,463,223,463,4.4,1,1.0,79.50281108047099,41.46875,6.5875,432.499875,0,0.0,0.0
2025-10-05 08:05:00-03:00,485,27,0,485,485,0.0,50.6,0.0,240,485,485,236,485,4.4,1,1.0,79.01260927372589,42.15625,6.862500000000001,451.71687499999996,0,0.0,0.0
2025-10-05 08:10:00-03:00,506,27,0,506,507,0.0,50.1,0.0,252,506,507,248,507,4.5,1,1.0,78.27089710315926,42.84375,7.1375,470.812875,0,0.0,0.0
2025-10-05 08:15:00-03:00,527,27,0,527,528,0.0,49.7,0.0,265,527,528,261,528,4.6,1,1.0,77.62902261084525,43.5,7.4,488.92799999999994,0,0.0,0.0
2025-10-05 08:20:00-03:00,548,27,0,548,550,0.0,49.2,0.0,278,548,550,274,550,4.6,1,1.0,76.83492734821834,44.1875,7.675000000000001,507.7875,0,0.0,0.0
2025-10-05 08:25:00-03:00,568,28,0,568,571,0.0,48.8,0.0,291,568,571,287,571,4.7,1,1.0,76.1051903617611,45.84375,8.3375,523.392875,0,0.0,0.0
2025-10-05 08:30:00-03:00,589,28,0,589,592,0.0,48.3,0.0,304,589,592,300,592,4.8,1,1.0,75.21298042387554,46.5,8.6,541.088,0,0.0,0.0
2025-10-05 08:35:00-03:00,609,28,0,609,612,0.0,47.8,0.0,317,609,612,313,612,4.8,1,1.0,74.2323849118213,47.125,8.85,557.838,0,0.0,0.0
2025-10-05 08:40:00-03:00,628,28,0,628,633,0.0,47.4,0.0,331,628,633,326,633,4.9,1,1.0,73.2380924233965,47.78125,9.1125,575.317875,0,0.0,0.0
2025-10-05 08:45:00-03:00,648,28,0,648,653,0.0,46.9,0.0,344,648,653,340,653,5.0,1,1.0,72.30595767397911,48.40625,9.3625,591.8628749999999,0,0.0,0.0
2025-10-05 08:50:00-03:00,667,29,0,667,673,0.0,46.4,0.0,357,667,673,353,673,5.1,1,1.0,71.20834774012447,50.03125,10.012500000000001,605.615875,0,0.0,0.0
2025-10-05 08:55:00-03:00,686,29,0,686,692,0.0,46.0,0.0,371,686,692,366,692,5.1,1,1.0,70.05382130039402,50.625,10.25,621.0699999999999,0,0.0,0.0
2025-10-05 09:00:00-03:00,704,29,0,704,711,0.0,45.5,0.0,384,704,711,380,711,5.2,1,1.0,68.79894951629042,51.21875,10.4875,636.433875,0,0.0,0.0
2025-10-05 09:05:00-03:00,722,29,0,722,730,0.0,45.1,0.0,397,722,730,392,730,5.2,1,1.0,67.54319605506478,51.8125,10.725000000000001,651.7075,0,0.0,0.0
2025-10-05 09:10:00-03:00,740,29,0,740,749,0.0,45.0,0.0,407,740,749,403,749,5.1,1,1.0,66.0832234704238,52.40625,10.9625,666.890875,0,0.0,0.0
2025-10-05 09:15:00-03:00,757,30,1,757,767,0.0,45.0,0.0,417,757,767,412,767,5.1,1,1.0,64.6878284649799,53.96875,11.5875,678.123875,0,0.0,0.0
2025-10-05 09:20:00-03:00,774,30,1,774,784,0.0,45.0,0.0,426,774,784,422,784,5.0,1,1.0,63.18059732851026,54.5,11.8,691.488,0,0.0,0.0
2025-10-05 09:25:00-03:00,791,30,1,791,801,0.0,45.0,0.0,435,791,801,431,801,4.9,1,1.0,61.686094400794175,55.03125,12.012500000000001,704.779875,0,0.0,0.0
2025-10-05 09:30:00-03:00,807,30,2,807,818,0.0,45.0,0.0,444,807,818,440,818,4.8,1,1.0,60.026446191854966,55.5625,12.225000000000001,717.9995,0,0.0,0.0
2025-10-05 09:35:00-03:00,822,30,2,822,834,0.0,45.0,0.0,452,822,834,448,834,4.8,1,1.0,58.32406852832162,56.0625,12.425,730.3755,0,0.0,0.0
2025-10-05 09:40:00-03:00,838,30,2,838,850,0.0,45.0,0.0,461,838,850,456,850,4.7,1,1.0,56.573564337219715,56.5625,12.625,742.6875,0,0.0,0.0
2025-10-05 09:45:00-03:00,852,31,3,852,865,0.0,45.0,0.0,469,852,865,465,865,4.6,1,1.0,54.92694873164742,58.03125,13.2125,750.711875,0,0.0,0.0
2025-10-05 09:50:00-03:00,866,31,3,866,880,0.0,45.0,0.0,476,866,880,472,880,4.5,1,1.0,53.234401613531965,58.5,13.4,762.08,0,0.0,0.0
2025-10-05 09:55:00-03:00,880,31,3,880,894,0.0,45.0,0.0,484,880,894,480,894,4.5,1,1.0,51.47189583263214,58.9375,13.575000000000001,772.6395,0,0.0,0.0
2025-10-05 10:00:00-03:00,893,31,4,893,908,0.0,45.0,0.0,491,893,908,487,908,4.4,1,1.0,49.634039517120975,59.375,13.75,783.1500000000001,0,0.0,0.0
2025-10-05 10:05:00-03:00,906,31,4,906,921,0.0,45.0,0.0,498,906,921,494,921,4.3,1,1.0,47.87190926805532,59.78125,13.912500000000001,792.865875,0,0.0,0.0
2025-10-05 10:10:00-03:00,918,31,4,918,934,0.0,45.0,0.0,505,918,934,501,934,4.2,1,1.0,46.03448970525732,60.1875,14.075000000000001,802.5395,0,0.0,0.0
2025-10-05 10:15:00-03:00,930,31,4,930,946,0.0,45.0,0.0,512,930,946,508,946,4.2,1,1.0,44.27282838641,60.5625,14.225000000000001,811.4315,0,0.0,0.0
2025-10-05 10:20:00-03:00,942,32,5,942,958,0.0,45.0,0.0,518,942,958,514,958,4.1,1,1.0,42.43595887993768,61.9375,14.775,816.4554999999999,0,0.0,0.0
2025-10-05 10:25:00-03:00,952,32,5,952,969,0.0,45.0,0.0,524,952,969,520,969,4.0,1,1.0,40.54739090360864,62.28125,14.912500000000001,824.497875,0,0.0,0.0
2025-10-05 10:30:00-03:00,963,32,5,963,980,0.0,45.0,0.0,530,963,980,525,980,4.0,1,1.0,38.731007075598036,62.625,15.05,832.51,0,0.0,0.0
2025-10-05 10:35:00-03:00,973,32,6,973,990,0.0,45.0,0.0,535,973,990,531,990,3.9,1,1.0,36.86451443111006,62.9375,15.175,839.7674999999999,0,0.0,0.0
2025-10-05 10:40:00-03:00,982,32,6,982,1000,0.0,45.0,0.0,540,982,1000,536,1000,3.8,1,1.0,34.943677626427466,63.25,15.3,847.0,0,0.0,0.0
2025-10-05 10:45:00-03:00,991,32,6,991,1009,0.0,45.0,0.0,545,991,1009,541,1009,3.7,1,1.0,32.9954083123097,63.53125,15.412500000000001,853.4878749999999,0,0.0,0.0
2025-10-05 10:50:00-03:00,999,33,7,999,1017,0.0,45.0,0.0,549,999,1017,545,1017,3.7,1,1.0,31.013193673293838,64.78125,15.912500000000001,855.169875,0,0.0,0.0
2025-10-05 10:55:00-03:00,1007,33,7,1007,1026,0.0,45.0,0.0,554,1007,1026,550,1026,3.6,1,1.0,29.027025025262564,65.0625,16.025000000000002,861.5835,0,0.0,0.0
2025-10-05 11:00:00-03:00,1014,33,7,1014,1033,0.0,45.0,0.0,558,1014,1033,554,1033,3.5,1,1.0,27.028604376557794,65.28125,16.1125,866.5578750000001,0,0.0,0.0
2025-10-05 11:05:00-03:00,1021,33,7,1021,1040,0.0,45.0,0.0,561,1021,1040,557,1040,3.5,1,1.0,25.052066992666976,65.5,16.2,871.52,0,0.0,0.0
2025-10-05 11:10:00-03:00,1027,33,8,1027,1046,0.0,45.0,0.0,565,1027,1046,561,1046,3.4,1,1.0,22.970831306421935,65.6875,16.275000000000002,875.7634999999999,0,0.0,0.0
2025-10-05 11:15:00-03:00,1032,33,8,1032,1052,0.0,45.0,0.0,568,1032,1052,564,1052,3.3,1,1.0,20.959376291875873,65.875,16.35,879.998,0,0.0,0.0
2025-10-05 11:20:00-03:00,1037,34,8,1037,1057,0.0,45.0,0.0,571,1037,1057,567,1057,3.2,1,1.0,18.788092618502002,67.03125,16.8125,879.291875,0,0.0,0.0
2025-10-05 11:25:00-03:00,1042,34,9,1042,1062,0.0,45.0,0.0,573,1042,1062,569,1062,3.2,1,1.0,16.54997024621165,67.1875,16.875,882.7875,0,0.0,0.0
2025-10-05 11:30:00-03:00,1046,34,9,1046,1066,0.0,45.0,0.0,575,1046,1066,571,1066,3.1,1,1.0,14.40328245413221,67.3125,16.925,885.5794999999999,0,0.0,0.0
2025-10-05 11:35:00-03:00,1049,34,9,1049,1069,0.0,45.0,0.0,577,1049,1069,573,1069,3.0,1,1.0,12.176728923306449,67.40625,16.962500000000002,887.670875,0,0.0,0.0
2025-10-05 11:40:00-03:00,1051,34,10,1051,1072,0.0,45.0,0.0,578,1051,1072,574,1072,3.0,1,1.0,10.040448498924773,67.5,17.0,889.76,0,0.0,0.0
2025-10-05 11:45:00-03:00,1053,34,10,1053,1073,0.0,45.0,0.0,579,1053,1073,575,1073,2.9,1,1.0,7.886985828153556,67.53125,17.0125,890.455875,0,0.0,0.0
2025-10-05 11:50:00-03:00,1054,35,10,1054,1075,0.0,45.0,0.0,580,1054,1075,576,1075,2.8,1,1.0,5.884623002175614,68.59375,17.4375,887.5468750000001,0,0.0,0.0
2025-10-05 11:55:00-03:00,1055,35,11,1055,1075,0.0,45.0,0.0,580,1055,1075,576,1075,2.8,1,1.0,4.1231056254896865,68.59375,17.4375,887.5468750000001,0,0.0,0.0
2025-10-05 12:00:00-03:00,1055,35,11,1055,1075,0.0,45.0,0.0,580,1055,1075,576,1075,2.7,1,1.0,3.232177237701204,68.59375,17.4375,887.5468750000001,0,0.0,0.0
2025-10-05 12:05:00-03:00,1055,35,11,1055,1075,0.0,45.0,0.0,580,1055,1075,576,1075,2.7,1,1.0,3.596083728274756,68.59375,17.4375,887.5468750000001,0,0.0,0.0
2025-10-05 12:10:00-03:00,1054,35,11,1054,1074,0.0,44.9,0.0,581,1054,1074,577,1074,2.7,1,1.0,4.917501213092229,68.5625,17.425,886.8555,0,0.0,0.0
2025-10-05 12:15:00-03:00,1052,35,11,1052,1072,0.0,44.8,0.0,581,1052,1072,577,1072,2.7,1,1.0,6.527331813613284,68.5,17.400000000000002,885.472,0,0.0,0.0
2025-10-05 12:20:00-03:00,1050,35,11,1050,1070,0.0,44.7,0.0,581,1050,1070,576,1070,2.7,1,1.0,8.343024667649688,68.4375,17.375,884.0875000000001,0,0.0,0.0
2025-10-05 12:25:00-03:00,1047,35,11,1047,1067,0.0,44.6,0.0,580,1047,1067,576,1067,2.7,1,1.0,10.094628034279944,68.34375,17.337500000000002,882.008875,0,0.0,0.0
2025-10-05 12:30:00-03:00,1044,35,11,1044,1064,0.0,44.5,0.0,579,1044,1064,575,1064,2.7,1,1.0,11.95826074305798,68.25,17.3,879.928,0,0.0,0.0
2025-10-05 12:35:00-03:00,1041,35,11,1041,1060,0.0,44.5,0.0,578,1041,1060,574,1060,2.7,1,1.0,13.780475868070887,68.125,17.25,877.15,0,0.0,0.0
2025-10-05 12:40:00-03:00,1037,35,11,1037,1056,0.0,44.4,0.0,577,1037,1056,572,1056,2.7,1,1.0,15.588214273655682,68.0,17.2,874.368,0,0.0,0.0
2025-10-05 12:45:00-03:00,1032,35,11,1032,1051,0.0,44.3,0.0,575,1032,1051,571,1051,2.7,1,1.0,17.65558543262407,67.84375,17.1375,870.884875,0,0.0,0.0
2025-10-05 12:50:00-03:00,1027,35,12,1027,1046,0.0,44.2,0.0,573,1027,1046,569,1046,2.7,1,1.0,19.88070482255166,67.6875,17.075,867.3955000000001,0,0.0,0.0
2025-10-05 12:55:00-03:00,1021,35,12,1021,1040,0.0,44.1,0.0,571,1021,1040,566,1040,2.7,1,1.0,22.079745277384212,67.5,17.0,863.1999999999999,0,0.0,0.0
2025-10-05 13:00:00-03:00,1015,35,12,1015,1034,0.0,44.0,0.0,568,1015,1034,564,1034,2.7,1,1.0,24.3775542562043,67.3125,16.925,858.9955,0,0.0,0.0
2025-10-05 13:05:00-03:00,1008,35,12,1009,1027,0.0,44.1,0.0,564,1009,1027,560,1027,2.7,1,1.0,26.75761007580358,67.09375,16.837500000000002,854.0788749999999,0,0.0,0.0
2025-10-05 13:10:00-03:00,1000,35,12,1001,1019,0.1,44.2,0.0,558,1001,1018,554,1019,2.8,1,0.9990186457311089,29.151121398446147,66.8125,16.725,847.7395,0,0.09813542688910697,9.813542688910697e-05
2025-10-05 13:15:00-03:00,991,35,12,993,1011,0.2,44.4,0.0,552,993,1009,548,1011,2.8,1,0.9980217606330366,31.547463039704315,66.53125,16.6125,841.3798750000001,0,0.19782393669634024,0.0003956478733926805
2025-10-05 13:20:00-03:00,982,35,12,985,1003,0.3,44.6,0.0,546,985,1000,541,1003,2.8,1,0.9970089730807578,33.88874399702763,66.25,16.5,835.0,0,0.29910269192422734,0.0008973080757726821
2025-10-05 13:25:00-03:00,973,35,12,976,993,0.4,44.8,0.0,539,976,990,535,993,2.8,1,0.9969788519637462,36.01378103228754,65.9375,16.375,827.8874999999999,0,0.3021148036253776,0.0012084592145015106
2025-10-05 13:30:00-03:00,963,35,12,967,984,0.5,44.9,0.0,533,967,979,528,984,2.8,1,0.9949186991869918,38.05578043138228,65.59375,16.2375,820.0348749999999,0,0.5081300813008129,0.0025406504065040646
2025-10-05 13:35:00-03:00,952,35,12,957,973,0.5,45.1,0.0,526,957,968,521,973,2.8,1,0.9948612538540597,39.99649605864093,65.25,16.1,812.1519999999999,0,0.513874614594039,0.0025693730729701952
2025-10-05 13:40:00-03:00,941,35,12,947,963,0.6,45.2,0.0,518,947,956,514,963,2.8,1,0.9927310488058152,41.7854367845059,64.875,15.950000000000001,803.518,0,0.726895119418484,0.004361370716510903
2025-10-05 13:45:00-03:00,929,35,12,936,951,0.7,45.4,0.0,511,936,944,506,951,2.9,1,0.9926393270241851,43.550388788570004,64.5,15.8,794.848,0,0.7360672975814931,0.005152471083070451
2025-10-05 13:50:00-03:00,917,35,12,924,939,0.8,45.6,0.0,503,924,932,498,939,2.9,1,0.9925452609158679,45.31731557482593,64.125,15.65,786.142,0,0.7454739084132056,0.005963791267305645
2025-10-05 13:55:00-03:00,905,35,12,913,927,0.9,45.8,0.0,495,913,919,490,927,2.9,1,0.9913700107874865,46.93806363902456,63.71875,15.4875,776.669875,0,0.8629989212513484,0.007766990291262136
2025-10-05 14:00:00-03:00,891,35,12,900,914,1.0,45.9,0.0,487,900,905,482,914,2.9,1,0.9901531728665208,48.565092214650605,63.28125,15.3125,766.421875,0,0.9846827133479212,0.009846827133479213
2025-10-05 14:05:00-03:00,878,35,12,887,901,1.0,46.0,0.0,479,887,891,474,901,3.0,1,0.9889012208657048,50.20043160504401,62.84375,15.137500000000001,756.124875,0,1.1098779134295227,0.011098779134295227
2025-10-05 14:10:00-03:00,864,35,12,874,887,1.1,46.0,0.0,472,874,877,467,887,3.0,1,0.9887260428410372,51.866013277798146,62.40625,14.9625,745.778875,0,1.1273957158962795,0.012401352874859075
2025-10-05 14:15:00-03:00,850,35,12,860,873,1.2,46.0,0.0,464,860,862,459,873,3.0,1,0.9873997709049256,53.56361270545554,61.9375,14.775,734.6395,0,1.2600229095074456,0.015120274914089347
2025-10-05 14:20:00-03:00,835,35,13,846,858,1.3,46.0,0.0,457,846,847,452,858,3.0,1,0.9871794871794872,55.168886708048845,61.46875,14.5875,723.443875,0,1.282051282051282,0.016666666666666666
2025-10-05 14:25:00-03:00,820,35,13,831,843,1.4,46.0,0.0,449,831,831,444,843,3.1,1,0.9857651245551602,56.70551253198102,60.96875,14.387500000000001,711.439875,0,1.4234875444839856,0.019928825622775797
2025-10-05 14:30:00-03:00,804,35,13,816,827,1.5,46.0,0.0,441,816,815,436,827,3.1,1,0.9854897218863361,58.17912517441414,60.46875,14.1875,699.371875,0,1.4510278113663846,0.02176541717049577
2025-10-05 14:35:00-03:00,788,35,13,800,811,1.5,46.0,0.0,432,800,798,427,811,3.1,1,0.9839704069050554,59.765387266804325,59.9375,13.975000000000001,686.4794999999999,0,1.6029593094944512,0.024044389642416765
2025-10-05 14:40:00-03:00,772,35,13,784,794,1.6,46.0,0.0,424,784,781,419,794,3.1,1,0.9836272040302267,60.35268817291065,59.40625,13.762500000000001,673.514875,0,1.63727959697733,0.026196473551637282
2025-10-05 14:45:00-03:00,755,35,13,768,777,1.7,46.0,0.0,415,768,764,410,777,3.2,1,0.9832689832689833,60.03856084116645,58.875,13.55,660.4780000000001,0,1.673101673101673,0.02844272844272844
2025-10-05 14:50:00-03:00,738,36,13,751,760,1.8,46.0,0.0,406,751,746,401,760,3.2,1,0.9815789473684211,59.82904939504595,59.3125,13.725000000000001,643.6115,0,1.8421052631578945,0.0331578947368421
2025-10-05 14:55:00-03:00,720,36,13,734,742,1.9,46.0,0.0,396,734,728,392,742,3.2,1,0.9811320754716981,59.79124036380379,58.75,13.5,629.72,0,1.8867924528301887,0.035849056603773584
2025-10-05 15:00:00-03:00,703,36,13,717,724,2.0,46.0,0.0,387,717,709,382,724,3.3,1,0.9792817679558011,60.13746878207401,58.15625,13.262500000000001,614.968875,0,2.071823204419889,0.04143646408839778
2025-10-05 15:05:00-03:00,691,35,13,699,705,1.1,46.3,0.0,375,699,697,370,705,3.3,1,0.9886524822695035,60.91847507990019,56.78125,12.7125,608.393875,0,1.1347517730496455,0.012482269503546101
2025-10-05 15:10:00-03:00,679,35,12,680,686,0.2,46.6,0.0,363,680,685,358,686,3.3,1,0.9985422740524781,62.0236391884713,56.40625,12.5625,598.946875,0,0.1457725947521866,0.0002915451895043732
2025-10-05 15:15:00-03:00,662,35,12,662,667,0.0,46.9,0.0,351,662,667,346,667,3.3,1,1.0,63.51568644234525,55.84375,12.3375,584.708875,0,0.0,0.0
2025-10-05 15:20:00-03:00,643,35,12,643,648,0.0,47.2,0.0,339,643,648,334,648,3.3,1,1.0,65.2804555651063,55.25,12.100000000000001,569.592,0,0.0,0.0
2025-10-05 15:25:00-03:00,624,35,11,624,628,0.0,47.5,0.0,327,624,628,322,628,3.3,1,1.0,67.35989949967296,54.625,11.850000000000001,553.582,0,0.0,0.0
2025-10-05 15:30:00-03:00,604,35,11,604,607,0.0,47.8,0.0,315,604,607,310,607,3.3,1,1.0,69.66130180880195,53.96875,11.5875,536.6638750000001,0,0.0,0.0
2025-10-05 15:35:00-03:00,584,35,11,584,587,0.0,48.1,0.0,303,584,587,298,587,3.3,1,1.0,72.38512319949542,53.34375,11.3375,520.448875,0,0.0,0.0
2025-10-05 15:40:00-03:00,564,35,10,564,566,0.0,48.4,0.0,291,564,566,287,566,3.3,1,1.0,74.28257881328321,52.6875,11.075000000000001,503.3155,0,0.0,0.0
2025-10-05 15:45:00-03:00,544,35,10,544,545,0.0,48.7,0.0,279,544,545,275,545,3.4,1,1.0,75.27102545287553,52.03125,10.8125,486.071875,0,0.0,0.0
2025-10-05 15:50:00-03:00,524,34,10,524,524,0.0,49.0,0.0,267,524,524,263,524,3.4,1,1.0,76.03762027424258,50.375,10.15,470.81399999999996,0,0.0,0.0
2025-10-05 15:55:00-03:00,503,34,9,503,503,0.0,49.2,0.0,255,503,503,251,503,3.4,1,1.0,76.64256867651028,49.71875,9.887500000000001,453.265875,0,0.0,0.0
2025-10-05 16:00:00-03:00,482,34,9,482,481,0.0,49.5,0.0,243,482,481,239,481,3.4,1,1.0,77.31282382162121,49.03125,9.6125,434.763875,0,0.0,0.0
2025-10-05 16:05:00-03:00,461,34,8,461,460,0.0,49.8,0.0,232,461,460,228,460,3.4,1,1.0,77.99242387449276,48.375,9.35,416.99,0,0.0,0.0
2025-10-05 16:10:00-03:00,440,34,8,440,438,0.0,50.0,0.0,220,440,438,216,438,3.4,1,1.0,78.49589836804519,47.6875,9.075000000000001,398.2515,0,0.0,0.0
2025-10-05 16:15:00-03:00,418,34,8,418,416,0.0,50.3,0.0,208,418,416,204,416,3.4,1,1.0,78.93548382103627,47.0,8.8,379.392,0,0.0,0.0
2025-10-05 16:20:00-03:00,397,34,7,397,394,0.0,50.6,0.0,196,397,394,193,394,3.4,1,1.0,79.42616163151582,46.3125,8.525,360.4115,0,0.0,0.0
2025-10-05 16:25:00-03:00,375,34,7,375,371,0.0,50.9,0.0,184,375,371,181,371,3.4,1,1.0,79.7779114261318,45.59375,8.2375,340.438875,0,0.0,0.0
2025-10-05 16:30:00-03:00,353,33,7,353,349,0.0,51.7,0.0,171,353,349,168,349,3.5,1,1.0,79.82803487194072,43.90625,7.5625,322.606875,0,0.0,0.0
2025-10-05 16:35:00-03:00,332,33,6,332,327,0.0,52.4,0.0,158,332,327,155,327,3.5,1,1.0,79.87812686534303,43.21875,7.2875000000000005,303.169875,0,0.0,0.0
2025-10-05 16:40:00-03:00,310,33,6,310,305,0.0,53.1,0.0,145,310,305,143,305,3.5,1,1.0,79.62735178012571,42.53125,7.0125,283.611875,0,0.0,0.0
2025-10-05 16:45:00-03:00,288,33,6,288,282,0.0,53.9,0.0,133,288,282,131,282,3.5,1,1.0,79.23856384362851,41.8125,6.7250000000000005,263.0355,0,0.0,0.0
2025-10-05 16:50:00-03:00,266,33,5,266,260,0.0,54.6,0.0,121,266,260,119,260,3.5,1,1.0,78.5996761501594,41.125,6.45,243.23,0,0.0,0.0
2025-10-05 16:55:00-03:00,245,33,5,245,239,0.0,55.3,0.0,109,245,239,108,239,3.5,1,1.0,77.75890283239514,40.46875,6.1875,224.211875,0,0.0,0.0
2025-10-05 17:00:00-03:00,224,33,5,224,217,0.0,56.1,0.0,98,224,217,97,217,3.5,1,1.0,76.79646456509518,39.78125,5.9125000000000005,204.169875,0,0.0,0.0
2025-10-05 17:05:00-03:00,203,33,4,203,196,0.0,56.8,0.0,88,203,196,86,196,3.5,1,1.0,75.64430319635186,39.125,5.65,184.926,0,0.0,0.0
2025-10-05 17:10:00-03:00,182,33,4,182,175,0.0,58.6,0.0,75,182,175,74,175,3.6,1,1.0,74.10736478348537,38.46875,5.3875,165.571875,0,0.0,0.0
2025-10-05 17:15:00-03:00,162,32,3,162,155,0.0,60.5,0.0,64,162,155,63,155,3.6,1,1.0,72.17277250397265,36.84375,4.7375,147.656875,0,0.0,0.0
2025-10-05 17:20:00-03:00,142,32,3,142,135,0.0,62.4,0.0,53,142,135,52,135,3.6,1,1.0,70.02526600298657,36.21875,4.4875,128.941875,0,0.0,0.0
2025-10-05 17:25:00-03:00,122,32,3,122,116,0.0,64.3,0.0,44,122,116,43,116,3.6,1,1.0,67.68795380945036,35.625,4.25,111.07000000000001,0,0.0,0.0
2025-10-05 17:30:00-03:00,104,32,2,104,97,0.0,66.2,0.0,35,104,97,35,97,3.6,1,1.0,64.7713928623939,35.03125,4.0125,93.107875,0,0.0,0.0
2025-10-05 17:35:00-03:00,86,32,2,86,80,0.0,68.1,0.0,27,86,80,27,80,3.6,1,1.0,61.28967484352908,34.5,3.8000000000000003,76.96,0,0.0,0.0
2025-10-05 17:40:00-03:00,69,32,2,69,64,0.0,68.7,0.0,22,69,64,21,64,3.6,1,1.0,57.36697392203126,34.0,3.6,61.696,0,0.0,0.0
2025-10-05 17:45:00-03:00,54,32,1,54,49,0.0,68.6,0.0,17,54,49,17,49,3.6,1,1.0,52.705801532211495,33.53125,3.4125,47.327875,0,0.0,0.0
2025-10-05 17:50:00-03:00,39,32,1,39,34,0.0,68.5,0.0,12,39,34,12,34,3.7,1,1.0,47.093395277780324,33.0625,3.225,32.9035,0,0.0,0.0
2025-10-05 17:55:00-03:00,26,31,1,26,22,0.0,68.5,0.0,8,26,22,8,22,3.7,1,1.0,40.97329137452856,31.6875,2.6750000000000003,21.4115,0,0.0,0.0
2025-10-05 18:00:00-03:00,15,31,0,15,13,0.0,68.4,0.0,5,15,13,5,13,3.7,1,1.0,34.5756745809638,31.40625,2.5625,12.666875,0,0.0,0.0
2025-10-05 18:05:00-03:00,5,31,0,5,4,0.0,68.3,0.0,1,5,4,1,4,3.7,0,1.0,28.325489110248142,31.125,2.45,3.902,0,0.0,0.0
2025-10-05 18:10:00-03:00,0,31,0,0,0,0.0,68.3,0.0,0,0,0,0,0,3.7,0,,22.236333903231763,31.0,2.4000000000000004,0.0,0,,
2025-10-05 18:15:00-03:00,0,31,0,0,0,0.0,68.3,0.0,0,0,0,0,0,3.7,0,,16.474958040180983,31.0,2.4000000000000004,0.0,0,,
2025-10-05 18:20:00-03:00,0,31,0,0,0,0.0,68.3,0.0,0,0,0,0,0,3.7,0,,11.204368736763808,31.0,2.4000000000000004,0.0,0,,
2025-10-05 18:25:00-03:00,0,31,0,0,0,0.0,68.3,0.0,0,0,0,0,0,3.7,0,,7.021072179300878,31.0,2.4000000000000004,0.0,0,,
2025-10-05 18:30:00-03:00,0,31,0,0,0,0.0,68.3,0.0,0,0,0,0,0,3.7,0,,3.8247598460936763,31.0,2.4000000000000004,0.0,0,,
2025-10-05 18:35:00-03:00,0,31,0,0,0,0.0,68.3,0.0,0,0,0,0,0,3.7,0,,1.1547005390310414,31.0,2.4000000000000004,0.0,0,,
2025-10-05 18:40:00-03:00,0,30,0,0,0,0.0,68.3,0.0,0,0,0,0,0,3.7,0,,0.0,30.0,2.0,0.0,0,,
2025-10-05 18:45:00-03:00,0,30,0,0,0,0.0,68.3,0.0,0,0,0,0,0,3.7,0,,0.0,30.0,2.0,0.0,0,,
2025-10-05 18:50:00-03:00,0,30,0,0,0,0.0,68.3,0.0,0,0,0,0,0,3.8,0,,0.0,30.0,2.0,0.0,0,,
2025-10-05 18:55:00-03:00,0,30,0,0,0,0.0,68.3,0.0,0,0,0,0,0,3.8,0,,0.0,30.0,2.0,0.0,0,,
2025-10-05 19:00:00-03:00,0,30,0,0,0,0.0,68.3,0.0,0,0,0,0,0,3.8,0,,0.0,30.0,2.0,0.0,0,,
2025-10-05 19:05:00-03:00,0,30,0,0,0,0.0,68.3,0.0,0,0,0,0,0,3.8,0,,0.0,30.0,2.0,0.0,0,,
2025-10-05 19:10:00-03:00,0,30,0,0,0,0.0,68.3,0.0,0,0,0,0,0,3.8,0,,0.0,30.0,2.0,0.0,0,,
2025-10-05 19:15:00-03:00,0,30,0,0,0,0.0,68.3,0.0,0,0,0,0,0,3.8,0,,0.0,30.0,2.0,0.0,0,,
2025-10-05 19:20:00-03:00,0,30,0,0,0,0.0,68.3,0.0,0,0,0,0,0,3.8,0,,0.0,30.0,2.0,0.0,0,,
2025-10-05 19:25:00-03:00,0,30,0,0,0,0.0,68.3,0.0,0,0,0,0,0,3.8,0,,0.0,30.0,2.0,0.0,0,,
2025-10-05 19:30:00-03:00,0,29,0,0,0,0.0,68.3,0.0,0,0,0,0,0,3.8,0,,0.0,29.0,1.6,0.0,0,,
2025-10-05 19:35:00-03:00,0,29,0,0,0,0.0,68.3,0.0,0,0,0,0,0,3.8,0,,0.0,29.0,1.6,0.0,0,,
2025-10-05 19:40:00-03:00,0,29,0,0,0,0.0,68.3,0.0,0,0,0,0,0,3.8,0,,0.0,29.0,1.6,0.0,0,,
2025-10-05 19:45:00-03:00,0,29,0,0,0,0.0,68.3,0.0,0,0,0,0,0,3.8,0,,0.0,29.0,1.6,0.0,0,,
2025-10-05 19:50:00-03:00,0,29,0,0,0,0.0,68.3,0.0,0,0,0,0,0,3.9,0,,0.0,29.0,1.6,0.0,0,,
2025-10-05 19:55:00-03:00,0,29,0,0,0,0.0,68.3,0.0,0,0,0,0,0,3.9,0,,0.0,29.0,1.6,0.0,0,,
2025-10-05 20:00:00-03:00,0,29,0,0,0,0.0,68.3,0.0,0,0,0,0,0,3.9,0,,0.0,29.0,1.6,0.0,0,,
2025-10-05 20:05:00-03:00,0,29,0,0,0,0.0,68.3,0.0,0,0,0,0,0,3.9,0,,0.0,29.0,1.6,0.0,0,,
2025-10-05 20:10:00-03:00,0,29,0,0,0,0.0,68.3,0.0,0,0,0,0,0,3.9,0,,0.0,29.0,1.6,0.0,0,,
2025-10-05 20:15:00-03:00,0,29,0,0,0,0.0,68.3,0.0,0,0,0,0,0,3.9,0,,0.0,29.0,1.6,0.0,0,,
2025-10-05 20:20:00-03:00,0,28,0,0,0,0.0,68.3,0.0,0,0,0,0,0,3.9,0,,0.0,28.0,1.2000000000000002,0.0,0,,
2025-10-05 20:25:00-03:00,0,28,0,0,0,0.0,68.3,0.0,0,0,0,0,0,3.9,0,,0.0,28.0,1.2000000000000002,0.0,0,,
2025-10-05 20:30:00-03:00,0,28,0,0,0,0.0,68.3,0.0,0,0,0,0,0,3.9,0,,0.0,28.0,1.2000000000000002,0.0,0,,
2025-10-05 20:35:00-03:00,0,28,0,0,0,0.0,68.3,0.0,0,0,0,0,0,3.9,0,,0.0,28.0,1.2000000000000002,0.0,0,,
2025-10-05 20:40:00-03:00,0,28,0,0,0,0.0,68.3,0.0,0,0,0,0,0,4.0,0,,0.0,28.0,1.2000000000000002,0.0,0,,
2025-10-05 20:45:00-03:00,0,28,0,0,0,0.0,68.3,0.0,0,0,0,0,0,4.0,0,,0.0,28.0,1.2000000000000002,0.0,0,,
2025-10-05 20:50:00-03:00,0,28,0,0,0,0.0,68.3,0.0,0,0,0,0,0,4.0,0,,0.0,28.0,1.2000000000000002,0.0,0,,
2025-10-05 20:55:00-03:00,0,28,0,0,0,0.0,68.3,0.0,0,0,0,0,0,4.0,0,,0.0,28.0,1.2000000000000002,0.0,0,,
2025-10-05 21:00:00-03:00,0,28,0,0,0,0.0,68.3,0.0,0,0,0,0,0,4.0,0,,0.0,28.0,1.2000000000000002,0.0,0,,
2025-10-05 21:05:00-03:00,0,28,0,0,0,0.0,68.3,0.0,0,0,0,0,0,4.0,0,,0.0,28.0,1.2000000000000002,0.0,0,,
2025-10-05 21:10:00-03:00,0,27,0,0,0,0.0,68.3,0.0,0,0,0,0,0,3.9,0,,0.0,27.0,0.8,0.0,0,,
2025-10-05 21:15:00-03:00,0,27,0,0,0,0.0,68.3,0.0,0,0,0,0,0,3.9,0,,0.0,27.0,0.8,0.0,0,,
2025-10-05 21:20:00-03:00,0,27,0,0,0,0.0,68.3,0.0,0,0,0,0,0,3.9,0,,0.0,27.0,0.8,0.0,0,,
2025-10-05 21:25:00-03:00,0,27,0,0,0,0.0,68.3,0.0,0,0,0,0,0,3.8,0,,0.0,27.0,0.8,0.0,0,,
2025-10-05 21:30:00-03:00,0,27,0,0,0,0.0,68.3,0.0,0,0,0,0,0,3.8,0,,0.0,27.0,0.8,0.0,0,,
2025-10-05 21:35:00-03:00,0,27,0,0,0,0.0,68.3,0.0,0,0,0,0,0,3.7,0,,0.0,27.0,0.8,0.0,0,,
2025-10-05 21:40:00-03:00,0,27,0,0,0,0.0,68.3,0.0,0,0,0,0,0,3.7,0,,0.0,27.0,0.8,0.0,0,,
2025-10-05 21:45:00-03:00,0,27,0,0,0,0.0,68.3,0.0,0,0,0,0,0,3.7,0,,0.0,27.0,0.8,0.0,0,,
2025-10-05 21:50:00-03:00,0,27,0,0,0,0.0,68.3,0.0,0,0,0,0,0,3.6,0,,0.0,27.0,0.8,0.0,0,,
2025-10-05 21:55:00-03:00,0,27,0,0,0,0.0,68.3,0.0,0,0,0,0,0,3.6,0,,0.0,27.0,0.8,0.0,0,,
2025-10-05 22:00:00-03:00,0,27,0,0,0,0.0,68.3,0.0,0,0,0,0,0,3.6,0,,0.0,27.0,0.8,0.0,0,,
2025-10-05 22:05:00-03:00,0,27,0,0,0,0.0,68.3,0.0,0,0,0,0,0,3.5,0,,0.0,27.0,0.8,0.0,0,,
2025-10-05 22:10:00-03:00,0,27,0,0,0,0.0,68.3,0.0,0,0,0,0,0,3.5,0,,0.0,27.0,0.8,0.0,0,,
2025-10-05 22:15:00-03:00,0,26,0,0,0,0.0,68.3,0.0,0,0,0,0,0,3.4,0,,0.0,26.0,0.4,0.0,0,,
2025-10-05 22:20:00-03:00,0,26,0,0,0,0.0,68.3,0.0,0,0,0,0,0,3.4,0,,0.0,26.0,0.4,0.0,0,,
2025-10-05 22:25:00-03:00,0,26,0,0,0,0.0,68.3,0.0,0,0,0,0,0,3.4,0,,0.0,26.0,0.4,0.0,0,,
2025-10-05 22:30:00-03:00,0,26,0,0,0,0.0,68.3,0.0,0,0,0,0,0,3.3,0,,0.0,26.0,0.4,0.0,0,,
2025-10-05 22:35:00-03:00,0,26,0,0,0,0.0,68.3,0.0,0,0,0,0,0,3.3,0,,0.0,26.0,0.4,0.0,0,,
2025-10-05 22:40:00-03:00,0,26,0,0,0,0.0,68.3,0.0,0,0,0,0,0,3.3,0,,0.0,26.0,0.4,0.0,0,,
2025-10-05 22:45:00-03:00,0,26,0,0,0,0.0,68.3,0.0,0,0,0,0,0,3.2,0,,0.0,26.0,0.4,0.0,0,,
2025-10-05 22:50:00-03:00,0,26,0,0,0,0.0,68.3,0.0,0,0,0,0,0,3.2,0,,0.0,26.0,0.4,0.0,0,,
2025-10-05 22:55:00-03:00,0,26,0,0,0,0.0,68.3,0.0,0,0,0,0,0,3.2,0,,0.0,26.0,0.4,0.0,0,,
2025-10-05 23:00:00-03:00,0,26,0,0,0,0.0,68.3,0.0,0,0,0,0,0,3.1,0,,0.0,26.0,0.4,0.0,0,,
2025-10-05 23:05:00-03:00,0,26,0,0,0,0.0,68.3,0.0,0,0,0,0,0,3.1,0,,0.0,26.0,0.4,0.0,0,,
2025-10-05 23:10:00-03:00,0,26,0,0,0,0.0,68.3,0.0,0,0,0,0,0,3.0,0,,0.0,26.0,0.4,0.0,0,,
2025-10-05 23:15:00-03:00,0,26,0,0,0,0.0,68.3,0.0,0,0,0,0,0,3.0,0,,0.0,26.0,0.4,0.0,0,,
2025-10-05 23:20:00-03:00,0,25,0,0,0,0.0,68.3,0.0,0,0,0,0,0,3.0,0,,0.0,25.0,0.0,0.0,0,,
2025-10-05 23:25:00-03:00,0,25,0,0,0,0.0,68.3,0.0,0,0,0,0,0,2.9,0,,0.0,25.0,0.0,0.0,0,,
2025-10-05 23:30:00-03:00,0,25,0,0,0,0.0,68.3,0.0,0,0,0,0,0,2.9,0,,0.0,25.0,0.0,0.0,0,,
2025-10-05 23:35:00-03:00,0,25,0,0,0,0.0,68.3,0.0,0,0,0,0,0,2.9,0,,0.0,25.0,0.0,0.0,0,,
2025-10-05 23:40:00-03:00,0,25,0,0,0,0.0,68.3,0.0,0,0,0,0,0,2.8,0,,0.0,25.0,0.0,0.0,0,,
2025-10-05 23:45:00-03:00,0,25,0,0,0,0.0,68.3,0.0,0,0,0,0,0,2.8,0,,0.0,25.0,0.0,0.0,0,,
2025-10-05 23:50:00-03:00,0,25,0,0,0,0.0,68.3,0.0,0,0,0,0,0,2.8,0,,0.0,25.0,0.0,0.0,0,,
2025-10-05 23:55:00-03:00,0,25,0,0,0,0.0,68.3,0.0,0,0,0,0,0,2.7,0,,0.0,25.0,0.0,0.0,0,,
2025-10-06 00:00:00-03:00,0,25,0,0,0,0.0,68.3,0.0,0,0,0,0,0,2.7,0,,0.0,25.0,0.0,0.0,0,,
2025-10-06 00:05:00-03:00,0,25,0,0,0,0.0,68.3,0.0,0,0,0,0,0,2.7,0,,0.0,25.0,0.0,0.0,0,,
2025-10-06 00:10:00-03:00,0,25,0,0,0,0.0,68.3,0.0,0,0,0,0,0,2.7,0,,0.0,25.0,0.0,0.0,0,,
2025-10-06 00:15:00-03:00,0,25,0,0,0,0.0,68.3,0.0,0,0,0,0,0,2.7,0,,0.0,25.0,0.0,0.0,0,,
2025-10-06 00:20:00-03:00,0,25,0,0,0,0.0,68.3,0.0,0,0,0,0,0,2.7,0,,0.0,25.0,0.0,0.0,0,,
2025-10-06 00:25:00-03:00,0,25,0,0,0,0.0,68.3,0.0,0,0,0,0,0,2.7,0,,0.0,25.0,0.0,0.0,0,,
2025-10-06 00:30:00-03:00,0,25,0,0,0,0.0,68.3,0.0,0,0,0,0,0,2.6,0,,0.0,25.0,0.0,0.0,0,,
2025-10-06 00:35:00-03:00,0,25,0,0,0,0.0,68.3,0.0,0,0,0,0,0,2.6,0,,0.0,25.0,0.0,0.0,0,,
2025-10-06 00:40:00-03:00,0,24,0,0,0,0.0,68.3,0.0,0,0,0,0,0,2.6,0,,0.0,24.0,0.0,0.0,0,,
2025-10-06 00:45:00-03:00,0,24,0,0,0,0.0,68.3,0.0,0,0,0,0,0,2.6,0,,0.0,24.0,0.0,0.0,0,,
2025-10-06 00:50:00-03:00,0,24,0,0,0,0.0,68.3,0.0,0,0,0,0,0,2.6,0,,0.0,24.0,0.0,0.0,0,,
2025-10-06 00:55:00-03:00,0,24,0,0,0,0.0,68.3,0.0,0,0,0,0,0,2.6,0,,0.0,24.0,0.0,0.0,0,,
2025-10-06 01:00:00-03:00,0,24,0,0,0,0.0,68.3,0.0,0,0,0,0,0,2.6,0,,0.0,24.0,0.0,0.0,0,,
2025-10-06 01:05:00-03:00,0,24,0,0,0,0.0,68.3,0.0,0,0,0,0,0,2.6,0,,0.0,24.0,0.0,0.0,0,,
2025-10-06 01:10:00-03:00,0,24,0,0,0,0.0,68.3,0.0,0,0,0,0,0,2.6,0,,0.0,24.0,0.0,0.0,0,,
2025-10-06 01:15:00-03:00,0,24,0,0,0,0.0,68.3,0.0,0,0,0,0,0,2.6,0,,0.0,24.0,0.0,0.0,0,,
2025-10-06 01:20:00-03:00,0,24,0,0,0,0.0,68.3,0.0,0,0,0,0,0,2.6,0,,0.0,24.0,0.0,0.0,0,,
2025-10-06 01:25:00-03:00,0,24,0,0,0,0.0,68.3,0.0,0,0,0,0,0,2.6,0,,0.0,24.0,0.0,0.0,0,,
2025-10-06 01:30:00-03:00,0,24,0,0,0,0.0,68.3,0.0,0,0,0,0,0,2.6,0,,0.0,24.0,0.0,0.0,0,,
2025-10-06 01:35:00-03:00,0,24,0,0,0,0.0,68.3,0.0,0,0,0,0,0,2.6,0,,0.0,24.0,0.0,0.0,0,,
2025-10-06 01:40:00-03:00,0,24,0,0,0,0.0,68.3,0.0,0,0,0,0,0,2.6,0,,0.0,24.0,0.0,0.0,0,,
2025-10-06 01:45:00-03:00,0,24,0,0,0,0.0,68.3,0.0,0,0,0,0,0,2.6,0,,0.0,24.0,0.0,0.0,0,,
2025-10-06 01:50:00-03:00,0,24,0,0,0,0.0,68.3,0.0,0,0,0,0,0,2.6,0,,0.0,24.0,0.0,0.0,0,,
2025-10-06 01:55:00-03:00,0,24,0,0,0,0.0,68.3,0.0,0,0,0,0,0,2.6,0,,0.0,24.0,0.0,0.0,0,,
2025-10-06 02:00:00-03:00,0,24,0,0,0,0.0,68.3,0.0,0,0,0,0,0,2.6,0,,0.0,24.0,0.0,0.0,0,,
2025-10-06 02:05:00-03:00,0,24,0,0,0,0.0,68.3,0.0,0,0,0,0,0,2.6,0,,0.0,24.0,0.0,0.0,0,,
2025-10-06 02:10:00-03:00,0,24,0,0,0,0.0,68.3,0.0,0,0,0,0,0,2.6,0,,0.0,24.0,0.0,0.0,0,,
2025-10-06 02:15:00-03:00,0,24,0,0,0,0.0,68.3,0.0,0,0,0,0,0,2.6,0,,0.0,24.0,0.0,0.0,0,,
2025-10-06 02:20:00-03:00,0,24,0,0,0,0.0,68.3,0.0,0,0,0,0,0,2.6,0,,0.0,24.0,0.0,0.0,0,,
2025-10-06 02:25:00-03:00,0,24,0,0,0,0.0,68.3,0.0,0,0,0,0,0,2.6,0,,0.0,24.0,0.0,0.0,0,,
2025-10-06 02:30:00-03:00,0,23,0,0,0,0.0,68.3,0.0,0,0,0,0,0,2.6,0,,0.0,23.0,0.0,0.0,0,,
2025-10-06 02:35:00-03:00,0,23,0,0,0,0.0,68.3,0.0,0,0,0,0,0,2.6,0,,0.0,23.0,0.0,0.0,0,,
2025-10-06 02:40:00-03:00,0,23,0,0,0,0.0,68.3,0.0,0,0,0,0,0,2.6,0,,0.0,23.0,0.0,0.0,0,,
2025-10-06 02:45:00-03:00,0,23,0,0,0,0.0,68.3,0.0,0,0,0,0,0,2.6,0,,0.0,23.0,0.0,0.0,0,,
2025-10-06 02:50:00-03:00,0,23,0,0,0,0.0,68.3,0.0,0,0,0,0,0,2.6,0,,0.0,23.0,0.0,0.0,0,,
2025-10-06 02:55:00-03:00,0,23,0,0,0,0.0,68.3,0.0,0,0,0,0,0,2.6,0,,0.0,23.0,0.0,0.0,0,,
2025-10-06 03:00:00-03:00,0,23,0,0,0,0.0,68.3,0.0,0,0,0,0,0,2.6,0,,0.0,23.0,0.0,0.0,0,,
2025-10-06 03:05:00-03:00,0,23,0,0,0,0.0,68.3,0.0,0,0,0,0,0,2.6,0,,0.0,23.0,0.0,0.0,0,,
2025-10-06 03:10:00-03:00,0,23,0,0,0,0.0,68.3,0.0,0,0,0,0,0,2.6,0,,0.0,23.0,0.0,0.0,0,,
2025-10-06 03:15:00-03:00,0,23,0,0,0,0.0,68.3,0.0,0,0,0,0,0,2.6,0,,0.0,23.0,0.0,0.0,0,,
2025-10-06 03:20:00-03:00,0,23,0,0,0,0.0,68.3,0.0,0,0,0,0,0,2.6,0,,0.0,23.0,0.0,0.0,0,,
2025-10-06 03:25:00-03:00,0,23,0,0,0,0.0,68.3,0.0,0,0,0,0,0,2.6,0,,0.0,23.0,0.0,0.0,0,,
2025-10-06 03:30:00-03:00,0,23,0,0,0,0.0,68.3,0.0,0,0,0,0,0,2.6,0,,0.0,23.0,0.0,0.0,0,,
2025-10-06 03:35:00-03:00,0,23,0,0,0,0.0,68.3,0.0,0,0,0,0,0,2.7,0,,0.0,23.0,0.0,0.0,0,,
2025-10-06 03:40:00-03:00,0,23,0,0,0,0.0,68.3,0.0,0,0,0,0,0,2.7,0,,0.0,23.0,0.0,0.0,0,,
2025-10-06 03:45:00-03:00,0,23,0,0,0,0.0,68.3,0.0,0,0,0,0,0,2.7,0,,0.0,23.0,0.0,0.0,0,,
2025-10-06 03:50:00-03:00,0,23,0,0,0,0.0,68.3,0.0,0,0,0,0,0,2.7,0,,0.0,23.0,0.0,0.0,0,,
2025-10-06 03:55:00-03:00,0,23,0,0,0,0.0,68.3,0.0,0,0,0,0,0,2.7,0,,0.0,23.0,0.0,0.0,0,,
2025-10-06 04:00:00-03:00,0,23,0,0,0,0.0,68.3,0.0,0,0,0,0,0,2.7,0,,0.0,23.0,0.0,0.0,0,,
2025-10-06 04:05:00-03:00,0,23,0,0,0,0.0,68.3,0.0,0,0,0,0,0,2.7,0,,0.0,23.0,0.0,0.0,0,,
2025-10-06 04:10:00-03:00,0,23,0,0,0,0.0,68.3,0.0,0,0,0,0,0,2.7,0,,0.0,23.0,0.0,0.0,0,,
2025-10-06 04:15:00-03:00,0,23,0,0,0,0.0,68.3,0.0,0,0,0,0,0,2.8,0,,0.0,23.0,0.0,0.0,0,,
2025-10-06 04:20:00-03:00,0,23,0,0,0,0.0,68.3,0.0,0,0,0,0,0,2.8,0,,0.0,23.0,0.0,0.0,0,,
2025-10-06 04:25:00-03:00,0,23,0,0,0,0.0,68.3,0.0,0,0,0,0,0,2.8,0,,0.0,23.0,0.0,0.0,0,,
2025-10-06 04:30:00-03:00,0,23,0,0,0,0.0,68.3,0.0,0,0,0,0,0,2.8,0,,0.0,23.0,0.0,0.0,0,,
2025-10-06 04:35:00-03:00,0,23,0,0,0,0.0,68.3,0.0,0,0,0,0,0,2.8,0,,0.0,23.0,0.0,0.0,0,,
2025-10-06 04:40:00-03:00,0,23,0,0,0,0.0,68.3,0.0,0,0,0,0,0,2.8,0,,0.0,23.0,0.0,0.0,0,,
2025-10-06 04:45:00-03:00,0,23,0,0,0,0.0,68.3,0.0,0,0,0,0,0,2.9,0,,0.0,23.0,0.0,0.0,0,,
2025-10-06 04:50:00-03:00,0,23,0,0,0,0.0,68.3,0.0,0,0,0,0,0,2.9,0,,0.0,23.0,0.0,0.0,0,,
2025-10-06 04:55:00-03:00,0,23,0,0,0,0.0,68.3,0.0,0,0,0,0,0,2.9,0,,0.0,23.0,0.0,0.0,0,,
2025-10-06 05:00:00-03:00,0,23,0,0,0,0.0,68.3,0.0,0,0,0,0,0,2.9,0,,0.0,23.0,0.0,0.0,0,,
2025-10-06 05:05:00-03:00,0,23,0,0,0,0.0,68.3,0.0,0,0,0,0,0,2.9,0,,0.0,23.0,0.0,0.0,0,,
2025-10-06 05:10:00-03:00,0,23,0,0,0,0.0,68.3,0.0,0,0,0,0,0,2.9,0,,0.0,23.0,0.0,0.0,0,,
2025-10-06 05:15:00-03:00,0,22,0,0,0,0.0,68.3,0.0,0,0,0,0,0,2.9,0,,0.0,22.0,0.0,0.0,0,,
2025-10-06 05:20:00-03:00,0,22,0,0,0,0.0,68.3,0.0,0,0,0,0,0,3.0,0,,0.0,22.0,0.0,0.0,0,,
2025-10-06 05:25:00-03:00,0,22,0,0,0,0.0,68.3,0.0,0,0,0,0,0,3.0,0,,0.0,22.0,0.0,0.0,0,,
2025-10-06 05:30:00-03:00,0,22,0,0,0,0.0,68.3,0.0,0,0,0,0,0,3.0,0,,0.0,22.0,0.0,0.0,0,,
2025-10-06 05:35:00-03:00,0,22,0,0,0,0.0,68.3,0.0,0,0,0,0,0,3.0,0,,,22.0,0.0,0.0,0,,
2025-10-06 05:40:00-03:00,0,22,0,0,0,0.0,68.3,0.0,0,0,0,0,0,3.0,0,,,22.0,0.0,0.0,0,,
2025-10-06 05:45:00-03:00,0,22,0,0,0,0.0,68.3,0.0,0,0,0,0,0,3.0,0,,,22.0,0.0,0.0,0,,
2025-10-06 05:50:00-03:00,0,22,0,0,0,0.0,68.3,0.0,0,0,0,0,0,3.0,0,,,22.0,0.0,0.0,0,,
2025-10-06 05:55:00-03:00,0,22,0,0,0,0.0,68.3,0.0,0,0,0,0,0,3.1,0,,,22.0,0.0,0.0,0,,
