date_time,pv_energy,pv_energy_est,gti,ghi,clearsky_gti,clearsky_ghi,gti_net,csi_mean,csi_std,csi_min,csi_max,csi_median,gti_varh_mean,gti_varh_std,gti_varh_min,gti_varh_max,gti_varh_median,temp_loss_pct_mean,temp_loss_pct_std,temp_loss_pct_min,temp_loss_pct_max,temp_loss_pct_median,gti_def_pct_mean,gti_def_pct_std,gti_def_pct_min,gti_def_pct_max,gti_def_pct_median,cloud_impact_mean,cloud_impact_std,cloud_impact_min,cloud_impact_max,cloud_impact_median,air_temp_mean,air_temp_std,air_temp_min,air_temp_max,air_temp_median,cell_temp_mean,cell_temp_std,cell_temp_min,cell_temp_max,cell_temp_median,wind_speed_10m_mean,wind_speed_10m_std,wind_speed_10m_min,wind_speed_10m_max,wind_speed_10m_median,cloud_opacity_mean,cloud_opacity_std,cloud_opacity_min,cloud_opacity_max,cloud_opacity_median,solar_hours,cloud_events,pr_solar,day_category
2022-12-13,376.9092,382.1942,4.3778,4.7071,7.3742,8.2907,4.105,0.6642,0.3477,0.063,1.5,0.6936,79.6557,58.3857,12.1169,258.8845,63.4644,3.8007,3.3153,0.0,9.5875,3.3312,35.6174,31.3546,0.0,93.6992,30.6407,24.1947,27.8854,0.0,88.0772,11.5265,23.24,1.2189,20.0,25.0,24.0,34.1844,8.6947,20.3438,48.9688,33.3281,3.6487,0.4645,2.1,4.2,3.7,42.37,30.9074,0.0,94.0,37.55,12.5,4,0.5937,2
2022-12-14,458.4458,460.3712,5.1129,5.3861,7.4083,8.3254,4.7874,0.7004,0.1628,0.3186,1.016,0.6627,52.5765,22.9747,10.098,106.8299,53.5078,4.7375,3.1041,0.0,9.5625,4.8062,29.974,16.2607,0.0,68.1416,33.7268,14.1669,11.8787,0.0,54.4451,13.1487,23.5203,1.8238,19.0,26.0,24.0,36.4753,8.3842,19.4375,48.9062,37.0156,3.0912,0.5664,2.0,3.9,3.2,37.8284,19.4776,0.0,80.3,40.0,12.3333,1,0.6902,3
2022-12-15,318.1975,300.3993,3.515,3.6057,7.4181,8.3635,3.3717,0.5562,0.2603,0.1796,1.48,0.5256,38.8396,18.4911,7.9023,101.5664,35.7419,2.7759,2.2541,0.0,6.85,2.65,45.7515,22.5053,0.0,82.0433,47.4413,28.3066,18.4735,0.0,70.1471,25.4788,22.5933,1.4052,19.0,24.0,23.0,31.3808,6.3956,19.4062,42.125,31.625,3.1767,0.7685,2.0,4.5,3.2,55.69,15.6073,6.6,85.5,54.7,12.5,0,0.4738,2
2022-12-16,245.9675,217.7036,2.6816,2.7372,7.4032,8.3521,2.6073,0.4486,0.2976,0.0949,1.5,0.3801,44.6511,27.8952,7.1239,115.1064,39.3437,1.7175,1.6204,0.0,4.8375,1.1938,56.9118,24.7565,0.0,90.5095,61.9897,40.9672,24.4408,0.0,82.3636,40.4178,21.8067,0.9319,20.0,23.0,22.0,28.5106,4.9872,20.4688,37.0938,27.9844,2.9953,0.6441,1.7,4.0,3.2,65.2873,17.4247,23.1,91.0,65.0,12.5,0,0.3622,2
2022-12-17,217.0833,178.2274,2.2251,2.2959,7.3609,8.2658,2.1541,0.3459,0.3127,0.0432,1.5,0.2433,48.7987,50.731,1.4668,238.1518,30.4615,1.4775,1.9888,0.0,7.6125,0.3625,66.6486,27.4684,0.0,95.6835,75.6674,53.6916,29.8434,0.0,92.1432,58.2639,21.3121,1.8092,19.0,24.0,22.0,27.2298,6.3282,19.375,44.0312,25.9062,3.7773,0.7495,1.6,4.9,3.9,71.6816,22.7273,2.1,96.3,77.1,11.75,4,0.3023,2
2022-12-18,399.7133,401.3593,4.5423,4.8249,7.4261,8.3845,4.2751,0.6937,0.2993,0.0753,1.5,0.6964,56.9182,34.1765,17.1782,186.651,46.6219,3.8373,3.1851,0.0,9.2375,4.0125,32.8239,25.9861,0.0,92.4749,30.3644,19.115,22.9289,0.0,86.2791,11.0485,22.9139,1.5914,19.0,25.0,23.0,34.1945,8.5057,19.3438,48.0938,35.0312,2.9073,0.5665,2.2,4.3,2.8,41.504,24.1908,0.0,93.3,38.0,12.5833,2,0.6117,1
2022-12-19,115.4883,507.8546,5.6651,5.9641,7.3706,8.3156,5.2613,0.7516,0.1109,0.5259,1.15,0.7536,48.2464,21.2158,13.7055,96.5632,44.917,4.9674,3.6393,0.0,10.8,4.8625,24.9796,10.6888,0.0,47.4138,24.6377,9.9062,7.9615,0.0,32.4739,8.475,22.7919,1.367,20.0,25.0,23.0,37.0497,9.6438,20.5938,52.0,37.1562,2.5973,0.2633,2.0,3.1,2.6,35.0208,16.7123,10.0,71.7,33.0,12.4167,0,0.7686,3
2022-12-20,315.8158,322.8026,3.6993,3.8121,7.4083,8.3748,3.574,0.6005,0.2356,0.222,1.5,0.5603,41.8659,19.3411,8.0052,111.5937,38.3606,2.6794,1.6337,0.0,5.2125,2.825,40.9028,21.0518,0.0,77.8,43.9669,23.68,16.8008,0.0,61.462,22.8047,21.9262,1.0597,19.0,23.0,22.0,31.2364,4.9531,19.3438,38.0312,32.0625,4.9188,0.7586,3.3,5.9,5.1,51.6409,15.6024,19.6,83.8,52.0,12.4167,0,0.4993,2
2022-12-21,236.7733,214.238,2.6409,2.7487,7.4119,8.3802,2.5724,0.4725,0.3539,0.0658,1.5,0.357,35.3181,20.2865,4.3866,84.9839,32.6654,1.5261,1.6312,0.0,5.325,1.2688,55.3771,29.276,0.0,93.4169,64.2989,41.2519,28.2757,0.0,87.8119,44.8125,20.9067,1.0951,19.0,23.0,21.0,27.509,5.4437,19.5312,38.3125,28.1719,2.928,0.6786,1.1,3.7,3.2,62.2433,24.7429,0.0,94.0,69.0,12.5,0,0.3563,2
2022-12-22,549.2325,588.9578,6.6386,7.1647,7.5281,8.474,6.0507,0.8948,0.1272,0.557,1.5,0.8828,54.3201,16.7762,15.9763,91.1007,56.926,6.4275,4.3283,0.0,12.95,6.8375,12.0888,8.5997,0.0,44.3038,11.716,3.093,3.817,0.0,23.5253,1.773,24.0067,2.9213,18.0,27.0,25.0,40.7146,11.407,18.75,57.375,42.0938,1.2852,0.6893,0.3,2.7,1.2,20.6376,13.6616,0.0,54.9,16.7,12.4167,0,0.8818,3
2022-12-23,452.4425,487.9576,5.4541,5.792,7.4414,8.3772,5.0626,0.7361,0.1732,0.3818,1.1467,0.7639,60.2819,28.4201,8.3648,140.638,52.0644,5.1896,3.5117,0.0,10.9375,6.0625,26.5745,16.967,0.0,61.8182,23.6142,12.1326,12.1398,0.0,49.9491,8.2104,23.7703,2.0139,19.0,26.0,24.0,37.5897,9.4102,19.4062,52.3438,40.1562,1.0764,0.5196,0.4,2.2,0.85,34.4804,20.0641,0.0,80.8,34.0,12.3333,1,0.7329,3
2022-12-24,185.4017,542.1237,6.0831,6.4902,7.4278,8.3792,5.5938,0.8087,0.1636,0.4458,1.4783,0.8202,53.0218,17.9313,16.1827,99.9785,51.4536,5.6125,4.043,0.0,11.825,5.925,20.4755,13.0716,0.0,55.4217,17.9775,7.7568,9.2617,0.0,41.34,3.8046,23.3691,1.686,19.0,25.0,24.0,38.6789,10.6439,19.375,54.5625,39.8125,3.0134,0.4944,1.7,3.8,3.0,29.5698,17.8779,1.4,79.5,25.0,12.4167,2,0.819,3
2022-12-25,356.0408,395.2808,4.4838,4.701,7.423,8.3882,4.195,0.5743,0.2881,0.0745,1.3243,0.6543,50.1548,30.1104,6.5966,145.6069,48.5758,3.6917,3.5039,0.0,9.9375,3.4,43.3368,27.2728,0.0,92.555,34.5679,28.5879,28.346,0.0,86.3787,15.4378,22.2617,1.3069,19.0,24.0,23.0,33.5464,9.5498,19.4062,49.8438,33.5,3.6188,0.5747,2.2,4.3,3.8,51.1966,26.2035,8.0,93.4,46.6,12.4167,1,0.604,1
2022-12-26,184.0083,111.0803,1.6428,1.6703,7.3976,8.378,1.6243,0.3043,0.2634,0.0632,1.5,0.2189,25.6371,21.0753,4.3161,86.1965,16.4308,0.4258,0.9982,0.0,3.8875,0.0,70.5799,22.5923,0.0,93.681,78.1124,57.389,21.8373,0.0,88.0602,63.8266,20.094,0.537,19.0,21.0,20.0,24.2286,3.5588,19.3438,34.7188,23.25,4.0174,0.5505,3.1,5.3,3.8,78.594,10.5834,53.0,94.0,82.6,12.4167,0,0.2221,2
2022-12-27,429.7058,387.275,4.368,4.5113,7.4384,8.4142,4.1524,0.6536,0.2366,0.3421,1.5,0.6186,47.0872,24.7855,12.4033,131.1223,40.0175,3.4449,2.6753,0.0,8.125,3.0625,36.957,17.0801,0.0,65.7866,38.1435,19.0677,11.782,0.0,44.7349,16.7284,22.32,2.0442,19.0,25.0,23.0,33.24,7.2407,19.3438,45.3125,32.6562,3.0487,0.5113,1.7,3.6,3.2,46.482,14.4888,10.2,81.0,47.0,12.5,0,0.5872,2
2022-12-28,352.6683,409.0309,4.6377,4.9463,7.4142,8.3562,4.3164,0.6288,0.3051,0.0525,1.4839,0.7126,64.548,44.9606,14.339,188.0084,49.8547,4.2878,3.6533,0.0,10.675,4.4188,37.6464,29.5149,0.0,94.7484,28.7418,24.7154,28.3923,0.0,90.4847,9.6208,23.4324,2.0968,19.0,26.0,23.0,35.1835,9.8163,19.5,51.6875,36.0469,2.677,0.7854,1.1,3.4,3.0,45.4608,28.8872,0.1,95.5,41.0,12.3333,4,0.6255,1
2022-12-29,443.0892,476.5514,5.3695,5.6739,7.446,8.3837,4.9785,0.751,0.2241,0.2273,1.5,0.783,54.4796,38.4654,12.1917,202.2849,45.8997,5.0482,3.6335,0.0,10.8625,4.5562,26.5488,18.9802,0.0,77.2727,21.6996,12.4587,15.3273,0.0,61.0455,6.1628,23.9333,2.1509,19.0,27.0,24.5,37.3571,9.4966,19.5,52.1562,36.3906,3.002,0.7014,1.5,3.8,3.1,35.152,19.3557,0.0,79.0,30.7,12.5,3,0.7211,3
2022-12-30,176.8475,126.1909,1.8001,1.8872,7.3711,8.2972,1.7687,0.3839,0.3339,0.0419,1.5,0.2895,28.9845,19.7805,3.3155,100.5787,25.9568,1.0029,1.1918,0.0,3.825,0.25,63.1623,29.2657,0.0,95.8078,71.0454,50.6036,28.8822,0.0,91.9755,53.5652,22.3533,1.1709,19.0,24.0,22.0,26.8535,3.6703,19.375,34.5625,25.625,1.806,0.7733,0.3,3.5,1.8,69.4513,24.1035,5.4,96.0,75.0,12.5,2,0.2442,2
2022-12-31,343.1383,342.7079,3.9514,4.1058,7.3614,8.2499,3.7093,0.491,0.2254,0.1549,0.9792,0.4362,54.7827,36.0073,10.8572,135.6333,41.7538,3.6055,3.4054,0.0,10.95,2.9812,50.8967,22.5422,2.0761,84.507,56.3752,33.6194,22.3879,0.0498,76.6479,34.3191,23.0915,1.4533,19.0,25.0,23.5,33.5266,9.0955,19.375,52.375,32.4531,1.6387,0.6032,0.5,2.6,1.6,55.9148,23.5991,2.4,90.7,62.5,11.8333,2,0.5368,2
2023-01-01,489.2608,487.795,5.6252,6.0273,7.4688,8.4135,5.1353,0.7765,0.2839,0.1384,1.5,0.8512,61.587,34.9551,11.498,153.4017,50.7164,5.4604,4.4928,0.0,12.85,4.4125,24.8135,24.3161,0.0,86.1614,14.8847,13.4599,17.882,0.0,75.4774,2.9555,24.245,2.7178,18.0,27.0,25.0,38.215,11.8279,18.4062,57.125,36.0312,2.4285,0.5844,1.3,3.5,2.3,33.1748,25.1873,0.0,87.6,35.0,12.5833,3,0.7532,1
2023-01-02,452.1883,496.1308,5.6285,6.1201,7.5048,8.4528,5.1615,0.7638,0.267,0.2584,1.5,0.8325,52.9236,23.5299,13.0407,116.4661,52.1765,5.7522,3.9894,0.0,11.975,5.3062,25.0493,24.1685,0.0,74.1573,16.7454,13.8131,16.7592,0.0,60.5124,3.926,25.06,2.4198,19.0,28.0,26.0,39.1312,10.3687,19.4688,54.9375,38.2656,2.906,0.8645,0.8,4.3,2.9,29.7027,27.6019,0.0,81.6,22.55,12.5,1,0.75,1
2023-01-03,452.1975,452.1252,5.0932,5.334,7.4293,8.3508,4.7331,0.6274,0.2016,0.1968,1.1667,0.6857,47.3344,30.1855,9.3127,128.8606,43.159,4.459,3.8189,0.0,10.7875,4.8125,37.3748,19.9062,0.0,80.3175,31.4286,20.8037,19.1435,0.0,67.3863,13.312,22.6107,1.7733,19.0,25.0,22.0,35.4293,10.4528,19.5625,51.9688,37.0312,1.3638,0.5283,0.4,2.2,1.3,45.0215,22.5334,13.0,83.9,41.0,12.4167,0,0.6856,3
2023-01-04,506.5717,496.5656,5.5237,5.8412,7.4429,8.3608,5.1545,0.7669,0.187,0.2821,1.3478,0.7583,57.494,29.9408,8.4652,126.1156,52.0778,4.6766,3.4656,0.0,10.425,5.4688,24.1407,16.986,0.0,71.7868,24.1733,10.2262,12.2378,0.0,55.4194,6.7398,22.4867,1.4458,19.0,25.0,22.0,36.2958,9.2506,19.7188,51.0625,38.6719,2.7153,0.6353,1.7,4.3,2.6,34.2013,17.6838,3.0,77.2,33.25,12.5,0,0.7421,3
2023-01-05,465.6083,507.0075,5.6411,6.0182,7.4589,8.3862,5.2519,0.823,0.179,0.5453,1.5,0.7961,44.1932,17.6487,15.3334,101.8467,39.9283,5.0903,3.3625,0.0,10.4375,5.1,19.6348,13.4765,0.0,45.4651,20.3874,6.7092,6.112,0.0,22.2779,5.708,23.4305,1.6872,19.0,25.0,24.0,37.4398,8.8875,19.375,51.0938,37.75,2.9371,0.5501,1.5,3.6,3.1,28.0861,14.2343,0.8,64.3,28.0,12.5833,0,0.7563,3
2023-01-06,273.0058,252.5161,2.9893,3.0668,7.4239,8.3291,2.8847,0.4465,0.2995,0.0897,1.5,0.3161,32.7424,21.1133,4.0639,78.0021,30.4163,2.0342,2.0662,0.0,6.6125,1.675,56.8358,25.6497,0.0,91.0314,68.3948,40.9448,26.5354,0.0,84.9323,47.8764,21.5241,0.7177,20.0,23.0,22.0,29.255,6.1148,20.3438,41.5312,29.1875,4.3959,0.5277,2.8,5.4,4.5,63.7241,20.1381,22.0,93.3,70.0,12.0833,0,0.4027,2
2023-01-07,560.6967,541.9989,6.0541,6.4605,7.481,8.4167,5.5688,0.7798,0.163,0.3721,1.5,0.802,48.0883,27.0857,9.5044,131.8176,42.2832,5.5894,4.0471,0.0,11.7125,6.1188,22.8774,14.0142,0.0,62.7907,19.802,9.5351,11.4775,0.0,53.3093,4.7185,23.3067,2.0397,19.0,26.0,24.0,38.4419,10.9148,19.4688,54.2812,40.2969,2.51,0.5587,1.4,3.4,2.65,32.0267,21.146,1.6,84.9,25.5,12.5,0,0.8093,3
2023-01-08,460.6942,447.4044,5.0513,5.2806,7.4709,8.3668,4.6968,0.6469,0.2539,0.1158,1.5,0.633,69.0196,49.0662,4.0639,219.6817,53.2412,4.4461,3.79,0.0,11.5375,3.5,36.6587,22.101,0.0,88.4211,36.6985,20.6834,18.7787,0.0,82.2316,15.7437,22.3403,1.5472,19.0,24.0,23.0,35.4948,10.29,19.5938,53.8438,33.75,2.5854,0.7114,1.1,3.3,2.95,43.9514,23.2889,0.0,93.0,46.05,12.0,3,0.6761,1
2023-01-09,252.4433,233.2029,2.8344,2.9312,7.4857,8.3874,2.7468,0.5062,0.329,0.0627,1.5,0.5238,46.2712,28.4272,4.7697,115.4961,43.5291,1.9193,1.8605,0.0,5.95,1.4813,50.8733,29.6391,0.0,93.7251,47.6155,36.5898,30.1526,0.0,88.1016,25.542,21.9797,1.3221,19.0,24.0,22.0,29.1615,5.4628,19.5625,39.875,28.7031,2.6115,0.6923,1.8,4.0,2.3,59.2628,23.4721,21.2,94.0,56.0,12.3333,0,0.3786,2
2023-01-10,612.5208,627.9969,7.0174,7.8051,7.5398,8.4398,6.3887,0.9612,0.0994,0.5,1.5,1.0,50.9992,17.5605,15.1685,73.3094,53.4541,6.785,4.1959,0.0,13.175,7.8938,4.9614,7.5598,0.0,50.0,0.0,1.0605,3.9859,0.0,41.9,0.0,24.0,2.4713,17.0,27.0,25.0,41.5435,11.2449,17.5,57.9375,44.7344,1.6887,0.6532,0.5,2.5,1.9,7.4993,12.5097,0.0,83.8,2.5,12.5,1,0.9307,0
2023-01-11,332.9917,354.2264,4.0708,4.3465,7.4958,8.3591,3.8288,0.6056,0.3451,0.0945,1.5,0.6482,57.2449,34.5001,7.3294,142.4145,57.1451,3.6827,3.1294,0.0,10.1125,3.5188,40.6065,32.2974,0.0,90.5528,35.1765,28.4536,28.9164,0.0,82.403,17.3947,23.3378,1.9676,18.0,26.0,23.0,33.6524,8.5454,18.4375,50.2812,33.7969,1.1926,0.6627,0.2,2.2,1.4,47.248,30.7662,0.0,91.0,53.5,12.3333,1,0.5431,2
2023-01-12,424.3817,447.2619,4.9985,5.3252,7.4875,8.3537,4.6787,0.6974,0.2454,0.2539,1.5,0.757,61.817,32.1606,14.6028,161.2954,59.2219,4.6187,3.1406,0.0,10.55,5.0062,30.9348,22.9452,0.0,74.6114,24.3015,16.8849,17.4613,0.0,60.5845,8.6982,23.5135,1.6923,18.0,26.0,23.0,36.1786,8.4604,18.4375,51.375,37.5156,1.2514,0.7606,0.2,2.7,1.0,38.2655,24.6661,0.0,81.2,36.6,12.3333,4,0.6676,3
2023-01-13,370.02,390.6007,4.4973,4.7842,7.4764,8.3209,4.1679,0.5871,0.3422,0.0428,1.15,0.727,50.6452,44.6462,5.7049,198.4556,35.4694,3.7905,4.0592,0.0,11.225,2.325,41.395,34.0727,0.0,95.7182,27.3009,30.3157,33.6419,0.0,91.8895,9.2988,21.8243,1.5724,18.0,24.0,22.0,33.2196,11.4026,18.4062,53.0625,30.8125,1.6405,0.6544,0.4,2.4,1.8,47.5777,33.1692,0.0,96.0,39.0,12.3333,3,0.6015,1
2023-01-14,376.7208,423.5505,4.8512,5.1073,7.5315,8.3862,4.4974,0.6523,0.2647,0.1578,1.4375,0.6631,74.2635,50.4876,11.9545,259.835,63.8328,4.5541,3.8048,0.0,11.7875,3.5625,35.6761,24.5821,0.0,84.2211,33.6935,20.9665,21.0021,0.0,71.5879,14.064,23.651,2.2807,18.0,26.0,24.0,35.8603,10.226,18.7188,54.4688,33.9062,0.6564,0.2752,0.1,1.0,0.7,43.3497,25.1527,1.0,87.9,44.5,12.4167,2,0.6441,1
2023-01-15,374.4817,526.7926,5.9214,6.3165,7.5726,8.4222,5.3999,0.7292,0.2849,0.0636,1.2963,0.8234,54.9738,37.9333,2.3143,176.398,46.5275,5.9676,4.3744,0.0,11.8625,6.275,27.5593,27.841,0.0,93.6364,17.6606,16.5471,27.2917,0.0,88.9545,4.0796,24.483,1.9315,18.0,27.0,25.0,39.5886,11.4316,18.375,54.6562,40.6875,2.0327,0.5102,1.0,2.8,2.2,33.7082,28.505,1.0,95.1,22.0,12.25,1,0.782,1
2023-01-16,510.59,613.6374,6.9188,7.479,7.6884,8.5537,6.2599,0.9333,0.1269,0.7692,1.5,0.9159,49.3879,20.9051,9.7732,96.5914,49.0333,7.1732,4.332,0.0,12.8375,8.275,8.9099,6.1161,0.0,23.0769,8.4112,1.6061,1.911,0.0,10.136,0.9222,25.5033,2.7175,19.0,28.0,26.0,42.6858,11.2795,19.4375,57.0938,45.6875,3.0629,0.7132,1.4,3.7,3.4,17.3821,13.6469,0.0,62.3,14.0,12.5833,0,0.8999,3
2023-01-17,647.6325,663.0467,7.5257,8.2487,7.7238,8.5889,6.7573,0.9941,0.1088,0.8058,1.5,0.9917,51.3896,20.8874,10.1634,101.6939,53.3985,7.6988,4.5916,0.0,13.8125,8.9125,2.8347,4.5658,0.0,19.4203,0.8323,0.5446,1.3401,0.0,7.8,0.0088,25.1933,2.4044,18.0,28.0,26.0,44.0075,11.9197,18.5312,59.5312,47.2812,2.6627,0.4377,1.7,3.3,2.6,8.44,14.4951,0.0,70.2,1.35,12.5,0,0.9743,0
2023-01-18,583.8083,601.1452,6.7725,7.3667,7.6865,8.5322,6.1385,0.8663,0.1958,0.2034,1.5,0.9071,56.8358,27.2253,11.7818,144.0499,57.8269,6.8283,4.3928,0.0,12.625,7.2562,14.0854,18.1624,0.0,79.661,9.2927,6.2031,14.0392,0.0,71.2966,0.9293,24.8133,2.1994,18.0,27.0,25.0,41.7446,11.5356,18.375,56.5625,43.1406,1.8373,0.9767,0.2,3.5,1.9,17.2827,21.9016,0.0,89.5,10.5,12.5,1,0.8811,3
2023-01-19,357.9733,430.6684,4.8797,5.2555,7.6268,8.4454,4.5542,0.7352,0.2943,0.0837,1.4242,0.7789,75.0428,36.0459,16.5776,157.9159,70.1562,4.5124,3.4106,0.0,10.6,4.2188,27.4124,28.1206,0.0,91.6342,22.1136,16.6175,23.3625,0.0,84.3035,5.9932,23.7,1.8922,19.0,26.0,24.0,35.8992,9.089,19.5,51.5,35.5469,0.9813,0.514,0.2,2.2,0.9,33.4967,28.6083,0.0,92.0,29.4,12.5,2,0.6398,1
2023-01-20,405.2717,367.7729,4.2292,4.5567,7.5638,8.3608,3.9754,0.67,0.3522,0.0529,1.5,0.7207,54.1291,34.0307,8.634,187.2402,48.6484,3.5965,3.2984,0.0,9.4375,2.1562,34.6659,32.6035,0.0,94.7126,27.9301,23.7453,28.9465,0.0,89.977,9.6349,23.02,1.5303,18.0,25.0,23.0,33.5931,8.7478,18.4688,48.5938,30.3906,1.8847,0.3469,1.0,2.9,1.8,40.19,31.9845,0.0,95.0,37.2,12.5,3,0.5591,2
2023-01-21,325.825,304.8793,3.5562,3.6389,7.5668,8.3501,3.4052,0.5241,0.2184,0.2209,1.5,0.459,42.9143,28.7075,9.577,153.0636,31.8922,2.6167,2.5534,0.0,7.5875,2.0125,48.4144,19.2608,0.0,77.9095,54.1,29.575,15.7674,0.0,61.5485,31.5059,22.0,1.4094,19.0,24.0,22.0,30.9503,7.0899,19.5312,43.9688,30.0312,2.4899,0.5697,1.4,3.4,2.5,57.0309,13.5863,17.0,79.0,59.0,12.4167,1,0.47,2
2023-01-22,518.4842,553.952,6.194,6.5881,7.6023,8.389,5.7055,0.8527,0.1901,0.5,1.5,0.8545,53.2357,33.6968,13.5319,167.3817,40.7196,5.6006,3.9462,0.0,12.55,6.375,17.3503,13.0809,0.0,50.0,14.5455,5.7683,7.3104,0.0,34.8,2.737,23.106,2.1234,18.0,26.0,23.0,38.4884,10.6594,18.4062,56.375,40.9375,3.0603,0.8432,1.5,4.2,3.3,25.3411,16.2244,3.0,69.6,23.9,12.5833,0,0.8147,3
2023-01-23,459.665,456.5211,5.1424,5.3648,7.6001,8.3748,4.7746,0.6783,0.2912,0.1124,1.5,0.7161,69.3634,46.738,8.118,181.8295,69.1004,4.5319,3.8218,0.0,11.375,5.8625,34.8281,23.6723,0.0,88.7615,28.3895,19.4437,22.2294,0.0,80.0628,9.1213,22.8133,1.9226,19.0,25.0,23.0,35.6694,10.4029,19.5,53.4375,39.6562,3.252,0.6302,1.8,4.0,3.5,42.046,23.0541,8.0,90.2,33.1,12.5,5,0.6766,1
2023-01-24,504.035,521.9534,5.9,6.2552,7.6041,8.3573,5.4108,0.7872,0.2194,0.3006,1.5,0.8374,55.5596,27.3324,16.4095,127.6906,53.1792,5.603,4.2903,0.0,13.275,4.5,23.0741,18.0815,0.0,69.943,16.2562,10.0369,12.6614,0.0,50.359,2.9423,23.8054,2.0849,19.0,27.0,24.0,38.6544,11.2326,19.3438,58.1875,36.25,3.4322,0.6503,2.3,4.2,3.5,28.6839,20.6713,0.0,73.8,20.0,12.4167,1,0.7759,3
2023-01-25,509.4158,545.2122,6.2012,6.5506,7.5848,8.3118,5.6003,0.7085,0.2876,0.0737,0.9907,0.8441,51.3923,34.1891,4.2853,121.6151,50.1968,6.2045,4.9973,0.0,13.05,6.175,29.1501,28.7619,0.9317,92.6346,15.5899,18.6073,27.2,0.0093,86.7059,2.6503,24.0,2.2079,20.0,27.0,24.0,40.0377,13.1164,20.4375,57.625,40.4375,1.1586,0.4168,0.1,1.9,1.2,34.1055,31.645,1.0,93.6,17.0,12.0833,0,0.8176,1
2023-01-26,295.8425,289.1936,3.3745,3.4875,7.5473,8.246,3.2597,0.5178,0.2246,0.1449,1.1951,0.4588,44.214,17.8802,12.8991,86.2253,43.1727,2.3756,1.8463,0.0,6.45,2.0875,48.3607,22.0828,0.0,85.5145,54.1176,30.4792,20.1917,0.0,73.5425,32.6017,21.7755,0.9708,19.0,23.0,22.0,30.3839,5.4482,19.375,41.125,30.2188,1.2558,0.3753,0.8,2.0,1.1,55.1054,19.3345,14.8,86.0,60.0,12.25,2,0.4471,2
2023-01-27,386.2308,399.4718,4.4816,4.6198,7.6094,8.2961,4.1944,0.5205,0.2219,0.0821,0.8955,0.5871,66.6748,42.0247,4.5619,168.9789,58.3624,4.136,3.344,0.0,10.2875,4.825,47.9483,22.1882,10.4461,91.791,41.2852,29.9813,24.3291,1.1491,86.3754,19.056,23.0208,1.9521,19.0,26.0,23.0,34.6916,9.2424,19.3438,50.7188,37.0625,2.2444,0.4198,1.4,2.9,2.1,52.3333,23.0558,11.0,94.1,46.2,12.0,3,0.589,2
2023-01-28,459.1433,452.9099,5.0879,5.2989,7.7163,8.4205,4.7535,0.7168,0.2112,0.2627,1.5,0.7069,67.1285,29.4548,18.3864,147.1393,58.8673,4.7484,3.2634,0.0,10.7125,5.0125,29.7439,17.5667,0.0,73.7288,29.3059,13.374,12.6073,0.0,55.2966,9.8955,23.6174,2.401,19.0,26.0,24.0,36.4226,8.8806,19.4688,51.7812,37.5312,1.7564,0.3769,0.9,2.2,1.9,37.7745,16.4787,6.0,75.0,35.0,12.4167,3,0.6594,3
2023-01-29,348.195,435.589,4.8759,5.1668,7.66,8.3211,4.5564,0.6787,0.2993,0.14,1.5,0.701,66.8508,43.9224,5.3845,215.9037,57.7409,4.7412,3.2386,0.0,11.0625,5.6438,33.4354,27.6383,0.0,86.0,29.8957,19.7362,21.2277,0.0,77.744,9.5666,23.6944,2.1362,18.0,26.0,24.0,36.3921,8.8435,18.375,52.6562,39.1094,1.2444,0.4565,0.1,2.2,1.3,36.5236,27.8279,0.0,90.4,32.0,12.0,1,0.6365,1
2023-01-30,457.3333,530.6268,5.9754,6.3136,7.6318,8.2805,5.4847,0.7708,0.2649,0.2043,1.5,0.842,61.0811,34.7823,9.4143,152.1746,56.6278,5.4585,4.2799,0.0,12.45,5.7125,24.1697,24.6223,0.0,79.5652,15.7975,12.9646,18.6335,0.0,65.0048,3.2744,23.1149,1.8572,18.0,26.0,23.0,38.2553,11.2577,18.4062,56.125,39.2812,1.4459,0.6756,0.3,2.4,1.25,28.7561,25.8382,0.0,81.7,22.95,12.3333,1,0.783,1
2023-01-31,465.1925,535.302,6.0209,6.3698,7.7482,8.4039,5.4927,0.7554,0.232,0.2115,1.5,0.8268,57.3584,30.2271,7.9444,152.271,51.4254,6.3371,4.0902,0.0,12.3125,7.2,25.0393,22.0622,0.0,78.8462,17.3217,12.2182,18.4848,0.0,66.5462,3.3944,25.1565,2.1284,19.0,27.0,26.0,40.5159,10.777,19.3438,55.7812,43.0,2.3388,0.6726,1.1,3.4,2.2,28.2265,24.3317,0.0,84.4,19.0,12.25,1,0.7771,3
2023-02-01,582.7358,663.4344,7.5328,8.1568,7.8674,8.5259,6.7443,0.9751,0.0597,0.8091,1.4667,1.0,53.4288,18.6617,15.9079,77.52,52.5728,8.0293,4.6056,0.0,14.5125,9.3375,2.8652,4.2814,0.0,19.0918,0.0,0.2756,0.5933,0.0,3.8184,0.0,25.8993,2.733,19.0,29.0,27.0,44.8576,11.9252,19.4062,61.2812,48.3438,2.6993,0.5362,1.9,3.8,2.6,3.3772,5.3864,0.0,30.7,0.0,12.4167,0,0.9575,0
2023-02-02,564.4892,603.2883,6.7855,7.2548,7.9051,8.552,6.1418,0.9116,0.1651,0.576,1.5,0.9259,55.424,21.8232,14.7861,101.3652,54.2443,7.3834,4.0573,0.0,13.225,8.9688,10.7068,12.2046,0.0,42.3977,7.4104,2.9823,4.7876,0.0,18.655,0.6404,26.2667,2.6789,19.0,29.0,27.0,43.2304,10.5991,19.3438,58.0625,47.4219,2.112,0.3599,1.5,2.9,2.0,14.5513,14.8272,0.0,50.5,10.75,12.5,0,0.8584,3
2023-02-03,456.8642,444.2421,5.0892,5.3469,7.7792,8.3844,4.6796,0.7089,0.2946,0.1045,1.5,0.7949,60.2693,32.54,12.7529,158.8516,55.2287,5.4478,3.9074,0.0,12.3375,4.9625,30.4932,27.3337,0.0,89.5522,20.5063,17.4158,23.5739,0.0,80.6866,4.8867,25.4218,2.4183,19.0,28.0,26.0,38.4045,10.106,19.375,55.8438,37.4062,1.8218,0.6696,0.5,3.0,2.1,35.3034,25.982,0.0,90.1,25.1,12.25,5,0.6542,1
2023-02-04,406.7117,432.6162,4.9134,5.0878,7.7018,8.2782,4.5534,0.6745,0.2395,0.124,1.5,0.658,60.8307,37.4714,13.5789,165.3236,53.4777,5.1328,3.5233,0.0,10.1625,4.9688,33.492,21.7471,0.0,87.6005,34.1977,17.44,18.5934,0.0,77.0884,13.7408,25.0743,2.4049,20.0,28.0,26.0,37.5239,9.2962,20.4375,50.4062,37.4219,1.2027,0.3701,0.6,1.8,1.2,39.8014,21.0198,5.0,88.0,39.55,12.3333,2,0.638,3
2023-02-05,485.5142,425.4227,4.8041,5.0191,7.6792,8.234,4.4851,0.686,0.2399,0.1436,1.2727,0.7909,64.7247,31.8215,16.1236,189.9426,58.4335,4.8664,3.1407,0.0,11.2375,4.5438,31.7693,23.3227,0.0,85.6383,20.9073,16.5568,20.9699,0.0,73.6489,5.7733,24.4583,1.824,19.0,26.0,25.0,36.969,8.1925,19.875,53.0938,36.3594,0.9528,0.2992,0.2,1.5,0.9,36.9792,22.5063,7.8,86.3,27.5,12.0,3,0.6256,3
2023-02-06,264.2675,198.9581,2.5028,2.5784,7.7287,8.2725,2.4249,0.4154,0.2715,0.0616,1.0556,0.3259,49.2077,36.2678,5.7439,163.1633,44.558,1.9394,1.6968,0.0,6.1625,1.5188,58.4998,27.0664,0.0,93.8431,67.4063,43.1305,27.7791,0.0,88.2125,48.2004,23.1486,1.2086,20.0,25.0,24.0,29.4903,4.7416,20.4062,40.4062,28.7969,0.6426,0.3411,0.0,1.2,0.6,63.8311,22.8564,10.4,94.0,71.15,12.3333,2,0.3238,2
2023-02-07,704.6808,660.5787,7.5161,7.9626,7.8563,8.3961,6.7099,0.9439,0.1011,0.5104,1.3,0.971,53.2121,22.1006,16.1759,93.9285,54.9586,8.3677,4.6442,0.0,14.375,9.55,6.0348,9.3881,0.0,48.9583,2.8953,1.8716,5.5345,0.0,31.5781,0.1132,26.1931,3.3485,18.0,30.0,28.0,45.6312,12.1731,18.4062,60.9375,48.875,1.4152,0.3252,0.8,1.9,1.5,9.4731,15.765,0.0,64.5,4.0,12.0833,0,0.9567,0
2023-02-08,680.7617,637.4591,7.2619,7.6718,7.8854,8.4158,6.4881,0.9209,0.1357,0.5341,1.5,0.9458,54.4547,21.0616,14.3083,100.5625,53.2771,8.0927,4.6759,0.0,14.55,9.5688,8.9815,10.9607,0.0,46.5909,5.4213,2.6444,5.3167,0.0,29.1659,0.3519,26.6419,2.582,19.0,29.0,27.0,45.042,12.0464,19.5,61.375,48.9219,1.9662,0.6352,1.0,2.9,1.9,12.2176,15.9506,0.0,62.6,7.0,12.3333,0,0.9209,0
2023-02-09,447.4017,347.4432,4.0768,4.233,7.7183,8.1965,3.7323,0.5066,0.3408,0.0405,0.9924,0.5581,53.336,49.9016,1.7838,213.5575,41.8427,4.2847,4.4501,0.0,12.4625,2.1875,49.3434,34.0759,0.7576,95.9519,44.1883,37.224,35.2943,0.0068,92.1138,23.1875,24.6084,2.1852,20.0,27.0,25.0,35.2992,11.5627,20.3438,56.1562,30.4688,1.6629,0.6743,0.1,2.5,1.7,52.1231,34.3492,0.9,96.0,53.5,11.9167,5,0.5282,2
2023-02-10,719.5108,624.9072,7.0642,7.3859,7.7388,8.2087,6.3625,0.8595,0.1797,0.2929,1.0217,0.9214,55.4314,24.8532,15.5571,113.1243,53.3504,7.3173,4.6866,0.0,13.4875,8.5,14.0614,17.954,0.0,70.7143,7.8565,6.195,13.1345,0.0,54.7329,0.6342,24.7586,2.1708,19.0,27.0,25.0,43.0282,12.1602,19.3438,58.7188,46.25,2.4214,0.6815,0.7,3.3,2.6,17.7862,21.9411,0.0,78.8,9.0,12.0833,0,0.9128,3
2023-02-11,628.6975,592.9965,6.7709,7.0435,7.8006,8.2668,6.0874,0.8491,0.1816,0.4113,1.4444,0.8661,56.1606,22.0226,16.0007,115.568,52.2084,7.4455,4.5923,0.0,13.9,7.9375,16.2183,15.9923,0.0,58.8727,13.3929,6.0843,8.586,0.0,36.4422,1.9262,25.9103,3.048,19.0,29.0,27.0,43.4213,11.8205,19.7812,59.75,44.8438,2.071,0.4656,1.4,2.8,1.9,20.3076,19.1533,0.0,65.1,15.0,12.0833,3,0.868,3
2023-02-12,655.19,535.3185,6.0463,6.301,7.7998,8.2394,5.4839,0.7675,0.2743,0.069,1.5,0.8231,64.8374,36.4283,13.6737,174.0634,57.8815,6.7931,4.1617,0.0,12.575,8.125,24.2289,25.8643,0.0,93.1034,17.6923,13.1587,23.2278,0.0,87.2379,3.1846,26.2138,2.1705,20.0,28.0,27.0,41.8509,10.6382,20.6562,56.4375,45.3125,2.1752,1.0286,0.3,3.6,2.2,27.1062,26.4618,0.0,93.7,21.0,12.0833,2,0.7752,1
2023-02-13,714.665,669.4002,7.6335,8.0332,7.8942,8.3327,6.8043,0.9873,0.085,0.7949,1.5,0.9889,52.0964,21.0919,16.2499,78.2639,54.7667,8.3859,4.7241,0.0,14.45,9.1125,2.6389,3.3744,0.0,20.5128,1.1061,0.2985,1.0273,0.0,11.159,0.0134,26.4527,2.884,20.0,30.0,27.0,45.7943,12.1343,20.375,61.125,47.7812,1.6304,0.3774,1.0,2.3,1.6,5.0453,9.1419,0.0,59.0,2.0,12.3333,0,0.967,0
2023-02-14,704.8858,667.8843,7.6762,8.0552,7.9674,8.3918,6.7881,0.9829,0.0813,0.8727,1.5,0.971,52.407,21.8278,15.1057,86.6795,56.7075,8.991,4.8846,0.0,15.2625,9.8813,3.1212,3.2171,0.0,12.7273,2.9042,0.2601,0.5006,0.0,4.0333,0.088,27.8649,3.2381,20.0,31.0,29.0,47.3148,12.5314,20.3438,63.1562,49.7031,2.2176,0.6394,1.5,3.4,2.0,5.5243,7.9149,0.0,54.4,4.0,12.3333,0,0.9635,0
2023-02-15,555.7642,597.675,6.8343,7.1153,7.957,8.3595,6.0964,0.875,0.1688,0.3938,1.5,0.8906,58.7711,26.9462,15.6059,140.6801,58.1791,8.3243,4.5199,0.0,14.4125,10.0375,13.4844,14.8906,0.0,60.6186,10.9361,4.4177,7.6274,0.0,38.1291,1.4264,28.2585,2.8933,20.0,31.0,29.0,45.6928,11.5341,20.4375,61.0312,50.0938,1.8578,0.5631,0.9,2.8,1.9,15.8048,16.4401,0.0,62.9,14.0,12.25,2,0.8589,3
2023-02-16,566.2158,565.7233,6.4583,6.6728,7.8931,8.2635,5.8118,0.8001,0.1919,0.3578,1.1667,0.8519,59.6196,32.6357,15.3583,182.7305,58.8945,7.3857,4.4508,0.0,14.3,6.675,20.1039,19.0171,0.0,64.2225,14.8055,8.6402,12.0331,0.0,49.4872,2.2238,26.7397,2.7318,20.0,30.0,27.5,43.3279,11.3714,20.375,60.75,41.6875,1.6199,0.325,1.0,2.2,1.6,23.7199,21.6936,0.0,77.2,15.7,12.1667,5,0.8182,3
2023-02-17,388.2292,400.9539,4.5872,4.7343,7.7485,8.0878,4.2504,0.6225,0.2794,0.1101,1.0,0.6675,75.6089,41.7415,10.3089,203.8408,67.4336,5.1065,3.4215,0.0,12.3125,4.7625,37.747,27.9389,0.0,88.989,33.2539,23.0673,24.6605,0.0,79.2002,12.2963,25.6621,2.243,20.0,28.0,27.0,37.5254,8.9431,20.3438,55.7812,36.9062,1.0621,0.4083,0.4,1.6,1.2,40.5579,28.5294,0.0,89.0,37.1,12.0833,4,0.592,2
2023-02-18,330.3775,294.3818,3.4149,3.5273,7.7315,8.0553,3.2211,0.4792,0.3466,0.0303,1.4667,0.4101,48.6128,33.4012,3.0451,131.7231,46.3824,3.0549,3.1346,0.0,9.8375,3.1125,52.5252,33.7217,0.0,96.9651,58.9867,39.5988,33.9024,0.0,94.0561,35.3847,22.4375,2.0576,19.0,25.0,23.0,31.3305,9.2143,19.5,49.5938,32.7812,1.4875,0.3548,0.8,2.0,1.5,54.9069,32.6541,0.0,97.0,60.0,12.0,0,0.4417,2
2023-02-19,575.7583,614.2836,6.9048,7.1243,7.8295,8.1419,6.2457,0.8793,0.1397,0.3108,1.375,0.8934,56.4227,23.1737,11.033,106.6262,53.0557,7.2152,4.3739,0.0,13.6625,8.3125,12.7029,12.7902,0.0,68.9189,10.6613,3.7144,8.3279,0.0,53.0676,1.1888,25.1565,2.5203,20.0,28.0,26.0,42.7708,11.4109,20.4062,59.1562,45.7812,3.5789,0.5451,2.1,4.3,3.7,15.7932,15.2623,0.0,77.2,13.0,12.25,1,0.8819,3
2023-02-20,575.5358,509.8612,5.7279,5.8997,7.7494,8.0182,5.2298,0.737,0.2917,0.0588,1.3333,0.8299,61.1526,31.9043,5.1405,166.3061,60.1344,6.2778,4.1108,0.0,12.6375,7.3125,26.7443,28.5679,0.0,94.1176,17.0129,15.5282,24.3013,0.0,89.0353,2.8922,24.5111,2.1156,19.0,27.0,25.0,40.422,10.7339,19.4062,56.5938,43.2812,2.4378,0.6144,1.5,3.5,2.4,27.86,28.7207,0.0,94.6,17.0,11.25,3,0.7391,1
2023-02-21,517.9508,438.5195,4.9756,5.1058,7.761,8.0229,4.5982,0.6365,0.3083,0.1111,1.1579,0.7629,66.6305,33.1565,6.5707,144.6622,66.0158,4.9419,3.8796,0.0,12.0125,4.5,36.5135,30.5993,0.0,88.8889,23.7135,23.1424,25.7175,0.0,80.8905,8.2543,23.662,2.2812,18.0,27.0,24.0,36.8017,10.4832,18.4375,55.0312,36.25,1.5007,0.7037,0.2,2.6,1.4,38.5641,30.3093,0.0,91.1,37.85,11.8333,2,0.6411,1
2023-02-22,500.8367,441.8392,4.9706,5.0483,7.7288,7.9629,4.5722,0.5396,0.2526,0.0822,0.8599,0.6477,51.8032,37.8453,5.8361,162.5826,43.426,5.133,4.1945,0.0,10.7875,5.75,46.0361,25.2613,14.0062,91.7808,35.2273,28.1287,27.1215,1.9609,85.3562,12.3295,23.708,2.1184,20.0,27.0,24.0,37.3136,11.175,20.375,51.9688,39.375,1.5204,0.5409,0.6,2.7,1.4,47.0372,25.9208,14.0,93.0,35.0,11.4167,0,0.6431,2
2023-02-23,329.1967,308.5156,3.5792,3.6532,7.716,7.9379,3.3432,0.4342,0.293,0.0397,1.0,0.3363,46.5382,38.4306,5.5507,147.0517,32.0946,3.5198,3.5761,0.0,9.4625,2.4125,56.5753,29.3008,0.0,96.0265,66.3717,41.2834,30.7573,0.0,92.1854,47.6549,23.6738,2.0754,20.0,27.0,24.0,33.193,9.6076,20.375,48.6562,31.0312,1.6234,0.5263,0.7,2.7,1.5,57.7071,29.7704,0.0,96.0,71.0,11.75,0,0.4639,2
2023-02-24,462.7617,427.3232,4.8615,4.9365,7.7654,7.9698,4.4533,0.534,0.2955,0.0547,0.9754,0.5478,58.252,44.3234,2.6458,159.7015,45.1194,5.0694,4.2788,0.0,11.9125,5.4188,46.6002,29.5485,2.4561,94.5312,45.2179,31.1698,29.988,0.0614,89.5211,22.2915,24.3169,2.7116,19.0,28.0,24.0,37.1554,11.3713,19.3438,54.7812,38.5469,1.4338,0.6259,0.3,2.4,1.7,48.0296,30.2157,2.5,94.7,50.05,11.8333,3,0.626,2
2023-02-25,657.9108,557.0005,6.3213,6.4615,7.8648,8.0585,5.7181,0.8052,0.2303,0.2371,1.2778,0.915,60.2853,27.2658,15.3317,137.2432,51.1971,7.1262,4.2753,0.0,14.075,6.8875,19.7739,22.6305,0.0,76.2887,8.4974,9.3835,14.3266,0.0,62.6957,1.4137,26.1667,2.5226,19.0,29.0,27.0,42.6285,11.0276,19.375,60.1875,42.2188,1.9896,0.8165,0.3,3.2,1.9,21.4097,23.3655,0.0,82.4,14.4,12.0,1,0.8037,3
2023-02-26,715.5017,663.3128,7.5881,7.7438,7.9927,8.1727,6.7462,0.9576,0.0848,0.6667,1.3529,0.9725,54.5709,22.1577,12.9577,90.2597,53.3021,8.5795,4.824,0.0,14.925,9.1812,5.0934,6.4257,0.0,33.3333,2.7466,0.8321,2.1554,0.0,15.9667,0.0803,26.7603,3.4567,19.0,30.0,28.0,46.2502,12.4393,19.4062,62.3125,47.9531,1.9123,0.873,0.5,3.1,2.2,6.463,8.9699,0.0,47.9,3.0,12.1667,0,0.9494,0
2023-02-27,752.4717,682.6945,7.8721,8.02,8.0408,8.2039,6.9451,0.9814,0.0664,0.7105,1.4118,1.0,55.0524,24.2575,12.7446,113.8778,58.0243,9.1618,4.9551,0.0,15.175,10.3,2.4012,4.9071,0.0,28.9474,0.0,0.3236,1.1051,0.0,8.9737,0.0,27.4621,2.5359,21.0,30.0,28.0,47.8209,12.5517,21.5,62.9375,50.75,3.5524,0.5289,2.2,4.2,3.7,3.3262,6.4911,0.0,32.1,0.0,12.0833,0,0.979,0
2023-02-28,666.7483,646.6694,7.3972,7.5163,8.0171,8.1598,6.584,0.9293,0.1009,0.6171,1.3125,0.96,57.5499,19.5933,17.1064,103.0923,56.8427,8.5329,4.6499,0.0,15.0,9.5625,7.5214,9.1616,0.0,38.2872,4.0,1.4952,2.7027,0.0,15.5063,0.176,27.1241,2.6323,21.0,30.0,28.0,46.2547,11.7762,21.4688,62.5,48.9062,2.7345,0.7707,1.6,4.0,2.6,8.7759,10.2491,0.0,40.5,6.0,12.0833,1,0.9227,0
2023-03-01,323.125,253.3791,3.0167,3.0822,7.8062,7.9197,2.8369,0.4376,0.3598,0.0389,1.0,0.285,43.762,33.0905,3.6794,134.5363,37.0573,3.0799,3.1208,0.0,9.15,1.2875,56.243,35.984,0.0,96.1145,71.4958,44.824,36.6411,0.0,92.2699,50.8,24.3706,1.6812,20.0,26.0,25.0,32.2815,8.2752,20.375,47.875,28.2188,1.4077,0.5302,0.2,2.5,1.2,57.6098,35.0997,0.0,96.0,71.0,11.9167,3,0.3864,2
2023-03-02,562.2325,452.3063,5.2215,5.2769,7.7683,7.8574,4.767,0.6561,0.3416,0.1078,1.25,0.849,64.1068,49.1251,7.8793,247.5939,55.6177,5.2161,4.5932,0.0,13.425,3.775,34.646,33.817,0.0,89.2167,15.1042,23.6282,26.847,0.0,79.4028,2.8174,23.7376,2.3227,18.0,27.0,24.0,37.6246,12.0104,18.625,58.5625,34.4375,1.7837,0.6286,0.1,2.7,1.7,35.5794,33.8004,0.0,89.0,21.6,11.75,5,0.6722,1
2023-03-03,581.3983,542.1458,6.205,6.2603,7.7681,7.8377,5.6132,0.7818,0.2596,0.28,1.1,0.9492,61.7326,41.6487,12.614,217.0801,55.2449,6.4754,4.7396,0.0,14.0375,5.075,21.8885,25.8839,0.0,72.0,5.0847,11.645,16.7694,0.0,54.072,0.2542,24.6014,2.2925,19.0,27.0,25.0,40.8733,12.3184,19.3438,60.0938,37.6875,1.8385,0.7227,0.6,2.9,1.8,22.3392,26.3586,0.0,75.5,5.0,11.9167,2,0.7988,1
2023-03-04,739.2675,687.0363,7.8576,7.914,8.0042,8.0595,6.9832,0.9895,0.0382,0.8301,1.25,1.0,55.7983,22.1057,9.4496,80.8152,61.6058,8.6641,4.8729,0.0,14.825,9.5563,1.3166,2.8873,0.0,16.9863,0.0,0.0989,0.3321,0.0,2.8707,0.0,26.0139,3.1065,19.0,29.0,27.0,46.4763,12.536,19.625,62.0625,48.8906,2.2889,0.8006,1.3,4.2,1.9,1.5243,3.3399,0.0,18.4,0.0,12.0,1,0.9817,0
2023-03-05,697.8042,664.4576,7.5888,7.627,8.054,8.0889,6.746,0.9524,0.0927,0.6399,1.125,1.0,63.3696,23.5626,15.8659,113.883,68.2945,8.7379,4.6698,0.0,15.3375,10.2,4.9299,9.0696,0.0,36.0119,0.0,1.1196,2.6496,0.0,12.6042,0.0,26.9375,2.7206,19.0,30.0,28.0,46.7001,11.9661,19.5625,63.3438,50.5,1.0215,0.4123,0.4,1.8,1.0,5.7486,10.1761,0.0,35.8,0.6,12.0,1,0.9422,0
2023-03-06,467.0192,506.6119,5.7232,5.7667,7.8373,7.8455,5.2136,0.7342,0.2334,0.2333,1.0,0.7546,73.6809,40.0526,13.6537,192.1886,67.9485,6.6866,3.9314,0.0,12.1875,7.525,26.578,23.3396,0.0,76.6667,24.5383,12.5979,15.5756,0.0,59.8767,5.9473,26.5874,2.3205,20.0,29.0,27.0,41.5957,10.0525,20.4062,55.4688,43.8125,1.8021,0.4978,0.9,2.5,1.8,27.1224,23.5003,0.0,78.1,24.0,11.9167,6,0.7302,3
2023-03-07,304.1242,254.1748,3.04,3.0632,7.6937,7.6795,2.878,0.3816,0.2673,0.0391,0.949,0.2756,53.305,44.1858,10.3963,191.413,35.2767,2.3899,3.1451,0.0,9.05,0.55,61.8352,26.728,5.1007,96.0915,72.4382,45.3865,28.3778,0.255,92.2479,52.9523,21.927,1.3538,20.0,24.0,22.0,30.2482,8.5019,20.375,47.625,26.375,1.3584,0.4003,0.4,2.3,1.4,61.8365,26.9685,5.0,96.0,73.0,11.4167,2,0.3951,2
2023-03-08,587.6642,491.8822,5.5596,5.5491,7.6836,7.6518,5.0692,0.6204,0.287,0.0441,0.9896,0.6455,60.6325,39.2333,5.5678,151.3774,57.6786,5.6455,4.5402,0.0,12.7375,6.0125,37.9571,28.6978,1.0373,95.5882,35.4523,22.7401,27.5849,0.0104,91.3824,12.5163,23.6906,2.6426,19.0,27.0,25.0,38.6895,11.9368,19.375,56.8438,40.0312,3.2489,0.6711,1.9,4.3,3.1,38.0612,29.1563,1.0,95.6,35.0,11.5833,3,0.7236,1
2023-03-09,398.515,396.5736,4.448,4.4828,7.7312,7.6776,4.1676,0.5621,0.233,0.0573,0.9474,0.537,52.4309,22.6757,4.1222,105.7381,48.3739,4.4104,3.2642,0.0,9.975,4.4125,43.7931,23.3001,5.2632,94.2708,46.2985,24.4594,22.1536,0.6176,88.8974,21.9099,23.4638,2.362,19.0,26.0,24.0,35.5507,8.8767,19.4062,49.9375,36.0312,1.1804,0.4857,0.3,1.9,1.3,43.8493,22.972,7.8,94.3,46.0,11.5,0,0.5753,2
2023-03-10,283.8067,251.7297,2.9968,3.0133,7.6178,7.5471,2.7821,0.3508,0.2595,0.0288,0.8756,0.3109,48.3805,43.2939,2.0597,157.1122,33.9688,3.3826,3.6684,0.0,11.3125,2.35,64.9239,25.9545,12.4373,97.1239,68.9139,48.8093,30.9304,1.4925,94.2102,46.9746,24.5971,2.2577,20.0,27.0,25.0,32.6821,9.9664,20.3438,53.2812,30.875,1.5928,0.6258,0.7,2.6,1.4,64.8576,26.0873,12.0,97.0,68.0,11.5833,1,0.3934,2
2023-03-11,413.6775,308.6249,3.5688,3.6077,7.6883,7.5995,3.4001,0.4876,0.1957,0.2003,0.8811,0.4334,45.725,22.3861,11.3735,109.6494,40.7204,3.2625,2.4754,0.0,7.5375,3.225,51.2421,19.5713,11.8902,79.9663,56.6635,29.9295,18.1444,1.3674,63.5732,32.2675,23.3217,1.81,19.0,26.0,23.0,32.6805,6.9025,19.3438,43.8438,33.0625,1.8797,0.7236,0.1,3.3,1.9,51.1846,19.2274,11.5,79.5,56.7,11.9167,0,0.4642,2
2023-03-12,597.1883,527.225,5.9109,5.8864,7.7192,7.6101,5.4358,0.7685,0.2111,0.399,1.04,0.8172,77.3761,38.0896,11.2855,187.586,73.6511,5.8005,3.9161,0.0,12.5,6.0188,23.176,21.079,0.0,60.0985,18.2831,9.6507,11.5465,0.0,37.7308,3.2023,23.6056,2.2533,18.0,26.0,24.0,39.2154,10.2626,18.4688,56.25,40.0469,2.2451,0.879,0.2,3.7,2.3,23.1599,20.623,0.0,65.4,20.5,11.8333,6,0.7657,3
2023-03-13,371.6,308.0972,3.5825,3.6189,7.6348,7.5076,3.3673,0.4208,0.1936,0.1029,0.7949,0.4462,43.6741,30.3422,6.3598,117.0939,33.6623,3.3549,3.3106,0.0,9.25,2.375,57.917,19.3614,20.5128,89.7059,55.3785,36.8897,22.7,5.9897,80.5559,30.5135,23.3475,1.5856,20.0,25.0,24.0,32.8754,8.8476,20.375,48.125,30.9375,1.3376,0.3545,0.2,1.8,1.5,57.2589,19.4998,27.0,89.8,55.1,11.75,2,0.4692,2
2023-03-14,286.095,220.7935,2.6711,2.6985,7.669,7.5213,2.5568,0.4187,0.3367,0.0461,1.0,0.2964,33.1095,28.0438,3.0251,111.3384,24.534,2.2681,2.4296,0.0,6.5375,1.1063,58.1282,33.673,0.0,95.3917,70.359,44.7567,33.9556,0.0,90.8129,50.0956,22.4859,1.5608,19.0,24.0,23.0,29.5398,7.2462,19.3438,41.3438,27.7656,0.9556,0.5073,0.1,1.7,0.9,57.8063,33.4469,0.0,95.2,71.1,11.8333,0,0.3483,2
2023-03-15,445.1583,394.9528,4.4642,4.4782,7.5682,7.4064,4.1793,0.5702,0.2036,0.2021,0.9592,0.5467,58.8548,28.3208,10.9167,123.8544,60.8634,4.3877,3.2657,0.0,11.05,3.7625,42.9763,20.3554,4.0816,79.7872,45.33,22.1295,17.892,0.1592,63.8298,20.4128,23.4348,1.7085,19.0,25.0,24.0,35.5657,8.7633,19.4375,52.625,34.4062,2.5116,0.4911,1.5,3.3,2.6,41.9377,20.3701,3.9,80.0,44.0,11.5,1,0.5899,2
2023-03-16,398.7725,369.6529,4.2423,4.2187,7.7092,7.5187,3.9354,0.4683,0.2544,0.0596,0.8738,0.4351,56.9469,49.2912,2.0226,235.6809,43.869,3.8732,3.9685,0.0,11.15,2.2812,53.1682,25.4431,12.6195,94.0379,56.4889,34.3171,27.3499,1.5143,88.3016,31.2669,22.4,1.725,19.0,25.0,23.0,33.7634,10.9236,19.375,52.875,30.7031,1.6436,0.379,0.6,2.2,1.6,52.4064,25.6248,12.0,93.9,55.6,11.6667,3,0.5503,2
2023-03-17,219.5458,204.2582,2.5142,2.5388,7.6662,7.4593,2.4033,0.3388,0.215,0.0376,0.7883,0.3286,45.136,34.6083,3.3665,150.248,29.6478,2.1774,2.5025,0.0,7.6875,0.7125,66.1181,21.5037,21.1653,96.236,67.1366,47.7819,27.6906,4.2331,92.3866,44.4902,23.1714,1.5591,20.0,26.0,23.0,29.9058,6.817,20.5312,44.2188,26.7812,2.2221,0.8893,0.9,3.6,2.4,65.1936,21.9542,20.0,96.0,66.2,11.6667,1,0.328,2
2023-03-18,486.5533,460.968,5.1459,5.1088,7.7542,7.5226,4.78,0.6272,0.2236,0.2109,1.0,0.5847,49.0713,26.2283,9.6055,123.2166,46.4434,4.9662,3.6804,0.0,10.7625,5.025,37.2785,22.3615,0.0,78.9116,41.5295,18.2826,15.1913,0.0,61.9456,16.1965,23.0432,2.0212,18.0,25.0,24.0,36.926,9.9386,18.5,51.9062,37.5625,2.1,0.861,0.7,3.0,2.6,36.0216,21.9094,0.0,78.5,39.0,11.5833,0,0.6636,3
2023-03-19,472.1958,426.1569,4.7908,4.7603,7.7532,7.5014,4.4559,0.5932,0.2424,0.1107,1.0,0.5804,65.9967,38.2819,16.6958,174.8287,56.6011,4.8641,3.4874,0.0,11.8875,5.7188,40.6752,24.2366,0.0,88.9273,41.9574,21.7697,20.308,0.0,78.7007,16.7656,23.9429,1.9296,19.0,26.0,24.0,36.7754,9.305,19.5,54.7188,39.2969,2.6729,0.8948,1.1,3.9,2.8,39.3621,23.9757,0.0,88.5,40.8,11.6667,4,0.6179,3
2023-03-20,303.1775,274.9227,3.2139,3.2613,7.6448,7.3793,3.0968,0.4364,0.1301,0.1422,0.6783,0.4456,42.9449,19.9033,11.4769,88.8885,38.4207,2.4975,2.1174,0.0,7.35,1.95,56.3622,13.0084,32.1739,85.7778,55.4417,32.392,15.6679,9.6522,72.9111,29.5911,21.9424,1.6671,19.0,24.0,22.0,30.6131,6.1596,19.4062,43.375,29.875,2.477,0.742,1.1,3.5,2.7,54.3906,13.4756,30.0,85.0,53.4,11.5833,0,0.4204,2
2023-03-21,341.4525,329.4134,3.7618,3.7648,7.6747,7.3874,3.5631,0.4709,0.2352,0.0781,0.9507,0.4725,53.5993,32.4344,4.1442,126.8903,47.9981,3.1995,2.9503,0.0,8.6375,2.8375,52.9132,23.5155,4.9296,92.1905,52.7462,32.6923,25.0196,0.2317,84.5387,26.4211,22.0429,1.3879,19.0,24.0,22.0,32.119,8.424,19.375,46.5938,32.0938,2.81,0.7605,1.8,4.4,2.9,51.3329,23.7354,4.7,91.7,50.1,11.6667,2,0.4902,2
2023-03-22,496.5267,497.3324,5.5577,5.4422,7.6668,7.361,5.1411,0.7118,0.2209,0.2462,1.0,0.7788,75.2395,52.4253,14.6536,259.2003,65.9135,5.3689,3.7759,0.0,12.4625,4.7688,28.8201,22.0906,0.0,75.3769,22.1183,12.6062,15.1149,0.0,55.7789,4.4818,23.0143,2.4612,18.0,26.0,24.0,37.9011,10.2585,18.5,56.1562,36.9219,2.6507,0.7308,1.4,3.5,2.7,27.4814,21.4041,0.0,74.0,21.1,11.6667,3,0.7249,3
2023-03-23,477.5458,545.1707,6.0986,5.9414,7.739,7.4072,5.581,0.7605,0.1723,0.319,1.0,0.7755,77.322,39.9414,23.0448,177.7291,70.6769,6.3561,3.9287,0.0,12.625,6.9188,23.9541,17.2272,0.0,68.0982,22.4521,8.1768,9.7077,0.0,44.9448,4.7022,24.2786,2.0181,19.0,26.0,25.0,40.6141,10.304,19.7188,56.5625,42.2969,3.5943,0.6517,1.7,4.4,3.7,22.61,16.2195,0.0,66.0,21.9,11.6667,6,0.788,3
2023-03-24,708.4833,673.0632,7.6533,7.3172,7.8858,7.5272,6.8346,0.9783,0.041,0.8401,1.0,1.0,55.9448,21.739,9.6138,81.1131,60.3497,8.4564,4.5532,0.0,14.275,9.675,2.1698,4.0967,0.0,15.9912,0.0,0.2036,0.5076,0.0,2.3987,0.0,25.6383,2.4793,19.0,28.0,27.0,45.9929,11.6804,19.4375,60.6875,49.1875,3.2709,0.685,1.9,4.3,3.3,2.0695,3.9076,0.0,15.0,0.0,11.75,1,0.9705,0
2023-03-25,699.7325,681.6577,7.7984,7.4312,7.9703,7.5851,6.9236,0.9834,0.0377,0.8439,1.0,1.0,56.0902,23.645,3.2983,82.4492,62.3078,8.8438,4.8008,0.0,15.0125,9.875,1.6609,3.7722,0.0,15.6085,0.0,0.1589,0.409,0.0,2.2788,0.0,26.1702,3.0094,19.0,29.0,27.0,46.9107,12.3969,19.4688,62.5312,49.6875,2.6567,0.9625,1.1,4.2,2.4,1.5631,3.5489,0.0,14.6,0.0,11.75,0,0.9784,0
2023-03-26,674.8325,676.7669,7.7711,7.3833,7.9116,7.5083,6.8775,0.9837,0.0392,0.8043,1.0,1.0,56.0031,24.9235,3.3337,94.8087,62.9999,9.0616,4.8699,0.0,15.1625,9.8125,1.6281,3.9236,0.0,19.5683,0.0,0.1705,0.5174,0.0,3.5614,0.0,26.8582,3.0014,20.0,30.0,28.0,47.5259,12.4304,20.4375,62.9062,49.5312,2.8142,0.8295,1.5,4.3,2.7,1.5518,3.7405,0.0,18.2,0.0,11.75,0,0.9822,0
2023-03-27,668.6733,642.5907,7.3838,7.0269,7.8504,7.4312,6.5464,0.9187,0.122,0.475,1.0,1.0,58.6637,25.8678,8.912,121.1778,56.5736,8.7351,4.8291,0.0,15.0875,9.9375,8.1325,12.2039,0.0,52.5,0.0,1.9199,4.2706,0.0,25.5675,0.0,27.0993,2.3824,20.0,29.0,28.0,46.7369,12.2672,20.4375,62.7188,49.8438,2.5333,0.6462,1.3,3.4,2.8,7.3972,10.9095,0.0,48.7,0.0,11.75,1,0.9406,0
2023-03-28,463.9308,420.862,4.8215,4.7117,7.6762,7.2528,4.3897,0.5425,0.2524,0.0913,0.8673,0.6414,51.9907,41.167,5.8381,167.9737,38.5406,5.7294,4.4223,0.0,12.325,6.2188,45.7506,25.2366,13.2695,90.8665,35.8571,26.2134,26.3938,1.6321,81.7799,12.5469,25.8235,2.3941,20.0,28.0,27.0,39.1181,11.347,20.5,55.8125,40.5469,1.6037,0.7449,0.6,2.8,1.6,43.4904,25.2526,12.3,90.0,33.05,11.3333,2,0.6281,2
2023-03-29,695.7767,646.5575,7.3761,6.9878,7.8811,7.4208,6.5845,0.9027,0.1402,0.4524,1.0,0.9775,56.2518,26.4739,5.8692,100.4558,61.7459,8.1974,4.7598,0.0,14.2875,8.8813,9.731,14.0221,0.0,54.7619,2.2469,2.6083,5.8565,0.0,27.0524,0.0461,25.5571,2.3969,20.0,28.0,26.0,45.3145,12.2299,20.4375,60.7188,47.2031,3.3493,0.5817,2.0,4.2,3.4,8.8236,12.5947,0.0,49.6,2.05,11.6667,0,0.9359,0
2023-03-30,691.4775,662.1079,7.5683,7.1332,7.8552,7.3779,6.7278,0.9424,0.1022,0.4688,1.0,1.0,57.0485,24.0427,3.1176,101.4395,59.0805,8.6667,4.7892,0.0,14.9125,9.75,5.7612,10.2177,0.0,53.125,0.0,1.2074,3.6295,0.0,23.6406,0.0,26.2,3.016,18.0,29.0,27.0,46.4723,12.357,18.375,62.2812,49.375,2.4257,0.7869,1.3,4.0,2.3,5.1636,9.0059,0.0,44.5,0.0,11.6667,1,0.9635,0
2023-03-31,596.0125,583.8669,6.6902,6.3562,7.7688,7.2785,5.9731,0.8345,0.2031,0.3051,1.0,0.9413,61.1604,23.5481,22.6774,124.3583,62.268,8.0613,4.6735,0.0,14.6875,8.625,16.5538,20.3061,0.0,69.4915,5.8716,6.2446,11.0381,0.0,45.4475,0.3257,27.05,3.0353,18.0,30.0,28.0,44.9703,12.031,18.4062,61.7188,46.5625,1.2993,0.607,0.3,2.4,1.3,15.0436,18.6565,0.0,65.4,5.5,11.6667,3,0.8612,3
2023-04-01,615.1983,596.4711,6.7098,6.3514,7.6482,7.1524,6.0454,0.8923,0.1429,0.2329,1.0,0.9465,60.4023,22.032,23.1084,111.3336,63.3738,8.0845,4.0189,0.0,14.0,8.75,10.7726,14.2855,0.0,76.7123,5.3502,2.8974,6.8962,0.0,55.3096,0.2675,26.4296,2.6246,19.0,29.0,27.0,45.0678,10.3606,19.4062,60.0,46.875,1.3067,0.4924,0.2,2.1,1.4,9.7578,13.03,0.0,72.1,5.0,11.25,4,0.8773,3
2023-04-02,333.64,267.5487,3.1761,3.1558,7.4508,6.9593,2.9763,0.3619,0.2222,0.0552,0.8357,0.2997,51.7556,51.3647,8.4902,250.3697,36.0198,3.0278,3.5277,0.0,10.075,1.3063,63.8072,22.2202,16.4309,94.4805,70.0312,44.0543,25.3744,2.4646,88.7172,47.2733,23.0147,1.642,20.0,25.0,23.0,31.7723,9.575,20.375,50.1875,28.2656,1.1926,0.3677,0.5,1.7,1.4,61.1926,22.7361,15.0,93.9,67.5,11.3333,2,0.4263,2
2023-04-03,432.2858,299.2278,3.4733,3.4295,7.4466,6.9394,3.2826,0.4405,0.2513,0.0456,0.9348,0.4435,71.7373,44.8059,12.2211,209.9634,62.2139,2.8484,3.1609,0.0,10.45,1.4375,55.9463,25.1297,6.5196,95.4368,55.6463,35.9952,28.0694,0.3912,90.6649,28.7135,21.6222,1.6966,18.0,23.0,23.0,31.2704,8.8101,18.3438,51.125,28.5938,2.4067,0.4716,1.5,3.2,2.4,52.8644,25.7901,6.0,95.0,51.4,11.25,2,0.4664,2
2023-04-04,611.6608,623.3535,6.966,6.5211,7.6112,7.059,6.3365,0.8909,0.1237,0.3448,1.0,0.9306,56.7886,23.7292,16.031,120.1196,55.3894,6.9529,4.1942,0.0,12.0625,8.3125,10.9134,12.3741,0.0,65.5172,6.941,2.3489,4.9223,0.0,39.3759,0.446,23.1739,2.2243,18.0,26.0,24.0,42.1033,11.0031,18.375,55.1562,45.7812,2.5768,0.6917,1.1,3.5,2.6,9.5029,10.7676,0.0,60.1,6.4,11.5,0,0.9152,3
2023-04-05,508.6125,414.5103,4.6654,4.4813,7.5688,6.9988,4.3049,0.5742,0.3093,0.0395,1.0,0.6966,61.2082,41.7105,3.7173,191.8256,58.3182,4.8158,4.0231,0.0,10.9,4.8938,42.5812,30.9291,0.0,96.0465,30.3402,26.6286,32.6355,0.0,91.9165,7.7682,23.8015,1.9506,18.0,26.0,24.0,36.6657,10.5438,18.7812,52.25,37.2344,2.3191,0.9408,0.4,3.5,2.5,40.1419,31.1059,0.0,95.7,26.3,11.3333,5,0.6164,1
2023-04-06,602.8608,538.7618,6.0948,5.7698,7.5602,6.9728,5.5302,0.7425,0.2168,0.3238,1.0,0.7776,66.2173,36.5487,16.4261,163.0451,63.6591,6.6708,4.3524,0.0,12.975,7.2812,25.75,21.6794,0.0,67.619,22.2365,9.8878,11.4771,0.0,40.8669,4.4473,24.8261,2.3017,19.0,27.0,26.0,41.3881,11.37,19.4688,57.4375,43.2031,2.3145,1.3162,0.2,4.2,2.4,22.5928,18.9655,0.0,62.2,20.0,11.5,5,0.8062,3
2023-04-07,321.0958,296.8085,3.4303,3.3814,7.3659,6.7873,3.2114,0.3937,0.2454,0.0653,0.9345,0.3333,77.324,50.4552,7.7323,198.1345,69.8875,3.6176,3.4429,0.0,11.2875,2.55,60.6282,24.5435,6.5451,93.4737,66.6667,41.0367,27.0922,0.3927,86.6501,42.0667,23.5344,1.8741,19.0,26.0,24.0,33.354,9.4066,19.3438,53.2188,31.375,0.9237,0.379,0.3,1.8,0.9,57.6977,24.8875,6.0,92.7,63.1,10.9167,4,0.4657,2
2023-04-08,381.3475,317.3615,3.7084,3.6463,7.3484,6.7592,3.4401,0.4322,0.225,0.0757,0.8792,0.39,54.3463,37.9303,7.8605,164.3529,44.3999,4.0079,3.9082,0.0,11.0625,2.9,56.7821,22.4991,12.0833,92.4324,60.9973,35.2692,23.7053,1.3292,84.6681,34.1818,24.3209,1.9218,20.0,27.0,24.5,34.6989,10.1333,20.4375,52.6562,32.25,0.9679,0.515,0.1,1.9,0.9,53.3007,22.45,11.0,91.6,56.25,11.1667,3,0.5047,2
2023-04-09,495.8783,477.4805,5.4258,5.1179,7.3728,6.7594,4.9714,0.7397,0.2669,0.1551,1.0,0.8004,60.9911,28.2628,12.9006,152.426,55.2786,5.7539,4.1426,0.0,12.35,5.3875,26.0264,26.6945,0.0,84.4875,19.9611,12.6916,18.7495,0.0,69.8712,3.1947,24.3212,2.3134,19.0,27.0,25.0,39.1727,10.6868,19.4062,55.875,38.4688,2.2985,0.8256,1.2,3.9,2.1,23.2869,25.1629,0.0,82.7,16.8,11.4167,0,0.7359,1
2023-04-10,466.0767,425.6877,4.9198,4.6822,7.3858,6.7472,4.4818,0.5617,0.2784,0.1585,0.9348,0.5248,54.4471,51.9015,6.0672,251.5904,38.1073,5.1903,4.7223,0.0,12.2625,3.5312,43.8317,27.8402,6.524,84.1484,47.5202,25.0123,24.0073,0.3914,69.17,18.6387,23.9632,2.4203,19.0,27.0,24.0,37.529,12.3518,19.375,55.6562,33.8281,2.0551,0.7728,0.5,3.3,2.1,40.3449,26.6097,6.0,82.2,40.0,11.3333,2,0.6661,1
2023-04-11,543.3192,455.8407,5.2443,4.9415,7.3688,6.7126,4.7851,0.6273,0.2859,0.0867,1.0,0.6891,65.7172,51.0797,8.54,264.0026,50.8938,5.1727,4.7344,0.0,12.7875,3.3062,37.2671,28.5925,0.0,91.3279,31.0937,20.2405,23.036,0.0,82.4691,8.3702,23.0882,2.0816,19.0,26.0,23.0,37.5487,12.2978,19.5312,56.9688,33.2656,3.3132,0.8945,1.3,4.7,3.3,33.7993,27.0321,0.0,90.3,26.4,11.3333,3,0.7117,1
2023-04-12,536.9108,424.8961,4.877,4.5825,7.3509,6.6787,4.4478,0.5942,0.3404,0.0625,1.0,0.6399,76.3562,42.2003,6.6486,168.1924,74.0836,5.3561,4.5001,0.0,13.0375,4.325,40.5764,34.0439,0.0,93.75,36.008,26.4492,30.3852,0.0,87.1875,10.9957,24.2331,2.1316,20.0,27.0,25.0,37.984,11.7785,20.4062,57.5938,35.8125,2.3744,0.558,1.4,3.5,2.2,37.7917,32.9846,0.0,93.0,30.4,11.0833,5,0.6635,1
2023-04-13,594.5025,503.7309,5.7217,5.3328,7.3734,6.6787,5.1985,0.7165,0.3001,0.1,1.0,0.8727,62.7952,31.3534,6.6895,141.2902,67.499,6.2358,4.4947,0.0,13.325,5.6,28.3491,30.0114,0.0,90.0,12.7251,15.5418,21.504,0.0,79.02,1.4604,24.5221,2.4005,19.0,27.0,25.0,40.2987,11.6787,19.375,58.3125,39.0,2.1419,1.0303,0.5,3.7,2.2,25.5926,27.8938,0.0,87.8,11.0,11.3333,2,0.776,1
2023-04-14,394.18,401.28,4.5461,4.3265,7.3094,6.6083,4.2305,0.612,0.2836,0.1726,1.0,0.546,56.1108,31.5073,8.9188,145.7338,52.0776,4.8376,3.4091,0.0,10.4375,5.6375,38.8036,28.3559,0.0,82.7372,45.402,20.9336,20.1645,0.0,66.6862,17.0001,24.2868,2.5702,19.0,28.0,24.0,36.8219,8.952,19.625,51.0938,39.0938,1.164,0.5009,0.3,2.0,1.1,34.861,26.4776,0.0,80.6,37.9,11.3333,5,0.6219,1
2023-04-15,481.035,501.7745,5.6388,5.2699,7.352,6.6305,5.1489,0.7616,0.2358,0.1575,1.0,0.7981,65.6507,20.773,26.1469,130.3159,64.5967,6.7879,3.7409,0.0,11.8,6.8875,23.8367,23.5756,0.0,84.2466,20.1854,9.9249,13.6642,0.0,67.0603,3.6334,25.7023,2.6097,20.0,28.0,27.0,41.844,9.5998,20.6562,54.5,42.2188,0.7244,0.2421,0.3,1.2,0.7,21.0595,20.9863,0.0,79.6,18.0,10.9167,3,0.767,3
2023-04-16,545.6942,555.3975,6.2779,5.7671,7.3415,6.6014,5.6704,0.8061,0.2385,0.0845,1.0,0.8784,58.0737,26.9767,10.478,123.728,53.4962,7.2258,4.3733,0.0,12.8125,7.875,19.391,23.8458,0.0,91.5493,12.1569,8.3841,16.1336,0.0,81.8451,1.3373,25.781,2.2968,20.0,28.0,26.0,42.9651,11.1093,20.5312,57.0312,44.6875,1.7015,0.4683,0.7,2.4,1.7,17.1095,21.4617,0.0,89.4,11.0,11.4167,2,0.8551,3
2023-04-17,431.475,446.4154,5.0749,4.7173,7.3963,6.6286,4.659,0.6906,0.3063,0.1047,1.0,0.81,70.4159,37.357,12.837,179.9173,65.5033,5.8562,3.7375,0.0,12.025,5.9812,30.9364,30.6303,0.0,89.527,18.9966,17.3236,21.9541,0.0,78.1571,3.2294,25.5221,2.3253,19.0,28.0,26.0,39.5154,9.5623,19.5625,55.0625,39.9531,1.7596,0.3568,1.1,2.5,1.7,27.9713,28.6403,0.0,87.3,16.9,11.3333,5,0.6861,1
2023-04-18,536.325,522.978,5.8591,5.4112,7.2662,6.5087,5.3509,0.7951,0.2125,0.2429,1.0,0.8437,59.0714,35.3109,18.2674,153.6764,48.321,6.723,3.7897,0.0,12.0375,7.0125,20.4866,21.2494,0.0,75.7143,15.6344,7.4226,11.2969,0.0,50.2743,2.0543,25.5368,1.8335,20.0,27.0,26.0,41.6923,9.6938,20.6562,55.0938,42.5312,2.5118,0.6921,1.4,3.6,2.5,17.5081,18.2258,0.0,66.4,13.3,11.3333,1,0.8064,3
2023-04-19,474.7658,507.2264,5.6468,5.2262,7.3024,6.5116,5.1884,0.7029,0.2538,0.1698,1.0,0.7716,66.9122,38.9245,10.8247,165.6437,57.2077,5.8211,3.9531,0.0,11.8625,7.0938,29.7141,25.3759,0.0,83.0189,22.8381,13.3327,18.8338,0.0,65.7509,4.5553,23.6618,1.7223,20.0,26.0,24.0,39.2318,10.3839,20.4062,54.6562,42.7344,4.2309,0.7839,1.9,5.2,4.4,25.6985,22.8335,0.0,79.2,20.0,11.3333,1,0.7733,1
2023-04-20,323.4333,339.9888,3.8652,3.7412,7.1629,6.3828,3.6645,0.5225,0.227,0.1912,0.989,0.4648,56.4435,30.9127,8.6388,129.1134,54.3395,3.2708,2.9974,0.0,9.6875,3.0688,47.7522,22.7,1.1029,80.8824,53.5174,24.8765,17.6108,0.011,61.875,24.1082,21.8971,1.5648,19.0,24.0,22.0,32.5549,8.2617,19.375,49.2188,32.6719,2.6279,0.3649,1.4,3.1,2.7,42.0934,21.4444,1.0,76.5,45.05,11.3333,0,0.5396,2
2023-04-21,582.1808,521.9449,5.9868,5.4922,7.2135,6.4074,5.3955,0.7173,0.2898,0.2216,1.0,0.8439,59.4712,46.0238,3.1189,194.189,44.4587,6.5288,4.9979,0.0,13.0125,6.9312,28.2712,28.9828,0.0,77.8378,15.6062,14.1695,17.2985,0.0,57.133,1.9087,23.7121,3.0001,17.0,27.0,25.0,40.7199,13.3663,17.4062,57.5312,42.3281,3.3689,0.4661,2.3,4.1,3.4,24.3795,25.364,0.0,73.4,11.65,11.0,1,0.8299,1
2023-04-22,276.7267,198.7292,2.4392,2.4673,7.1993,6.3744,2.3859,0.3547,0.1273,0.123,0.7442,0.3251,35.594,17.1474,11.7431,92.3926,34.0985,1.5974,1.3263,0.0,4.475,1.4062,64.5252,12.7259,25.5814,87.7049,67.4892,39.7032,15.1022,3.8884,73.2336,42.3287,21.5373,1.2303,20.0,23.0,22.0,28.3636,4.2317,20.4062,36.1875,28.5156,4.2194,0.7059,3.4,5.6,3.8,58.647,14.8955,15.2,83.5,62.65,11.1667,0,0.3388,2
2023-04-23,502.435,504.652,5.54,5.1082,7.2578,6.4072,5.159,0.7431,0.1717,0.1905,1.0,0.7712,66.456,24.3728,14.5235,116.0371,65.8688,5.4055,3.1226,0.0,9.95,6.2625,25.6892,17.168,0.0,80.9524,22.8786,8.0968,11.8236,0.0,59.581,4.552,22.4436,2.3271,18.0,25.0,23.0,38.0639,8.6769,18.5312,49.875,40.6562,4.3496,0.6986,3.0,5.2,4.4,21.6827,14.9139,0.0,73.6,19.8,11.0833,3,0.7633,3
2023-04-24,453.6917,450.3048,4.931,4.5849,7.2183,6.3616,4.6629,0.7321,0.1979,0.3903,1.0,0.7349,52.1885,25.657,13.0625,110.9589,49.1775,4.4896,2.3646,0.0,8.2375,5.3438,26.7932,19.7876,0.0,60.9658,26.5116,9.3371,10.2479,0.0,34.1408,5.101,22.2941,2.0041,18.0,24.0,23.0,35.8906,6.6296,18.4062,45.5938,38.3594,5.1684,0.9508,3.3,6.4,5.1,22.2059,17.518,0.0,56.0,18.4,11.3333,0,0.6831,3
2023-04-25,623.0383,608.4903,6.7883,6.021,7.2604,6.3762,6.1636,0.9106,0.1741,0.1028,1.0,1.0,58.792,22.8762,14.2467,115.6935,60.1445,7.2268,4.109,0.0,12.6,8.8375,8.9384,17.4085,0.0,89.7196,0.0,3.1521,10.5431,0.0,75.7234,0.0,24.1397,2.5854,18.0,27.0,25.0,42.8575,10.6757,18.5625,56.5,47.0938,3.8581,0.6277,2.7,5.1,3.6,7.3787,14.5433,0.0,84.4,0.0,11.3333,1,0.935,0
2023-04-26,587.9742,589.0914,6.6111,5.8777,7.2152,6.323,5.9931,0.8987,0.1321,0.4118,1.0,0.9662,56.5896,21.1577,6.7437,88.3294,60.4099,7.3631,4.087,0.0,12.7375,7.9375,10.1344,13.2137,0.0,58.8235,3.3831,2.0216,4.0272,0.0,27.7059,0.1015,24.837,2.8342,18.0,28.0,26.0,43.2012,10.6288,18.5312,56.8438,44.8438,2.4985,0.6536,1.8,3.6,2.3,7.9222,9.4881,0.0,47.1,3.0,11.25,2,0.9163,3
2023-04-27,534.5267,547.5894,6.1337,5.4972,7.1508,6.2616,5.5644,0.8277,0.2136,0.1278,1.0,0.9031,64.2014,33.6403,17.2855,181.3943,59.7384,7.2833,4.0508,0.0,12.55,9.0562,17.23,21.3579,0.0,87.2222,9.6854,6.4,13.6638,0.0,72.3944,0.7991,25.5758,2.7907,18.0,28.0,27.0,43.0009,10.5419,18.4062,56.375,47.6406,0.9856,0.3355,0.4,1.6,1.0,14.5477,18.4948,0.0,83.0,8.25,11.0,5,0.8578,3
2023-04-28,486.8767,451.7288,5.0389,4.6214,7.0776,6.1826,4.6646,0.7117,0.271,0.1111,1.0,0.7155,76.8891,37.9687,14.2539,187.6204,75.3077,5.7329,3.272,0.0,10.45,6.75,28.8326,27.0984,0.0,88.8889,28.4547,13.5019,17.7517,0.0,75.4667,6.0129,25.097,2.0842,20.0,27.0,26.0,39.1985,8.4391,20.5625,51.125,41.875,1.4634,0.788,0.1,2.4,1.8,24.5604,24.1769,0.0,84.9,21.45,11.1667,5,0.712,1
2023-04-29,396.3167,415.0724,4.6933,4.3114,7.1586,6.2319,4.3494,0.6863,0.2896,0.0642,1.0,0.6993,70.5242,28.8603,21.1594,159.4544,69.6365,5.2913,3.4836,0.0,11.0375,5.5,31.3667,28.9631,0.0,93.5754,30.0699,16.4247,21.6546,0.0,86.183,7.2356,25.0074,2.4632,19.0,28.0,26.0,38.0444,9.0243,19.4688,52.5938,38.75,1.1096,0.6688,0.1,2.1,1.0,27.7141,27.0488,0.0,92.1,25.0,11.25,11,0.6556,1
2023-04-30,496.3517,478.6735,5.3808,4.8729,7.1834,6.238,4.9619,0.7386,0.2781,0.1421,1.0,0.829,84.7433,47.7948,15.0393,239.7009,75.3489,5.4466,3.902,0.0,11.9125,5.55,26.1363,27.8096,0.0,85.7855,17.1026,12.4761,17.3766,0.0,70.6015,2.5654,23.3926,2.2794,18.0,26.0,24.0,38.3394,10.1881,18.4688,54.7812,38.875,1.6259,0.579,0.7,2.6,1.8,22.2289,24.3807,0.0,82.3,15.0,11.25,8,0.7491,1
2023-05-01,670.05,651.6325,7.3364,6.3504,7.3797,6.383,6.6105,0.9934,0.0249,0.7908,1.0,1.0,54.2756,23.2175,10.3584,89.4442,58.3008,7.7499,4.5541,0.0,13.6,8.775,0.6625,2.4938,0.0,20.915,0.0,0.0439,0.257,0.0,2.5935,0.0,23.8309,3.2921,16.0,27.0,25.0,44.06,11.9807,16.4688,59.0,46.9375,1.539,1.0016,0.3,3.0,1.3,0.5066,1.6617,0.0,12.4,0.0,11.3333,0,0.9941,0
2023-05-02,578.5433,597.073,6.6472,5.8122,7.3523,6.3452,6.0587,0.9236,0.0943,0.6136,1.0,0.9562,63.9633,22.4975,7.0065,108.7336,67.4914,7.1502,3.8339,0.0,12.325,7.9625,7.6392,9.4332,0.0,38.641,4.3788,1.2232,2.304,0.0,12.7515,0.1752,24.1111,2.9792,16.0,27.0,25.0,42.5757,10.2119,16.4688,55.8125,44.9062,1.3437,0.4559,0.5,1.9,1.5,6.4089,7.9057,0.0,33.0,3.5,11.25,2,0.9041,0
2023-05-03,546.7217,567.7333,6.3182,5.5793,7.2752,6.2679,5.7816,0.8582,0.1456,0.3546,1.0,0.8759,57.4224,21.4145,20.108,116.0419,57.5391,6.6305,3.909,0.0,11.8625,7.7,14.1844,14.5595,0.0,64.539,12.4103,3.0438,4.6542,0.0,30.1397,1.3651,23.7037,3.46,16.0,27.0,26.0,41.2542,10.3946,16.4375,54.6562,44.25,1.557,0.3631,1.0,2.2,1.6,11.0689,10.4293,0.0,46.7,10.2,11.25,5,0.8685,3
2023-05-04,638.1142,580.2999,6.5316,5.7319,7.1638,6.1636,5.9131,0.8779,0.1667,0.3797,1.0,0.9723,59.5944,21.5714,11.5509,100.6488,59.3482,7.2503,4.2504,0.0,13.175,8.1625,12.2133,16.6695,0.0,62.0301,2.7739,3.0088,5.6103,0.0,30.8289,0.0666,24.7333,2.6938,17.0,27.0,26.0,42.8766,11.1043,17.4062,57.9375,45.4062,2.4815,0.8557,1.4,4.1,2.3,9.0141,11.7451,0.0,49.7,2.4,11.25,3,0.9117,3
2023-05-05,567.9708,597.2563,6.7111,5.8348,7.1256,6.1188,6.0644,0.9141,0.1225,0.4684,1.0,0.9707,58.5829,23.2868,7.5056,104.3442,60.3764,7.6131,4.1524,0.0,13.2625,8.6875,8.5878,12.25,0.0,53.1646,2.9266,1.4471,3.0126,0.0,16.8,0.0777,25.0896,2.3282,19.0,28.0,26.0,43.8706,10.7078,19.4375,58.1562,46.7188,3.2246,0.7706,1.7,4.3,3.3,6.1284,7.7857,0.0,33.6,2.6,11.1667,0,0.9418,0
2023-05-06,644.5725,619.0127,6.9594,6.0008,7.2242,6.1843,6.2886,0.9497,0.0832,0.6053,1.0,1.0,54.1364,23.2253,5.5671,96.6554,59.0518,7.5274,4.3326,0.0,13.0375,8.425,5.0263,8.3172,0.0,39.4737,0.0,0.5941,1.3582,0.0,7.2632,0.0,24.2667,2.6463,18.0,27.0,25.0,43.5984,11.2534,18.375,57.5938,46.0625,3.3719,0.7226,1.9,4.3,3.5,3.6252,5.1769,0.0,18.4,0.0,11.25,0,0.9634,0
2023-05-07,633.3425,629.8237,7.0358,6.032,7.2141,6.162,6.3775,0.961,0.0969,0.4355,1.0,1.0,55.2019,23.1906,11.0495,91.7153,59.0518,7.511,4.108,0.0,12.4625,8.575,3.9043,9.6932,0.0,56.4516,0.0,0.6405,2.4098,0.0,18.121,0.0,23.6767,2.604,17.0,26.0,25.0,43.5143,10.8045,17.5,56.1562,46.4375,3.2541,0.7003,1.9,4.1,3.3,2.6083,5.7313,0.0,32.1,0.0,11.0833,0,0.9753,0
2023-05-08,611.3917,627.4419,7.0333,6.0252,7.2108,6.1414,6.3645,0.9539,0.1118,0.3871,1.0,1.0,54.1873,25.8582,12.084,109.6071,57.7849,7.4664,4.2923,0.0,12.875,8.4875,4.6086,11.1785,0.0,61.2903,0.0,0.8651,3.0214,0.0,20.5935,0.0,23.7239,2.7045,17.0,26.0,25.0,43.4067,11.2309,17.8438,57.1875,46.2188,2.2843,0.7595,1.5,3.7,1.9,3.0888,6.5861,0.0,33.6,0.0,11.1667,0,0.9754,0
2023-05-09,491.4758,573.5172,6.4544,5.6265,7.15,6.0835,5.841,0.8332,0.2194,0.3028,1.0,0.9221,54.9195,27.4647,13.6271,117.009,49.076,7.1358,4.4224,0.0,12.85,8.5125,16.6794,21.9412,0.0,69.7248,7.7889,5.4632,10.1514,0.0,39.8826,0.5219,24.2932,2.9019,17.0,27.0,25.0,42.4918,11.6883,17.4688,57.125,46.2812,1.2774,0.7163,0.1,2.6,1.3,12.3256,15.9051,0.0,57.2,6.7,11.0833,0,0.9027,3
2023-05-10,585.69,614.3097,6.9088,5.903,7.0824,6.0168,6.2273,0.9524,0.1243,0.298,1.0,1.0,55.7786,25.0385,14.6109,125.1638,54.9729,7.8644,4.2921,0.0,13.1625,9.025,4.7561,12.4329,0.0,70.1987,0.0,1.1367,4.6485,0.0,38.3285,0.0,24.9624,3.1052,17.0,28.0,26.0,44.442,11.1733,17.7188,57.9062,47.5625,1.6797,0.5533,0.6,2.5,1.7,3.2203,8.1142,0.0,54.6,0.0,11.0833,1,0.9755,0
2023-05-11,581.0825,565.2646,6.3082,5.4513,6.948,5.8969,5.7428,0.8868,0.1409,0.2603,1.0,0.9246,58.5098,19.609,13.7342,98.5831,58.0707,7.132,3.8882,0.0,12.4125,7.55,11.316,14.0902,0.0,73.9726,7.5377,2.2486,4.9257,0.0,43.6438,0.4372,24.8045,2.7037,18.0,28.0,26.0,42.5907,10.2041,18.4375,56.0312,43.875,1.5962,0.4206,0.9,2.3,1.6,8.2992,9.6903,0.0,59.0,5.8,11.0833,2,0.9079,3
2023-05-12,558.25,575.8743,6.461,5.5586,6.8673,5.8217,5.8533,0.8871,0.2109,0.1268,1.0,0.9886,56.9677,31.5217,9.9346,154.615,51.2788,7.1867,4.2934,0.0,12.6125,7.9625,11.2901,21.0924,0.0,87.3239,1.1387,4.3826,11.9549,0.0,70.3831,0.0114,24.5489,2.667,18.0,27.0,25.0,42.766,11.1066,18.4062,56.5312,44.9062,1.7353,0.6216,0.1,2.5,2.0,8.6308,16.513,0.0,80.6,1.0,11.0833,2,0.9408,3
2023-05-13,609.2558,619.54,6.9323,5.8751,7.0803,5.9727,6.2828,0.9577,0.1104,0.2745,1.0,1.0,54.2636,25.5086,6.7801,102.5967,55.4982,7.4462,4.2369,0.0,12.8375,8.0625,4.2306,11.0432,0.0,72.549,0.0,0.9017,4.5127,0.0,41.1353,0.0,23.6061,3.381,16.0,27.0,25.0,43.3002,11.2143,16.4375,57.0938,45.1562,1.9,0.4131,1.0,2.5,2.0,2.9258,7.2508,0.0,56.7,0.0,11.0,1,0.9791,0
2023-05-14,597.5742,614.1147,6.8994,5.8668,7.0627,5.9483,6.2314,0.9218,0.1819,0.3203,1.0,1.0,54.7097,31.3822,3.2322,137.1206,52.3997,7.5165,4.4689,0.0,13.025,8.5375,7.8174,18.1857,0.0,67.9715,0.0,2.4276,6.6445,0.0,37.9281,0.0,23.8788,3.4287,16.0,27.0,25.0,43.4794,11.768,16.5625,57.5625,46.3438,1.4902,0.6547,0.3,2.5,1.55,4.922,11.4886,0.0,55.8,0.0,11.0,1,0.9769,0
2023-05-15,532.2658,569.2304,6.3763,5.4754,7.0412,5.9154,5.7999,0.8791,0.1479,0.4247,1.0,0.9312,56.5001,19.9765,13.4085,93.9869,58.4318,7.0281,4.1123,0.0,12.6625,7.85,12.0862,14.7942,0.0,57.5342,6.8826,2.451,3.8828,0.0,18.8922,0.4084,24.3008,3.4355,16.0,28.0,26.0,42.2791,10.843,16.625,56.6562,44.625,1.1767,0.4549,0.3,1.8,1.3,8.715,9.8071,0.0,34.2,5.9,11.0833,1,0.9056,3
2023-05-16,551.0992,579.8246,6.5006,5.5536,7.0403,5.9025,5.9034,0.8862,0.1799,0.2609,1.0,0.9889,58.5756,24.6424,5.3087,111.0554,60.9559,7.0998,4.2216,0.0,12.7375,7.9375,11.3817,17.991,0.0,73.913,1.1122,3.1927,7.629,0.0,44.4217,0.0111,24.0152,3.2527,17.0,27.0,25.0,42.4827,11.059,17.5938,56.8438,44.8438,1.3439,0.5736,0.2,2.2,1.4,8.4242,12.7133,0.0,60.1,1.0,11.0,3,0.9233,3
2023-05-17,577.045,618.581,6.9288,5.8264,7.0897,5.9287,6.2707,0.9552,0.113,0.3553,1.0,1.0,55.15,24.0599,4.2605,104.5639,59.1784,7.52,4.2607,0.0,12.825,8.6375,4.4793,11.3014,0.0,64.4737,0.0,0.8295,3.2183,0.0,24.3711,0.0,24.0,3.1382,17.0,27.0,25.0,43.5359,11.1703,17.5625,57.0625,46.5938,1.6797,0.6565,0.9,2.8,1.5,2.8977,6.3174,0.0,37.8,0.0,11.0833,0,0.9773,0
2023-05-18,619.2617,633.2086,7.1173,5.9421,7.1202,5.9432,6.4173,0.9922,0.0632,0.4667,1.0,1.0,52.8537,24.9762,3.1176,90.1942,58.0665,7.8455,4.3833,0.0,13.2875,8.8375,0.7769,6.3151,0.0,53.3333,0.0,0.2374,1.9326,0.0,16.8,0.0,24.2481,3.489,16.0,28.0,25.0,44.3158,11.5543,16.5312,58.2188,47.0938,1.8782,0.7177,0.5,3.0,1.9,0.4609,3.7618,0.0,33.6,0.0,11.0833,0,0.9996,0
2023-05-19,623.7525,645.3116,7.25,6.0314,7.25,6.0314,6.5405,1.0,0.0,1.0,1.0,1.0,53.2249,25.5471,3.0401,90.1694,58.5108,7.8,4.4252,0.0,13.2375,8.825,0.0,0.0,0.0,0.0,0.0,0.0,0.0,0.0,0.0,0.0,23.6842,3.5958,15.0,27.0,25.0,44.1259,11.8069,15.5625,58.0938,47.0625,2.0835,0.4771,1.5,3.0,2.0,0.0,0.0,0.0,0.0,0.0,11.0833,0,1.0,0
2023-05-20,626.2225,640.3186,7.1532,5.9445,7.1532,5.9445,6.4933,1.0,0.0,1.0,1.0,1.0,52.6969,25.3014,2.9064,88.5469,57.8577,7.2854,4.315,0.0,12.7,8.1,0.0,0.0,0.0,0.0,0.0,0.0,0.0,0.0,0.0,0.0,22.5789,3.6207,14.0,26.0,24.0,42.7479,11.6829,14.5,56.75,45.25,2.3256,0.6944,1.5,3.5,2.0,0.0,0.0,0.0,0.0,0.0,11.0833,0,1.0,0
2023-05-21,638.42,641.0289,7.1361,5.9192,7.137,5.9199,6.5024,0.9999,0.001,0.9887,1.0,1.0,52.6278,25.2475,3.2322,88.6939,57.8577,6.9848,4.1941,0.0,12.0875,7.9125,0.0085,0.0982,0.0,1.1329,0.0,0.0001,0.001,0.0,0.0113,0.0,21.8722,3.2226,14.0,25.0,23.0,41.9927,11.3731,14.4375,55.2188,44.7812,3.4331,0.8522,1.9,4.7,3.3,0.0075,0.0867,0.0,1.0,0.0,11.0833,0,0.9999,0
2023-05-22,614.4592,632.337,7.0506,5.8505,7.0974,5.8773,6.417,0.9846,0.0503,0.6,1.0,1.0,53.0081,25.4995,3.0401,88.8036,57.7256,7.0268,4.2404,0.0,12.425,8.0875,1.5378,5.0293,0.0,40.0,0.0,0.146,0.7012,0.0,6.72,0.0,22.2105,3.2123,14.0,25.0,23.0,42.09,11.5039,14.4062,56.0625,45.2188,2.2256,0.4427,1.7,3.3,2.1,0.9699,2.7219,0.0,16.8,0.0,11.0833,0,0.9934,0
2023-05-23,525.93,545.6003,6.1181,5.2668,6.9148,5.7336,5.5888,0.7783,0.2574,0.2155,1.0,0.9133,57.9382,35.4976,4.5619,151.0437,50.4016,6.0266,4.4867,0.0,11.8125,7.3688,22.1714,25.7376,0.0,78.4483,8.6681,8.4617,13.2569,0.0,49.7806,0.6199,21.7846,2.8881,16.0,25.0,23.0,39.4329,12.19,16.5625,54.5312,43.4219,3.5654,0.4122,2.5,4.2,3.5,16.4046,19.0595,0.0,64.3,7.15,10.8333,1,0.8848,1
2023-05-24,600.8025,599.5239,6.6554,5.5454,6.8798,5.688,6.0882,0.9473,0.1153,0.3936,1.0,1.0,54.4345,26.2406,3.0151,106.9634,58.7983,6.6697,4.0275,0.0,12.1,7.275,5.2729,11.5275,0.0,60.6383,0.0,0.8935,2.7954,0.0,18.5748,0.0,22.3788,3.319,15.0,26.0,24.0,41.2862,10.7974,15.9062,55.25,43.1875,3.4811,0.7496,2.2,4.9,3.2,3.4174,6.4276,0.0,30.7,0.0,11.0,1,0.9674,0
2023-05-25,584.4767,598.4285,6.6489,5.5155,6.8242,5.635,6.0761,0.9685,0.071,0.46,1.0,1.0,53.5412,22.6148,3.6013,88.3706,58.2867,6.8109,3.9599,0.0,12.0125,7.6125,3.1532,7.103,0.0,54.0,0.0,0.3581,1.4019,0.0,14.148,0.0,22.8561,2.818,17.0,26.0,24.0,41.745,10.4445,17.5312,55.0312,44.0312,4.3591,0.4841,3.4,5.2,4.3,2.2735,4.2459,0.0,26.2,0.0,11.0,0,0.9743,0
2023-05-26,614.1342,583.2454,6.5127,5.4538,6.802,5.6078,5.9436,0.9129,0.1827,0.3333,1.0,1.0,52.6051,29.8031,2.8069,129.1006,50.0378,6.6043,4.2178,0.0,11.975,7.5938,8.7132,18.2681,0.0,66.6667,0.0,2.6386,6.541,0.0,31.8667,0.0,22.6667,3.2449,16.0,26.0,24.0,41.1686,11.1513,16.7188,54.9375,43.9844,4.4136,0.9719,2.4,6.0,4.2,5.7856,11.904,0.0,47.8,0.0,11.0,1,0.9575,0
2023-05-27,488.4983,509.6493,5.6579,4.8483,6.7715,5.5756,5.2103,0.8133,0.2059,0.2581,1.0,0.843,62.2811,19.4353,14.2921,110.3137,66.0951,6.1964,3.573,0.0,11.6,6.9062,18.6671,20.5882,0.0,74.1935,15.7038,5.6731,8.6369,0.0,41.2516,1.993,23.9077,3.0965,17.0,27.0,25.0,40.2286,9.4475,17.375,54.0,42.2656,2.3562,0.8982,1.4,3.9,2.1,14.1515,14.9911,0.0,55.6,12.5,10.8333,1,0.8355,3
2023-05-28,495.3525,498.1112,5.5456,4.7635,6.7295,5.5419,5.1026,0.81,0.1752,0.3106,1.0,0.8049,63.0984,24.4075,29.5999,148.5931,57.7122,6.2752,3.5221,0.0,11.5,6.625,19.0034,17.5205,0.0,68.9394,19.5059,4.8182,6.7849,0.0,32.4705,2.9369,24.5267,2.9282,17.0,27.0,26.0,40.4015,9.3797,17.6562,53.75,41.5625,1.6382,1.0022,0.1,3.1,1.6,13.9176,12.913,0.0,49.2,15.0,10.9167,2,0.8241,3
2023-05-29,442.2217,476.6919,5.3222,4.6025,6.6372,5.4688,4.8925,0.7671,0.2555,0.125,1.0,0.7937,59.5077,23.9478,12.1839,112.5444,63.691,6.1161,3.6489,0.0,11.225,6.925,23.2876,25.5454,0.0,87.5,20.6294,9.7719,16.6883,0.0,69.825,3.507,24.855,2.6836,18.0,28.0,26.0,40.0902,9.5036,18.375,53.0625,42.3125,1.4481,0.4157,0.8,2.1,1.4,18.7939,21.4649,0.0,79.8,15.2,10.9167,6,0.8019,1
2023-05-30,575.4683,541.3432,6.0856,5.0974,6.6498,5.4651,5.5307,0.8758,0.2023,0.025,1.0,1.0,79.8181,76.3408,2.958,337.0825,65.1874,6.9539,4.1561,0.0,12.5875,7.4938,12.4179,20.2325,0.0,97.4969,0.0,4.0733,11.8879,0.0,94.572,0.0,24.5692,3.0701,18.0,28.0,26.0,42.1238,10.8818,18.375,56.4688,43.7344,3.6969,0.7436,2.0,4.6,3.8,8.6,15.6615,0.0,97.0,0.0,10.8333,8,0.9151,1
2023-05-31,410.2792,409.6631,4.6114,4.0596,6.5255,5.3682,4.304,0.6978,0.2596,0.2806,1.0,0.6762,65.9416,25.0012,22.3368,147.0467,62.637,4.7956,3.2075,0.0,10.7875,4.25,30.2194,25.9575,0.0,71.9363,32.3817,12.3389,14.13,0.0,47.6218,6.465,23.3769,2.8861,17.0,26.0,25.0,36.6791,8.5612,17.7188,51.9688,35.625,1.3192,0.3078,0.7,1.8,1.4,23.1169,21.4691,0.0,66.2,19.5,10.8333,8,0.7067,1
2023-06-01,439.6192,455.5315,5.0354,4.3914,6.5556,5.3889,4.6915,0.7533,0.2267,0.2152,1.0,0.7781,69.0976,25.1804,19.1896,146.1036,65.6696,5.2797,3.1885,0.0,10.3,6.3688,24.6651,22.6706,0.0,78.481,22.1854,8.3715,11.0725,0.0,53.2886,4.0159,23.4154,2.7585,17.0,26.0,25.0,37.9406,8.4669,17.5938,50.75,40.9219,2.0362,0.4856,1.2,2.7,2.05,18.6108,17.2405,0.0,67.9,16.45,10.8333,3,0.7681,3
2023-06-02,536.4992,578.2102,6.4158,5.2882,6.791,5.5465,5.8674,0.9484,0.0969,0.3934,1.0,1.0,54.9366,21.5776,7.9023,91.7926,57.9496,6.8694,3.8351,0.0,12.2375,7.625,5.1555,9.6885,0.0,60.6557,0.0,0.8315,2.2941,0.0,19.4705,0.0,23.458,3.361,16.0,27.0,25.0,41.8237,10.2964,16.5,55.5938,44.0625,2.1985,0.4578,1.6,3.0,2.1,3.9725,6.7237,0.0,32.1,0.0,10.9167,1,0.9447,0
2023-06-03,604.3883,611.587,6.8068,5.5548,6.8557,5.5884,6.2014,0.9915,0.0316,0.7027,1.0,1.0,51.8459,24.4911,3.0151,88.7125,56.5103,7.0504,4.1059,0.0,12.275,7.9938,0.8455,3.1584,0.0,29.7297,0.0,0.0606,0.3663,0.0,4.0432,0.0,22.947,3.2535,16.0,26.0,24.0,42.2846,10.9242,16.5,55.6875,44.9844,3.1098,0.7524,2.2,4.2,2.95,0.5985,1.8515,0.0,13.6,0.0,11.0,0,0.9929,0
2023-06-04,590.575,618.5311,6.8842,5.6045,6.889,5.6058,6.2682,0.9913,0.0699,0.4062,1.0,1.0,51.8398,25.3856,3.0289,95.3215,56.2868,7.1231,4.1362,0.0,12.15,7.9,0.8659,6.9885,0.0,59.375,0.0,0.2275,1.8439,0.0,16.4469,0.0,22.6947,3.4438,15.0,26.0,24.0,42.4012,11.1313,15.4688,55.375,44.75,2.3595,0.7991,1.3,3.6,2.2,0.4,3.2302,0.0,27.7,0.0,10.9167,0,0.9993,0
2023-06-05,550.4325,611.4113,6.8046,5.5557,6.8665,5.5831,6.198,0.9661,0.1172,0.2742,1.0,1.0,52.2787,26.4995,2.9064,105.8158,55.4297,7.0286,4.1552,0.0,12.0875,8.075,3.3901,11.7185,0.0,72.5806,0.0,0.9181,4.5283,0.0,37.7419,0.0,22.6183,3.5027,14.0,26.0,24.0,42.0971,11.3045,14.4375,55.2188,45.1875,1.9092,0.6836,1.1,3.2,1.9,2.074,7.3976,0.0,52.0,0.0,10.9167,0,0.991,0
2023-06-06,551.5333,549.0199,6.1314,5.1296,6.7801,5.5155,5.6141,0.8678,0.1881,0.372,1.0,1.0,55.6205,23.3108,4.9627,101.5331,58.1015,6.3185,4.1076,0.0,12.3375,6.75,13.2205,18.808,0.0,62.8019,0.0,3.4803,6.1223,0.0,26.9898,0.0,22.8092,3.4975,15.0,26.0,24.0,40.3609,11.0462,15.375,55.8438,41.875,2.2893,0.8301,1.2,3.6,2.1,9.1511,12.4548,0.0,45.5,0.0,10.9167,3,0.9043,3
2023-06-07,576.2325,542.0058,6.0207,5.0385,6.7119,5.4618,5.5366,0.861,0.2,0.2409,1.0,1.0,57.4056,24.1004,5.5487,102.6487,60.2829,6.0404,3.9118,0.0,11.875,6.6375,13.9032,20.001,0.0,75.9124,0.0,4.2527,9.113,0.0,43.9533,0.0,22.4351,3.1747,15.0,26.0,24.0,39.6701,10.5567,15.3438,54.6875,41.5938,2.2076,0.733,1.2,3.3,2.0,10.2252,14.4048,0.0,57.9,0.0,10.9167,3,0.897,3
2023-06-08,534.9267,539.2861,5.9933,5.0146,6.6765,5.4289,5.4983,0.8478,0.219,0.1533,1.0,0.9883,57.5025,24.0126,13.8159,115.0008,61.261,6.2617,3.952,0.0,11.9375,6.7438,15.218,21.9043,0.0,84.6715,1.169,5.1848,11.5693,0.0,61.8102,0.0117,23.0231,3.3491,16.0,26.0,25.0,40.3115,10.5058,16.8438,54.8438,41.8594,2.4962,0.8321,1.4,3.7,2.45,11.1992,16.2966,0.0,73.0,1.0,10.8333,3,0.8977,3
2023-06-09,491.1417,508.2732,5.6744,4.8073,6.6625,5.411,5.2093,0.8002,0.214,0.2049,1.0,0.8585,61.6271,20.4457,5.0655,97.7872,64.8792,6.1415,3.9079,0.0,12.2,6.7312,19.9845,21.3956,0.0,79.5122,14.1455,6.0323,10.115,0.0,53.5117,1.6975,23.5769,3.55,16.0,27.0,25.0,39.9454,10.5129,16.5,55.5,41.8281,2.3677,1.1312,0.7,3.9,2.4,14.2785,15.4331,0.0,67.3,12.0,10.8333,4,0.8517,3
2023-06-10,482.4583,509.8535,5.6929,4.7973,6.625,5.3775,5.2105,0.8168,0.2317,0.1467,1.0,0.8965,58.0265,23.4163,15.687,116.1481,55.0889,6.4785,3.8998,0.0,12.2625,7.2875,18.3162,23.1674,0.0,85.3261,10.3491,6.5605,12.4048,0.0,64.9332,0.89,24.3411,3.4312,16.0,28.0,26.0,40.8903,10.3387,16.375,55.6562,43.2188,2.176,0.9392,0.8,3.5,2.2,13.8744,17.694,0.0,76.1,8.6,10.75,1,0.8593,3
2023-06-11,530.3558,533.6207,5.9524,4.9308,6.6164,5.3658,5.4362,0.9032,0.13,0.5062,1.0,0.9826,63.22,24.1346,9.8115,111.574,63.9328,7.0082,3.7351,0.0,12.25,7.8938,9.6843,13.0026,0.0,49.3776,1.7352,1.8658,3.2916,0.0,15.2026,0.0205,25.0846,3.4395,16.0,28.0,27.0,42.255,9.8982,16.75,55.625,44.7344,1.8831,0.759,0.5,3.3,1.9,7.1538,9.3756,0.0,34.8,1.2,10.8333,2,0.8996,3
2023-06-12,400.7675,441.0096,4.9878,4.3404,6.4917,5.2752,4.5653,0.6933,0.2487,0.1,1.0,0.7508,72.4471,38.0929,10.6216,149.7239,64.6859,6.0432,4.0201,0.0,12.725,6.4625,30.6693,24.8697,0.0,90.0,24.9226,11.7351,15.2383,0.0,74.79,4.698,25.4,3.3122,18.0,29.0,27.0,39.7877,10.5944,18.3438,56.8125,41.1562,1.7592,0.7586,0.7,2.9,1.8,23.0085,19.5269,0.0,83.1,18.4,10.8333,2,0.7683,3
2023-06-13,520.125,512.6316,5.7521,4.8259,6.4235,5.2178,5.2119,0.7973,0.269,0.1198,1.0,0.9329,54.1014,35.4241,4.8641,151.1033,45.5361,7.0279,4.2785,0.0,12.375,8.6375,20.2724,26.896,0.0,88.0184,6.7086,8.7965,18.1634,0.0,71.559,0.3373,25.4961,2.9847,18.0,28.0,27.0,42.2173,11.3368,18.375,55.9375,46.5938,2.1318,0.5204,1.3,3.0,2.2,15.3132,21.8286,0.0,81.3,5.3,10.75,2,0.8955,1
2023-06-14,552.5883,555.4216,6.2293,5.1175,6.4351,5.2248,5.6415,0.9265,0.1883,0.1184,1.0,1.0,52.8553,30.2762,2.8231,126.1633,50.6009,7.4048,4.1501,0.0,12.5625,8.475,7.3509,18.834,0.0,88.1579,0.0,3.0448,10.6198,0.0,71.0553,0.0,25.2636,2.8519,19.0,28.0,27.0,43.3719,10.6508,19.5938,56.4062,46.1875,2.7519,0.839,1.6,4.1,2.6,5.3713,14.3301,0.0,80.6,0.0,10.75,5,0.968,0
2023-06-15,433.3475,490.0436,5.5283,4.6627,6.4473,5.2313,5.0391,0.7859,0.2785,0.2252,1.0,0.977,54.3643,33.6966,14.2284,164.4877,49.802,6.3464,4.2578,0.0,12.2875,6.5875,21.4068,27.8508,0.0,77.4834,2.2962,9.3586,14.6703,0.0,48.6505,0.0459,24.5659,2.7524,18.0,27.0,26.0,40.6366,11.0345,18.5312,55.7188,41.4688,1.8837,0.7999,0.5,3.1,1.9,16.2744,21.5034,0.0,64.8,2.0,10.75,0,0.8575,1
2023-06-16,401.8417,393.826,4.4915,3.8198,6.3313,5.1496,4.1529,0.6872,0.3461,0.0504,1.0,0.9057,59.7515,38.145,8.1403,188.8486,52.3256,4.8092,3.9058,0.0,11.725,3.225,31.276,34.6117,0.0,94.964,9.434,18.6678,25.8148,0.0,88.9813,0.753,23.4724,3.0985,17.0,27.0,25.0,36.7347,10.1943,17.5625,54.3125,33.0625,1.7039,0.8807,0.2,3.0,1.8,26.1795,31.157,0.0,93.7,8.0,10.5833,3,0.7094,1
2023-06-17,223.4692,214.4893,2.5744,2.4852,6.3814,5.1868,2.516,0.4393,0.2036,0.1482,1.0,0.4068,46.8441,26.701,14.2028,124.0183,37.7441,1.4336,1.4385,0.0,5.4375,1.1125,56.0713,20.3552,0.0,85.1807,59.3235,30.3101,20.1286,0.0,69.8482,26.784,20.1615,1.8669,17.0,23.0,21.0,27.5877,4.9366,17.4375,38.5938,27.7812,2.2415,0.5991,1.3,3.2,2.3,46.66,21.1138,0.0,82.0,44.0,10.8333,1,0.4034,2
2023-06-18,560.4392,572.9525,6.3413,5.179,6.6884,5.3972,5.8288,0.939,0.0894,0.6232,1.0,1.0,55.0677,22.0104,3.0151,86.0026,61.1003,6.3103,3.895,0.0,11.8125,6.9625,6.0959,8.9408,0.0,37.6812,0.0,0.7838,1.4136,0.0,6.3304,0.0,22.145,3.7808,15.0,26.0,24.0,40.2975,10.6254,15.5,54.5312,42.4062,1.8794,0.31,1.4,2.3,1.9,4.3595,6.066,0.0,21.6,0.0,10.9167,1,0.9481,0
2023-06-19,593.1733,565.5071,6.267,5.1402,6.6397,5.3604,5.7537,0.9145,0.1563,0.2857,1.0,1.0,55.9594,26.0012,2.9949,108.9356,59.1804,6.3383,3.9027,0.0,11.75,6.8562,8.5527,15.6255,0.0,71.4286,0.0,1.9895,5.5305,0.0,32.7143,0.0,22.3692,3.0376,15.0,25.0,24.0,40.4471,10.4941,15.5,54.375,42.1406,3.2162,0.8557,1.9,4.6,3.15,5.8608,9.7682,0.0,45.8,0.0,10.8333,3,0.9439,0
2023-06-20,554.915,576.9376,6.3952,5.2203,6.6908,5.3978,5.8697,0.9357,0.1014,0.5556,1.0,1.0,53.1234,23.7845,3.0994,93.0254,57.0796,6.3485,3.9727,0.0,11.8,7.0,6.4308,10.1366,0.0,44.4444,0.0,0.8634,1.646,0.0,8.8889,0.0,22.1145,3.1735,15.0,25.0,23.0,40.4215,10.7505,15.5,54.5,42.5,3.0809,0.7653,2.1,4.3,2.9,4.2939,6.1018,0.0,20.0,0.0,10.9167,0,0.9558,0
2023-06-21,600.2642,612.0531,6.7828,5.4692,6.7918,5.4724,6.2078,0.9959,0.0251,0.7857,1.0,1.0,51.1793,25.2319,3.0551,89.1937,56.1703,6.7218,4.0387,0.0,11.775,7.6062,0.4098,2.5135,0.0,21.4286,0.0,0.037,0.2627,0.0,2.5714,0.0,21.8154,3.4186,14.0,25.0,23.0,41.381,10.8948,15.125,54.4375,44.0156,2.5754,0.7127,1.7,3.6,2.5,0.24,1.4456,0.0,12.0,0.0,10.8333,0,0.9987,0
2023-06-22,602.8058,611.0583,6.7645,5.4565,6.7688,5.4578,6.1991,0.9974,0.0249,0.7185,1.0,1.0,51.1289,25.0564,3.0151,88.8425,55.5818,6.5821,4.0162,0.0,11.55,7.3125,0.258,2.4933,0.0,28.1481,0.0,0.0304,0.3346,0.0,3.8281,0.0,21.5725,3.4929,14.0,25.0,23.0,40.9365,11.0158,14.4375,53.875,43.2812,2.4237,0.695,1.6,3.5,2.2,0.1313,1.2188,0.0,13.6,0.0,10.9167,0,0.9994,0
2023-06-23,600.7275,612.7673,6.7922,5.4757,6.7933,5.4761,6.2153,0.9996,0.0043,0.9514,1.0,1.0,51.1494,24.99,2.9987,89.1473,55.6702,6.7076,4.0298,0.0,11.6,7.5625,0.0399,0.4255,0.0,4.8583,0.0,0.0012,0.0132,0.0,0.1506,0.0,21.7939,3.4188,14.0,25.0,23.0,41.2374,11.0907,14.4375,54.0,43.9062,2.2992,0.5263,1.5,3.2,2.3,0.026,0.2719,0.0,3.1,0.0,10.9167,0,0.9998,0
2023-06-24,538.5292,579.41,6.4078,5.2495,6.672,5.4008,5.8819,0.9262,0.1451,0.3386,1.0,1.0,59.65,22.4238,13.7077,112.9007,58.1682,6.3754,3.953,0.0,11.425,7.4625,7.3825,14.5105,0.0,66.1417,0.0,1.4798,4.1974,0.0,25.9276,0.0,21.9923,3.1659,15.0,25.0,23.0,40.4762,10.7265,15.5938,53.5625,43.6562,2.37,0.5481,1.6,3.3,2.2,4.5662,8.1082,0.0,39.2,0.0,10.8333,0,0.9604,0
2023-06-25,379.2858,365.2702,4.0753,3.7582,6.6668,5.3965,3.8719,0.5649,0.1769,0.1763,1.0,0.568,74.3394,31.9871,21.9331,165.0163,71.7206,3.2664,2.9538,0.0,9.525,2.625,43.5132,17.6898,0.0,82.3691,43.2,16.754,12.7951,0.0,62.1063,13.5517,20.2946,2.8652,14.0,23.0,22.0,32.1415,8.7558,14.4375,48.8125,31.5625,2.9008,0.4529,1.8,3.7,2.8,33.0558,14.3061,0.0,75.4,32.2,10.75,20,0.6113,1
2023-06-26,595.4375,600.2214,6.6457,5.3913,6.7098,5.4159,6.087,0.9583,0.1533,0.2542,1.0,1.0,51.694,29.1386,2.8551,128.9995,52.8312,6.5983,3.9945,0.0,11.5,7.4,4.173,15.3261,0.0,74.5763,0.0,1.5811,6.7992,0.0,39.617,0.0,21.7154,3.4557,15.0,25.0,23.0,40.8856,11.1543,15.5312,53.75,43.5,3.5108,0.8693,2.0,5.0,3.4,2.5585,9.8282,0.0,53.5,0.0,10.8333,1,0.9904,0
2023-06-27,588.0275,603.6656,6.713,5.4389,6.7798,5.4645,6.1252,0.9678,0.0996,0.475,1.0,1.0,51.6902,26.3211,2.958,104.8015,54.8253,6.8589,4.1428,0.0,11.9625,7.75,3.2191,9.9561,0.0,52.5,0.0,0.5735,2.0371,0.0,12.9675,0.0,22.4809,3.5374,15.0,26.0,24.0,41.6975,11.2053,15.3438,54.9062,44.375,3.6099,0.8225,2.0,4.9,3.6,1.7924,5.2833,0.0,24.7,0.0,10.9167,0,0.9901,0
2023-06-28,606.9842,616.4287,6.8502,5.5205,6.8502,5.5205,6.2508,1.0,0.0,1.0,1.0,1.0,51.4478,25.1141,3.0401,89.9772,56.2287,6.8956,4.1049,0.0,12.0625,7.5875,0.0,0.0,0.0,0.0,0.0,0.0,0.0,0.0,0.0,0.0,22.3258,3.2609,15.0,26.0,24.0,41.7865,11.1267,15.3438,55.1562,43.9688,2.8348,0.4314,2.0,3.6,2.7,0.0,0.0,0.0,0.0,0.0,11.0,0,1.0,0
2023-06-29,612.9983,615.7224,6.8414,5.5208,6.8458,5.522,6.2431,0.9956,0.0356,0.7069,1.0,1.0,51.6009,25.3651,2.9987,93.2596,56.2068,6.8796,4.1231,0.0,12.05,7.7562,0.4402,3.5629,0.0,29.3103,0.0,0.0599,0.4846,0.0,3.9862,0.0,22.1894,3.5686,13.0,26.0,24.0,41.6252,11.4169,13.3438,55.125,44.3906,3.5008,0.7195,2.2,4.8,3.4,0.2061,1.6676,0.0,13.6,0.0,11.0,0,0.9994,0
2023-06-30,480.0183,575.6752,6.3683,5.1921,6.6863,5.404,5.85,0.9554,0.0677,0.6865,1.0,0.995,53.8029,23.6466,13.3697,97.2542,58.8194,6.4477,3.8133,0.0,11.425,7.15,4.4583,6.7651,0.0,31.3514,0.4975,0.4761,1.0488,0.0,5.3924,0.002,22.4733,3.4381,15.0,26.0,24.0,40.7032,10.3331,15.8438,53.5625,42.875,3.5405,0.7041,2.2,4.8,3.5,3.4557,4.8958,0.0,20.4,0.4,10.9167,2,0.9524,0
2023-07-01,553.845,595.0082,6.5805,5.3412,6.7856,5.4788,6.0302,0.9632,0.0829,0.6265,1.0,1.0,54.6756,22.9085,12.8166,99.5046,58.2645,6.6983,3.7897,0.0,11.5375,7.75,3.6805,8.2927,0.0,37.3494,0.0,0.4685,1.2477,0.0,6.2747,0.0,22.5191,2.8752,16.0,25.0,24.0,41.3564,10.2524,16.5938,53.8438,44.375,3.2382,0.6374,2.1,4.2,3.2,2.4412,4.8386,0.0,16.8,0.0,10.9167,0,0.9698,0
2023-07-02,598.5575,615.1823,6.8329,5.5255,6.8408,5.5273,6.2365,0.9898,0.0576,0.6481,1.0,1.0,51.7407,25.6295,3.0289,96.0787,56.545,6.9198,4.0502,0.0,12.05,7.725,1.0186,5.7649,0.0,35.1852,0.0,0.1509,0.8558,0.0,5.3481,0.0,22.2519,3.2447,14.0,25.0,24.0,41.8118,11.0823,14.5938,55.125,44.3125,2.7084,0.6686,1.8,3.8,2.6,0.4519,2.559,0.0,15.2,0.0,10.9167,0,0.9988,0
2023-07-03,602.005,617.156,6.8693,5.5591,6.8814,5.5623,6.2557,0.9887,0.0573,0.6667,1.0,1.0,51.9261,25.9048,2.9388,96.1742,56.2524,7.0895,4.1466,0.0,12.125,8.0875,1.1321,5.7334,0.0,33.3333,0.0,0.158,0.8038,0.0,5.0667,0.0,22.5573,3.5995,13.0,26.0,24.0,42.2214,11.3593,13.5938,55.3125,45.2188,2.9565,0.6862,2.0,4.1,2.9,0.5313,2.6803,0.0,15.2,0.0,10.9167,0,0.9982,0
2023-07-04,602.2667,615.0483,6.834,5.5382,6.8437,5.5406,6.2362,0.9911,0.0507,0.6981,1.0,1.0,51.7286,25.723,2.8749,96.1739,55.6974,6.9345,4.1246,0.0,12.0625,7.8125,0.8948,5.0657,0.0,30.1887,0.0,0.1217,0.6889,0.0,4.1057,0.0,22.2824,3.8276,14.0,26.0,24.0,41.8454,11.2619,14.8438,55.1562,44.5312,3.1763,0.5968,1.9,4.1,3.0,0.4153,2.3489,0.0,13.6,0.0,10.9167,0,0.9986,0
2023-07-05,608.4975,619.926,6.8519,5.5528,6.862,5.5554,6.2892,0.9906,0.0534,0.6627,1.0,1.0,51.7751,25.7523,3.0289,96.4764,55.9033,6.455,3.9655,0.0,11.4625,7.225,0.94,5.3426,0.0,33.7349,0.0,0.1361,0.7785,0.0,5.1277,0.0,21.0305,3.1254,14.0,24.0,22.0,40.6448,10.8339,14.8438,53.6562,43.0625,3.6305,0.647,2.5,4.7,3.4,0.4397,2.491,0.0,15.2,0.0,10.9167,0,0.9985,0
2023-07-06,601.5692,618.6256,6.8503,5.5632,6.8787,5.5728,6.2759,0.9826,0.0665,0.6604,1.0,1.0,52.0287,26.1042,2.9987,96.9793,56.0819,6.5711,4.0889,0.0,11.7125,7.4125,1.7411,6.6493,0.0,33.9623,0.0,0.2341,0.9625,0.0,5.1623,0.0,21.2061,3.7657,13.0,25.0,23.0,40.8158,11.365,13.8438,54.2812,43.5312,2.5046,0.9674,1.4,4.2,2.1,0.9046,3.3334,0.0,15.7,0.0,10.9167,0,0.9959,0
2023-07-07,587.4017,616.0817,6.8529,5.5593,6.8538,5.5598,6.2471,0.9999,0.001,0.9886,1.0,1.0,51.4285,25.0468,2.8959,88.5012,56.4943,7.0165,4.1588,0.0,12.075,7.775,0.0087,0.0994,0.0,1.1377,0.0,0.0001,0.001,0.0,0.0114,0.0,22.458,3.736,14.0,26.0,24.0,42.0751,11.2933,14.7812,55.1875,44.4375,1.5328,1.0353,0.2,3.1,1.5,0.0076,0.0874,0.0,1.0,0.0,10.9167,0,0.9999,0
2023-07-08,541.7642,570.616,6.3963,5.2743,6.8021,5.5251,5.8153,0.9317,0.1314,0.406,1.0,1.0,59.45,31.4587,8.7017,138.6507,63.4041,7.0399,4.2818,0.0,12.775,7.5625,6.8342,13.1431,0.0,59.4017,0.0,1.61,4.685,0.0,27.206,0.0,23.8168,4.171,13.0,28.0,26.0,42.1269,11.6069,13.8125,56.9375,43.9062,2.0046,0.3362,1.4,2.5,2.0,5.1214,9.7006,0.0,45.8,0.0,10.9167,3,0.9403,0
2023-07-09,427.8275,491.2983,5.4652,4.6347,6.723,5.4781,5.0452,0.8296,0.1893,0.3552,1.0,0.8944,64.8807,24.6625,12.6524,124.8816,62.7612,6.1246,3.3871,0.0,11.35,6.3,17.0438,18.9331,0.0,64.4848,10.5556,4.8695,8.0092,0.0,36.6274,0.8663,24.2595,3.38,16.0,27.0,26.0,39.9041,9.3098,16.4688,53.375,40.75,1.4901,0.377,1.0,2.1,1.4,12.8573,14.6807,0.0,56.8,7.9,10.9167,6,0.8129,3
2023-07-10,554.4958,591.3802,6.648,5.4498,6.7707,5.5191,5.9965,0.9622,0.0909,0.5682,1.0,1.0,52.7661,25.7012,2.9077,96.5853,58.8194,7.8187,4.3488,0.0,13.175,8.85,3.7775,9.0855,0.0,43.1818,0.0,0.5019,1.5574,0.0,8.4209,0.0,25.1527,4.0373,15.0,29.0,27.0,44.1832,11.6123,15.75,57.9375,47.125,2.2748,0.5856,1.3,3.4,2.3,2.2595,4.7455,0.0,21.3,0.0,10.9167,0,0.9819,0
2023-07-11,504.155,525.4887,5.9222,4.9838,6.7338,5.4939,5.3761,0.8395,0.2278,0.2257,1.0,0.9769,57.984,26.1156,11.8893,118.9801,58.4497,6.9871,4.2357,0.0,13.0875,7.7125,16.0514,22.7761,0.0,77.4319,2.3109,5.8569,11.9424,0.0,51.2599,0.0462,25.1908,3.8132,15.0,29.0,27.0,42.1438,11.2002,15.75,57.7188,44.2812,1.8321,0.8377,0.4,3.2,1.9,12.1939,17.5352,0.0,66.2,2.0,10.9167,3,0.8795,3
2023-07-12,517.5658,464.2446,5.2286,4.5132,6.714,5.4879,4.7988,0.7767,0.2156,0.3805,1.0,0.7838,60.2716,21.4711,21.0065,111.3924,55.6974,6.3924,3.5396,0.0,12.4125,6.0125,22.3313,21.5638,0.0,61.9469,21.6245,7.108,9.0297,0.0,32.646,3.4433,25.7099,3.3201,17.0,29.0,27.0,40.6772,9.4656,17.4688,56.0312,40.0312,1.8939,0.433,1.2,2.7,1.9,16.4328,16.5917,0.0,52.7,13.6,10.9167,2,0.7788,3
2023-07-13,504.3842,499.5251,5.6595,4.826,6.7508,5.5238,5.1354,0.8301,0.168,0.3785,1.0,0.8711,63.3335,33.3549,13.5387,166.5862,58.4945,7.1498,4.1105,0.0,12.6,7.675,16.9944,16.796,0.0,62.1505,12.8931,4.2081,6.2736,0.0,31.1996,1.2514,26.4809,3.5396,18.0,30.0,28.0,42.6818,10.6475,18.75,56.5,44.1875,2.1008,1.1225,0.2,3.2,2.6,12.7076,12.5378,0.0,50.2,10.0,10.9167,2,0.8384,3
2023-07-14,532.195,586.8399,6.4784,5.3522,6.5778,5.4031,5.9532,0.9458,0.1546,0.3229,1.0,1.0,51.1654,27.1694,2.9388,115.1489,51.9488,6.3847,3.8434,0.0,11.25,7.2875,5.4218,15.456,0.0,67.7083,0.0,1.6009,5.5842,0.0,28.3698,0.0,21.7615,3.5103,16.0,26.0,23.0,40.4493,10.5817,16.5312,53.125,43.2188,2.7885,0.3745,2.0,3.4,2.8,3.3477,9.2891,0.0,41.9,0.0,10.8333,0,0.9849,0
2023-07-15,501.8092,525.7441,5.8773,4.9816,6.6256,5.4504,5.3875,0.8629,0.1578,0.4884,1.0,0.9883,58.377,28.2395,4.1084,133.3802,57.4741,6.4539,3.8692,0.0,12.55,6.5875,13.7143,15.7821,0.0,51.1628,1.1677,2.9605,4.1609,0.0,16.958,0.0117,23.8321,4.368,15.0,28.0,26.0,40.6565,10.5965,15.375,56.375,41.4688,2.2527,0.972,0.7,3.8,2.0,9.4595,11.0333,0.0,36.3,1.0,10.9167,3,0.8871,3
2023-07-16,493.5775,476.5637,5.3696,4.6442,6.624,5.4622,4.9095,0.7838,0.2531,0.2217,1.0,0.9777,59.9311,27.7061,10.4968,133.3664,60.2922,6.4661,3.9048,0.0,12.9375,7.225,21.6219,25.3114,0.0,77.8325,2.2269,8.7618,13.4215,0.0,52.2737,0.0445,25.5878,3.654,18.0,29.0,27.0,40.9587,10.1469,18.6562,57.3438,43.0625,1.8511,0.8824,0.8,3.2,1.9,17.1084,20.2541,0.0,67.6,2.0,10.9167,3,0.8106,1
2023-07-17,410.7183,380.7429,4.382,3.9345,6.6099,5.4601,4.0421,0.6442,0.2545,0.1929,1.0,0.6538,62.7328,33.1082,15.2442,162.7733,58.8017,5.4282,3.629,0.0,12.2625,4.9375,35.584,25.4531,0.0,80.7122,34.6154,15.3964,16.1551,0.0,59.5656,8.2316,25.8092,3.2608,19.0,29.0,27.0,38.3531,9.4427,19.375,55.6562,37.3438,2.2,0.7232,1.3,3.4,2.2,28.171,21.8893,0.0,73.8,24.8,10.9167,5,0.6629,1
2023-07-18,523.3275,530.2186,5.9762,5.0731,6.6932,5.5266,5.4148,0.8696,0.1512,0.4541,1.0,0.9419,59.9348,25.778,7.9597,132.2608,60.4521,7.3862,4.0594,0.0,13.4375,7.8625,13.0414,15.1231,0.0,54.5906,5.814,2.6642,3.9962,0.0,21.727,0.2907,26.1374,3.3138,18.0,29.0,28.0,43.245,10.5886,18.7188,58.5938,44.6562,2.5626,0.6035,1.8,3.8,2.3,9.0511,10.2981,0.0,39.8,5.0,10.9167,5,0.8929,3
2023-07-19,517.5667,535.9835,6.061,5.1432,6.7682,5.5894,5.4771,0.8673,0.1786,0.3575,1.0,0.9656,57.7025,21.36,11.2681,96.4794,60.7439,7.4734,4.2208,0.0,13.175,8.1375,13.2705,17.8604,0.0,64.2487,3.4411,3.4634,6.4192,0.0,29.2974,0.1032,26.1985,3.0969,19.0,29.0,28.0,43.5487,10.814,19.75,57.9375,45.3438,3.926,0.647,2.2,4.7,4.1,9.629,12.5363,0.0,45.9,3.0,10.9167,3,0.8955,3
2023-07-20,569.8767,584.554,6.5131,5.4552,6.8125,5.6295,5.9436,0.9174,0.1262,0.4771,1.0,0.9755,57.5561,24.053,15.7471,112.8309,55.8005,6.7683,4.0978,0.0,12.0,7.75,8.2582,12.6222,0.0,52.2936,2.449,1.3175,3.0092,0.0,18.6165,0.049,22.8779,2.9769,17.0,26.0,24.0,41.5222,10.9745,17.4688,55.0,44.375,5.8466,0.7528,4.1,6.7,6.1,5.255,7.2443,0.0,35.6,2.0,10.9167,1,0.956,0
2023-07-21,366.2883,416.3147,4.6173,4.1735,6.8392,5.653,4.3429,0.6341,0.1878,0.3041,1.0,0.685,63.7151,28.1837,20.3981,130.9028,62.7348,4.1375,3.2347,0.0,9.9875,4.725,36.5938,18.7826,0.0,69.5853,31.5022,12.8895,11.6156,0.0,38.923,8.1906,21.1221,2.7569,16.0,24.0,22.0,34.3397,9.558,16.375,49.9688,36.8125,6.0237,0.7757,4.5,7.1,5.9,28.1718,14.4891,0.0,56.2,24.0,10.9167,6,0.6751,3
2023-07-22,484.8358,469.4316,5.231,4.6276,6.8858,5.6968,4.8591,0.6971,0.244,0.2316,1.0,0.7245,56.5697,24.9607,19.1873,111.8769,47.851,4.7729,3.9409,0.0,11.125,3.9625,30.2929,24.4037,0.0,76.8421,27.5468,11.1479,11.6749,0.0,44.4916,6.3358,20.9847,2.969,15.0,24.0,22.0,35.959,11.2038,15.3438,52.8125,34.9062,4.9679,0.9384,3.1,6.5,4.9,22.7893,17.8107,0.0,57.9,23.0,10.9167,6,0.7597,3
2023-07-23,543.5158,577.0817,6.3971,5.3908,7.0038,5.7916,5.868,0.893,0.1502,0.2762,1.0,0.9888,56.376,20.6092,9.8853,97.4581,56.3125,6.4546,3.9189,0.0,12.275,7.1688,10.7031,15.0199,0.0,72.381,1.1207,2.3287,5.0902,0.0,34.0914,0.0112,22.5,3.6934,15.0,26.0,24.0,40.6735,10.6764,15.3438,55.6875,42.9219,4.6765,0.6431,3.4,5.5,4.85,7.9235,10.1023,0.0,47.1,1.0,11.0,2,0.9134,3
2023-07-24,477.8517,550.8529,6.0823,5.1724,6.8652,5.6968,5.6069,0.8646,0.172,0.2542,1.0,0.9074,58.9997,18.6262,15.0363,91.9435,58.7086,6.1052,3.663,0.0,11.0875,6.625,13.5424,17.1957,0.0,74.5763,9.2573,3.5716,8.0743,0.0,44.8203,0.7326,22.4962,2.843,16.0,25.0,24.0,39.9074,9.834,16.4062,52.7188,41.5625,3.7031,0.3877,2.6,4.1,3.9,10.484,12.7009,0.0,60.1,8.0,10.9167,1,0.886,3
2023-07-25,458.7617,441.1149,5.0294,4.5144,6.8833,5.725,4.6093,0.6332,0.2511,0.2153,1.0,0.6711,55.504,35.0506,2.892,153.8526,48.1094,5.3113,4.393,0.0,12.5125,4.2,36.6829,25.1118,0.0,78.4722,32.8926,15.3305,14.955,0.0,50.9036,8.4534,23.3664,3.0108,17.0,26.0,25.0,37.7636,11.6932,17.4375,56.2812,35.5,3.4321,0.7388,2.4,4.6,3.4,28.5779,19.8588,0.0,66.5,26.0,10.9167,1,0.7307,1
2023-07-26,611.3167,626.6434,7.0405,5.8543,7.0741,5.8789,6.3513,0.9961,0.0102,0.9483,1.0,1.0,52.3861,24.2745,4.048,87.2337,54.6992,7.8158,4.3667,0.0,13.2,9.0125,0.3855,1.0194,0.0,5.1724,0.0,0.0102,0.0333,0.0,0.2276,0.0,24.3609,3.5448,16.0,28.0,26.0,44.2119,11.5743,16.4688,58.0,47.5312,2.5752,0.6056,1.8,3.8,2.5,0.3338,0.8785,0.0,4.4,0.0,11.0833,0,0.9953,0
2023-07-27,583.6808,613.6549,6.8948,5.7863,7.0255,5.8588,6.226,0.9579,0.1125,0.3624,1.0,1.0,53.6356,27.5447,3.1431,121.5163,55.0057,7.677,4.3274,0.0,13.1125,8.5812,4.2074,11.2527,0.0,63.7584,0.0,0.8855,3.4309,0.0,25.8221,0.0,24.2652,3.435,16.0,28.0,26.0,43.8527,11.4971,16.4375,57.7812,46.4531,3.122,0.6036,2.0,4.1,2.95,2.7477,6.9631,0.0,40.5,0.0,11.0,1,0.9814,0
2023-07-28,533.4483,548.3796,6.1427,5.2779,6.909,5.7825,5.5936,0.858,0.152,0.4402,1.0,0.8973,56.8636,21.7702,10.6244,95.1701,58.4287,6.9992,3.9822,0.0,12.8625,7.3938,14.1995,15.1982,0.0,55.9783,10.2683,2.8959,3.8815,0.0,19.0886,0.8231,24.8106,3.3501,18.0,28.0,26.0,42.2616,10.4204,18.5938,57.1562,43.4844,2.6568,0.5789,1.9,3.6,2.6,10.0265,10.1686,0.0,34.1,8.0,11.0,1,0.8891,3
2023-07-29,463.9225,513.4179,5.7392,5.0219,6.7823,5.7109,5.2389,0.7976,0.1864,0.3051,1.0,0.8462,61.2821,25.1837,20.4234,139.4433,58.588,6.7795,3.8408,0.0,11.525,8.0688,20.2402,18.6414,0.0,69.4915,15.3793,5.1899,7.4897,0.0,36.9695,1.9839,25.2652,3.4528,16.0,28.0,27.0,41.5698,10.3617,16.5,53.8125,45.1719,2.4417,0.6101,1.6,3.4,2.3,14.5348,12.5993,0.0,53.2,13.0,11.0,6,0.8462,3
2023-07-30,562.9133,565.6962,6.3819,5.4904,6.8863,5.7965,5.7632,0.867,0.1838,0.3256,1.0,0.9614,55.3446,26.1118,15.0454,131.2108,52.2709,7.4442,4.3909,0.0,13.3625,8.275,13.2987,18.3807,0.0,67.4419,3.856,3.3675,6.6392,0.0,35.8791,0.108,25.0153,3.5082,17.0,28.0,27.0,43.2841,11.5952,17.5625,58.4062,45.6875,2.8939,0.7675,1.9,4.3,2.5,9.058,12.144,0.0,53.2,3.0,10.9167,0,0.9268,3
2023-07-31,577.5383,588.1785,6.6062,5.6114,7.0304,5.9067,5.9841,0.946,0.1077,0.5521,1.0,1.0,61.6238,31.7535,3.1431,156.0894,61.7504,7.4221,4.2618,0.0,13.45,8.2,5.401,10.7748,0.0,44.7937,0.0,1.1574,3.0724,0.0,15.3642,0.0,24.6391,3.6646,16.0,28.0,26.0,43.2657,11.2207,16.5625,58.625,45.5,3.3594,0.3838,2.8,4.0,3.2,4.409,8.6066,0.0,34.3,0.0,11.0833,2,0.9397,0
2023-08-01,611.165,630.3691,7.1052,5.9798,7.1168,5.9887,6.3895,0.9988,0.0039,0.9776,1.0,1.0,52.4512,24.6081,3.0151,84.9803,58.3918,8.0762,4.4021,0.0,13.4625,9.075,0.1186,0.3941,0.0,2.2432,0.0,0.0015,0.0061,0.0,0.0442,0.0,24.9023,3.3527,17.0,28.0,26.0,44.9359,11.5228,17.5938,58.6562,47.6875,2.9444,0.3034,2.1,3.4,2.9,0.106,0.3509,0.0,2.0,0.0,11.0833,0,0.9984,0
2023-08-02,612.6625,636.0905,7.1579,6.0335,7.1652,6.0391,6.4489,0.9992,0.0027,0.9883,1.0,1.0,52.5837,24.7627,3.0994,85.3745,58.6495,7.8835,4.4125,0.0,13.325,8.8312,0.0778,0.2729,0.0,1.1665,0.0,0.0007,0.0026,0.0,0.0117,0.0,24.3806,3.4939,16.0,28.0,26.0,44.4121,11.6251,16.6562,58.3125,47.0781,3.1306,0.5993,2.0,4.1,3.0,0.0701,0.2459,0.0,1.0,0.0,11.1667,0,0.999,0
2023-08-03,599.5933,642.1195,7.2486,6.1172,7.2537,6.1211,6.5075,0.9994,0.0023,0.9884,1.0,1.0,53.0635,25.0144,3.2983,87.2389,59.0409,8.1705,4.53,0.0,13.7375,9.325,0.0563,0.2339,0.0,1.1641,0.0,0.0005,0.0022,0.0,0.0116,0.0,24.7836,3.9856,15.0,29.0,26.0,45.0688,12.0516,15.7188,59.3438,48.3125,1.4761,0.5415,0.6,2.5,1.6,0.0478,0.201,0.0,1.0,0.0,11.1667,0,0.9993,0
2023-08-04,579.075,629.8549,7.1068,6.0278,7.2242,6.1152,6.3793,0.9816,0.0505,0.6667,1.0,1.0,54.6769,23.7702,9.0938,90.218,61.1609,8.2188,4.4449,0.0,13.8125,9.2188,1.8411,5.0482,0.0,33.3333,0.0,0.165,0.7124,0.0,5.0667,0.0,25.2836,3.8693,15.0,29.0,27.0,45.1719,11.8966,15.5,59.5312,48.0469,1.6455,0.6299,0.8,2.8,1.5,1.3313,2.934,0.0,15.2,0.0,11.1667,0,0.9837,0
2023-08-05,610.3342,631.5001,7.1488,6.0743,7.1591,6.079,6.3926,0.9829,0.087,0.4286,1.0,1.0,52.973,25.3264,2.9375,90.1378,58.5757,8.5249,4.5721,0.0,14.1375,9.675,1.7145,8.7032,0.0,57.1429,0.0,0.4446,2.469,0.0,20.0,0.0,25.8346,4.1527,16.0,30.0,28.0,45.9908,12.0998,16.4062,60.3438,49.1875,2.5301,0.5622,1.8,3.5,2.3,0.9729,4.9924,0.0,35.0,0.0,11.0833,0,0.9986,0
2023-08-06,621.3558,643.0856,7.312,6.2072,7.3139,6.2088,6.5129,0.9998,0.0014,0.9883,1.0,1.0,53.2269,25.1516,3.1176,87.3021,59.3541,8.8303,4.6456,0.0,14.3375,9.8,0.02,0.1403,0.0,1.1696,0.0,0.0002,0.0014,0.0,0.0117,0.0,26.4328,3.7726,18.0,30.0,28.0,46.8955,11.9876,18.8438,60.8438,49.5,3.6313,0.6009,2.5,4.6,3.4,0.0179,0.1262,0.0,1.0,0.0,11.1667,0,0.9997,0
2023-08-07,616.42,639.2541,7.2598,6.1829,7.2617,6.1844,6.4753,0.9998,0.0014,0.9884,1.0,1.0,52.9057,24.9207,3.2983,86.9163,59.6525,8.7264,4.6368,0.0,14.5,9.7188,0.0202,0.1415,0.0,1.1641,0.0,0.0002,0.0014,0.0,0.0116,0.0,26.2836,4.1105,17.0,30.0,28.0,46.6003,12.0371,17.9375,61.25,49.2969,2.4351,1.0708,0.4,4.1,2.3,0.0187,0.1287,0.0,1.0,0.0,11.1667,0,0.9997,0
2023-08-08,620.4925,641.1275,7.3109,6.2397,7.3109,6.2397,6.4922,1.0,0.0,1.0,1.0,1.0,53.2622,25.0912,3.1659,85.6423,59.525,9.0503,4.7434,0.0,14.7625,10.1875,0.0,0.0,0.0,0.0,0.0,0.0,0.0,0.0,0.0,0.0,26.8881,4.2029,16.0,31.0,29.0,47.3477,12.4446,16.9688,61.9062,50.4688,3.247,0.656,2.1,4.3,3.3,0.0,0.0,0.0,0.0,0.0,11.1667,0,1.0,0
2023-08-09,621.8692,636.6158,7.2089,6.1689,7.2089,6.1689,6.4534,1.0,0.0,1.0,1.0,1.0,52.5555,24.4823,3.3121,84.3576,58.4224,8.3869,4.5434,0.0,14.025,9.2,0.0,0.0,0.0,0.0,0.0,0.0,0.0,0.0,0.0,0.0,25.7259,3.7743,18.0,30.0,27.0,45.7507,11.7978,18.4062,60.0625,48.0,4.4704,1.0998,1.9,6.0,4.6,0.0,0.0,0.0,0.0,0.0,11.25,0,1.0,0
2023-08-10,600.2975,635.7298,7.2046,6.1788,7.2221,6.1904,6.443,0.9931,0.0462,0.5417,1.0,1.0,52.7584,24.5738,3.2879,87.2518,58.1383,8.4846,4.5428,0.0,14.1125,9.5,0.6871,4.62,0.0,45.8333,0.0,0.1098,0.965,0.0,10.5875,0.0,26.0,3.8206,18.0,30.0,28.0,46.0127,11.764,18.4688,60.2812,48.75,3.1578,0.8836,2.1,4.5,3.0,0.3985,2.3469,0.0,23.1,0.0,11.25,0,0.9976,0
2023-08-11,546.0442,598.4491,6.7512,5.8778,7.2955,6.2726,6.0638,0.9097,0.1557,0.2821,1.0,0.9894,85.3202,40.7359,30.2989,194.4304,79.0271,8.2144,4.309,0.0,14.45,9.45,9.027,15.5748,0.0,71.7949,1.0606,2.3265,6.0077,0.0,43.1487,0.0106,26.3433,3.8993,18.0,30.0,28.0,45.2367,11.3957,18.3438,61.125,48.625,2.9716,0.382,2.3,3.8,3.0,6.7649,11.3634,0.0,60.1,1.0,11.1667,12,0.9254,0
2023-08-12,535.1442,597.4476,6.7586,5.9161,7.3262,6.318,6.0556,0.8973,0.1294,0.4348,1.0,0.9465,71.996,22.456,23.525,128.0144,76.6236,8.3796,4.4023,0.0,14.225,9.7625,10.2653,12.9412,0.0,56.5217,5.3525,1.7772,3.3704,0.0,18.7215,0.2462,26.6241,3.8447,17.0,30.0,28.0,45.6802,11.5722,17.625,60.5625,49.4062,3.5925,0.6447,1.9,4.2,3.9,7.394,8.2299,0.0,34.0,4.6,11.0833,6,0.9225,3
2023-08-13,581.3825,622.3042,7.0712,6.1617,7.2158,6.2396,6.3108,0.9304,0.1437,0.4,1.0,1.0,53.7693,27.5764,4.6604,102.9765,52.9069,8.4563,4.6858,0.0,14.2125,9.4938,6.962,14.3711,0.0,60.0,0.0,1.5658,4.1337,0.0,27.48,0.0,26.0821,3.5563,18.0,30.0,28.0,45.871,12.2452,18.375,60.5312,48.7344,3.4709,0.528,2.2,4.0,3.6,4.4276,8.9226,0.0,45.8,0.0,11.1667,0,0.98,0
2023-08-14,564.3625,575.7676,6.4713,5.719,7.154,6.2086,5.8639,0.8769,0.1836,0.1647,1.0,0.998,67.4656,33.3032,9.0198,170.3203,68.3318,7.268,4.1961,0.0,13.3,7.8,12.3061,18.3601,0.0,83.5294,0.2012,3.8021,8.9564,0.0,61.6447,0.0008,24.8433,2.7635,18.0,28.0,26.0,42.9534,10.9095,18.4062,58.25,44.5,4.697,0.6869,2.6,5.2,5.0,9.6567,14.5449,0.0,73.8,0.2,11.1667,1,0.9046,3
2023-08-15,511.8975,557.9688,6.1816,5.5245,7.2132,6.2747,5.6771,0.8312,0.1866,0.2558,1.0,0.8983,81.6112,30.7612,28.6709,151.6037,78.2517,6.3801,3.7968,0.0,11.55,6.8625,16.8762,18.657,0.0,74.4186,10.1741,4.7866,8.0547,0.0,44.7256,0.8834,23.0606,2.712,17.0,26.0,24.0,40.6219,10.1118,17.4688,53.875,42.1562,4.8311,0.4655,3.6,5.4,5.0,13.1515,14.0898,0.0,60.1,8.6,11.0,6,0.857,3
2023-08-16,516.4525,543.052,6.0461,5.4509,7.2561,6.3175,5.549,0.7824,0.1705,0.3154,1.0,0.8175,69.7096,22.8983,23.865,122.6164,67.5571,6.1796,3.9411,0.0,12.4875,7.025,21.7623,17.0461,0.0,68.4615,18.2501,5.7356,7.6946,0.0,37.1062,2.92,23.097,3.0383,17.0,26.0,24.0,40.017,10.6193,17.5312,56.2188,42.5625,4.8694,0.4079,3.9,5.4,4.85,16.9993,12.2415,0.0,54.2,16.0,11.1667,16,0.8332,1
2023-08-17,611.2667,592.4402,6.6327,5.8849,7.3218,6.3808,6.0336,0.8731,0.1474,0.403,1.0,0.9231,58.3172,22.9604,7.2551,100.3529,61.5701,6.9871,4.1303,0.0,13.125,7.4,12.6935,14.7366,0.0,59.7015,7.6923,2.7121,4.306,0.0,23.403,0.4314,23.6519,3.4798,16.0,27.0,25.0,42.0759,11.0826,16.5312,57.8125,43.5,3.9822,0.9758,2.5,5.7,3.8,9.5674,10.515,0.0,40.5,5.5,11.25,0,0.9059,3
2023-08-18,591.5042,598.3184,6.6887,5.9144,7.3603,6.4347,6.0556,0.9244,0.1071,0.55,1.0,1.0,58.8099,18.3398,23.4947,89.9811,59.7803,7.7402,3.974,0.0,12.7625,9.2062,7.5566,10.7149,0.0,45.0,0.0,1.3599,2.4051,0.0,14.445,0.0,25.6397,3.6992,17.0,29.0,27.0,44.0827,10.5121,17.375,56.9062,48.0156,2.0926,0.9097,1.0,3.7,2.05,6.2206,8.5309,0.0,32.1,0.0,11.3333,1,0.9087,0
2023-08-19,469.2725,488.2464,5.5554,5.0865,7.1444,6.2857,5.0259,0.6865,0.2798,0.1133,1.0,0.7538,86.8952,60.0262,13.4983,232.2658,70.2409,6.6828,4.4942,0.0,12.9375,7.8875,31.3521,27.9798,0.0,88.6731,24.6231,15.4562,20.3399,0.0,76.4362,4.9492,25.7293,2.8923,19.0,29.0,27.0,41.3931,11.7535,19.4375,57.3438,44.7188,2.3391,0.8874,1.0,3.5,2.4,27.091,25.2225,0.0,86.2,19.7,11.0833,7,0.7776,1
2023-08-20,547.0367,582.2988,6.5692,5.8828,7.0683,6.25,5.9001,0.9097,0.1274,0.4583,1.0,0.9889,61.3374,22.8251,16.826,103.493,60.6493,8.2021,4.352,0.0,14.3125,9.6375,9.029,12.7356,0.0,54.1667,1.1111,1.7067,3.3698,0.0,22.425,0.0111,26.4848,4.0124,17.0,31.0,28.5,45.1473,11.6214,17.5938,60.7812,49.0938,3.0348,0.9306,1.3,4.1,3.2,6.6121,9.035,0.0,41.4,1.0,11.0,2,0.9294,0
2023-08-21,555.2833,567.8424,6.343,5.6954,7.1748,6.3353,5.7933,0.8924,0.1716,0.3072,1.0,1.0,75.6602,40.7843,6.4079,186.097,71.7065,6.8546,3.8883,0.0,13.325,7.6875,10.7643,17.1646,0.0,69.2771,0.0,3.3944,7.373,0.0,45.0301,0.0,24.1407,4.2622,16.0,29.0,26.0,41.7602,10.4736,16.6562,58.3125,44.2188,2.3319,0.8296,1.4,3.7,2.3,8.7178,14.5951,0.0,65.0,0.0,11.25,6,0.8841,3
2023-08-22,615.745,618.4341,7.0561,6.2778,7.4283,6.5582,6.2785,0.9361,0.1066,0.3415,1.0,0.9779,55.4041,25.7475,11.2422,113.3895,57.751,8.8406,4.645,0.0,14.7375,9.2,6.3889,10.6589,0.0,65.8537,2.2129,1.2076,3.8508,0.0,38.1293,0.0443,27.2593,4.2741,17.0,31.0,29.0,46.8595,12.1204,17.3438,61.8438,48.0,1.9393,0.6724,0.9,3.1,2.0,5.1652,8.4203,0.0,57.9,2.0,11.25,0,0.9499,0
2023-08-23,527.8783,585.1946,6.7405,6.0683,7.3897,6.5531,5.9556,0.8956,0.1407,0.4595,1.0,1.0,60.0878,23.4794,10.2986,105.9566,64.7323,9.314,4.7169,0.0,15.725,9.5375,10.4418,14.0726,0.0,54.0541,0.0,2.3694,4.2078,0.0,22.6486,0.0,29.3852,4.3037,18.0,33.0,31.0,48.1088,12.1702,18.3438,64.3125,48.8438,1.897,0.3822,1.4,2.7,1.9,8.263,10.9605,0.0,41.9,0.0,11.25,4,0.9122,3
2023-08-24,433.6,436.9333,5.0327,4.6807,7.1387,6.367,4.5566,0.6984,0.2776,0.2086,1.0,0.7342,69.8547,39.42,10.811,178.538,63.0678,7.0434,3.968,0.0,13.3375,6.8,30.1604,27.7647,0.0,79.1411,26.5784,14.9905,18.1505,0.0,59.435,5.1692,28.4963,3.2019,20.0,31.0,30.0,42.4759,10.1779,20.375,58.3438,42.0,1.8719,0.265,1.4,2.6,1.9,26.5059,25.5685,0.0,75.1,21.0,11.25,6,0.705,1
2023-08-25,541.365,529.0141,5.9902,5.4815,7.1045,6.3556,5.3858,0.8298,0.209,0.2714,1.0,0.9126,72.1684,30.0496,18.2431,148.4741,73.8618,8.0585,4.0833,0.0,13.85,8.875,17.0168,20.9048,0.0,72.8571,8.7368,6.1964,11.293,0.0,48.5229,0.619,28.291,2.6693,21.0,31.0,29.0,45.0548,10.4006,21.375,59.625,47.1875,1.7776,0.204,1.4,2.2,1.7,14.3896,18.2051,0.0,66.6,7.2,11.1667,6,0.8432,3
2023-08-26,461.4667,398.7738,4.4972,4.3171,6.4668,5.8944,4.1589,0.6726,0.2428,0.156,1.0,0.6464,67.4712,25.1846,9.206,133.5054,66.6167,5.6284,3.4299,0.0,10.8875,6.675,32.7402,24.2774,0.0,84.4037,35.3619,14.8731,15.4512,0.0,69.8018,10.6086,25.9769,2.0927,21.0,29.0,26.0,38.9495,8.7885,21.5625,52.2188,41.6875,1.9562,0.59,0.3,2.5,2.2,28.9885,22.4142,0.0,82.7,29.6,10.8333,2,0.6954,3
2023-08-27,479.035,447.029,5.0862,4.763,6.8173,6.1731,4.6207,0.6931,0.3007,0.0501,1.0,0.7757,63.4032,36.3053,22.1993,179.9517,51.7034,6.3697,4.2875,0.0,12.375,7.1875,30.689,30.0665,0.0,94.9875,22.428,17.1735,25.5575,0.0,89.5732,3.9804,26.2955,2.7316,20.0,29.0,27.0,40.7448,11.0098,20.625,55.9375,42.9688,1.5038,0.738,0.5,2.6,1.3,27.8053,29.0793,0.0,94.3,17.0,11.0,4,0.7461,1
2023-08-28,283.4258,246.9799,2.9151,2.9555,6.5878,6.0036,2.81,0.4399,0.1282,0.2028,0.6996,0.4437,43.39,18.8302,15.6464,84.7358,41.4244,2.6337,1.9391,0.0,6.6875,2.6562,56.0115,12.8217,30.0412,79.7235,55.6317,30.1135,14.6742,7.5103,60.9276,27.4185,22.947,2.2183,19.0,26.0,24.0,31.2285,5.4164,19.5625,41.7188,31.6406,1.4591,0.7244,0.4,2.8,1.4,50.6023,13.9617,25.0,77.0,49.4,11.0,0,0.4425,2
2023-08-29,513.82,491.5681,5.5611,5.2107,6.8284,6.2099,5.0436,0.7388,0.259,0.0449,1.0,0.7829,64.6605,37.6079,12.6407,171.8025,49.8369,6.6122,4.454,0.0,13.3125,7.5125,26.117,25.9014,0.0,95.5056,21.709,12.2889,22.4316,0.0,90.4438,3.7508,25.374,2.9777,20.0,29.0,26.0,41.2932,11.5188,20.3438,58.2812,43.7812,2.3603,0.9613,0.9,3.8,2.5,22.7947,24.8284,0.0,94.7,17.4,10.9167,7,0.8144,1
2023-08-30,412.3617,380.2458,4.2908,4.1376,6.9082,6.2842,4.0314,0.6313,0.2264,0.1446,1.0,0.6088,75.5816,48.0477,13.5244,230.1,64.0631,4.3051,2.9812,0.0,10.4375,4.15,36.8749,22.6364,0.0,85.5385,39.1185,16.7694,17.3432,0.0,71.8523,11.961,23.4074,2.5313,19.0,26.0,25.0,35.3264,8.1626,19.5,51.0938,35.375,2.5052,0.6015,1.1,3.4,2.7,32.3904,21.6499,0.0,84.0,31.3,11.25,2,0.6211,3
2023-08-31,649.6525,615.9603,7.0104,6.3974,7.3324,6.6336,6.2526,0.8984,0.1638,0.2099,1.0,0.9784,58.1928,26.7142,5.9823,119.2388,57.7438,8.3471,4.7991,0.0,14.4,9.4938,10.1573,16.3811,0.0,79.0123,2.1649,3.0096,8.6946,0.0,56.9679,0.0433,26.2941,3.4857,18.0,30.0,28.0,45.6243,12.4581,18.4375,61.0,48.7344,1.3669,0.2521,0.9,1.8,1.4,8.1162,13.5717,0.0,72.1,2.0,11.3333,0,0.9561,3
2023-09-01,613.6567,538.3112,6.1581,5.7239,7.2574,6.5849,5.5439,0.794,0.2377,0.2667,1.0,0.9597,57.1886,33.7738,3.0401,158.7631,53.8597,7.2722,4.5206,0.0,14.2375,6.9188,20.602,23.7708,0.0,73.3333,4.0256,8.3618,11.499,0.0,48.4,0.1374,25.9779,3.2919,19.0,29.0,27.0,42.958,11.6963,19.4375,60.5938,42.2969,3.1191,0.5695,1.9,4.0,3.2,17.3404,20.4094,0.0,66.0,3.25,11.3333,4,0.8485,3
2023-09-02,581.89,489.1058,5.6059,5.2247,7.2453,6.5931,5.0713,0.7158,0.3084,0.137,1.0,0.8559,53.867,29.3545,8.0918,116.9751,49.742,6.5174,4.4851,0.0,13.0375,6.1875,28.4242,30.8352,0.0,86.3043,14.4126,16.2461,22.5864,0.0,72.8409,1.8736,25.8102,2.7826,20.0,29.0,26.0,41.1549,11.4341,20.375,57.5938,40.4688,3.2234,0.7319,1.1,4.3,3.2,25.908,29.1163,0.0,84.4,13.0,11.4167,2,0.7737,1
2023-09-03,633.9025,621.838,7.0437,6.445,7.3623,6.7082,6.2972,0.9594,0.0886,0.3902,1.0,1.0,54.8699,20.748,13.8192,85.0486,56.749,8.5665,4.346,0.0,14.175,9.8875,4.0566,8.8562,0.0,60.9756,0.0,0.7793,3.4133,0.0,33.1707,0.0,26.9854,3.0098,20.0,30.0,28.0,46.2655,11.185,20.3438,60.4375,49.7188,2.9927,0.535,1.9,3.9,2.9,3.4686,7.3434,0.0,54.4,0.0,11.4167,0,0.9567,0
2023-09-04,478.4192,461.8114,5.3048,5.0091,7.302,6.682,4.8029,0.7311,0.2582,0.1454,1.0,0.7123,64.6993,32.6099,16.6424,177.3489,57.9781,7.0887,3.9466,0.0,13.4375,6.2375,26.8851,25.8201,0.0,85.4637,28.7671,12.5175,17.2553,0.0,71.7895,7.0481,28.0876,3.1494,20.0,31.0,29.0,42.6081,10.0894,20.5312,58.5938,40.5938,1.4511,0.8017,0.2,2.7,1.6,23.7956,24.0346,0.0,84.0,22.9,11.4167,4,0.7265,1
2023-09-05,426.8,493.5367,5.5792,5.2953,7.2724,6.6758,5.0648,0.7456,0.2125,0.3148,1.0,0.7714,87.6208,42.616,23.8231,210.7835,74.1638,7.2729,3.7628,0.0,13.8375,7.8875,25.4388,21.2452,0.0,68.5185,22.8571,9.5961,11.2854,0.0,42.687,4.4969,27.5926,2.4686,21.0,30.0,28.0,43.0903,9.5949,21.4062,59.5938,44.7188,1.6822,0.5425,1.0,2.7,1.6,22.1615,18.8365,0.0,62.3,20.0,11.25,8,0.7672,1
2023-09-06,656.1517,608.9941,6.879,6.3734,7.3418,6.7472,6.1875,0.9173,0.1106,0.5789,1.0,0.9678,56.5262,24.8328,6.926,107.7331,59.7656,7.8755,4.308,0.0,13.2125,8.8813,8.2748,11.0578,0.0,42.1053,3.2211,1.5131,2.6865,0.0,12.9263,0.0959,25.8696,2.446,20.0,29.0,27.0,44.5625,11.0202,20.3438,58.0312,47.2031,5.1862,0.6629,3.1,5.8,5.4,6.7978,8.7502,0.0,32.1,3.0,11.5,1,0.937,0
2023-09-07,732.05,687.5548,7.8186,7.1839,7.8337,7.1931,6.9869,0.9875,0.0528,0.6842,1.0,1.0,55.1192,25.3575,3.2322,93.0502,61.3371,8.3307,4.747,0.0,14.3,9.25,1.2528,5.2807,0.0,31.5789,0.0,0.2071,0.9548,0.0,6.8211,0.0,24.5108,3.337,18.0,28.0,26.0,45.6041,12.2953,18.6875,60.75,48.125,5.582,1.0573,3.1,7.1,5.6,0.9065,3.7473,0.0,21.6,0.0,11.5833,0,0.9981,0
2023-09-08,665.4967,649.9703,7.3503,6.807,7.7602,7.1443,6.6,0.9328,0.1077,0.5,1.0,1.0,59.4449,23.0746,9.5453,100.2347,65.3088,8.0017,4.488,0.0,14.1625,9.1875,6.7159,10.7672,0.0,50.0,0.0,1.3157,3.1648,0.0,18.2326,0.0,24.9137,3.3394,17.0,28.0,26.0,44.7435,11.735,17.3438,60.4062,47.9688,3.3194,1.0793,2.2,5.3,2.7,5.7129,8.7894,0.0,39.2,0.0,11.5833,1,0.9472,0
2023-09-09,660.9833,661.8458,7.5687,7.0137,7.7447,7.1518,6.7147,0.9409,0.1155,0.4186,1.0,1.0,54.9256,26.3275,6.6395,106.4178,57.1654,8.8538,4.8738,0.0,14.8,10.1625,5.9109,11.5459,0.0,58.1395,0.0,1.3345,4.1283,0.0,30.9302,0.0,26.4676,3.5104,18.0,30.0,28.0,46.8867,12.6742,18.3438,62.0,50.4062,2.8755,0.7665,1.7,4.1,2.7,4.7727,9.2797,0.0,53.2,0.0,11.5833,0,0.9773,0
2023-09-10,713.6517,677.2269,7.7651,7.1931,7.7883,7.2091,6.8695,0.9785,0.0769,0.5634,1.0,1.0,54.7745,25.1735,3.0588,92.8933,60.1757,9.1431,4.9232,0.0,15.1875,10.2375,2.1506,7.6852,0.0,43.662,0.0,0.4794,1.9943,0.0,12.7493,0.0,26.7338,3.4986,19.0,30.0,28.0,47.6828,12.6601,19.375,62.9688,50.5938,3.9799,0.5669,2.7,4.9,3.8,1.6561,5.8558,0.0,32.1,0.0,11.5833,0,0.997,0
2023-09-11,729.3208,693.8939,7.9607,7.3851,7.9654,7.3889,7.0464,0.9972,0.0206,0.8214,1.0,1.0,55.4042,24.8451,3.3337,83.1178,62.0278,9.0656,4.9712,0.0,15.2875,10.1938,0.2771,2.0611,0.0,17.8571,0.0,0.0338,0.2797,0.0,2.4286,0.0,26.1214,3.6214,18.0,30.0,28.0,47.4446,12.865,18.4688,63.2188,50.4844,4.0464,0.7739,2.4,5.3,3.95,0.2229,1.6248,0.0,13.6,0.0,11.6667,0,0.9994,0
2023-09-12,634.6733,593.458,6.7273,6.3581,7.7092,7.1827,6.0403,0.8745,0.1495,0.4486,1.0,0.9844,65.8017,27.9305,16.9837,140.7638,67.6379,8.148,4.2238,0.0,14.6125,8.6875,12.5528,14.952,0.0,55.1351,1.5625,3.3127,4.8032,0.0,26.9059,0.0219,27.0144,3.6594,18.0,31.0,29.0,45.1637,10.9965,18.5625,61.5312,46.7188,2.2237,1.4964,0.4,4.9,1.8,11.0475,13.0189,0.0,48.8,1.4,11.5833,5,0.8726,3
2023-09-13,586.56,612.6389,7.0972,6.694,7.7683,7.2513,6.2447,0.8801,0.1534,0.4769,1.0,1.0,57.2602,24.0071,4.3161,99.3918,61.5075,9.3999,4.8832,0.0,16.1875,10.175,11.9862,15.3404,0.0,52.3077,0.0,3.2693,5.1211,0.0,24.5323,0.0,29.2374,3.7019,20.0,33.0,31.0,48.3844,12.4459,20.4688,65.4688,50.4375,2.6281,0.6249,1.5,4.0,2.4,10.4813,13.2632,0.0,46.9,0.0,11.5833,0,0.9136,3
2023-09-14,607.6358,584.4995,6.6969,6.3496,7.4014,6.9532,5.9643,0.8502,0.2187,0.2459,1.0,0.9849,61.0515,37.6611,6.2395,194.9429,54.6398,8.3135,4.762,0.0,14.925,9.7375,14.9832,21.865,0.0,75.4144,1.5146,6.4379,12.7807,0.0,55.0525,0.0198,27.2426,3.2191,21.0,31.0,28.0,45.7084,12.0451,21.5625,62.3125,49.3438,2.6529,0.5204,1.6,3.7,2.7,13.586,20.3256,0.0,73.0,1.25,11.3333,2,0.9048,3
2023-09-15,433.3742,413.49,4.734,4.6102,7.2235,6.8194,4.3638,0.6209,0.2514,0.181,1.0,0.616,63.409,44.4978,10.4185,211.0877,52.6731,5.0907,3.863,0.0,12.4,4.8688,37.91,25.1428,0.0,81.9048,38.4048,19.4897,18.5247,0.0,66.0152,12.7634,24.5942,2.1669,19.0,27.0,25.5,37.4583,10.0542,19.5312,56.0,37.1719,2.5906,0.6561,1.5,3.4,2.75,35.4275,24.3203,0.0,80.6,33.25,11.5,0,0.6554,1
2023-09-16,428.215,435.6627,5.0724,4.9124,7.3597,6.9492,4.5637,0.5912,0.3074,0.0703,0.9899,0.6162,65.3153,53.969,8.508,251.5995,43.609,6.1343,5.0199,0.0,13.975,4.6812,40.8774,30.7442,1.0101,92.973,38.3759,25.0962,28.3498,0.0101,85.907,12.5682,25.7424,2.9901,20.0,29.0,28.0,40.1527,12.7946,20.625,59.9375,36.7031,3.5636,0.5772,2.2,4.3,3.6,38.7659,30.3607,1.0,92.4,33.25,11.0,4,0.6892,1
2023-09-17,600.55,562.7191,6.4118,6.1472,7.4354,7.034,5.7538,0.8464,0.1552,0.3235,1.0,0.8924,71.7562,30.2043,14.5485,160.1632,69.6356,7.8645,4.5111,0.0,14.9625,8.35,15.3557,15.522,0.0,67.6471,10.7607,4.3486,8.2407,0.0,45.5941,1.0545,26.9781,3.069,20.0,30.0,28.0,44.5287,11.5277,20.625,62.4062,45.875,3.4219,0.6321,2.2,4.6,3.2,13.9204,14.3871,0.0,67.4,9.6,11.4167,3,0.8623,3
2023-09-18,666.7925,660.8111,7.5913,7.1892,7.6747,7.2609,6.7071,0.9678,0.091,0.475,1.0,1.0,54.3075,24.3862,3.1659,92.246,58.7732,9.2238,4.8682,0.0,15.25,10.2375,3.2208,9.1016,0.0,52.5,0.0,0.8433,3.5456,0.0,24.7275,0.0,27.5714,3.6347,19.0,31.0,29.0,47.9054,12.4856,19.4375,63.125,50.5938,3.3686,0.8442,1.9,4.7,3.35,2.9357,8.3192,0.0,47.1,0.0,11.6667,0,0.9891,0
2023-09-19,661.0258,648.6229,7.449,7.084,7.7627,7.3629,6.5617,0.9466,0.1051,0.4795,1.0,1.0,55.9069,21.9162,16.2562,94.8678,55.7928,9.684,4.6539,0.0,15.5125,10.9125,5.3376,10.5075,0.0,52.0548,0.0,1.2684,4.3209,0.0,26.0195,0.0,29.1429,3.3319,20.0,32.0,30.5,49.0955,11.8869,20.5938,63.7812,52.2812,2.7507,0.5471,1.8,3.9,2.5,4.925,9.679,0.0,50.8,0.0,11.6667,1,0.9596,0
2023-09-20,652.6083,632.3929,7.3067,6.9854,7.7096,7.3392,6.4188,0.9291,0.0848,0.6623,1.0,0.9681,57.8227,21.5699,11.5444,93.8911,61.3803,9.7068,4.8568,0.0,16.125,10.5938,7.0882,8.4776,0.0,33.7662,3.191,1.1089,1.8516,0.0,9.8597,0.0957,29.6071,3.6377,21.0,33.0,31.0,49.1786,12.3284,21.5,65.3125,51.4844,3.2186,0.5128,2.2,4.2,3.2,6.5214,7.7815,0.0,29.2,3.0,11.6667,0,0.9477,0
2023-09-21,623.205,652.6245,7.5364,7.2036,7.7492,7.3928,6.6242,0.9692,0.0561,0.7273,1.0,1.0,56.0563,23.4846,3.2983,94.4817,59.6847,9.6312,4.9189,0.0,16.15,10.575,3.0798,5.6065,0.0,27.2727,0.0,0.3848,1.0481,0.0,8.3727,0.0,28.8936,3.6129,19.0,32.0,30.0,48.9373,12.5934,19.3438,65.375,51.4375,2.9887,0.5232,2.4,4.1,2.8,2.878,5.3458,0.0,30.7,0.0,11.75,0,0.9725,0
2023-09-22,608.4608,605.6598,6.9542,6.7052,7.6958,7.3632,6.1582,0.9101,0.1153,0.546,1.0,0.9897,62.6016,22.0151,8.7213,103.2772,66.2806,9.1825,4.5318,0.0,16.075,10.35,8.9879,11.5254,0.0,45.403,1.0348,1.982,3.456,0.0,19.0692,0.0103,29.3759,3.7484,21.0,33.0,31.0,47.8712,11.5115,21.3438,65.1875,50.875,3.139,0.8137,1.9,4.5,3.0,8.4511,10.7549,0.0,42.0,1.0,11.75,2,0.9036,0
2023-09-23,574.4233,594.9294,6.8732,6.6488,7.7392,7.4222,6.0489,0.8874,0.1113,0.552,1.0,0.8879,61.1543,18.0828,20.9868,103.6554,62.0544,9.685,4.574,0.0,15.975,10.9375,11.2566,11.1256,0.0,44.8041,11.2069,2.3553,3.192,0.0,18.5489,1.0759,30.844,3.7517,21.0,34.0,32.0,49.1239,11.633,21.3438,64.9375,52.3438,2.1986,0.5468,1.2,3.3,2.3,10.6149,10.5764,0.0,41.9,10.0,11.75,4,0.8881,3
2023-09-24,580.0933,542.4106,6.2881,6.1418,7.5768,7.2953,5.5456,0.8252,0.1587,0.4581,1.0,0.8162,64.9465,31.9816,20.1148,183.4188,59.6103,9.3917,4.4938,0.0,16.575,10.0688,17.4815,15.8738,0.0,54.1946,18.3847,5.169,6.1822,0.0,28.0186,3.0993,31.6071,3.4006,23.0,35.0,33.0,48.4502,11.2968,23.4375,66.4375,50.1719,2.0364,0.9714,0.9,3.8,1.85,16.3586,14.7069,0.0,51.7,16.9,11.6667,2,0.8299,3
2023-09-25,551.6325,538.9311,6.2722,6.127,7.4744,7.2174,5.5144,0.7962,0.2015,0.3069,1.0,0.8723,73.8039,45.0191,9.6997,185.6962,63.3695,9.2395,4.8725,0.0,15.8625,10.95,20.3795,20.1456,0.0,69.3069,12.7726,7.8322,11.4413,0.0,47.0594,1.5327,31.3972,3.325,23.0,35.0,32.0,48.0787,12.2209,23.5,64.6562,52.375,1.2972,0.5169,0.0,2.3,1.2,19.4433,19.3872,0.0,67.9,12.0,11.75,6,0.8392,3
2023-09-26,511.8117,523.6667,5.9971,5.8842,7.3419,7.1167,5.3498,0.8651,0.1963,0.4369,1.0,0.99,70.1142,34.4824,19.1549,174.876,70.3917,8.9372,3.9188,0.0,14.45,9.6125,13.4931,19.6349,0.0,56.3068,0.9967,5.3974,9.6323,0.0,30.4057,0.01,31.3404,3.3591,22.0,34.0,33.0,47.2901,9.9235,22.4375,61.125,49.0312,1.7277,0.3782,1.3,2.6,1.6,12.9461,18.7527,0.0,54.0,1.0,11.75,4,0.8168,3
2023-09-27,565.2133,525.559,6.0701,5.9564,7.0022,6.8193,5.3923,0.8001,0.2246,0.2748,1.0,0.9026,65.3523,34.0631,19.4601,139.7475,60.8281,8.2537,4.7832,0.0,14.4625,9.3625,19.9879,22.459,0.0,72.5212,9.7378,8.7643,14.5539,0.0,51.8527,0.8764,29.0,2.3887,23.0,32.0,29.0,45.6152,11.9924,23.5312,61.1562,48.4062,3.3365,1.0639,1.3,4.9,3.7,19.2277,22.0849,0.0,71.5,9.0,11.4167,4,0.8669,3
2023-09-28,425.6442,409.6966,4.7503,4.734,7.1123,6.9353,4.3019,0.6022,0.221,0.1314,1.0,0.6333,66.7688,46.6005,11.0793,224.5719,58.1047,6.408,4.4436,0.0,13.4375,6.5375,39.7755,22.1008,0.0,86.8571,36.6682,20.1707,19.5631,0.0,74.9577,12.7422,27.971,3.1943,21.0,32.0,28.0,40.8795,11.3264,21.4062,58.5938,41.3438,2.1659,0.6895,0.8,3.3,2.3,38.4725,22.2088,0.0,86.3,34.7,11.5,5,0.6679,3
2023-09-29,483.6633,458.5655,5.2765,5.2242,7.1884,7.0198,4.8019,0.6439,0.23,0.2233,0.9898,0.6161,55.3733,40.1419,7.6969,179.7703,46.0696,5.8149,4.4746,0.0,12.7,5.9125,35.6056,22.999,1.0215,77.6667,38.3914,17.5134,16.3034,0.0102,59.8033,13.8457,24.9638,2.495,20.0,28.0,25.0,39.3021,11.5174,20.5312,56.75,39.7812,2.1217,0.5978,0.9,3.1,2.1,34.5877,22.7831,1.0,77.0,36.6,11.5,0,0.734,3
2023-09-30,642.6,629.7449,7.2086,7.0565,7.4935,7.3233,6.3917,0.9489,0.0861,0.5098,1.0,0.9895,54.6597,24.7831,7.0254,97.3222,57.578,8.9835,4.7058,0.0,15.325,9.3125,5.1125,8.61,0.0,49.0196,1.0499,1.0277,2.949,0.0,24.902,0.0105,28.05,3.1264,21.0,31.0,29.0,47.3587,11.9661,21.625,63.3125,48.2812,3.0693,0.9677,1.1,4.6,2.85,5.1957,8.9883,0.0,50.8,1.0,11.6667,0,0.962,0
2023-10-01,601.105,603.4619,6.8911,6.7738,7.5361,7.3818,6.117,0.8891,0.1357,0.34,1.0,0.9267,56.6958,22.6956,16.8709,113.9451,52.2511,9.003,4.522,0.0,14.825,10.5812,11.0911,13.5691,0.0,66.0,7.3329,3.0897,7.424,0.0,44.088,0.5133,28.9714,3.2386,21.0,32.0,30.0,47.4297,11.4693,21.5625,62.0625,51.4531,2.1507,0.7307,0.9,3.2,2.15,11.025,13.9053,0.0,66.8,7.0,11.6667,0,0.9144,3
2023-10-02,503.6808,465.6855,5.355,5.2891,7.3837,7.2508,4.8206,0.6046,0.318,0.0432,0.9888,0.6214,63.4108,52.3156,6.3168,217.3483,45.3841,5.9783,5.2266,0.0,13.725,4.55,39.54,31.8038,1.1249,95.6757,37.8552,25.5415,29.8982,0.0112,91.5616,14.1546,24.7647,3.0337,20.0,29.0,25.0,39.5303,13.5801,20.4062,59.3125,36.375,2.3978,0.6654,0.6,3.2,2.5,39.1213,31.9241,1.0,95.7,36.85,11.3333,3,0.7252,1
2023-10-03,363.2208,322.2625,3.6898,3.7409,7.4314,7.3181,3.5185,0.4992,0.1386,0.2,1.0,0.5,58.1882,23.464,10.3485,114.4261,53.6071,3.49,2.159,0.0,7.5,3.6875,50.0786,13.8623,0.0,80.0,50.0,26.5284,13.5226,0.0,64.8,25.0319,23.6454,2.1978,20.0,27.0,24.0,33.4588,5.8824,20.5938,43.75,34.2188,2.1418,0.8125,0.5,3.4,2.1,49.3149,13.5039,17.8,81.0,49.8,11.75,1,0.4965,2
2023-10-04,510.965,515.3204,5.829,5.8108,7.4442,7.3496,5.2843,0.7469,0.1743,0.2877,1.0,0.7437,72.135,38.2789,17.919,220.764,66.6748,7.204,3.9704,0.0,14.15,7.8562,25.3096,17.4255,0.0,71.2329,25.6328,9.3759,10.741,0.0,51.5726,6.284,27.2143,2.923,20.0,30.0,29.0,42.8277,10.281,20.5625,60.375,44.6406,1.4893,0.4932,0.7,2.5,1.45,24.9807,17.7042,0.0,72.4,24.5,11.6667,3,0.783,3
2023-10-05,348.0542,388.1943,4.4206,4.445,7.3108,7.2342,4.1111,0.6842,0.2756,0.2126,1.0,0.7268,69.753,34.8916,17.1842,182.735,64.8733,5.7057,2.7036,0.0,10.375,6.2625,31.5762,27.5616,0.0,78.7419,27.3171,17.2844,19.1614,0.0,61.4187,7.4698,27.2734,2.0775,22.0,30.0,27.0,39.1994,6.9043,22.3438,50.9375,40.6562,2.054,0.4412,1.4,3.0,2.1,31.2554,27.1165,0.0,78.0,28.2,11.5833,3,0.6047,1
2023-10-06,416.5475,400.063,4.5876,4.6052,7.2821,7.2228,4.2155,0.6346,0.3013,0.0565,1.0,0.6667,77.85,46.6511,9.229,207.7606,67.1003,5.6126,3.7088,0.0,12.425,5.575,36.5376,30.1253,0.0,94.3457,33.3333,22.2073,25.3986,0.0,88.8737,12.1191,26.7518,2.0148,21.0,30.0,27.0,38.9528,9.4028,21.4375,56.0625,38.9375,1.4879,0.6165,0.3,2.6,1.4,36.2,30.0566,0.0,94.2,34.0,11.75,8,0.63,1
2023-10-07,589.0008,540.1553,6.1056,6.0931,7.5172,7.4671,5.4972,0.7714,0.2454,0.0548,1.0,0.8236,63.9018,33.7475,8.4687,191.5706,60.4475,7.5286,4.4599,0.0,13.725,8.8062,22.8645,24.5355,0.0,94.5205,17.6418,11.2926,19.938,0.0,89.6055,3.2165,26.7868,3.085,19.0,30.0,27.0,43.622,11.515,19.4062,59.3125,47.0156,1.5868,0.7274,0.5,2.6,1.65,23.0419,24.8167,0.0,94.8,17.7,11.3333,1,0.8122,3
2023-10-08,437.9675,486.1404,5.6062,5.6114,7.4826,7.457,5.0584,0.718,0.1819,0.1682,1.0455,0.7642,64.7485,38.5341,16.189,179.0479,56.4019,6.9309,4.3922,0.0,14.6375,5.65,28.2309,18.1322,0.0,83.1776,23.5772,11.3139,13.5193,0.0,69.0374,6.24,27.4615,2.9089,20.0,30.0,29.0,42.1632,11.2623,20.375,61.5938,39.125,1.7888,0.804,0.6,2.9,2.0,28.714,18.0056,2.0,83.0,25.0,11.9167,5,0.7492,3
2023-10-09,391.8792,373.276,4.3231,4.357,7.5102,7.5013,3.9874,0.5615,0.2706,0.1584,1.0,0.6047,64.5066,39.6257,7.4848,160.3995,67.5971,5.2304,3.4814,0.0,12.675,4.65,43.8463,27.0611,0.0,84.1615,39.5349,26.5318,24.6841,0.0,70.6115,15.0233,26.5035,1.8425,21.0,29.0,27.0,38.0011,8.8254,21.5625,56.6875,36.625,1.4702,0.7048,0.0,2.8,1.6,44.0142,26.9952,0.0,83.9,39.0,11.75,4,0.5756,2
2023-10-10,594.5675,605.08,6.9886,6.9801,7.6518,7.6664,6.1676,0.8566,0.1558,0.3333,1.1429,0.9165,57.6318,28.4038,3.3063,129.4116,51.8258,8.936,4.9586,0.0,15.9,10.5125,14.4397,15.4442,0.0,66.6667,8.3488,4.8096,7.7546,0.0,48.0667,0.8285,28.9231,3.2525,21.0,32.0,30.0,47.2498,12.5669,21.5625,64.75,51.2812,2.449,0.7177,1.3,3.6,2.2,15.7657,16.9109,0.0,72.1,11.0,11.9167,4,0.9133,3
2023-10-11,716.9817,668.0033,7.7107,7.7368,7.7282,7.7597,6.7813,0.9922,0.027,0.8182,1.0,1.0,52.7951,23.3056,3.1659,78.6671,58.5767,9.6636,4.7885,0.0,15.625,10.7875,0.7837,2.7037,0.0,18.1818,0.0,0.1702,0.8091,0.0,7.6182,0.0,28.7183,3.1134,21.0,32.0,30.0,49.0812,12.1361,21.5312,64.0625,51.9688,2.9106,1.0027,0.2,4.3,3.2,1.6183,6.0751,0.0,41.9,0.0,11.8333,0,0.9977,0
2023-10-12,630.0108,627.9908,7.25,7.2969,7.7954,7.8475,6.4052,0.9317,0.1131,0.5515,1.069,1.0,58.1045,24.3055,10.1992,132.9952,55.2084,9.0721,4.7864,0.0,15.6125,9.9625,6.8787,11.2702,0.0,44.8529,0.0,1.7525,4.2505,0.0,20.1838,0.0,28.5524,2.7723,20.0,31.0,29.0,47.5647,12.2,20.3438,64.0312,49.9062,1.8594,0.4623,1.2,2.8,1.8,7.3566,11.426,0.0,45.0,0.0,11.9167,2,0.93,0
2023-10-13,414.025,441.2609,5.0644,5.1162,7.5137,7.5793,4.597,0.6318,0.2806,0.0559,1.1579,0.6929,59.3348,37.4501,2.9949,163.5343,52.2978,6.1866,4.3388,0.0,13.8625,6.3938,36.9347,27.8825,0.0,94.4099,30.7112,21.4311,26.5615,0.0,89.2748,9.2767,26.9437,2.1529,21.0,29.0,28.0,40.318,11.0709,21.6875,59.6562,40.9844,1.4831,1.1061,0.2,3.3,0.85,37.5486,27.4851,0.0,94.6,30.0,11.8333,1,0.674,1
2023-10-14,648.3758,641.921,7.4157,7.4828,7.499,7.573,6.55,0.9884,0.0261,0.8462,1.0455,1.0,52.9906,29.6739,6.8269,134.288,55.0726,8.8033,5.0965,0.0,15.25,9.925,1.2163,2.5463,0.0,15.3846,0.0,0.1232,0.4342,0.0,3.8,0.0,27.5931,3.9167,18.0,32.0,29.0,46.7718,13.1872,18.3438,63.125,49.8125,3.0048,0.7318,1.4,4.3,2.9,2.5131,6.0914,0.0,35.0,0.0,12.0833,0,0.9889,0
2023-10-15,722.6017,664.6445,7.642,7.7352,7.7172,7.8252,6.7602,0.98,0.0478,0.6087,1.0606,1.0,52.3346,23.2012,3.1861,87.109,56.3315,9.0442,4.7713,0.0,15.2,9.9625,2.0966,4.6856,0.0,39.1304,0.0,0.3772,1.9266,0.0,21.287,0.0,27.6181,2.72,21.0,30.0,29.0,47.5191,12.1115,21.375,63.0,49.9062,4.4368,0.912,2.3,6.0,4.35,3.3486,7.5161,0.0,54.4,0.0,12.0,0,0.9903,0
2023-10-16,733.1567,683.1484,7.865,7.988,7.9015,8.0404,6.948,0.9954,0.0376,0.8942,1.2273,1.0,53.015,23.8391,3.2051,82.1396,57.8168,9.1418,4.8441,0.0,15.1,9.975,0.9715,2.3036,0.0,10.5769,0.0,0.1004,0.3311,0.0,2.1977,0.0,27.3724,3.0617,20.0,31.0,29.0,47.7129,12.3958,20.5,62.75,49.9375,4.2628,0.6209,2.4,5.3,4.2,2.6179,6.1429,0.0,30.7,0.0,12.0833,0,0.9954,0
2023-10-17,712.0783,679.6703,7.8858,8.0276,7.9898,8.152,6.913,0.9888,0.0589,0.8231,1.3182,1.0,53.7238,24.0368,4.8889,88.9641,59.9628,9.6831,5.0733,0.0,16.0,10.6875,1.9293,3.2585,0.0,17.6904,0.0,0.1799,0.4561,0.0,3.3081,0.0,28.669,3.4602,19.0,32.0,30.0,49.0631,12.9786,19.5625,65.0,51.7188,3.1262,0.6764,1.7,4.2,3.2,3.3966,6.0967,0.0,26.2,0.0,12.0833,0,0.987,0
2023-10-18,729.5292,690.7966,8.0547,8.2286,8.0623,8.2508,7.0172,1.0041,0.0599,0.8952,1.4615,1.0,53.6578,24.1731,3.1659,84.9308,59.4894,10.2226,5.1657,0.0,16.5,11.425,0.5346,1.9026,0.0,10.4762,0.0,0.0719,0.3058,0.0,2.0744,0.0,29.5793,3.6566,19.0,33.0,31.0,50.4103,13.224,19.5938,66.25,53.5625,2.7462,0.6204,1.5,4.2,2.7,1.8028,5.6182,0.0,27.7,0.0,12.0833,0,0.999,0
2023-10-19,675.3267,639.4029,7.4391,7.5922,7.7868,7.9747,6.5098,0.9402,0.0886,0.6719,1.0526,0.9971,55.6791,25.1012,3.1176,111.7908,58.5992,9.8282,4.9937,0.0,16.5,10.0188,6.0157,8.8259,0.0,32.8125,0.289,1.4216,3.0826,0.0,17.375,0.0017,30.0833,3.4792,20.0,33.0,31.0,49.4559,12.7245,20.3438,66.25,50.0469,1.8569,0.5392,0.9,2.9,1.95,7.8368,11.8044,0.0,55.6,0.8,12.0,1,0.9554,0
2023-10-20,515.9633,480.1697,5.5683,5.6817,7.5006,7.6778,4.9866,0.7187,0.3064,0.0877,1.0256,0.8703,74.5631,49.4779,5.0513,233.422,72.0738,7.4382,4.4732,0.0,15.4125,7.0625,28.1509,30.6177,0.0,91.2281,12.967,17.4898,23.7785,0.0,83.9298,1.6857,28.7092,2.9315,21.0,32.0,29.0,43.5186,11.3197,21.5312,63.5312,42.6562,2.1496,1.0684,0.2,3.8,2.0,29.3262,30.5703,0.0,92.0,16.0,11.75,8,0.7424,1
2023-10-21,478.1958,495.06,5.6929,5.8183,7.5692,7.7752,5.1077,0.7133,0.3204,0.0446,1.0256,0.8684,59.6424,34.4851,8.1292,162.6203,58.4409,7.0856,4.7424,0.0,14.625,7.05,28.6865,32.0214,0.0,95.5414,13.1604,18.7472,27.4283,0.0,91.5287,1.7109,27.6364,3.1923,20.0,31.0,28.0,42.5653,12.0976,20.5,61.5625,42.625,2.1664,0.5974,1.0,3.1,2.0,29.6692,32.3072,0.0,95.8,14.0,11.9167,3,0.7521,1
2023-10-22,747.1067,668.2805,7.6688,7.9054,7.8347,8.0883,6.7924,0.9854,0.0407,0.8803,1.2609,1.0,52.9035,20.6546,12.6695,82.1024,55.4264,8.9554,4.8125,0.0,15.2125,10.0312,1.8322,2.9002,0.0,11.9703,0.0,0.1409,0.3042,0.0,1.4364,0.0,27.4795,3.7087,19.0,31.0,29.0,47.1766,12.4579,19.375,63.0312,50.0781,3.8233,1.2903,1.2,5.8,3.85,2.961,5.5755,0.0,32.1,0.0,12.1667,0,0.9788,0
2023-10-23,662.3867,642.5291,7.3855,7.6211,7.9094,8.1869,6.5385,0.9501,0.0955,0.7728,1.5,0.9712,55.7682,19.2692,15.8313,88.3592,59.4176,9.033,4.6833,0.0,15.5875,9.8375,5.9527,6.9811,0.0,22.7197,2.8788,0.9367,1.4777,0.0,8.8312,0.1081,28.4658,3.4664,20.0,32.0,30.0,47.4354,12.0117,20.4375,63.9688,49.5938,2.8966,1.4633,1.0,5.3,2.6,7.7205,8.7471,0.0,47.1,5.6,12.1667,0,0.9338,0
2023-10-24,615.8417,620.184,7.1352,7.3435,7.8152,8.0985,6.3201,0.8915,0.1482,0.3939,1.0698,0.9698,59.2755,27.0758,19.9408,129.1307,57.046,8.7839,4.835,0.0,15.2125,10.0188,10.9483,14.7276,0.0,60.6061,3.0158,3.819,7.7092,0.0,41.9394,0.0912,28.2014,3.2162,19.0,32.0,29.0,46.7826,12.4355,19.375,63.0312,50.0469,2.2111,0.4579,1.3,2.8,2.4,13.2618,17.2095,0.0,69.2,4.0,12.0,2,0.913,3
2023-10-25,552.3608,529.2262,6.0982,6.2348,7.6569,7.9486,5.4686,0.7592,0.1834,0.2431,1.0833,0.8119,57.2426,29.9261,17.4608,133.7171,48.4052,7.3707,4.7653,0.0,14.0625,7.2125,24.1341,18.2527,0.0,75.6888,18.8109,9.9936,12.2845,0.0,57.8263,3.8565,27.3542,3.531,20.0,31.0,28.0,43.235,12.2349,20.5625,60.1562,43.0312,2.2229,0.4015,1.5,2.7,2.4,27.4472,19.6732,0.0,76.4,20.1,12.0,2,0.7964,3
2023-10-26,602.1208,549.3914,6.2459,6.39,7.554,7.8628,5.6632,0.8013,0.1482,0.4186,1.1389,0.7899,55.9015,29.9371,13.4096,149.3372,47.4735,6.6813,4.4826,0.0,13.25,6.4563,19.9627,14.6406,0.0,58.1395,21.0086,6.9639,7.2543,0.0,40.2907,5.2214,25.3056,2.5178,21.0,29.0,26.0,41.571,11.4178,21.5625,58.125,41.1406,1.9306,0.6476,0.8,2.9,1.95,24.0069,16.561,0.0,69.3,26.0,12.0,0,0.8268,3
2023-10-27,446.2042,394.0498,4.5119,4.6368,7.4102,7.7067,4.1797,0.618,0.2665,0.1937,1.0,0.5861,65.7736,33.3922,10.7266,154.0239,64.5303,5.1776,3.4509,0.0,11.6,5.6188,38.1957,26.6515,0.0,80.6331,41.3865,22.3108,20.7816,0.0,66.88,17.1783,25.9014,1.9399,20.0,28.0,26.0,37.8167,8.8386,20.625,54.0,39.0469,2.4697,0.6504,1.2,3.3,2.7,40.707,26.0354,0.0,83.6,41.5,11.8333,4,0.6089,1
2023-10-28,391.8992,354.5542,4.118,4.1913,7.4214,7.7467,3.84,0.5631,0.195,0.0808,0.8864,0.5878,53.8649,40.5301,13.297,223.0627,44.1649,4.3151,3.4171,0.0,11.8125,3.325,43.6941,19.4951,11.3636,91.9204,41.2195,24.1163,20.9706,1.6828,84.5667,18.9737,24.9236,2.0656,21.0,28.0,25.0,35.6476,8.7392,21.4375,54.5312,33.3125,2.2347,0.5822,1.0,3.2,2.1,47.2097,18.649,13.0,92.0,45.9,12.0,4,0.5549,2
2023-10-29,639.3825,619.2314,7.1295,7.3958,7.6286,7.9904,6.3152,0.9004,0.1051,0.5405,1.0,0.9367,53.2993,24.6553,10.5007,102.2464,56.1859,8.7117,4.8894,0.0,14.7625,9.5125,9.9619,10.5074,0.0,45.9459,6.3343,2.7917,5.1329,0.0,30.0486,0.4738,28.2808,3.4953,20.0,32.0,29.0,46.5929,12.5791,20.375,61.9062,48.7812,2.5041,0.8449,0.8,3.7,2.7,13.0356,15.219,0.0,65.4,7.0,12.1667,0,0.9346,0
2023-10-30,714.2508,662.8517,7.6354,8.0013,7.7745,8.1715,6.7389,0.9938,0.0546,0.875,1.3333,1.0,52.4034,20.2689,7.3711,77.2275,55.1689,9.2327,4.8338,0.0,15.5,10.2625,1.5341,2.5613,0.0,12.5,0.0,0.1317,0.4933,0.0,5.5625,0.0,28.5034,3.5198,21.0,32.0,30.0,47.9815,12.287,21.4375,63.75,50.6562,2.3109,0.9558,0.9,3.9,2.3,3.8646,7.3424,0.0,44.5,0.0,12.25,0,0.9821,0
2023-10-31,584.0608,563.0872,6.3836,6.6527,7.5345,7.9068,5.7437,0.824,0.2483,0.233,1.3913,0.9798,69.2656,29.5514,11.5847,138.2125,70.7254,7.6063,4.3256,0.0,13.85,8.625,18.0755,24.1946,0.0,76.7045,2.0202,9.5066,17.0506,0.0,61.0568,0.0404,27.2028,1.9701,21.0,29.0,28.0,43.943,10.9489,22.0,59.625,46.5625,1.4811,0.5406,0.7,2.7,1.4,19.3014,25.2182,0.0,79.6,3.0,11.9167,10,0.8472,1
2023-11-01,709.3583,616.003,7.0301,7.3482,7.6494,8.0668,6.276,0.9129,0.1373,0.2121,1.2353,0.9897,56.8805,22.5169,8.7681,121.4461,59.6562,8.3346,4.5738,0.0,15.0125,9.4188,9.3082,12.9357,0.0,78.7879,1.0252,2.9092,7.7668,0.0,66.497,0.0393,27.3264,3.4293,19.0,31.0,28.0,45.6339,11.8346,19.6562,62.5312,48.5469,2.1757,0.4202,0.6,2.9,2.1,11.9514,15.253,0.0,84.4,8.5,12.0,3,0.919,0
2023-11-02,524.6658,520.2072,5.9934,6.2059,7.5462,7.9766,5.3958,0.7439,0.2574,0.3233,1.2083,0.8333,52.8923,27.6373,12.7098,121.8781,43.5309,6.491,5.0621,0.0,14.4625,5.9812,25.8191,25.4515,0.0,67.6692,16.6667,14.2435,17.9832,0.0,50.2105,3.5937,25.4932,2.7549,20.0,29.0,26.0,40.8872,13.1211,20.4062,61.1562,39.9531,2.1233,0.5909,0.9,3.4,2.2,29.7616,26.8754,0.0,74.2,26.5,12.1667,4,0.7942,1
2023-11-03,450.845,419.3253,4.8865,5.1123,7.5588,8.0108,4.4453,0.6512,0.3602,0.0604,1.25,0.7745,51.5171,31.0907,10.3996,152.5225,51.869,5.3156,4.5934,0.0,13.1375,4.0813,35.31,35.4799,0.0,93.9597,22.5523,25.9051,30.7272,0.0,88.604,5.423,25.5,2.4361,20.0,29.0,26.0,38.0509,11.7839,20.4688,57.8438,35.2031,1.9226,0.3614,1.2,2.6,1.95,38.1,35.8925,0.0,94.3,24.5,12.1667,0,0.6465,1
2023-11-04,482.2742,470.7822,5.4788,5.7227,7.5398,8.0034,4.9427,0.6883,0.3532,0.124,1.4091,0.8918,54.9303,47.6277,10.1455,222.3766,49.0065,5.8561,4.9262,0.0,13.6625,3.9562,31.7852,34.4997,0.0,87.6022,10.8236,22.7359,29.5756,0.0,77.0899,1.4057,25.3973,2.1415,20.0,28.0,26.0,39.4696,12.5376,20.5,59.1562,34.8906,1.8795,0.8233,0.1,3.0,2.0,34.5123,34.849,0.0,88.0,14.85,12.1667,1,0.7267,1
2023-11-05,405.9792,457.8129,5.2547,5.5159,7.6204,8.1089,4.8245,0.7583,0.2861,0.2064,1.4,0.8785,63.554,32.8058,17.2837,136.6497,57.5349,5.8632,3.6868,0.0,12.625,5.1625,25.0078,27.4754,0.0,79.3632,12.1495,14.3837,18.7617,0.0,63.4906,2.3206,26.0,3.2792,19.0,30.0,27.0,39.405,9.6666,19.4375,56.5625,37.9062,1.8007,0.6683,0.4,3.0,1.6,28.7503,27.3611,0.0,80.0,21.6,12.25,6,0.6896,1
2023-11-06,645.325,631.5645,7.2307,7.6473,7.7732,8.294,6.4323,0.9494,0.0878,0.6875,1.4583,0.9418,51.6829,20.2946,13.7466,83.0737,54.3749,8.694,4.5071,0.0,14.55,9.5,6.299,5.3505,0.0,31.25,5.8206,0.8261,1.6748,0.0,17.7188,0.4563,28.1701,3.2359,20.0,32.0,29.0,46.6156,11.5138,20.5938,61.375,48.75,3.4592,0.7511,1.7,4.7,3.3,9.5,8.2783,0.0,56.7,8.0,12.25,0,0.9302,0
2023-11-07,670.1267,632.0327,7.1865,7.6249,7.7562,8.2992,6.4359,0.957,0.1052,0.7857,1.5,0.9409,52.6926,16.6056,20.4026,84.7919,52.8625,8.1581,4.3549,0.0,14.075,9.2875,6.2499,4.6568,0.0,21.4286,5.9051,0.7113,1.0486,0.0,9.8143,0.4676,27.1879,3.0544,21.0,31.0,28.0,45.2747,11.1263,21.3438,60.1875,48.2188,3.7161,0.7785,2.1,5.2,3.6,9.3356,6.8448,0.0,45.8,8.0,12.4167,0,0.9266,0
2023-11-08,702.1092,635.7775,7.2067,7.7201,7.8121,8.3897,6.4623,0.9475,0.0837,0.7382,1.3846,1.0,54.5316,16.4431,21.1051,78.6004,55.8761,8.0897,4.3789,0.0,13.5375,9.4812,5.6658,7.187,0.0,26.179,0.0,0.9344,1.7519,0.0,13.7786,0.0,26.7838,3.0272,20.0,30.0,27.0,45.0439,11.3063,20.4062,58.8438,48.7031,2.8351,1.2658,1.2,4.8,2.45,6.7074,9.5745,0.0,64.3,0.5,12.3333,2,0.9225,0
2023-11-09,738.6817,690.0703,7.9803,8.5937,8.0237,8.6504,7.0189,1.0071,0.077,0.9152,1.5,1.0,52.4129,23.0835,3.5792,79.3221,59.6213,9.3159,5.07,0.0,15.5625,10.3625,0.526,1.3613,0.0,8.4815,0.0,0.0231,0.088,0.0,0.7633,0.0,27.9799,3.4258,19.0,31.0,29.0,48.0644,13.1233,19.375,63.9062,50.9062,2.7107,0.8031,1.8,4.3,2.4,1.1745,3.5151,0.0,24.7,0.0,12.4167,0,0.9946,0
2023-11-10,656.5558,668.8173,7.7611,8.3553,7.9515,8.584,6.8011,0.9918,0.084,0.8374,1.5,1.0,53.0216,21.5068,4.9787,83.71,57.996,9.6424,5.0791,0.0,16.1125,10.6,2.0497,3.6428,0.0,16.2562,0.0,0.1879,0.4466,0.0,2.9424,0.0,29.3221,3.8839,18.0,33.0,31.0,48.8551,13.2163,18.4062,65.2812,51.5,2.9906,0.5526,1.9,4.0,2.8,3.1651,5.6618,0.0,32.1,0.0,12.4167,0,0.9761,0
2023-11-11,721.5808,643.8696,7.4628,7.989,7.8822,8.5208,6.5534,0.9816,0.1285,0.766,1.5,0.9916,53.7299,18.3535,17.1614,101.31,55.0759,9.5081,4.928,0.0,15.9125,10.6688,4.7371,5.9581,0.0,23.4043,0.8426,0.6615,1.1596,0.0,6.6936,0.0122,29.9267,3.704,19.0,33.0,31.0,48.5838,12.7051,19.3438,64.7812,51.6719,1.75,0.8577,0.2,3.3,1.7,8.35,9.175,0.0,47.1,7.0,12.5,0,0.9468,0
2023-11-12,640.1233,636.0316,7.3295,7.9198,7.8026,8.4426,6.4517,0.9695,0.0953,0.7248,1.5,1.0,57.4791,18.2656,17.8145,98.0709,61.5484,9.5648,4.6931,0.0,15.8875,10.95,3.945,6.5954,0.0,27.5161,0.0,0.6137,1.3398,0.0,7.9797,0.0,30.302,3.5521,20.0,33.0,32.0,48.7487,12.088,20.4375,64.7188,52.375,2.1544,0.5036,1.1,2.9,2.3,4.7,7.5262,0.0,33.6,0.0,12.4167,1,0.9394,0
2023-11-13,501.8275,552.4059,6.3373,6.7337,7.7682,8.4094,5.6504,0.8552,0.2087,0.1883,1.4167,0.8871,70.4587,25.6875,25.5181,159.2285,70.3075,8.4833,4.3285,0.0,14.775,10.1125,16.1566,18.3294,0.0,81.1688,11.2903,6.5034,11.7712,0.0,68.1006,1.3926,30.1409,3.3329,20.0,33.0,31.0,46.0906,11.068,20.625,61.9375,50.2812,1.6752,0.4118,1.0,2.3,1.7,20.0987,19.4171,0.0,83.9,17.0,12.4167,7,0.8158,3
2023-11-14,632.72,634.8143,7.3932,7.9481,7.7635,8.4294,6.46,0.9601,0.094,0.7505,1.5,1.0,55.1995,21.3125,7.5297,100.6997,58.4224,9.8972,5.0635,0.0,16.475,11.0,4.8019,6.7724,0.0,24.9476,0.0,0.9293,1.8574,0.0,11.8432,0.0,30.9396,4.3871,19.0,35.0,32.0,49.5468,13.0711,19.4688,66.1875,52.5,1.5201,0.7265,0.4,2.6,1.7,7.4826,11.2796,0.0,59.0,0.0,12.4167,4,0.9523,0
2023-11-15,637.515,602.9387,7.0208,7.4868,7.6216,8.265,6.1497,0.8909,0.2357,0.1935,1.5,0.9855,55.2032,30.3634,3.451,132.4024,58.112,9.4726,5.0672,0.0,16.4125,10.1313,12.5321,21.333,0.0,80.6452,1.4489,6.6973,16.1117,0.0,69.1935,0.0376,30.5753,3.648,21.0,34.0,32.0,48.6083,12.8111,21.5625,66.0312,50.3281,2.3212,1.0082,0.5,4.2,2.1,15.9808,23.2117,0.0,85.8,5.3,12.1667,1,0.9212,3
2023-11-16,650.3408,629.831,7.3209,7.8542,7.5981,8.2642,6.4276,0.9779,0.1104,0.7516,1.5,0.9907,50.5135,24.149,3.1176,116.3494,51.4307,9.3465,5.1311,0.0,16.15,10.375,4.3282,6.0569,0.0,24.8408,0.9259,0.7173,1.3922,0.0,7.5019,0.0134,29.8054,3.8268,21.0,34.0,31.0,48.2305,13.0889,21.3438,65.375,50.9375,1.4832,0.6304,0.4,2.7,1.3,8.2389,9.5515,0.0,47.1,4.0,12.4167,0,0.9635,0
2023-11-17,607.98,527.9766,6.0731,6.4332,7.5069,8.1618,5.4455,0.8372,0.1983,0.2773,1.4,0.9037,67.0821,29.8783,14.6729,137.6127,64.5863,7.7609,4.4245,0.0,15.2875,8.3438,17.3518,18.1503,0.0,72.2689,9.6279,7.1032,10.4663,0.0,53.7681,1.4283,28.9257,2.8811,22.0,32.0,29.0,44.3136,11.2245,22.3438,63.2188,45.8594,2.3243,0.5364,1.3,3.4,2.5,22.5128,19.4753,0.0,74.4,21.0,12.3333,6,0.809,3
2023-11-18,704.6817,633.7617,7.2788,7.8843,7.5414,8.2252,6.4568,0.992,0.0978,0.75,1.5,0.9804,49.195,18.4629,13.8323,75.6336,53.4876,8.7695,4.697,0.0,14.925,9.5312,2.9628,3.4187,0.0,25.0,1.9618,0.2802,1.1139,0.0,13.3,0.0393,28.6133,3.3111,21.0,32.0,30.0,46.8102,11.9669,21.375,62.3125,48.8281,3.6973,0.7696,2.1,4.9,3.55,5.976,8.1615,0.0,53.2,4.0,12.5,0,0.9652,0
2023-11-19,524.535,529.351,5.9709,6.4227,7.4831,8.1631,5.4111,0.8684,0.1552,0.5383,1.4783,0.8975,46.9906,16.4983,13.2459,78.9227,47.4494,7.716,3.6548,0.0,12.45,9.15,14.0012,13.9005,0.0,46.1692,10.2549,4.1579,6.1301,0.0,22.1612,1.2656,29.0676,3.1551,21.0,33.0,29.0,44.1966,9.3463,21.5938,56.125,47.875,1.1236,0.4825,0.2,2.3,1.1,16.5054,14.2156,0.0,49.6,13.0,12.3333,0,0.7979,3
2023-11-20,274.5842,291.8071,3.3954,3.5029,7.3645,8.0318,3.2961,0.5361,0.2253,0.1894,1.2083,0.4992,41.1732,16.8519,13.2893,82.0447,37.9471,2.0628,1.5687,0.0,5.5875,1.9875,46.5359,22.1507,0.0,81.0578,50.0776,28.306,18.1315,0.0,66.4674,27.4116,21.1149,1.1982,20.0,23.0,21.0,29.7181,4.5896,20.4062,38.9688,29.9688,1.5811,0.6367,0.4,2.7,1.55,51.502,20.5221,0.0,82.0,55.1,12.3333,1,0.4611,2
2023-11-21,461.2058,403.8405,4.6808,4.8722,7.3662,8.0367,4.3326,0.6536,0.2139,0.2446,1.1719,0.6167,56.1969,42.774,11.3338,196.718,41.0494,4.8063,3.7715,0.0,12.725,3.8812,34.8873,20.9,0.0,75.5376,38.3341,18.1949,14.6598,0.0,58.164,18.5206,24.7603,1.9628,20.0,27.0,25.0,36.783,9.7598,20.4688,56.8125,34.7031,1.463,0.993,0.5,3.5,0.9,40.5479,20.8568,0.0,77.0,47.65,12.1667,1,0.6354,3
2023-11-22,350.2817,392.151,4.4082,4.6275,7.3926,8.1004,4.1519,0.6572,0.2726,0.0952,1.5,0.6502,66.604,31.5373,14.5005,161.0581,63.5483,4.5539,2.621,0.0,9.175,4.7125,35.6511,24.4072,0.0,90.4762,34.9765,19.7497,20.3024,0.0,83.9619,13.828,24.383,1.633,20.0,26.0,25.0,36.107,7.0759,20.375,47.9375,36.7812,1.495,0.5793,0.4,2.8,1.4,40.2865,23.3058,0.0,92.8,40.3,11.75,2,0.5963,2
2023-11-23,574.3125,521.3796,5.9177,6.3416,7.5168,8.2718,5.3818,0.831,0.2264,0.2679,1.5,0.869,69.6163,37.1557,20.6368,216.6828,64.3322,6.6895,4.1408,0.0,12.8375,7.425,18.5225,19.8184,0.0,73.2082,13.0986,8.2256,12.9222,0.0,55.3454,1.9691,26.4932,2.7982,19.0,30.0,27.0,41.4873,10.7716,19.5312,57.0938,43.5625,1.7304,0.6946,0.4,2.5,1.8,23.2061,21.461,0.0,81.7,18.8,12.3333,5,0.7873,3
2023-11-24,576.615,562.252,6.3704,6.7882,7.5782,8.3675,5.7598,0.8268,0.2391,0.1349,1.5,0.8659,60.6137,34.4937,5.0715,148.0764,54.4983,7.0466,4.3049,0.0,13.6125,8.15,19.0387,20.8246,0.0,86.5079,13.4078,9.1725,16.9083,0.0,77.1651,2.9512,26.396,2.7431,20.0,29.0,27.0,42.4289,11.095,20.3438,59.0312,45.375,1.0309,0.1874,0.8,1.6,1.0,26.0081,23.5075,0.0,89.2,21.8,12.4167,4,0.8406,3
2023-11-25,673.0492,584.0553,6.6325,7.1624,7.5119,8.2929,5.9613,0.8696,0.1771,0.3571,1.5,0.9056,58.4672,23.7169,12.2028,111.9105,60.0145,7.7114,4.3631,0.0,14.025,8.6812,14.0324,15.7881,0.0,64.2857,9.4395,5.6059,10.3634,0.0,52.0714,0.944,27.3108,2.7966,20.0,30.0,28.0,44.1161,11.2175,20.4062,60.0625,46.7031,2.1264,0.7748,1.0,3.4,2.1,17.9946,20.392,0.0,81.0,12.0,12.3333,3,0.8829,3
2023-11-26,682.1567,625.3616,7.132,7.7843,7.4535,8.2139,6.3642,0.9493,0.1415,0.2727,1.4231,0.9811,50.5678,22.4227,12.2177,111.7203,51.7233,8.162,4.7933,0.0,14.375,8.8625,6.0845,12.657,0.0,72.7273,1.8887,2.4729,9.4489,0.0,60.9455,0.0382,27.2953,3.0789,20.0,31.0,28.0,45.245,12.2752,20.5,60.9375,47.1562,3.449,1.0337,1.9,5.3,3.2,8.7785,16.3157,0.0,83.8,3.0,12.4167,0,0.9569,0
2023-11-27,391.6325,421.8885,4.8026,4.9763,7.4731,8.2697,4.4742,0.6432,0.1997,0.3464,1.4634,0.6248,52.2794,26.73,15.428,120.7938,47.7624,4.3402,3.7593,0.0,11.1875,3.1625,36.4455,17.879,0.0,65.3605,37.5218,18.8147,13.6878,0.0,44.6412,17.1905,23.3423,2.5489,19.0,26.0,24.0,35.4293,9.9511,19.4375,52.9688,32.9062,1.0826,0.1941,0.9,1.9,1.1,44.5617,17.5301,7.0,72.1,47.0,12.4167,0,0.6427,3
2023-11-28,550.4133,541.894,6.1794,6.6343,7.5415,8.3688,5.5854,0.844,0.2123,0.2925,1.5,0.8954,55.582,28.3066,19.7444,138.1656,48.1513,7.0511,4.2797,0.0,13.7,7.5375,17.243,18.2753,0.0,70.7483,10.4643,7.3347,12.1983,0.0,52.849,2.268,27.02,2.6684,20.0,30.0,27.5,42.4685,10.9829,20.3438,59.25,43.8438,2.6967,0.5209,1.6,3.4,2.7,23.678,20.9594,0.0,74.7,18.0,12.5,2,0.8194,3
2023-11-29,475.425,411.2865,4.727,5.0428,7.5425,8.3873,4.3519,0.6737,0.356,0.0774,1.5,0.684,64.227,39.2255,7.3541,145.817,60.0214,5.2801,3.7253,0.0,11.5875,5.5375,34.7906,32.136,0.0,92.2594,31.5951,23.5009,28.2457,0.0,85.8935,11.4602,26.1946,1.7541,21.0,28.0,27.0,38.0914,9.4822,21.5,53.9688,38.8438,1.4228,0.4804,0.2,2.0,1.5,41.4128,30.6091,0.0,93.1,40.3,12.4167,6,0.6267,1
2023-11-30,545.02,557.8484,6.405,6.9004,7.4999,8.3276,5.7274,0.8045,0.3044,0.0902,1.5,0.9232,53.4646,30.2989,6.2103,122.3255,51.1529,7.2806,5.0654,0.0,14.0625,7.5875,21.021,28.4463,0.0,90.9836,7.6844,13.3276,25.2851,0.0,85.2516,0.8479,26.5548,2.8138,20.0,30.0,27.0,43.006,12.9622,20.5938,60.1562,43.9688,1.787,0.664,0.7,2.8,1.85,25.4747,29.5998,0.0,93.7,12.85,12.1667,2,0.854,1
2023-12-01,364.9075,317.5953,3.7123,3.9426,7.4385,8.2818,3.5321,0.6482,0.3231,0.1254,1.5,0.5411,45.4107,17.2077,19.1934,84.463,40.4744,3.8136,2.4324,0.0,8.45,3.7312,38.0388,26.6601,0.0,87.4627,45.8913,23.0393,19.7228,0.0,76.9672,24.013,25.02,3.1865,20.0,29.0,26.0,34.3008,6.49,20.4062,46.125,34.3281,0.9933,0.3454,0.2,1.5,1.0,44.4787,24.535,0.0,88.0,52.25,12.5,0,0.4991,2
2023-12-02,554.2525,533.7835,6.1889,6.6138,7.4208,8.2551,5.5369,0.7979,0.3128,0.0892,1.5,0.9232,54.245,41.5039,7.8059,166.0818,38.9996,6.837,5.17,0.0,14.1375,7.1375,22.1656,28.6601,0.0,91.0751,7.6795,14.2978,24.8445,0.0,83.9712,0.7545,26.2973,2.168,21.0,29.0,27.0,41.9787,13.0851,21.5312,60.3438,42.8438,1.4696,0.5815,0.4,2.5,1.4,29.025,29.7387,0.0,92.2,24.1,12.3333,1,0.834,1
2023-12-03,425.1917,458.0399,5.2083,5.5912,7.3825,8.2116,4.8088,0.7643,0.2766,0.0529,1.5,0.8299,73.6713,52.1468,14.3263,294.2477,61.6068,5.254,3.7517,0.0,11.8625,5.1875,24.6855,25.9798,0.0,94.7146,17.0136,14.158,22.3579,0.0,89.9789,3.9171,24.7095,1.6629,20.0,26.0,25.5,37.9062,9.7324,20.4062,54.6562,37.9688,1.4007,0.4373,0.3,2.4,1.4,31.1128,26.6807,0.0,95.0,26.4,12.3333,3,0.7055,1
2023-12-04,379.2008,399.3808,4.6564,4.9003,7.4067,8.2612,4.3079,0.6897,0.2944,0.0633,1.375,0.7651,61.8225,54.9129,7.1026,270.9483,46.905,4.2695,4.0563,0.0,12.8375,3.125,31.5986,28.5166,0.0,93.6681,23.494,19.6609,26.4986,0.0,88.048,7.9481,23.6174,1.8329,19.0,26.0,24.0,35.3366,10.5436,19.5312,57.0938,32.8125,1.2322,1.1459,0.0,3.5,0.6,41.1047,26.2914,0.0,94.0,37.4,12.4167,3,0.6287,1
2023-12-05,320.3783,307.9346,3.6663,4.0182,7.4152,8.2838,3.3937,0.5618,0.4351,0.0323,1.5,0.4515,48.1416,40.5919,2.6671,178.3052,34.9046,3.482,4.0314,0.0,11.625,1.4,45.7027,40.5549,0.0,96.7742,54.8452,38.4052,37.3562,0.0,93.871,31.8205,23.7248,2.5064,19.0,28.0,24.0,32.9522,10.8165,19.4062,54.0625,28.5,0.7403,0.4335,0.1,1.6,0.7,49.4987,39.9698,0.0,97.0,68.0,12.4167,2,0.4944,2
2023-12-06,720.0092,643.8006,7.327,8.1242,7.4564,8.3504,6.5705,1.008,0.1168,0.7333,1.5,1.0,48.056,20.6131,11.0933,84.3019,51.7426,7.7959,4.6191,0.0,13.775,8.725,2.1688,3.4743,0.0,26.6667,0.0,0.3084,1.3954,0.0,15.44,0.0,25.9801,3.3156,18.0,29.0,27.0,44.1763,12.129,18.375,59.4375,46.8125,3.5755,0.6082,1.9,4.1,3.8,5.4424,8.7837,0.0,57.9,2.0,12.5833,0,0.9826,0
2023-12-07,713.6125,661.6286,7.6093,8.5419,7.6826,8.6342,6.7327,1.0041,0.0701,0.918,1.5,1.0,49.2114,21.5898,5.3485,74.8852,54.2599,8.8211,4.858,0.0,14.95,9.6688,0.6928,1.5426,0.0,8.2007,0.0,0.0306,0.0985,0.0,0.7381,0.0,28.0921,3.0803,20.0,31.0,29.0,46.8651,12.5113,20.4062,62.375,49.1719,3.6664,0.9969,1.8,5.6,3.65,1.2217,3.0953,0.0,21.6,0.0,12.6667,0,0.9905,0
2023-12-08,612.3692,637.6001,7.3272,8.2016,7.643,8.5938,6.4901,0.9859,0.096,0.8199,1.5,0.9912,50.2289,18.3198,11.2852,74.5196,49.3057,8.8355,4.6865,0.0,15.15,9.6188,3.0242,3.9103,0.0,18.0147,0.8819,0.2664,0.5069,0.0,3.6029,0.0088,28.7895,3.0223,19.0,31.0,30.0,46.8664,12.1723,19.375,62.875,49.0469,1.8658,0.4868,1.1,2.7,1.7,4.4816,6.2944,0.0,36.4,1.6,12.6667,0,0.9587,0
2023-12-09,594.7183,587.2332,6.7302,7.3906,7.5315,8.4645,6.0031,0.8924,0.2052,0.339,1.5,0.9803,58.477,28.1699,13.0277,127.9377,58.0037,8.0651,4.6409,0.0,14.3,9.7125,12.4671,17.3163,0.0,66.1017,1.973,5.6845,10.9102,0.0,47.0644,0.0395,28.2914,2.707,20.0,31.0,29.0,45.0054,11.8963,20.4062,60.75,49.2812,1.7927,0.2493,1.5,2.4,1.7,17.2497,22.5472,0.0,73.1,4.0,12.5833,1,0.8936,3
2023-12-10,671.0958,632.8008,7.2804,8.1291,7.517,8.4427,6.4508,0.9932,0.1041,0.8322,1.5,1.0,49.2755,19.1749,5.4516,76.7201,52.6203,8.8201,4.658,0.0,15.0875,9.7375,2.6219,4.1775,0.0,16.7785,0.0,0.2971,0.7031,0.0,5.4,0.0,28.9671,3.1548,21.0,32.0,30.0,46.9287,11.8881,21.4375,62.7188,49.3438,3.3757,1.151,1.8,5.3,3.1,4.5395,7.0107,0.0,37.8,0.0,12.6667,0,0.9685,0
2023-12-11,422.3633,491.1257,5.5137,5.79,7.3983,8.2836,5.099,0.7933,0.1647,0.4587,1.4,0.7604,50.9741,24.6967,15.7759,134.0958,47.8034,5.4891,3.7063,0.0,11.4,6.8312,22.3844,12.494,0.0,54.1322,23.9613,7.8976,6.5815,0.0,32.4252,6.9817,24.7067,2.4646,20.0,29.0,25.0,38.4908,9.6351,20.875,53.5,42.0781,2.7393,0.9782,1.2,4.4,2.8,31.324,10.7268,10.8,59.9,30.3,12.5,0,0.7453,3
2023-12-12,388.0608,345.2175,4.0492,4.2216,7.4141,8.3334,3.7909,0.6184,0.3007,0.0643,1.5,0.6417,64.6514,35.1639,19.4755,151.9805,54.3076,3.8129,3.2753,0.0,10.8625,2.7438,39.4166,27.7836,0.0,93.568,35.8303,25.148,26.2361,0.0,87.9539,17.1569,24.22,1.7604,20.0,27.0,25.0,34.3429,8.4384,20.5,52.1562,31.8594,1.9413,0.5054,0.7,2.6,2.1,49.402,23.3888,5.0,94.0,51.05,12.5,2,0.5461,2
2023-12-13,641.5242,626.1341,7.1538,8.0102,7.4963,8.4435,6.3834,0.9872,0.11,0.7922,1.5,1.0,49.9093,17.5784,13.3303,73.2833,52.3426,8.2947,4.5056,0.0,14.65,9.3438,3.3286,5.3482,0.0,20.7807,0.0,0.4385,0.9516,0.0,4.7796,0.0,27.9079,2.9641,20.0,31.0,29.0,45.5572,11.6193,20.4688,61.625,48.3594,3.2868,0.726,1.4,4.2,3.3,4.9605,6.8748,0.0,29.2,1.0,12.6667,1,0.9543,0
2023-12-14,705.2492,646.4481,7.4328,8.3446,7.6031,8.5716,6.5863,1.0028,0.1001,0.8561,1.5,1.0,49.5031,19.8805,5.1962,73.675,50.9,8.7674,4.7219,0.0,15.0125,9.7438,1.7335,3.5501,0.0,14.3921,0.0,0.174,0.4463,0.0,2.3027,0.0,28.4671,2.8516,21.0,31.0,30.0,46.8045,12.0281,21.375,62.5312,49.3594,3.8263,0.8844,2.0,5.3,3.7,3.2803,5.9714,0.0,29.2,0.0,12.6667,0,0.9776,0
2023-12-15,744.4017,672.9862,7.7975,8.7997,7.7922,8.8138,6.8511,1.0277,0.11,0.9609,1.5,1.0,49.0493,22.7945,3.0289,76.1709,54.6332,9.2875,5.075,0.0,15.55,10.2125,0.0538,0.3551,0.0,3.9076,0.0,0.0014,0.014,0.0,0.1719,0.0,28.8889,3.427,19.0,32.0,30.0,48.0004,13.1188,19.4688,63.875,50.5312,3.3451,0.686,2.0,4.6,3.3,1.4013,5.0888,0.0,30.7,0.0,12.75,0,1.0007,0
2023-12-16,716.5767,666.4892,7.7166,8.6937,7.7111,8.7105,6.7876,1.0272,0.1042,0.9902,1.5,1.0,48.4971,22.2549,3.0551,75.2382,54.0477,9.2113,5.0499,0.0,15.725,10.0875,0.0577,0.2194,0.0,0.9792,0.0,0.0006,0.0022,0.0,0.0098,0.0,28.9804,3.3017,21.0,32.0,30.0,47.8936,12.8838,21.4062,64.3125,50.2188,3.5595,0.9839,2.0,5.4,3.1,1.2026,3.8815,0.0,23.1,0.0,12.75,0,1.0007,0
2023-12-17,515.9758,523.3831,6.0452,6.5517,7.5922,8.5708,5.4332,0.8614,0.253,0.412,1.5,0.9584,58.2677,34.7114,16.4943,189.0777,55.4461,7.4234,4.3421,0.0,15.075,7.35,17.316,19.8118,0.0,58.7963,4.1588,7.88,10.8583,0.0,38.2764,0.2358,28.5882,3.0533,20.0,32.0,29.0,43.405,11.1392,20.375,62.6875,43.375,2.2157,1.4142,0.2,4.6,2.3,24.032,21.151,0.0,65.1,18.5,12.75,4,0.7962,1
2023-12-18,595.2525,577.4989,6.5624,7.2141,7.5599,8.5482,5.9037,0.9227,0.1957,0.5814,1.5,0.9812,55.6794,20.7119,21.6473,101.7698,55.6555,7.7544,4.2263,0.0,14.025,9.2625,11.006,13.2955,0.0,41.8605,1.875,3.6682,5.4704,0.0,24.7814,0.0375,27.894,2.894,19.0,31.0,29.0,44.1914,10.9519,19.625,60.0625,48.1562,0.7815,0.3816,0.1,1.5,0.7,16.8417,17.3274,0.0,59.2,14.0,12.5833,0,0.8681,3
2023-12-19,532.2317,528.8338,6.093,6.5505,7.4254,8.3805,5.4942,0.8464,0.2309,0.4964,1.5,0.8838,51.4229,30.5939,11.9173,158.3549,44.2952,6.7276,4.8825,0.0,14.15,5.6625,18.2113,17.7861,0.0,50.3632,11.6208,8.0493,9.435,0.0,29.5211,2.3063,26.5033,3.386,20.0,31.0,27.0,41.6349,12.4801,20.6562,60.375,39.1562,2.6728,0.405,1.1,3.3,2.7,26.0589,21.5788,0.0,66.6,22.2,12.5833,1,0.8206,3
2023-12-20,498.7133,470.3553,5.3003,5.6541,7.3585,8.2695,4.9125,0.7399,0.2251,0.2734,1.3478,0.7271,66.983,32.9441,6.7076,159.2826,61.6712,5.0608,3.8147,0.0,11.9,5.3,27.0649,20.6203,0.0,72.6619,27.2921,13.3028,14.3545,0.0,59.0741,8.7291,23.8523,2.7445,19.0,28.0,24.0,37.1921,10.2056,19.4688,54.75,38.25,2.6034,0.7581,0.7,3.5,2.8,33.5101,22.8337,0.0,81.3,35.0,12.4167,1,0.7203,3
2023-12-21,345.7342,329.8184,3.803,3.8839,7.3556,8.2863,3.6325,0.5493,0.1872,0.2639,1.3043,0.519,43.5927,26.9543,10.1608,124.0294,36.8498,2.7836,2.6025,0.0,7.85,1.975,45.4022,17.6844,0.0,73.607,48.1026,26.6343,14.9292,0.0,55.9413,25.2066,21.8322,1.3224,20.0,24.0,22.0,31.4035,7.1658,20.4062,44.625,29.9375,3.4389,0.4086,2.7,4.1,3.4,55.2329,12.4329,32.0,76.2,56.7,12.4167,0,0.517,2
2023-12-22,528.415,520.8527,5.8019,6.2093,7.3822,8.3368,5.3657,0.8347,0.1653,0.5825,1.5,0.7955,52.3989,15.6557,19.6531,99.476,52.3826,5.6618,3.5836,0.0,10.8875,6.4188,18.5438,11.06,0.0,41.7515,20.4508,5.9737,5.4442,0.0,26.2111,4.8801,24.42,2.1528,20.0,27.0,25.0,38.9248,9.3497,20.5,52.2188,41.0469,1.934,0.5601,0.5,2.7,2.0,27.6587,14.2533,0.0,69.3,28.3,12.5,0,0.7859,3
2023-12-23,415.1425,494.2423,5.5855,5.8906,7.404,8.3582,5.1488,0.7626,0.1997,0.2982,1.5,0.7249,64.3873,35.8971,7.1154,139.3799,57.0669,5.394,3.8927,0.0,11.55,5.6875,25.076,16.6982,0.0,70.1754,27.5051,11.295,10.4364,0.0,60.2105,10.1907,24.1678,1.8759,20.0,26.0,25.0,38.2253,10.122,20.4688,53.875,39.2188,1.3114,0.3125,0.7,2.1,1.3,35.1107,19.3138,0.0,85.8,40.0,12.4167,7,0.7544,3
2023-12-24,464.5925,507.8654,5.6595,6.0613,7.4151,8.3789,5.2391,0.829,0.1846,0.5,1.5,0.7655,45.0796,15.1477,16.4058,75.6044,44.8677,5.6782,3.5732,0.0,10.625,6.6875,19.343,13.0831,0.0,50.0,23.4483,6.6083,6.1774,0.0,39.3,6.1747,24.7114,2.9939,19.0,28.0,25.0,38.9551,9.3536,19.5312,51.5625,41.7188,1.3295,0.4046,0.7,2.2,1.3,28.2725,15.1192,0.0,78.6,29.0,12.4167,0,0.7632,3
2023-12-25,423.3742,369.7098,4.3325,4.6538,7.4138,8.3687,3.9915,0.6432,0.3502,0.1088,1.5,0.6412,52.5574,28.8596,5.8069,141.0445,51.4514,5.1492,3.6571,0.0,11.525,4.3625,37.2167,32.5285,0.0,89.125,35.8818,25.8763,27.2927,0.0,80.2125,14.002,26.8188,2.7755,20.0,30.0,27.0,37.7227,9.3777,20.4062,53.8125,35.9062,2.2651,0.9846,0.7,3.9,2.3,45.3819,30.6773,0.0,90.0,49.0,12.4167,2,0.5844,2
2023-12-26,665.0925,521.8714,6.0188,6.4983,7.3947,8.3222,5.4191,0.803,0.2259,0.3732,1.5,0.8889,54.361,33.5969,9.8853,154.1864,45.8042,6.7197,4.9811,0.0,13.9,5.8125,20.8715,20.3873,0.0,62.6801,11.1082,10.0893,13.3324,0.0,41.3689,1.5782,26.277,3.1251,19.0,30.0,27.0,41.5272,12.8553,19.5938,59.75,39.5312,2.475,0.6385,1.5,3.6,2.4,28.0331,23.7771,0.0,66.0,17.0,12.3333,0,0.8139,3
2023-12-27,816.0083,601.6673,6.9129,7.5588,7.4648,8.4437,6.1815,0.9294,0.1898,0.3341,1.5,0.9621,49.7699,28.2182,3.9158,138.5644,49.6108,7.5762,4.9009,0.0,14.2,7.9125,9.7357,14.2513,0.0,66.5948,3.794,3.8436,8.6112,0.0,47.4821,0.1816,26.5333,2.3507,21.0,29.0,27.0,43.8156,12.4582,21.4688,60.5,44.7812,1.4313,0.699,0.1,2.4,1.4,17.3667,19.9845,0.0,72.1,11.65,12.5,0,0.9261,0
2023-12-28,492.2175,446.1464,5.1412,5.6015,7.4028,8.3478,4.7098,0.7586,0.2812,0.2118,1.5,0.846,57.7426,28.3642,12.6068,143.954,55.4557,5.9093,3.8177,0.0,12.825,5.2562,25.3886,26.1398,0.0,78.8223,15.3953,14.6825,18.2287,0.0,63.0579,3.8455,26.76,2.2125,20.0,29.0,27.0,39.6131,9.8182,20.3438,57.0625,38.1406,1.3207,0.6016,0.3,2.3,1.2,31.3087,28.0966,0.0,80.0,36.0,12.5,4,0.6945,1
2023-12-29,378.0375,386.8557,4.5123,4.9794,7.4213,8.3633,4.1553,0.7431,0.3618,0.0423,1.5,0.8866,70.3369,44.1082,13.7651,206.2766,61.7848,5.3516,3.6671,0.0,12.8625,4.775,27.5406,33.6383,0.0,95.7732,11.3402,19.656,30.1661,0.0,91.9423,3.4259,26.8926,2.3049,20.0,30.0,27.0,38.2492,9.3771,20.5312,57.1562,36.9375,1.7685,0.4662,0.8,2.5,1.7,33.3919,33.1756,0.0,96.0,24.7,12.4167,2,0.608,1
2023-12-30,519.2208,508.7769,5.8832,6.2503,7.3568,8.2621,5.2748,0.7241,0.2876,0.0906,1.3214,0.7923,53.2183,34.2924,5.7439,138.3374,45.9611,6.6147,5.1877,0.0,14.4125,5.9125,28.416,27.6362,0.0,90.9434,20.7703,17.4727,24.0346,0.0,84.3955,4.9849,26.3673,2.6304,21.0,30.0,27.0,41.3756,13.1869,21.4375,61.0312,39.7812,2.4639,0.5205,1.1,3.1,2.6,35.219,28.8347,0.0,92.8,33.9,12.25,3,0.7997,1
2023-12-31,556.6783,538.9414,6.0394,6.558,7.3819,8.3104,5.5606,0.8363,0.2041,0.4436,1.5,0.8617,45.9296,22.2492,18.4259,94.7863,36.6535,5.5881,3.9702,0.0,10.6,6.25,18.1868,16.6533,0.0,55.641,13.8264,7.3355,10.5385,0.0,35.0863,2.2857,23.5762,2.4831,19.0,27.0,25.0,38.5747,10.534,19.4375,51.5,40.625,2.549,0.5374,1.4,3.5,2.5,23.8636,20.4628,0.0,63.5,19.0,12.5833,0,0.8181,3
2024-01-01,536.35,553.8202,6.2452,6.6666,7.3842,8.2989,5.7129,0.8631,0.1533,0.5261,1.5,0.8545,48.0728,14.8061,22.7121,72.428,49.2846,6.2144,3.9756,0.0,12.275,6.5125,15.6929,10.2204,0.0,47.3934,14.5497,4.6519,5.2279,0.0,28.7678,2.6864,24.6913,1.5977,20.0,26.0,25.0,40.409,10.1532,21.0312,55.6875,41.2812,1.7685,0.652,0.6,2.9,1.9,24.9591,13.7719,2.0,60.7,24.7,12.4167,0,0.8458,3
2024-01-02,507.2542,477.6281,5.3688,5.6457,7.3987,8.3188,4.9512,0.6691,0.2426,0.0819,1.5,0.7033,46.0552,31.2369,7.3957,161.5314,34.8646,5.1031,4.0548,0.0,11.1375,5.2375,34.0184,22.1515,0.0,91.8103,29.669,18.7273,21.9314,0.0,86.0263,9.971,23.7619,1.8812,20.0,26.0,24.0,37.4579,10.5503,20.375,52.8438,38.0938,2.4129,0.3957,1.7,3.4,2.4,41.3605,23.4222,9.0,93.7,35.0,12.25,1,0.7256,3
2024-01-03,320.0475,297.3221,3.4863,3.6529,7.4219,8.369,3.3422,0.5883,0.3209,0.127,1.5,0.5192,41.203,23.9461,9.3323,110.7843,35.4327,2.534,2.4651,0.0,7.4875,1.525,43.3574,27.3794,0.0,87.3016,48.0789,28.4369,24.7794,0.0,76.8254,26.6359,22.2215,1.0895,20.0,24.0,22.0,30.9958,6.5725,20.625,43.7188,28.8125,3.3497,0.7633,1.9,4.3,3.8,53.2087,22.825,5.0,88.0,56.6,12.4167,0,0.4697,2
2024-01-04,299.85,277.9501,3.2559,3.3635,7.3944,8.3328,3.15,0.5306,0.2972,0.1143,1.5,0.4891,32.8609,24.06,3.528,119.7416,28.9624,2.287,1.8149,0.0,5.5,1.85,48.5642,25.5574,0.0,88.5714,51.0941,32.376,24.0952,0.0,82.46,27.65,21.9456,1.0389,20.0,24.0,22.0,30.2515,5.2131,20.3438,38.75,29.625,2.7578,0.3534,2.2,3.5,2.7,57.2544,20.2136,17.4,93.1,56.0,12.25,0,0.4403,2
2024-01-05,383.0658,341.0576,3.8932,4.1262,7.4554,8.4048,3.7551,0.6733,0.3166,0.2421,1.5,0.5926,40.5972,16.65,10.4747,76.3701,35.5014,2.6937,1.8229,0.0,6.2875,2.775,36.0429,24.9916,0.0,75.7937,40.7417,20.699,18.2959,0.0,58.3611,18.8222,21.6533,0.8353,20.0,23.0,22.0,31.3862,5.1406,20.4062,40.7188,31.9375,3.2473,0.9295,1.3,4.4,3.4,44.8053,21.4792,0.0,77.0,49.3,12.5,0,0.5222,2
2024-01-06,498.3342,571.5727,6.4267,6.9307,7.5261,8.4653,5.8671,0.8989,0.185,0.3727,1.5,0.8502,51.5814,16.4042,13.4263,88.3581,51.0249,6.4759,4.0555,0.0,12.525,6.9625,13.9418,9.196,0.0,62.7273,14.9754,3.6144,5.4314,0.0,48.3,2.84,25.0397,2.678,20.0,28.0,26.0,41.0,10.4677,20.5312,56.3125,42.4062,1.4311,0.9825,0.3,3.1,1.1,22.0609,12.2756,3.0,77.0,19.6,12.5833,0,0.8539,3
2024-01-07,446.7408,514.8428,5.8046,6.3728,7.4637,8.3709,5.3262,0.8546,0.2471,0.2321,1.5,0.949,70.574,36.0545,12.7597,164.0245,65.6344,6.1384,3.8274,0.0,12.575,6.0375,16.5845,21.3914,0.0,76.7857,5.101,8.1835,14.5117,0.0,59.8929,0.4751,25.58,2.5965,19.0,29.0,26.0,40.0915,10.0133,19.5938,56.4375,40.0938,1.0467,0.4044,0.0,1.7,1.1,21.6327,23.514,0.0,78.0,13.05,12.5,3,0.7777,3
2024-01-08,389.425,364.2156,4.1432,4.2627,7.4295,8.3181,3.9183,0.5683,0.2143,0.1301,1.2593,0.624,54.6437,24.1583,8.6388,112.9831,50.9583,3.461,2.9848,0.0,8.3375,2.5625,43.493,20.5957,0.0,86.9908,37.5952,25.7538,20.73,0.0,76.5519,17.4487,22.6622,1.6311,20.0,25.0,22.0,33.1603,8.0907,20.4688,45.8438,31.4062,2.2101,0.4204,1.4,3.0,2.2,52.1047,18.0939,24.0,88.4,50.05,12.3333,0,0.5577,2
2024-01-09,387.7567,364.9001,4.1699,4.404,7.4488,8.3474,3.9306,0.61,0.317,0.0849,1.5,0.6066,50.9272,28.322,10.4083,129.6451,40.9586,3.5773,3.0916,0.0,8.9625,2.5188,40.7229,28.1743,0.0,91.5062,39.3372,26.559,24.9054,0.0,84.1857,16.7195,23.0405,1.4088,20.0,25.0,23.0,33.6062,8.1641,20.5625,47.4062,31.2969,1.9885,0.4271,1.1,2.6,1.9,48.2892,26.8353,0.0,92.0,43.9,12.3333,0,0.5598,2
2024-01-10,339.7142,342.4078,4.0288,4.1975,7.4497,8.3289,3.7559,0.5817,0.3236,0.0638,1.5,0.6458,49.1169,37.4111,3.9848,157.3803,34.1976,3.4997,3.7537,0.0,10.5625,1.25,43.5657,28.689,0.0,93.6195,35.4229,29.3257,29.7678,0.0,88.0023,18.0683,23.1812,1.9523,19.0,26.0,23.0,33.3207,9.837,19.4688,51.4062,28.125,1.7846,0.6052,0.8,2.8,1.9,52.1255,25.5217,8.0,94.0,52.1,12.4167,2,0.5408,2
2024-01-11,409.7025,480.7263,5.4484,5.8558,7.4863,8.3672,5.0398,0.8145,0.2766,0.1373,1.5,0.8608,67.9041,36.0271,16.3531,159.1387,55.9281,5.2891,3.618,0.0,12.3375,5.4312,21.3577,23.2374,0.0,86.2724,13.919,10.9007,17.6976,0.0,75.057,2.9512,24.4,2.0067,19.0,26.0,25.0,38.021,9.3728,19.5938,55.8438,38.5781,0.694,0.1953,0.4,1.1,0.7,29.32,23.1095,0.0,87.0,27.75,12.5,3,0.7278,1
2024-01-12,564.6633,535.2073,6.0334,6.5297,7.5395,8.4178,5.4988,0.8276,0.1884,0.3161,1.5,0.8288,57.3682,27.6915,14.7802,123.8448,58.2768,6.6591,3.9476,0.0,12.2,7.4875,18.0222,17.1053,0.0,68.3871,17.1216,7.3949,10.0796,0.0,53.0684,3.3376,26.4371,2.6922,19.0,29.0,27.0,41.4207,10.2917,19.4062,55.5,43.7188,1.1735,0.2584,0.8,1.9,1.2,23.4755,21.1433,0.0,77.6,22.0,12.5833,3,0.8002,3
2024-01-13,405.0133,426.7273,4.8668,5.2356,7.4972,8.3599,4.5098,0.7127,0.3071,0.2449,1.5,0.6736,49.0071,25.0981,7.5373,125.594,47.8143,4.808,3.9218,0.0,11.5375,4.2,30.5005,27.6732,0.0,75.5061,32.6409,18.2258,20.125,0.0,59.1968,12.0068,24.5302,2.4177,20.0,28.0,25.0,36.7787,10.1252,20.3438,53.8438,35.5,1.9966,0.6108,0.6,2.7,2.2,35.706,28.4151,0.0,78.6,39.0,12.4167,0,0.6491,1
2024-01-14,364.5458,380.8162,4.3492,4.6252,7.4788,8.3297,4.0991,0.6869,0.3148,0.118,1.5,0.7115,59.8508,40.2584,12.1665,174.8954,47.1511,3.9016,2.9742,0.0,9.9375,3.875,33.6717,27.3381,0.0,88.1978,28.8521,19.9337,21.5625,0.0,78.7606,9.6645,23.6333,1.3923,20.0,26.0,23.0,34.5062,7.8011,20.375,49.8438,34.6875,1.8407,0.8864,0.1,3.0,2.15,40.428,25.3664,0.0,89.3,36.1,12.5,5,0.5815,2
2024-01-15,496.5958,521.4879,5.8084,6.1587,7.5261,8.3735,5.3681,0.8297,0.1421,0.7145,1.5,0.7581,36.777,18.2002,2.1515,80.0687,36.2344,5.7893,3.5563,0.0,10.6625,6.225,18.6335,9.4812,0.0,28.5523,24.1911,5.2672,2.7092,0.0,9.1367,6.7127,24.6309,2.0904,19.0,28.0,25.0,39.2494,9.2878,19.5312,51.6562,40.5625,0.7248,0.2512,0.2,1.1,0.7,27.8839,10.4659,0.0,56.7,28.0,12.4167,0,0.7718,3
2024-01-16,538.9925,582.6438,6.5688,7.1498,7.5809,8.4222,5.9361,0.8725,0.2176,0.2329,1.5,0.9056,63.9874,30.8117,7.7636,168.3125,62.5452,7.305,4.2794,0.0,13.3875,8.4,14.7033,18.3747,0.0,76.7123,9.4359,6.5779,13.9793,0.0,66.7397,0.9449,26.4631,2.8676,18.0,29.0,27.0,42.9954,11.2001,18.3438,58.4688,46.0,1.5597,0.7656,0.6,2.7,1.5,18.3322,22.0668,0.0,87.4,11.0,12.4167,4,0.8665,3
2024-01-17,645.8842,656.2573,7.5406,8.3732,7.7335,8.6076,6.6761,0.9976,0.093,0.8469,1.5,1.0,50.8926,19.885,11.81,76.5904,52.8262,8.7964,4.8498,0.0,15.025,9.7625,1.8495,2.9982,0.0,15.3117,0.0,0.1339,0.3458,0.0,2.603,0.0,28.0662,3.0521,19.0,31.0,29.0,46.7928,12.5145,19.375,62.5625,49.4062,1.9629,0.5905,1.1,3.1,1.7,2.5854,3.9747,0.0,17.0,1.0,12.5833,0,0.9751,0
2024-01-18,435.5108,497.3954,5.6208,5.9708,7.6287,8.4675,5.1323,0.7726,0.2359,0.2377,1.5,0.7405,52.4899,22.0808,17.9619,115.8629,47.9716,6.6148,3.7738,0.0,12.225,7.675,24.9956,18.7769,0.0,76.2295,25.9542,11.2049,13.2733,0.0,62.0508,7.8264,27.255,2.4882,20.0,30.0,28.0,41.4012,9.6942,20.5312,55.5625,44.1875,0.8745,0.6548,0.0,2.2,0.7,31.9805,20.7438,0.0,81.4,31.0,12.4167,4,0.7368,3
2024-01-19,537.235,582.531,6.6298,7.1843,7.6657,8.4961,5.9459,0.9058,0.2153,0.2768,1.5,0.9171,55.3521,25.9425,13.4638,131.4558,51.022,7.936,4.3693,0.0,13.45,9.7375,12.8,15.7763,0.0,72.3183,8.2875,4.7192,10.3434,0.0,56.119,0.7539,28.1267,3.0218,20.0,31.0,29.0,44.701,11.194,20.4688,58.625,49.3438,0.7607,0.3233,0.3,1.3,0.7,17.668,18.3822,0.0,77.6,11.0,12.5,1,0.8649,3
2024-01-20,713.4,638.6263,7.3419,7.9862,7.7154,8.5363,6.5141,0.9761,0.1304,0.8015,1.5,0.9622,51.3517,21.0019,8.7642,87.4288,54.2892,8.579,4.8854,0.0,15.2625,9.3188,5.2412,4.6487,0.0,19.8473,3.7801,0.7524,1.3384,0.0,9.1893,0.2099,27.9467,3.3394,20.0,31.0,29.0,46.3015,12.4874,20.4375,63.1562,48.2969,1.5613,0.7115,0.6,2.6,1.9,10.0333,10.9477,0.0,59.0,7.0,12.5,0,0.9516,0
2024-01-21,503.2342,529.2346,6.0758,6.5428,7.5633,8.3378,5.464,0.7776,0.3262,0.0696,1.5,0.9141,55.3357,39.889,5.875,182.9687,46.9083,6.6337,4.9394,0.0,13.6625,6.9625,24.0683,29.9864,0.0,93.0417,8.5938,15.8536,26.3331,0.0,87.2732,0.7734,26.0403,2.4684,21.0,29.0,27.0,41.3318,12.7067,21.4688,59.1562,42.4062,2.453,0.5717,1.4,3.5,2.6,27.5148,31.7344,0.0,93.8,11.0,12.4167,2,0.8033,1
2024-01-22,412.905,518.9227,5.8771,6.1646,7.5838,8.3533,5.3772,0.8115,0.1632,0.5568,1.45,0.8011,51.488,23.5191,17.0318,122.5614,48.0827,6.1855,4.0412,0.0,12.9,6.4938,20.5779,12.0044,0.0,44.32,19.8873,6.738,5.8132,0.0,21.6725,5.6703,25.4527,2.2537,21.0,28.0,26.0,40.344,10.2994,21.6875,57.25,41.2344,2.4986,0.3664,1.6,3.1,2.5,29.177,12.1217,6.0,62.3,30.0,12.3333,0,0.775,3
2024-01-23,450.4842,441.125,5.1174,5.3383,7.5234,8.2697,4.6803,0.6732,0.2906,0.0641,1.5,0.7051,61.2194,47.4255,10.2721,211.935,43.1701,4.8963,4.5902,0.0,12.9625,2.6688,34.2555,26.1016,0.0,93.5938,29.4865,20.2578,23.4368,0.0,88.0717,12.483,24.1149,1.6058,21.0,27.0,24.0,37.0813,11.6581,21.7812,57.4062,31.6719,3.177,0.5441,1.9,4.6,3.2,41.8993,25.1942,4.0,94.1,42.8,12.3333,4,0.6802,1
2024-01-24,435.76,453.0356,5.06,5.247,7.5203,8.2359,4.7274,0.7014,0.2054,0.2879,1.5,0.6872,58.8016,31.2733,15.3176,156.5872,47.7987,4.916,3.1291,0.0,9.975,5.4688,31.4782,15.9468,0.0,71.2121,31.2838,14.0071,12.2108,0.0,57.9667,11.3058,23.9583,1.3163,21.0,26.0,24.0,37.1354,8.0855,21.3438,49.9375,38.6719,3.3708,0.3068,2.3,3.8,3.5,37.8917,14.7586,10.0,81.4,35.5,12.0,3,0.6728,3
2024-01-25,387.8933,427.2377,4.8309,4.9718,7.5878,8.3007,4.5017,0.6385,0.1595,0.3683,1.375,0.6099,48.9947,25.8735,7.7357,114.9723,43.5292,4.8716,3.3276,0.0,10.225,5.2875,36.561,14.5937,0.0,63.172,39.0092,17.7314,10.9783,0.0,45.1579,17.1999,24.5959,2.0395,21.0,27.0,25.0,37.0041,8.594,21.4375,50.5625,38.2188,2.3418,0.2825,1.8,2.8,2.3,43.8425,14.5854,10.0,78.0,44.7,12.1667,1,0.6367,3
2024-01-26,354.0033,354.4322,4.0664,4.2462,7.5512,8.2517,3.8524,0.6296,0.2941,0.1572,1.5,0.6194,58.3275,31.8964,13.5535,166.0253,49.1343,3.4317,2.943,0.0,10.1625,2.4125,38.4555,26.7912,0.0,84.2841,38.0626,23.1279,22.1182,0.0,71.6414,15.24,22.9388,1.4345,21.0,25.0,23.0,33.3123,7.6996,21.4375,50.4062,31.0312,1.6327,0.2889,0.9,2.3,1.6,45.6986,23.028,2.9,85.0,44.0,12.25,3,0.5385,2
2024-01-27,397.2658,392.8799,4.5172,4.7132,7.6455,8.3466,4.2143,0.6746,0.2747,0.1712,1.5,0.6847,67.6019,29.8222,27.6026,171.0404,60.7425,4.7168,3.2392,0.0,11.3125,4.2688,34.4517,23.6997,0.0,82.8846,31.5349,18.6558,18.1631,0.0,70.0375,12.7101,25.1689,2.2958,20.0,28.0,25.0,36.6144,8.3817,20.6562,53.2812,35.6719,0.6622,0.2146,0.1,1.0,0.7,40.952,21.3519,0.0,84.5,40.9,12.3333,4,0.5908,2
2024-01-28,498.7908,528.8436,5.8972,6.2028,7.6756,8.3773,5.4319,0.8026,0.1928,0.2222,1.5,0.8107,58.7392,31.8771,16.46,147.5161,49.2362,5.9648,3.6217,0.0,12.025,7.5375,21.4224,15.3544,0.0,77.7778,18.9278,8.0479,10.7693,0.0,64.6333,4.7467,24.953,2.228,21.0,27.0,26.0,39.7951,9.2607,21.5,55.0625,43.8438,3.1584,0.3319,2.5,4.0,3.1,28.8228,17.0731,1.6,83.1,29.0,12.4167,2,0.7683,3
2024-01-29,474.3183,453.7892,5.0842,5.2678,7.7115,8.4092,4.7423,0.7259,0.2202,0.3733,1.5,0.705,61.407,24.4416,16.2879,131.6171,55.4468,5.0739,3.0964,0.0,10.3125,5.75,29.869,15.413,0.0,62.6709,29.4992,12.8719,10.4688,0.0,44.4692,10.1752,24.82,2.0434,21.0,27.0,25.0,37.5304,8.0141,21.375,50.7812,39.375,2.576,0.344,1.2,3.1,2.6,37.5073,13.6006,10.0,83.1,35.7,12.5,1,0.6593,3
2024-01-30,466.4033,490.0004,5.5079,5.8838,7.7915,8.4717,5.0815,0.8055,0.2716,0.1449,1.5,0.8664,78.8537,38.2147,17.3537,155.2838,72.09,5.9623,3.3435,0.0,11.5375,6.5375,21.4682,24.1809,0.0,85.5145,13.3616,11.0757,18.0155,0.0,73.5425,1.8706,25.8523,2.6159,19.0,29.0,27.0,39.7146,8.7356,19.4062,53.8438,41.3438,0.8081,0.4437,0.2,1.4,0.8,26.9389,24.242,0.0,86.0,20.2,12.4167,4,0.7069,1
2024-01-31,295.4458,270.2045,3.2014,3.4157,7.5448,8.147,3.0231,0.4901,0.3732,0.0412,1.5,0.4223,56.2029,47.3677,5.8543,197.9055,46.4871,2.9577,3.0833,0.0,8.9625,1.8562,51.5559,36.1809,0.0,95.8788,57.7689,40.3787,34.5045,0.0,92.0436,34.0836,23.5205,1.8503,20.0,26.0,24.0,31.7434,8.4214,20.4375,47.4062,29.6406,1.5692,0.792,0.5,3.5,1.4,53.274,36.1188,0.0,96.0,59.0,12.1667,6,0.4243,2
2024-02-01,455.0758,443.6267,5.1082,5.3387,7.6518,8.2777,4.6925,0.6723,0.2882,0.0529,1.2222,0.7127,64.4608,42.3277,11.4372,203.4318,55.6536,4.7384,4.4926,0.0,13.0125,3.7625,33.2936,28.0738,0.0,94.7103,28.7315,20.2943,25.8092,0.0,89.9748,9.5227,23.4452,2.2346,20.0,27.0,23.0,36.5655,11.5565,20.6875,57.5312,34.4062,1.9774,0.4147,1.0,2.7,2.1,39.1425,28.0181,0.0,95.0,35.0,12.1667,2,0.6676,1
2024-02-02,554.0408,558.9864,6.3019,6.5912,7.6767,8.2866,5.7388,0.7645,0.2477,0.1582,1.5,0.8255,55.579,28.8019,8.2627,144.5009,54.1004,6.1738,4.4831,0.0,12.15,6.8375,24.4349,23.274,0.0,84.1837,17.4497,12.4981,20.5333,0.0,73.4923,3.3832,23.6667,2.1581,18.0,26.0,24.0,40.0779,11.7385,18.5938,55.375,42.0938,2.5368,0.3952,1.1,3.2,2.6,29.3972,24.6378,0.0,87.3,20.5,12.0,0,0.8209,3
2024-02-03,367.5558,411.549,4.643,4.7708,7.6687,8.2578,4.3545,0.6193,0.2229,0.1357,1.5,0.6589,55.5629,31.5302,13.9219,176.4963,51.4112,4.2202,3.2387,0.0,9.5,3.4375,39.0087,19.7897,0.0,86.4286,34.1121,20.7118,18.6392,0.0,75.1929,13.1801,23.2552,1.4614,20.0,25.0,24.0,35.2629,8.5064,20.6562,48.75,33.5938,3.92,0.9664,2.2,5.5,3.7,44.5772,18.2732,17.0,87.0,38.0,12.0833,1,0.6055,3
2024-02-04,478.5158,498.9863,5.5908,5.7912,7.7314,8.3245,5.1737,0.7452,0.1435,0.4915,1.5,0.7366,54.5911,30.6982,13.817,152.8453,47.1103,5.4069,3.681,0.0,11.8875,6.075,26.0545,12.4215,0.0,50.8532,26.3383,9.5493,7.0839,0.0,27.6133,8.0785,23.9384,1.9306,20.0,26.0,24.0,38.2982,9.554,20.4688,54.7188,40.1875,2.3459,0.4192,1.5,3.1,2.4,33.3267,12.8319,8.0,60.1,33.0,12.1667,1,0.7231,3
2024-02-05,362.2325,311.8803,3.6718,3.8147,7.5955,8.1372,3.4393,0.5216,0.323,0.0404,1.3478,0.5238,54.5182,47.0109,10.6501,244.6345,43.903,3.3028,3.5696,0.0,10.725,1.85,48.3329,31.38,0.0,95.9555,47.619,34.2902,31.7708,0.0,92.1173,26.5296,23.2621,1.7321,20.0,26.0,23.0,32.7582,9.4407,20.4688,51.8125,29.625,2.1566,0.7504,0.3,3.2,2.1,52.6441,29.2494,13.3,96.0,54.3,12.0833,3,0.4834,2
2024-02-06,311.0925,358.2367,4.1347,4.3204,7.643,8.1781,3.8759,0.6234,0.3159,0.041,1.24,0.7484,68.4469,41.3518,5.0061,175.6414,58.1755,3.7979,3.2928,0.0,10.3625,2.8188,37.8752,31.2588,0.0,95.9044,25.1616,25.1609,30.7919,0.0,92.0683,9.6809,23.6233,1.7544,19.0,26.0,24.0,34.2432,8.5649,19.5625,50.9062,32.0469,1.4801,0.4365,0.7,2.2,1.5,43.3897,29.5135,3.8,96.0,40.4,12.1667,5,0.541,2
2024-02-07,545.9883,537.2458,5.9832,6.3285,7.6652,8.1848,5.5077,0.8412,0.2053,0.3763,1.5,0.9093,70.041,32.2895,17.2697,195.878,68.0272,6.2665,3.4257,0.0,10.9875,6.8875,16.7612,19.0183,0.0,62.3677,9.0709,6.9594,11.2024,0.0,39.2916,1.1233,25.1644,1.7101,20.0,28.0,26.0,40.5321,8.828,20.5938,52.4688,42.2188,1.624,0.3846,1.0,2.4,1.5,20.4007,20.2884,0.0,70.2,14.1,12.1667,5,0.7806,3
2024-02-08,402.0408,397.4757,4.5723,4.7014,7.6362,8.1326,4.2395,0.5813,0.2479,0.0727,1.2609,0.656,62.265,44.7272,10.0393,215.9413,51.2322,4.4374,3.8225,0.0,11.6125,3.5688,42.0932,24.3097,0.0,92.734,34.4006,25.1749,24.7606,0.0,86.2426,12.9921,23.8333,2.1934,20.0,26.0,24.0,35.7402,10.0084,20.3438,54.0312,33.9219,1.3854,0.2612,0.9,1.8,1.4,46.4812,24.2089,6.0,93.0,40.0,12.0,1,0.5988,2
2024-02-09,509.3708,554.7497,6.1769,6.4685,7.6711,8.1599,5.6743,0.8569,0.1327,0.5887,1.5,0.8542,52.426,16.5938,22.1008,101.2134,50.4732,6.3396,3.7074,0.0,11.7375,7.5875,15.6002,9.9196,0.0,41.1314,14.5769,3.6806,3.8177,0.0,17.2752,2.4519,24.8219,2.4002,20.0,28.0,26.0,40.6873,9.5692,20.6562,54.3438,43.9688,0.8815,0.4286,0.2,1.8,0.85,20.1253,9.4275,0.0,53.2,19.3,12.1667,0,0.8052,3
2024-02-10,374.3825,383.7268,4.3276,4.4135,7.6899,8.1658,4.0978,0.5741,0.1449,0.1942,1.2,0.5761,48.5838,24.051,10.8167,119.6367,45.5641,3.7825,2.7385,0.0,9.6375,4.0625,42.7326,13.9753,0.0,80.5825,42.3913,21.939,12.5474,0.0,69.0592,19.3774,22.8552,1.5183,20.0,25.0,23.0,34.0472,7.4714,20.3438,49.0938,35.1562,4.1648,0.8993,2.8,5.6,4.3,48.0228,12.5887,24.0,85.7,46.7,12.0833,0,0.5628,2
2024-02-11,224.62,229.8622,2.7728,2.8256,7.7007,8.1645,2.6865,0.4135,0.2763,0.0513,1.4211,0.43,33.295,23.6976,6.228,93.1348,28.6404,1.5275,1.9537,0.0,5.625,0.0,59.0893,26.3813,0.0,94.8745,56.9986,43.1812,29.6506,0.0,90.1308,33.0234,20.6918,0.6386,20.0,22.0,21.0,27.8138,5.7695,20.3438,39.0625,24.8281,3.0199,0.2945,2.3,3.5,3.0,64.0473,21.7428,29.6,95.0,59.5,12.1667,0,0.3601,2
2024-02-12,633.1933,646.9749,7.2979,7.6861,7.7849,8.2314,6.5824,0.9639,0.0931,0.7811,1.5,0.9806,54.5009,17.532,21.7065,89.8472,53.1147,7.5491,4.3909,0.0,13.875,8.7,4.8615,5.8713,0.0,21.8873,1.9417,0.6382,1.0158,0.0,5.0341,0.0388,25.0476,2.7382,19.0,28.0,26.0,43.6648,11.3644,19.5312,59.6875,46.75,3.8095,0.9249,1.5,5.0,4.1,7.0558,8.4696,0.0,40.5,3.2,12.25,0,0.9374,0
2024-02-13,731.0992,686.8179,7.8972,8.3307,7.8942,8.3368,6.9886,1.0105,0.0624,1.0,1.5,1.0,51.9443,23.0599,3.2287,78.327,57.2536,8.8434,5.0098,0.0,15.0125,9.825,0.0,0.0,0.0,0.0,0.0,0.0,0.0,0.0,0.0,0.0,26.8231,2.8301,20.0,30.0,27.0,46.9692,12.7882,20.4375,62.5312,49.5625,2.9435,0.6559,1.9,4.1,2.7,0.9333,4.8544,0.0,35.0,0.0,12.25,0,1.0004,0
2024-02-14,601.3533,649.1076,7.4508,7.81,7.9611,8.3922,6.6088,0.9555,0.1154,0.6824,1.5,0.9602,54.7268,20.5138,15.2315,95.327,53.0444,8.6959,4.8177,0.0,15.0875,9.5375,6.0431,7.0192,0.0,31.7597,3.977,0.9815,1.8752,0.0,11.3064,0.1598,27.6554,3.1895,19.0,31.0,29.0,46.5342,12.4476,19.3438,62.7188,48.8438,1.3588,0.5144,0.3,2.2,1.4,7.9189,8.8254,0.0,36.4,5.5,12.3333,0,0.9359,0
2024-02-15,570.7533,502.62,5.7333,5.9601,7.7587,8.1416,5.1796,0.7205,0.317,0.086,1.5,0.8116,56.3385,37.5183,4.4747,168.7012,56.7987,6.7258,4.5125,0.0,12.7125,6.8,28.8137,30.26,0.0,91.3978,18.8447,17.9406,25.6192,0.0,84.4516,3.5805,26.6643,2.0103,20.0,29.0,27.0,41.6993,11.4666,20.5938,56.7812,42.0,1.1706,0.4553,0.6,2.1,1.1,30.2119,30.9964,0.0,92.4,20.0,11.9167,15,0.739,1
2024-02-16,432.14,444.5365,5.0282,5.1442,7.6777,8.0361,4.6553,0.6206,0.1932,0.1856,1.0,0.6289,51.7874,26.3289,14.4545,120.6878,45.2785,5.0012,3.7092,0.0,11.225,5.2625,37.9369,19.315,0.0,81.4361,37.1084,19.414,17.4131,0.0,66.859,15.4784,24.1875,1.7895,21.0,27.0,24.5,37.2817,9.5912,21.5938,53.0625,38.1562,1.8347,0.4359,0.9,2.7,1.8,41.7215,20.1316,8.3,82.1,42.85,12.0,1,0.6549,3
2024-02-17,492.785,463.7686,5.2253,5.3508,7.6618,7.9983,4.8387,0.6847,0.1657,0.3807,1.25,0.6553,58.066,36.6165,12.6407,190.1915,48.254,5.2769,3.6375,0.0,11.0125,4.75,31.9475,15.4738,0.0,61.9345,34.4699,13.471,9.9743,0.0,42.1926,12.6529,24.4097,1.7073,20.0,27.0,25.0,38.0171,9.3678,20.625,52.5312,36.875,2.3424,0.5081,1.3,3.1,2.45,35.5146,15.3224,3.0,71.2,36.0,12.0,2,0.682,3
2024-02-18,457.7792,443.956,5.0031,5.1093,7.6679,7.9844,4.6525,0.6255,0.1924,0.2039,0.99,0.6788,69.8012,57.7183,19.1208,254.234,46.4334,4.729,3.5194,0.0,10.85,5.2125,37.4546,19.2404,1.0013,79.6134,32.1177,18.9239,16.8011,0.01,63.9295,13.4148,23.5972,1.4158,21.0,25.0,24.0,36.6261,9.0841,21.4688,52.125,38.0312,2.3722,0.3974,1.5,3.0,2.4,40.7972,19.9686,1.0,80.3,38.7,12.0,4,0.6525,3
2024-02-19,478.2525,442.1794,4.9191,5.0481,7.7372,8.0447,4.624,0.6936,0.1648,0.2696,1.119,0.689,58.9064,25.5787,15.9229,139.9981,50.1393,4.7873,2.6316,0.0,8.7125,5.5125,30.7577,16.2208,0.0,73.0402,31.0955,12.7206,11.4364,0.0,53.3193,10.4099,23.9792,1.8031,20.0,26.0,25.0,36.7893,6.9376,20.5625,46.7812,38.7812,3.6674,0.4481,2.4,4.3,3.8,34.6917,14.5143,4.4,73.0,35.0,12.0,2,0.6358,3
2024-02-20,194.2675,171.1343,2.1909,2.2268,7.6972,7.9853,2.1483,0.3266,0.1666,0.0395,0.9024,0.3489,41.1071,25.3182,11.2529,114.5703,35.0406,1.1621,1.2431,0.0,3.475,0.6062,67.3421,16.656,9.7561,96.0539,65.1132,49.3311,20.97,4.0878,92.2117,43.4952,21.2639,0.7384,20.0,22.0,21.0,26.9694,4.0916,20.4062,33.6875,26.5156,3.1757,0.3757,2.0,3.7,3.2,70.2215,13.2375,41.9,96.0,67.0,12.0,0,0.2846,2
2024-02-21,394.1283,344.0655,3.9263,4.0166,7.7448,8.017,3.748,0.5615,0.1896,0.2527,1.0286,0.5141,50.4857,20.9747,15.978,101.4648,47.8906,3.3112,2.387,0.0,7.5,3.5188,43.8811,18.8799,0.0,74.7312,48.5893,23.5617,14.4604,0.0,56.0484,24.01,22.75,1.8904,20.0,25.0,23.0,32.9748,6.4365,20.375,43.75,33.7969,1.6764,0.2916,1.2,2.2,1.7,47.2667,16.3654,3.3,75.0,49.3,12.0,0,0.507,2
2024-02-22,595.8458,602.744,6.7574,6.9364,7.7952,8.0441,6.1502,0.8767,0.0727,0.6429,1.1471,0.8719,52.4394,18.7698,17.9061,88.9444,54.151,6.8776,4.0669,0.0,12.6875,7.8625,12.5073,6.8192,0.0,35.7143,12.8114,2.3484,2.4943,0.0,17.4286,1.6999,24.5655,2.1979,20.0,27.0,25.0,42.0416,10.4467,20.4688,56.7188,44.6562,2.7697,0.5869,1.6,3.5,3.0,15.2717,9.6772,0.0,53.2,14.0,12.0833,0,0.8669,3
2024-02-23,430.9825,412.078,4.6695,4.7501,7.7768,8.0091,4.317,0.5577,0.2807,0.0742,1.1111,0.6731,47.3017,39.9225,4.1588,177.3073,34.5878,4.6017,4.0012,0.0,11.1375,3.9312,44.4087,27.7691,0.0,92.5831,32.687,27.8631,29.6147,0.0,86.0097,10.9373,23.7324,1.7742,21.0,26.0,24.0,36.0638,10.5449,21.4375,52.8438,34.8281,2.0268,0.2816,1.4,2.6,2.05,46.4162,26.8284,15.0,92.9,33.65,11.8333,0,0.6004,1
2024-02-24,613.9508,564.3278,6.3708,6.4839,7.7982,8.012,5.7661,0.7785,0.1566,0.2419,1.0488,0.7883,66.1282,26.262,20.0187,120.6554,63.5116,7.1148,4.3498,0.0,13.4125,8.575,22.1858,15.6087,0.0,75.8065,21.1707,8.0855,11.1586,0.0,62.4645,4.7682,25.9021,2.8342,20.0,29.0,27.0,42.6088,11.1892,20.4062,58.5312,46.4375,2.1811,0.5032,1.0,3.0,2.1,25.0266,17.8242,1.0,82.4,23.0,11.9167,4,0.817,3
2024-02-25,707.875,677.0814,7.7419,7.9395,7.9324,8.1358,6.8739,0.9807,0.0368,0.6875,1.1,1.0,53.7116,22.0067,12.5659,80.7898,59.8372,8.7889,4.8207,0.0,14.6375,9.8063,2.0009,3.5423,0.0,31.25,0.0,0.2496,1.7817,0.0,21.3438,0.0,26.6875,2.7519,20.0,30.0,27.0,46.8487,12.293,20.4688,61.5938,49.5156,3.1243,0.6287,1.9,4.1,3.2,2.4556,6.2486,0.0,68.3,0.0,12.0,0,0.976,0
2024-02-26,751.5208,707.668,8.1424,8.3292,8.1536,8.3431,7.2034,1.0021,0.0404,0.9145,1.375,1.0,54.5087,24.1908,3.2322,90.8275,61.067,8.9049,5.0223,0.0,15.075,10.125,0.2351,1.177,0.0,8.5492,0.0,0.0152,0.085,0.0,0.7951,0.0,26.069,2.499,20.0,29.0,27.0,47.1269,12.8134,20.4062,62.6875,50.3125,3.6221,0.758,1.8,4.4,3.8,0.4366,2.0025,0.0,13.6,0.0,12.0833,0,0.9986,0
2024-02-27,574.1458,643.2892,7.3328,7.4582,8.0632,8.2276,6.5456,0.9209,0.1194,0.5161,1.5,0.9363,58.3058,21.6537,18.7574,110.5608,56.7002,8.3408,4.5529,0.0,14.6,9.325,9.0663,9.2096,0.0,48.3871,6.3707,1.8915,3.6165,0.0,29.0806,0.4287,26.8219,2.9447,19.0,30.0,28.0,45.6562,11.7715,19.4062,61.5,48.3125,2.2171,0.8381,0.8,3.6,2.1,11.4048,11.3348,0.0,60.1,8.0,12.1667,1,0.9094,0
2024-02-28,657.2583,622.5602,7.1114,7.2309,8.0381,8.1795,6.3344,0.9029,0.1152,0.6057,1.4375,0.9175,56.1627,18.781,17.8756,101.5117,54.5991,8.6507,4.4155,0.0,14.8375,9.9875,10.2405,10.2567,0.0,39.4299,8.2474,2.1685,2.896,0.0,16.324,0.8144,28.1172,3.0743,20.0,31.0,29.0,46.5088,11.2865,20.5,62.0938,49.9688,1.5972,0.6867,0.2,2.4,1.8,11.2607,10.5879,0.0,41.4,9.9,12.0833,2,0.8847,3
2024-02-29,562.1475,630.27,7.1959,7.3157,7.9436,8.0613,6.3965,0.9347,0.0974,0.6519,1.3125,0.9795,61.4569,16.2642,18.6667,91.1057,63.0889,8.9509,4.3477,0.0,14.525,10.2875,6.8926,9.0368,0.0,34.8148,2.0513,1.279,2.3667,0.0,11.837,0.0415,28.7034,2.7516,21.0,32.0,30.0,47.3136,11.0072,21.5,61.3125,50.7188,1.0434,0.2915,0.5,1.7,1.1,7.5138,9.0497,0.0,34.0,3.3,12.0833,2,0.9059,0
2024-03-01,510.3983,527.4144,5.9449,6.0126,7.7529,7.844,5.4123,0.7741,0.1035,0.5711,0.9885,0.7646,60.0319,24.7675,23.7212,154.8946,54.2483,6.8787,3.9439,0.0,12.55,7.5688,22.5862,10.3451,1.1532,42.8862,23.5408,6.5183,4.8465,0.0127,22.0585,5.6744,26.6806,2.224,22.0,30.0,27.0,42.1621,9.9239,22.3438,56.375,43.9219,1.6139,0.501,0.7,2.4,1.65,24.5201,10.804,1.1,55.6,25.0,12.0,3,0.7668,3
2024-03-02,385.605,418.3409,4.8036,4.8764,7.7418,7.8102,4.4152,0.6554,0.2928,0.1089,1.1176,0.5762,60.2469,20.8101,18.645,109.2321,58.9715,5.6484,3.7928,0.0,12.4125,5.0,34.624,29.0471,0.0,89.1139,42.3796,20.4966,21.116,0.0,79.3114,18.2873,26.3521,1.8611,21.0,29.0,27.0,39.0376,9.6148,21.5938,56.0312,37.5,1.3761,0.412,0.7,2.3,1.3,35.2458,28.8894,0.0,89.0,42.9,11.8333,3,0.6205,1
2024-03-03,303.09,319.3691,3.7596,3.8169,7.71,7.7587,3.5075,0.5489,0.3432,0.086,1.0,0.4434,51.7545,29.0437,6.4872,131.1186,47.87,3.9176,3.597,0.0,11.8125,2.8875,45.115,34.3194,0.0,91.4027,55.6604,32.1671,29.744,0.0,83.5421,32.9544,24.539,2.009,20.0,27.0,25.0,34.5379,9.3081,20.4062,54.5312,32.2188,1.261,0.4393,0.4,1.9,1.3,45.9879,33.7399,0.0,91.4,58.0,11.75,0,0.4876,2
2024-03-04,237.1717,255.8493,3.0347,3.0847,7.5422,7.5659,2.9053,0.431,0.2353,0.0948,0.9091,0.3903,49.4195,35.4891,7.6555,168.1679,36.5246,2.9748,2.1358,0.0,7.3625,3.4938,56.9018,23.5294,9.0909,90.5188,60.9659,37.9271,25.2439,0.8545,81.9195,36.5795,23.9348,1.553,20.0,26.0,24.0,32.1812,5.741,20.4062,43.4062,33.7344,1.4949,0.2618,0.9,1.9,1.5,57.2123,23.0951,9.4,90.5,60.0,11.5,2,0.4024,2
2024-03-05,485.9108,517.7689,5.7819,5.8085,7.7237,7.7332,5.3082,0.7051,0.1763,0.229,1.0,0.7001,52.9284,32.7538,10.3265,156.1155,43.7954,6.0143,3.9505,0.0,11.425,7.3688,29.4898,17.627,0.0,77.0968,29.9904,12.1575,12.4378,0.0,59.75,8.9,24.507,2.5648,20.0,28.0,25.0,39.7762,10.301,20.5,53.5625,43.4219,1.8838,0.8419,0.5,2.9,2.2,30.2521,18.7168,0.1,77.5,30.5,11.8333,0,0.7486,3
2024-03-06,500.58,465.4659,5.2209,5.2714,7.6962,7.6848,4.8407,0.7199,0.201,0.3182,1.0,0.7257,64.656,21.0957,25.3561,123.4603,63.3439,5.6979,3.1509,0.0,11.7,6.1,28.008,20.0978,0.0,68.1818,27.4336,11.8372,12.1079,0.0,49.1591,8.5556,25.227,1.6577,21.0,27.0,26.0,39.1124,8.1351,21.4375,54.25,40.25,2.0894,0.7927,0.6,3.1,2.3,28.422,19.656,0.0,72.1,30.0,11.75,0,0.6784,3
2024-03-07,617.5408,611.3599,6.9352,6.9116,7.7478,7.7179,6.2357,0.8656,0.145,0.494,1.0,0.9167,60.0536,28.7457,21.2537,141.15,54.7326,7.7087,4.4711,0.0,13.7625,8.925,13.4408,14.5009,0.0,50.5967,8.3333,4.1215,6.6407,0.0,25.6019,0.8167,25.695,2.5717,21.0,28.0,27.0,44.1396,11.4197,21.5625,59.4062,47.3125,2.3404,0.7076,1.1,3.6,2.1,14.1106,15.6765,0.0,55.6,9.0,11.75,1,0.8951,3
2024-03-08,648.855,605.9144,6.8895,6.8543,7.7752,7.7242,6.1626,0.8616,0.1599,0.3669,1.08,0.8979,58.6144,23.1256,16.1478,131.9707,57.7671,8.2389,4.4273,0.0,14.0375,9.2688,13.9368,15.8829,0.0,63.3094,10.2135,4.5855,9.0563,0.0,41.341,1.0362,27.3169,2.735,21.0,30.0,28.0,45.511,11.2387,21.5312,60.0938,48.1719,2.6021,0.7122,1.5,3.9,2.3,14.5887,16.4558,0.0,65.3,10.95,11.8333,1,0.8861,3
2024-03-09,523.8683,519.7976,5.98,5.9609,7.8178,7.7465,5.377,0.7564,0.2545,0.1546,1.0,0.8648,59.4227,33.9871,12.7787,156.4201,53.6806,7.3657,4.369,0.0,13.9875,7.275,24.357,25.4468,0.0,84.542,13.5181,12.3429,18.4667,0.0,71.1844,2.0318,27.5423,2.5644,21.0,30.0,28.0,43.3345,11.0659,21.4375,59.9688,43.1875,2.0852,0.5839,1.0,2.8,2.3,24.8352,25.1694,0.0,84.2,15.1,11.8333,2,0.7649,1
2024-03-10,382.0567,422.8929,4.8165,4.8229,7.6777,7.5895,4.4375,0.5642,0.2153,0.1703,1.0,0.5449,55.8788,37.2902,12.1015,181.8867,48.099,5.1291,4.0251,0.0,11.5125,4.5813,43.5804,21.5286,0.0,82.967,45.5122,23.4956,19.0356,0.0,68.6967,20.6909,24.5714,2.3202,21.0,28.0,26.0,37.4728,10.5377,21.5625,53.7812,36.4531,2.1364,0.6606,0.9,3.3,2.1,43.2857,21.7695,0.0,82.8,45.9,11.6667,1,0.6273,3
2024-03-11,335.0533,309.0774,3.6363,3.6608,7.6653,7.5562,3.4088,0.5418,0.302,0.1342,1.0,0.473,52.7053,31.8621,4.8804,136.375,49.2071,4.5652,2.6764,0.0,10.0375,4.9188,45.8201,30.2006,0.0,86.5772,52.7035,29.7835,25.7564,0.0,74.4564,26.9843,26.7324,2.1893,21.0,30.0,27.0,36.3354,6.8378,21.4062,50.0938,37.2969,1.2021,0.399,0.8,2.0,1.0,45.6775,29.6401,0.0,86.0,51.2,11.8333,0,0.4744,2
2024-03-12,389.9525,415.5521,4.7076,4.721,7.662,7.5334,4.3642,0.6791,0.2366,0.1632,1.0,0.7268,72.1854,33.3652,24.3166,168.9446,65.8972,5.8374,2.9802,0.0,11.0875,6.0938,32.091,23.6568,0.0,83.6812,27.3154,15.5809,18.3958,0.0,69.4554,7.102,26.9214,2.2411,21.0,29.0,28.0,39.531,7.5818,21.5312,52.7188,40.2344,1.1671,0.3519,0.1,1.6,1.2,31.5914,23.2499,0.0,83.0,26.0,11.6667,3,0.6144,3
2024-03-13,314.5825,351.1059,4.0704,4.0647,7.6374,7.4882,3.7648,0.543,0.3127,0.0767,1.0,0.5993,70.7031,42.3287,5.2649,190.5626,69.474,4.7216,3.7221,0.0,12.475,3.9125,45.7048,31.2675,0.0,92.3319,40.0674,30.3294,30.0188,0.0,84.9454,15.8586,25.587,1.6422,22.0,28.0,26.0,36.6479,9.5185,22.3438,56.1875,34.7812,1.137,0.4628,0.2,1.9,1.3,45.1986,31.1975,0.0,92.2,39.5,11.5,4,0.533,2
2024-03-14,388.5925,402.6433,4.6438,4.626,7.6562,7.4886,4.2595,0.5627,0.25,0.1154,1.0,0.5876,82.6182,61.5231,8.0166,278.112,61.9845,5.2531,4.1534,0.0,13.2125,4.9625,43.7308,25.0037,0.0,88.4615,41.2391,25.0191,22.3528,0.0,77.8462,16.9261,25.4894,2.344,21.0,28.0,26.0,37.84,10.7833,21.4062,58.0312,37.4062,1.3766,0.3161,0.8,2.0,1.3,43.0957,24.952,0.0,88.0,40.5,11.75,5,0.6065,1
2024-03-15,584.6333,577.5835,6.553,6.4467,7.7751,7.584,5.8876,0.8497,0.1232,0.4142,1.0,0.8844,60.7562,23.3185,22.4857,117.057,60.6076,8.0373,4.1524,0.0,14.65,8.875,15.0285,12.3233,0.0,58.5761,11.5629,3.7132,4.9723,0.0,33.3298,1.4185,27.7113,2.5197,21.0,30.0,29.0,45.0167,10.5375,21.375,61.625,47.1875,2.5282,1.0662,0.8,4.2,2.5,15.0106,12.2446,0.0,56.9,12.1,11.8333,4,0.8428,3
2024-03-16,548.2258,570.6882,6.5604,6.4382,7.8827,7.6674,5.8531,0.8094,0.212,0.3281,1.0,0.9007,59.682,25.048,18.2084,109.1325,60.2689,8.1157,4.569,0.0,14.95,7.9062,19.056,21.1951,0.0,67.1875,9.9307,7.8729,11.471,0.0,44.6797,0.9459,27.9085,2.4694,22.0,31.0,29.0,45.2335,11.5262,22.4688,62.375,44.7656,2.5282,0.7962,1.0,3.8,2.6,18.5092,20.7088,0.0,66.5,9.5,11.8333,1,0.8323,3
2024-03-17,480.0292,521.4941,5.9155,5.8154,7.6977,7.4691,5.3654,0.7346,0.1958,0.2131,1.0,0.7989,58.6759,28.322,6.2444,141.3477,55.4951,6.8197,4.2758,0.0,13.25,6.7438,26.537,19.576,0.0,78.6885,20.1122,10.597,15.1046,0.0,61.2197,3.8432,26.1214,2.5431,21.0,29.0,27.0,41.9665,10.8314,21.6562,58.125,41.8594,1.4521,0.3541,0.5,1.9,1.5,25.7757,19.4049,0.0,77.8,19.1,11.6667,1,0.7685,3
2024-03-18,433.7983,519.2467,5.9118,5.8098,7.766,7.5139,5.3485,0.7705,0.214,0.1656,1.0,0.8084,59.0801,21.8639,14.222,103.8289,64.4842,7.1494,4.1687,0.0,13.3125,6.8438,22.9455,21.3995,0.0,83.4356,19.1583,9.4764,12.9884,0.0,68.9178,3.5935,27.1972,2.456,22.0,30.0,28.0,42.8094,10.5376,22.3438,58.2812,42.1094,1.1669,0.5463,0.1,2.0,1.1,22.2739,20.6688,0.0,82.6,21.8,11.8333,2,0.7612,3
2024-03-19,546.1892,569.6215,6.4487,6.2925,7.7032,7.4354,5.8103,0.8337,0.1668,0.3975,1.0,0.8522,74.1033,40.4849,14.5904,220.5411,73.0419,7.7221,4.1732,0.0,14.375,8.6,16.6266,16.6806,0.0,60.2455,14.7816,5.301,7.9479,0.0,34.9424,2.0694,27.0922,2.1742,22.0,29.0,28.0,44.2431,10.5538,22.3438,60.9375,46.5,1.3908,0.5322,0.2,2.2,1.4,16.0092,16.0371,0.0,58.0,14.0,11.75,6,0.8371,3
2024-03-20,364.2975,475.4549,5.2944,5.249,7.4621,7.1951,4.9006,0.6982,0.1576,0.1972,1.0,0.7087,48.6764,28.8401,4.7832,110.1844,44.5672,5.7489,3.3924,0.0,10.45,5.9813,30.1843,15.7564,0.0,80.2817,29.127,10.9624,11.9584,0.0,63.6634,7.8643,24.8768,1.9006,21.0,27.0,26.0,39.2638,8.6785,21.7812,51.125,39.9531,1.4145,0.3966,0.6,1.9,1.5,28.3638,15.379,0.0,79.3,27.0,11.5,0,0.7095,3
2024-03-21,429.2758,447.2557,4.9998,4.9783,7.5664,7.2677,4.6486,0.6706,0.0968,0.2895,0.8785,0.6693,48.4509,20.2222,7.1916,97.2409,45.7472,5.5074,3.1586,0.0,10.2625,6.1125,32.9379,9.6832,12.1495,71.0526,33.0695,10.9492,6.549,1.3486,50.5895,10.1338,25.0942,1.9959,21.0,28.0,26.0,38.6805,8.0615,21.8438,50.6562,40.2812,2.379,0.6386,1.3,3.2,2.5,30.5471,9.254,11.1,71.2,30.45,11.5,0,0.6608,3
2024-03-22,481.665,455.7004,5.1793,5.0982,7.5881,7.267,4.744,0.6319,0.1786,0.1379,0.8722,0.6734,55.7731,27.7089,16.2058,138.7702,50.4152,5.952,3.991,0.0,12.2875,5.325,36.8081,17.855,12.7812,86.2069,32.6648,15.8952,15.6212,1.5337,73.3621,9.8974,25.5912,2.6109,21.0,28.0,27.0,39.7682,10.158,21.5938,55.7188,38.3125,2.2358,0.4447,0.9,2.8,2.3,34.7066,17.6212,12.0,85.1,30.0,11.4167,4,0.6826,3
2024-03-23,126.2667,108.3628,1.5728,1.5998,7.3843,7.0673,1.5486,0.2293,0.106,0.0721,0.5,0.2254,31.8018,26.8309,4.0555,113.0337,19.3318,0.7827,1.1176,0.0,4.6875,0.1625,77.0673,10.5992,50.0,92.7911,77.4554,59.514,16.092,24.2,85.6462,58.8661,21.7883,0.7218,21.0,23.0,22.0,26.0935,3.537,21.375,36.7188,25.4062,1.6737,0.4527,0.3,2.1,1.9,75.7022,11.1532,48.0,92.3,76.0,11.4167,0,0.213,2
2024-03-24,509.6833,422.4806,4.8526,4.7551,7.5962,7.2345,4.4764,0.6119,0.2323,0.1476,0.9476,0.6186,60.7078,34.7736,7.463,148.112,57.6783,4.9807,3.961,0.0,12.2375,3.5,38.8106,23.2329,5.2361,85.2414,38.1443,19.4392,19.703,0.2618,71.8585,12.9807,23.9854,2.1895,20.0,26.0,25.0,37.268,10.1582,20.8125,55.5938,33.75,2.7409,0.7293,1.4,3.8,2.6,36.5912,22.744,5.0,84.3,34.6,11.4167,1,0.6388,3
2024-03-25,359.7408,318.8212,3.7163,3.7022,7.5848,7.2033,3.4834,0.4562,0.2051,0.1261,0.828,0.4676,53.0001,33.1245,15.1887,142.1336,38.3598,3.7065,3.3688,0.0,10.4125,2.8375,54.3777,20.5101,17.1968,87.3938,53.2353,32.4385,21.7938,2.7515,75.683,26.6227,23.8248,1.8427,20.0,26.0,24.0,33.9973,8.7499,20.375,51.0312,32.0938,1.9686,0.9385,0.2,3.2,2.1,51.8898,20.7712,16.0,86.6,50.0,11.4167,2,0.49,2
2024-03-26,386.9825,411.6967,4.5933,4.5427,7.5392,7.1463,4.3064,0.5936,0.1761,0.1391,0.9386,0.6176,70.2004,32.7134,19.5099,181.3364,64.8695,4.6977,3.0073,0.0,9.7,5.3813,40.6408,17.6094,6.1433,86.087,38.2442,18.3926,15.9451,0.344,73.4322,13.1219,23.5821,2.0821,20.0,27.0,24.0,36.4366,8.0376,20.5625,49.25,38.4531,1.0724,0.354,0.5,1.5,1.1,37.8022,17.366,5.6,85.3,34.65,11.1667,5,0.6093,3
2024-03-27,247.7742,231.4528,2.7856,2.8054,7.4855,7.0795,2.6659,0.3698,0.1904,0.0433,0.8046,0.3545,56.4463,42.0472,7.8446,205.1861,41.3595,2.3942,2.4668,0.0,9.6375,1.675,63.0229,19.0417,19.5391,95.6667,64.5508,41.8572,24.0406,3.517,91.266,40.0215,23.0146,1.5624,20.0,25.0,23.0,30.6394,6.5623,20.375,49.0938,29.1875,1.8015,0.7816,0.2,3.2,2.0,60.4182,20.0285,18.0,95.4,62.0,11.4167,4,0.3721,2
2024-03-28,322.0833,319.6764,3.6224,3.631,7.4092,6.9889,3.4087,0.4456,0.2114,0.0543,0.7609,0.4989,53.4982,34.9274,3.6265,138.7818,46.0845,3.7677,3.1759,0.0,9.9875,3.9375,55.4439,21.1374,23.9087,94.5736,50.1142,33.7316,27.4446,5.2599,89.0438,23.0645,23.5692,2.2514,20.0,26.0,24.0,34.0185,8.4636,20.5938,49.9688,34.8438,2.1285,0.9656,0.3,3.5,2.05,52.4708,22.1421,22.0,94.2,45.45,10.8333,4,0.4889,2
2024-03-29,416.295,491.3842,5.5523,5.3753,7.5928,7.1353,5.0854,0.7345,0.188,0.4398,1.0,0.8043,50.9494,25.0458,14.2921,134.0094,44.6083,6.1049,4.1385,0.0,12.1,6.3375,26.5515,18.8044,0.0,56.0217,19.5726,9.5786,9.8741,0.0,29.3553,3.5231,25.0504,2.8293,20.0,28.0,26.0,40.0295,10.7187,20.5625,55.25,40.8438,3.2417,0.7932,1.6,4.6,2.9,24.0863,17.0884,0.0,52.4,18.0,11.5833,1,0.7313,3
2024-03-30,337.5225,431.6927,4.9528,4.7453,7.5352,7.062,4.5007,0.6249,0.3563,0.0347,1.0,0.7095,54.5641,30.7191,11.0563,114.3371,56.8556,5.66,4.6263,0.0,13.0125,5.6062,37.5122,35.6347,0.0,96.5338,29.0453,25.9346,32.076,0.0,92.8655,7.2851,25.5435,2.0827,21.0,29.0,26.0,39.0023,11.7588,21.5312,57.5312,39.0156,1.2449,0.7243,0.1,2.5,1.4,36.0717,35.0913,0.0,96.2,23.9,11.5,1,0.6573,1
2024-03-31,418.1483,547.2669,6.1395,5.8568,7.4881,7.0009,5.5785,0.7614,0.1878,0.1935,1.0,0.8155,56.6608,27.7229,13.7783,130.3346,49.4264,6.9425,4.1991,0.0,13.175,7.725,23.8619,18.7791,0.0,80.6452,18.4466,8.389,13.5623,0.0,62.2581,3.1203,25.1259,2.6917,20.0,28.0,26.0,42.1801,10.8131,20.375,57.9375,44.3125,1.6719,0.1987,1.3,2.1,1.6,21.6163,17.4022,0.0,77.2,16.8,11.25,0,0.8199,3
2024-04-01,527.3833,521.7125,5.9328,5.6644,7.5134,7.004,5.3546,0.7238,0.2207,0.1528,1.0,0.7715,54.4167,26.0061,18.6637,110.12,45.7627,7.1468,4.4366,0.0,13.7625,8.2688,27.6232,22.0747,0.0,84.7222,22.8513,11.3816,14.8835,0.0,69.8111,4.6171,26.4044,2.4294,21.0,29.0,27.0,42.7631,11.2698,21.5938,59.4062,45.6719,1.8853,0.5799,0.7,2.7,2.0,25.0529,20.4182,0.0,82.4,20.2,11.3333,0,0.7896,3
2024-04-02,288.6892,302.7612,3.548,3.5029,7.4185,6.9034,3.3387,0.4666,0.239,0.1103,0.9443,0.4444,73.0792,55.0986,6.7868,261.2737,62.7767,3.4106,3.1825,0.0,11.4125,2.5375,53.3359,23.9003,5.5749,88.9655,55.5556,32.4193,23.9205,0.2676,78.2897,27.9807,23.4526,1.4551,21.0,25.0,24.0,33.1642,8.382,21.5312,53.5312,31.3438,1.208,0.4484,0.6,2.8,1.3,50.0526,24.1981,4.8,88.0,51.0,11.4167,3,0.4783,2
2024-04-03,433.2608,389.259,4.4041,4.2592,7.4072,6.8748,4.1188,0.6194,0.2758,0.1538,1.0,0.6472,58.1017,26.1265,14.7802,133.5354,56.8357,4.5903,3.1673,0.0,9.8625,4.3188,38.0615,27.5752,0.0,84.6154,35.2778,20.7696,22.7979,0.0,70.0375,10.2727,24.125,1.774,20.0,27.0,25.0,36.2686,8.2479,20.5,49.6562,35.7969,1.1324,0.3442,0.5,1.6,1.1,35.239,26.9428,0.0,83.0,29.9,11.3333,2,0.5946,2
2024-04-04,388.9067,362.22,4.1024,3.9319,7.3727,6.8288,3.8579,0.5922,0.2973,0.0829,1.0,0.6987,73.7972,51.4934,14.9088,214.5961,56.6011,3.9416,3.0584,0.0,8.775,3.2688,40.7807,29.7289,0.0,91.7073,30.1331,24.1931,28.5373,0.0,83.4537,7.3797,23.3235,0.9652,21.0,24.0,24.0,34.6353,7.9554,21.3438,46.9375,33.1719,1.6721,0.7529,0.3,2.9,1.5,37.9684,29.6158,0.0,91.0,24.4,11.3333,0,0.5564,2
2024-04-05,459.9892,504.3527,5.6515,5.3983,7.4822,6.8998,5.1866,0.7243,0.1566,0.2525,0.9891,0.7448,65.3245,26.7405,20.8521,144.9391,60.5639,6.0728,3.9262,0.0,13.2375,6.5125,27.573,15.6552,1.0934,74.7475,25.5217,8.7067,8.8392,0.0109,51.8,5.7499,24.6522,1.8665,21.0,27.0,25.0,40.0095,10.0985,21.5625,58.0938,41.2812,1.8362,0.4375,0.9,2.6,1.8,24.0283,13.4915,1.0,69.3,22.55,11.5,1,0.7553,3
2024-04-06,435.0817,456.0743,5.1427,4.8893,7.4511,6.8578,4.7154,0.6749,0.302,0.0848,1.0,0.7455,68.6129,33.3059,15.7365,157.0378,70.1885,5.9943,3.8706,0.0,12.525,6.2375,32.511,30.204,0.0,91.5152,25.4491,18.5915,24.1935,0.0,82.1806,5.3613,25.145,1.906,20.0,27.0,26.0,39.8664,9.8814,20.5312,56.3125,40.5938,2.2618,0.4856,1.1,3.1,2.3,30.3817,29.1151,0.0,89.8,22.0,10.9167,3,0.6902,1
2024-04-07,507.545,498.8255,5.5521,5.2443,7.5082,6.8886,5.1268,0.7773,0.2103,0.2442,1.0,0.7997,69.3203,28.7008,18.3716,135.4139,69.259,6.0968,3.2619,0.0,10.9625,6.4625,22.266,21.0288,0.0,75.5767,20.034,8.5438,13.7254,0.0,55.0954,3.5059,24.9197,1.9215,20.0,27.0,26.0,40.117,8.4105,20.5312,52.4062,41.1562,3.4051,0.7038,1.9,4.6,3.2,19.9781,19.6915,0.0,72.9,16.8,11.4167,0,0.7395,3
2024-04-08,505.2817,524.5677,5.9856,5.6302,7.5362,6.8961,5.4072,0.7224,0.2668,0.2143,1.0,0.7781,58.6399,26.7776,12.0689,110.0541,59.8673,6.8513,4.4354,0.0,13.8375,7.0375,27.7629,26.6809,0.0,78.5714,22.1896,13.2882,17.0266,0.0,58.3786,4.4089,25.5912,2.6053,20.0,28.0,27.0,41.9751,11.3472,20.6562,59.5938,42.5938,2.6912,0.8256,1.5,4.2,2.6,24.7124,24.3583,0.0,74.3,19.0,11.4167,2,0.7942,1
2024-04-09,476.8217,488.0315,5.5804,5.2552,7.4333,6.7872,5.0612,0.7362,0.2559,0.2065,1.0,0.7216,67.3375,31.8787,20.2505,178.063,64.8726,6.8348,4.0777,0.0,13.9125,6.1,26.3839,25.5863,0.0,79.3478,27.8371,12.019,15.3326,0.0,58.5587,5.3763,26.6934,2.6832,20.0,29.0,28.0,41.9683,10.4091,20.4688,59.7812,40.25,1.5496,0.4931,0.8,2.5,1.6,23.2058,23.3398,0.0,73.8,20.0,11.4167,5,0.7507,1
2024-04-10,430.6367,415.7845,4.7504,4.4673,7.3532,6.6983,4.3485,0.5999,0.3339,0.067,1.0,0.778,57.6251,38.1637,5.4516,181.7521,54.6721,5.287,4.252,0.0,12.4625,4.5562,40.0068,33.3881,0.0,93.3014,22.2003,25.8507,30.8415,0.0,85.6507,3.8526,24.9338,1.9059,21.0,27.0,25.0,38.0324,10.8769,21.4688,56.1562,36.3906,1.2926,0.3681,0.7,2.1,1.2,37.5176,32.8128,0.0,91.8,18.0,11.3333,3,0.646,1
2024-04-11,426.5733,439.9031,4.8967,4.6869,7.2636,6.6056,4.565,0.6546,0.2165,0.3003,1.0,0.6557,57.464,29.4476,10.5869,145.4301,53.1427,4.9851,3.3081,0.0,10.025,6.2625,34.5401,21.6458,0.0,69.9686,34.4343,14.6597,13.8273,0.0,46.3192,10.1618,23.5672,1.3789,21.0,25.0,24.0,37.2705,8.581,21.4688,50.0625,40.6562,0.7724,0.4506,0.1,1.5,0.9,30.4358,19.4102,0.0,66.2,30.0,11.1667,1,0.6741,3
2024-04-12,244.8533,277.427,3.2038,3.2251,7.1981,6.5349,3.0666,0.436,0.1687,0.0797,0.7801,0.4594,46.014,20.159,6.1564,99.1141,41.269,3.1126,2.147,0.0,7.55,3.575,56.4013,16.875,21.9858,92.029,54.0616,32.0267,20.6643,3.3418,82.8261,25.6183,23.3231,0.8735,21.0,24.0,24.0,32.5647,5.7099,21.4688,43.875,33.9375,2.8585,0.4395,1.8,3.6,2.95,51.3269,18.4533,15.2,90.0,48.0,10.8333,3,0.4451,2
2024-04-13,570.595,603.9103,6.8606,6.2721,7.3419,6.6348,6.1535,0.8862,0.1449,0.4211,1.0,0.9455,54.9323,22.6328,9.3274,85.3422,62.4311,7.8972,4.5783,0.0,13.9125,8.4438,11.3808,14.4876,0.0,57.8947,5.4471,2.6001,5.2268,0.0,28.7158,0.2724,25.6912,2.493,21.0,28.0,27.0,44.6082,11.6916,21.5,59.7812,46.1094,3.4706,0.5619,2.2,4.5,3.5,9.1125,10.9359,0.0,49.6,5.0,11.3333,0,0.9344,3
2024-04-14,575.9367,639.7396,7.2198,6.5219,7.4388,6.6967,6.4857,0.9569,0.0865,0.5385,1.0,1.0,56.2179,20.9427,11.7306,89.116,60.6397,8.1275,4.294,0.0,13.675,9.275,4.3064,8.6499,0.0,46.1538,0.0,0.6665,2.1757,0.0,13.7455,0.0,25.4015,2.5766,20.0,28.0,26.0,45.1635,11.0504,20.4062,59.1875,48.1875,3.3131,0.7756,2.1,4.9,3.0,3.3591,6.1634,0.0,33.6,0.0,11.4167,1,0.9706,0
2024-04-15,482.6958,589.4301,6.6125,6.0356,7.3992,6.6469,5.988,0.8611,0.1289,0.3964,1.0,0.9009,57.5893,23.0389,18.0597,117.1272,55.5662,7.4381,4.0496,0.0,12.4875,8.65,13.8944,12.8907,0.0,60.355,9.9138,2.7526,4.9841,0.0,29.5136,0.8912,25.3577,2.2808,20.0,28.0,26.0,43.4576,10.399,20.375,56.2188,46.625,4.5168,0.8815,2.6,5.9,4.6,11.1781,9.5309,0.0,48.9,9.0,11.4167,1,0.8937,3
2024-04-16,642.3517,622.6663,7.0618,6.38,7.379,6.6126,6.3304,0.9174,0.1408,0.3824,1.0,0.989,55.3599,24.6013,3.0151,97.629,57.7862,8.0839,4.481,0.0,13.6125,8.925,8.2617,14.0779,0.0,61.7647,1.103,1.9913,5.0575,0.0,34.3412,0.011,25.6324,2.4215,20.0,28.0,26.0,45.1041,11.4102,20.4062,59.0312,47.3125,4.5265,0.8244,3.1,5.9,4.35,6.436,10.5398,0.0,55.6,1.0,11.3333,1,0.957,0
2024-04-17,607.5083,621.6019,7.0511,6.3475,7.3209,6.5436,6.3031,0.9216,0.1371,0.4231,1.0,1.0,56.5466,23.8252,5.8205,95.8705,58.1964,8.48,4.3725,0.0,13.925,9.6125,7.8387,13.7075,0.0,57.6923,0.0,1.7405,4.5959,0.0,25.6731,0.0,26.5259,2.5299,21.0,29.0,27.0,46.1123,11.1115,21.5938,59.8125,49.0312,3.0741,0.4,2.1,3.7,3.0,5.8407,9.5175,0.0,44.5,0.0,11.25,0,0.9631,0
2024-04-18,568.3875,604.2615,6.8657,6.18,7.3003,6.5107,6.1424,0.9223,0.1262,0.32,1.0,1.0,57.0493,23.68,6.4948,94.4668,62.0833,8.3921,4.353,0.0,14.3,8.9625,7.7657,12.6205,0.0,68.0,0.0,1.71,4.4067,0.0,40.12,0.0,26.8222,2.4824,21.0,29.0,28.0,45.8935,11.0611,21.4062,60.75,47.4062,2.6022,0.4549,1.8,3.3,2.6,6.243,9.929,0.0,59.0,0.0,11.25,0,0.9405,0
2024-04-19,432.625,502.8757,5.7258,5.2462,7.201,6.4145,5.1761,0.743,0.2735,0.1562,1.0,0.8768,57.4914,33.2395,9.3723,169.2056,52.3184,6.9638,4.3389,0.0,13.525,7.15,25.7028,27.3467,0.0,84.375,12.3202,12.5294,18.358,0.0,66.825,1.3552,26.2687,2.4775,20.0,29.0,27.0,42.2924,11.0511,20.3438,58.8125,42.875,2.2866,0.4522,1.6,3.4,2.1,22.6478,24.8169,0.0,79.2,11.0,11.1667,2,0.7951,1
2024-04-20,512.875,585.4535,6.571,5.9207,7.3354,6.5073,5.9441,0.8754,0.1415,0.3125,1.0,0.9221,60.6047,21.8726,20.4782,108.6365,55.8551,7.7011,3.9481,0.0,13.1,8.0625,12.4641,14.1499,0.0,68.75,7.79,2.7941,6.2891,0.0,40.5625,0.5453,25.7388,2.4493,21.0,28.0,27.0,44.1278,10.1294,21.375,57.75,45.1562,4.1851,0.5329,3.4,5.3,4.0,10.153,11.04,0.0,59.0,7.0,11.1667,2,0.8958,3
2024-04-21,631.165,620.0198,6.9669,6.2263,7.4948,6.6267,6.2963,0.9167,0.1003,0.5972,1.0,0.9507,56.9191,23.0798,15.0421,117.8554,58.8171,7.5955,4.2277,0.0,12.9625,8.8813,8.3344,10.0331,0.0,40.2778,4.9331,1.2536,2.0523,0.0,8.7,0.2181,24.6176,2.5735,19.0,27.0,25.5,43.8279,10.8844,19.6562,57.4062,47.2031,3.9985,0.7008,2.9,5.1,3.85,6.5868,7.2342,0.0,26.4,4.45,11.3333,1,0.9296,0
2024-04-22,497.0125,496.9758,5.6572,5.1679,7.4328,6.5563,5.1487,0.736,0.2853,0.1881,1.0,0.8492,60.1389,25.6686,12.9498,128.7251,63.4352,6.3466,4.231,0.0,12.8,5.9438,26.3964,28.532,0.0,81.1881,15.0845,13.231,17.6489,0.0,61.1347,2.0396,25.0956,2.8749,18.0,28.0,26.0,40.6946,10.8662,18.625,57.0,39.8594,2.7103,0.9428,1.4,4.5,2.6,23.0404,25.4192,0.0,75.3,13.5,11.3333,5,0.7611,1
2024-04-23,497.7683,512.0957,5.795,5.2898,7.3962,6.5052,5.264,0.7608,0.252,0.2006,1.0,0.8658,63.5012,27.0574,17.707,139.0836,64.7922,6.9669,3.9542,0.0,12.775,7.6625,23.9189,25.2044,0.0,79.9353,13.4182,10.2876,14.413,0.0,59.8715,1.6102,26.2,2.7987,19.0,29.0,27.0,42.2972,10.1174,19.625,56.9375,44.1562,2.18,0.7955,1.0,3.6,2.0,20.4467,21.6863,0.0,74.9,12.0,11.25,6,0.7835,1
2024-04-24,392.3633,418.8628,4.8153,4.3808,7.2884,6.4005,4.4059,0.6802,0.3106,0.1126,1.0,0.7696,63.7466,35.8445,17.1967,185.5322,58.5731,6.0327,3.7243,0.0,12.575,4.775,31.9756,31.0601,0.0,88.7387,23.0366,18.0726,24.5527,0.0,77.114,4.5365,26.6,2.5398,20.0,29.0,27.0,39.9759,9.503,20.375,56.4375,36.9375,1.7074,0.9484,0.1,3.2,1.7,28.4156,29.4262,0.0,86.9,19.0,11.25,6,0.6607,1
2024-04-25,565.4183,595.0177,6.762,6.0088,7.3027,6.3975,6.0511,0.8939,0.1701,0.1852,1.0,0.9888,59.926,27.096,7.7279,133.7076,60.9368,8.266,4.3996,0.0,14.15,8.8375,10.611,17.0117,0.0,81.4815,1.1223,3.1176,8.0077,0.0,59.4815,0.0112,26.7926,2.501,20.0,29.0,28.0,45.5759,11.1796,20.5625,60.375,47.0938,3.4852,0.8016,2.1,4.7,3.5,8.4681,13.2463,0.0,73.0,1.0,11.25,3,0.926,3
2024-04-26,602.1708,624.2779,7.061,6.1949,7.3128,6.3872,6.3276,0.9612,0.0826,0.4211,1.0,1.0,56.8431,22.5654,9.765,112.1576,57.6465,8.3873,4.3103,0.0,13.9125,9.6875,3.8849,8.2617,0.0,57.8947,0.0,0.6076,2.5583,0.0,23.4474,0.0,26.2222,2.8617,19.0,29.0,27.0,45.8361,11.0546,19.5625,59.7812,49.2188,3.9207,0.657,2.2,4.7,4.0,3.1326,6.0062,0.0,40.5,0.0,11.25,1,0.9656,0
2024-04-27,612.7458,631.8365,7.1624,6.2674,7.2432,6.313,6.4044,0.9549,0.1492,0.2289,1.0,1.0,53.5918,27.3583,3.0289,117.0038,55.984,8.3777,4.5631,0.0,13.825,9.4125,4.5095,14.916,0.0,77.1084,0.0,1.7684,7.0921,0.0,48.8096,0.0,25.8963,3.0865,19.0,29.0,27.0,45.7919,11.7123,19.5312,59.5625,48.5312,3.2074,0.7566,1.9,4.2,3.4,3.3007,10.9905,0.0,63.3,0.0,11.25,0,0.9888,0
2024-04-28,545.2692,570.4656,6.4578,5.7357,7.2685,6.3181,5.8168,0.864,0.1695,0.4206,1.0,0.9228,59.4451,27.1831,16.6833,149.6562,58.7086,7.7241,4.286,0.0,13.15,8.625,13.6047,16.9548,0.0,57.9365,7.7151,3.5197,6.0577,0.0,26.8247,0.5401,26.2222,3.0264,19.0,29.0,27.0,44.1606,11.0108,19.5312,57.875,46.5625,2.803,0.4366,2.1,3.6,2.7,10.5815,12.5691,0.0,47.4,7.0,11.25,3,0.8885,3
2024-04-29,501.0708,610.8045,6.9468,6.0826,7.3067,6.3328,6.2056,0.9259,0.122,0.4444,1.0,1.0,58.349,25.4396,8.0166,113.6415,62.0705,8.4393,4.4998,0.0,14.3125,9.2875,7.4081,12.1978,0.0,55.5556,0.0,1.3688,3.1604,0.0,16.2222,0.0,26.6667,2.8416,19.0,30.0,28.0,45.9634,11.5239,19.5,60.7812,48.2188,3.1193,0.6561,1.9,4.2,3.0,5.4511,8.1435,0.0,32.0,0.0,11.25,2,0.9508,0
2024-04-30,583.7858,587.564,6.6869,5.8822,7.2774,6.2949,5.9764,0.874,0.2018,0.1827,1.0,1.0,58.5512,25.6435,7.8258,124.4903,58.8194,8.2539,4.5288,0.0,14.275,9.2625,12.6017,20.176,0.0,81.7308,0.0,4.4486,10.7299,0.0,57.375,0.0,26.9259,2.9489,19.0,30.0,28.0,45.5007,11.5881,19.5,60.6875,48.1562,3.0385,0.7156,2.1,4.5,2.8,10.0896,15.984,0.0,70.2,0.0,11.25,2,0.9189,3
2024-05-01,504.8133,591.9544,6.6818,5.8513,7.2372,6.2493,6.0057,0.9014,0.1413,0.3217,1.0,0.9773,58.9998,19.6861,12.0463,96.661,58.5126,8.0643,4.2278,0.0,13.65,9.225,9.8564,14.1251,0.0,67.8322,2.2684,2.0971,4.9656,0.0,35.6797,0.0439,26.4593,2.7421,19.0,29.0,27.0,45.0197,10.8623,19.4375,59.125,48.0625,2.7533,0.6599,1.9,4.2,2.5,7.5296,9.8213,0.0,52.6,2.0,11.25,2,0.9232,0
2024-05-02,582.1683,546.1473,6.2349,5.5237,7.2554,6.2508,5.5925,0.8132,0.2493,0.2212,1.0,0.9783,56.5669,24.8823,9.765,110.7852,60.3269,7.7094,4.5224,0.0,14.1125,8.6375,18.6779,24.9267,0.0,77.8846,2.1739,8.0235,14.5396,0.0,54.0519,0.0435,26.8074,3.0798,19.0,30.0,28.0,44.1266,11.581,19.4375,60.2812,46.5938,2.6822,0.6592,1.8,3.9,2.4,15.4133,20.9921,0.0,69.4,2.0,11.25,4,0.8593,3
2024-05-03,519.235,595.5544,6.7032,5.8195,7.1699,6.1652,6.0278,0.9278,0.1121,0.3163,1.0,0.9967,56.0634,20.0529,19.996,96.6559,54.9619,8.1899,4.1029,0.0,13.425,9.1875,7.2193,11.2113,0.0,68.3673,0.3328,1.246,3.648,0.0,32.201,0.001,26.7407,2.6904,20.0,29.0,28.0,45.3609,10.5032,20.4062,58.5625,47.9688,2.9452,0.5531,1.7,3.5,3.1,5.5422,7.7827,0.0,47.1,0.3,11.25,1,0.9349,0
2024-05-04,638.2542,652.2078,7.4138,6.3478,7.4142,6.3481,6.6096,0.9998,0.0018,0.9789,1.0,1.0,53.6865,25.1821,3.1334,86.4083,60.7558,8.7022,4.6121,0.0,14.3,9.6375,0.0156,0.1816,0.0,2.1097,0.0,0.0002,0.0027,0.0,0.0316,0.0,25.9778,3.1587,18.0,29.0,27.0,46.5718,11.9092,18.4375,60.75,49.0938,3.7385,0.7258,2.4,4.8,3.8,0.0111,0.1291,0.0,1.5,0.0,11.25,0,0.9999,0
2024-05-05,563.4317,619.0811,6.9955,6.0378,7.2531,6.2061,6.2907,0.9393,0.108,0.4202,1.0,0.9881,54.3559,24.9195,8.3702,92.5692,59.0,7.8802,4.4212,0.0,13.475,8.8375,6.0749,10.8049,0.0,57.9832,1.1893,0.946,2.7966,0.0,18.6126,0.0119,25.0444,2.8491,18.0,28.0,26.0,44.4764,11.4886,18.3438,58.6875,47.0938,4.1519,0.6589,2.7,5.5,4.1,4.257,6.524,0.0,32.1,1.0,11.25,0,0.9645,0
2024-05-06,371.3133,453.5611,5.0518,4.6063,7.076,6.0464,4.6818,0.723,0.1643,0.4234,1.0,0.7421,64.3863,27.334,24.1372,125.0892,60.0691,5.7725,3.3129,0.0,10.1875,6.6438,27.7001,16.4291,0.0,57.6605,25.7864,8.0189,7.2553,0.0,29.4068,5.6565,25.0373,2.8322,19.0,28.0,26.0,39.1747,8.7774,19.4375,50.4688,41.6094,4.706,0.7973,3.0,5.9,4.9,21.8157,12.5529,0.0,51.0,22.0,11.1667,2,0.7139,3
2024-05-07,615.5683,626.0846,7.0201,5.987,7.1078,6.055,6.3445,0.9873,0.0399,0.6571,1.0,1.0,51.9962,23.891,11.4822,85.381,57.9328,7.7303,4.1712,0.0,13.05,8.7688,1.2723,3.9936,0.0,34.2857,0.0,0.0989,0.5904,0.0,5.76,0.0,24.5299,2.7053,19.0,27.0,26.0,44.1756,10.7288,19.8438,57.625,46.9219,4.3799,0.8571,2.7,5.7,4.4,0.9537,2.2684,0.0,16.8,0.0,11.1667,0,0.9877,0
2024-05-08,593.48,622.8139,7.0338,6.018,7.2463,6.1536,6.329,0.9519,0.1011,0.5312,1.0,1.0,55.3514,27.9976,3.1861,123.7202,55.6747,7.8831,4.4454,0.0,13.4375,8.9438,4.8112,10.1136,0.0,46.875,0.0,0.8135,2.2831,0.0,12.9844,0.0,24.8209,3.2091,17.0,28.0,26.0,44.5049,11.5129,17.875,58.5938,47.3594,3.3127,0.9228,1.9,5.0,3.1,3.409,6.5877,0.0,27.7,0.0,11.1667,0,0.9707,0
2024-05-09,622.64,641.6994,7.2329,6.127,7.2329,6.127,6.504,1.0,0.0,1.0,1.0,1.0,52.6463,25.0783,3.0699,86.6249,58.4834,8.0606,4.4088,0.0,13.3875,9.1062,0.0,0.0,0.0,0.0,0.0,0.0,0.0,0.0,0.0,0.0,24.709,3.0357,17.0,28.0,26.0,44.9503,11.4275,17.8125,58.4688,47.7656,3.4791,0.5971,2.1,4.0,3.8,0.0007,0.0086,0.0,0.1,0.0,11.1667,0,1.0,0
2024-05-10,542.635,613.7087,6.843,5.8178,7.2318,6.1138,6.2107,0.9629,0.0561,0.7772,1.0,1.0,55.399,21.263,15.7788,85.635,58.861,7.5178,3.9901,0.0,12.9625,8.8688,3.7058,5.6101,0.0,22.2803,0.0,0.3914,0.7618,0.0,4.2333,0.0,24.4179,2.9693,17.0,27.0,26.0,43.5681,10.4483,17.8125,57.4062,47.1719,3.5254,0.8069,2.1,4.8,3.5,3.2254,4.884,0.0,19.0,0.0,11.1667,1,0.9462,0
2024-05-11,590.9492,624.6579,7.059,6.009,7.1915,6.069,6.3321,0.9302,0.1741,0.3363,1.0,1.0,54.3286,30.8903,3.1659,126.145,52.9963,8.1078,4.5283,0.0,13.625,9.35,6.9849,17.4148,0.0,66.3717,0.0,2.1507,6.0635,0.0,27.8097,0.0,24.9624,3.5235,16.0,28.0,26.0,44.8656,12.1236,16.75,59.0625,48.375,1.8414,0.5796,1.0,2.8,1.7,4.3496,10.7202,0.0,41.9,0.0,11.0833,0,0.9816,0
2024-05-12,603.9725,636.7387,7.2282,6.085,7.2282,6.085,6.4482,1.0,0.0,1.0,1.0,1.0,52.8892,25.1974,3.1659,87.5903,58.4097,8.7477,4.5669,0.0,14.225,9.95,0.0,0.0,0.0,0.0,0.0,0.0,0.0,0.0,0.0,0.0,26.2331,3.8235,16.0,30.0,28.0,46.6133,11.9582,16.75,60.5625,49.875,1.7203,0.4217,0.8,2.2,1.7,0.0,0.0,0.0,0.0,0.0,11.0833,0,1.0,0
2024-05-13,561.3625,575.1506,6.4732,5.5356,6.9777,5.8758,5.8306,0.895,0.1415,0.3696,1.0,0.9473,57.1224,22.5148,13.8356,99.5539,54.8464,8.0622,4.0731,0.0,13.825,9.3312,10.497,14.1487,0.0,63.0435,5.2729,2.0424,4.4909,0.0,28.0543,0.2269,26.6364,3.2721,20.0,30.0,28.0,45.0263,10.4576,20.5312,59.5625,48.3281,0.8008,0.28,0.1,1.2,0.8,7.4561,9.2125,0.0,44.5,4.3,11.0,2,0.9277,3
2024-05-14,567.4067,607.7303,6.8849,5.8113,6.9984,5.877,6.1602,0.9578,0.1192,0.3143,1.0,1.0,53.4293,27.647,2.9797,108.0289,52.6883,8.4429,4.4223,0.0,13.85,9.5375,4.2205,11.9181,0.0,68.5714,0.0,0.9338,3.5443,0.0,30.5143,0.0,26.5489,3.173,19.0,30.0,28.0,45.9612,11.3583,19.625,59.625,48.8438,2.0383,0.4344,1.3,2.8,2.0,2.6586,7.0316,0.0,44.5,0.0,11.0833,0,0.9838,0
2024-05-15,601.25,629.9658,7.1307,5.9772,7.1307,5.9772,6.3821,1.0,0.0,1.0,1.0,1.0,52.5038,25.0609,2.9064,85.8882,58.2359,8.4879,4.476,0.0,13.975,9.5,0.0,0.0,0.0,0.0,0.0,0.0,0.0,0.0,0.0,0.0,25.9173,3.6908,18.0,30.0,28.0,46.0226,11.5998,18.5938,59.9375,48.75,3.0406,0.5673,1.9,3.7,3.2,0.0,0.0,0.0,0.0,0.0,11.0833,0,1.0,0
2024-05-16,606.0742,632.1572,7.1558,5.9808,7.1558,5.9808,6.4038,1.0,0.0,1.0,1.0,1.0,52.629,25.141,3.0289,87.4885,58.1791,8.4669,4.508,0.0,13.9375,9.5,0.0,0.0,0.0,0.0,0.0,0.0,0.0,0.0,0.0,0.0,25.8045,3.363,18.0,29.0,27.0,45.9805,11.6553,18.5938,59.8438,48.75,3.8406,0.7981,2.5,5.3,3.6,0.0,0.0,0.0,0.0,0.0,11.0833,0,1.0,0
2024-05-17,601.2383,626.4041,7.0423,5.8815,7.0621,5.8965,6.3489,0.9958,0.0258,0.7059,1.0,1.0,52.2498,24.4225,3.1176,87.3377,56.0184,7.8743,4.3207,0.0,13.175,8.825,0.4249,2.5847,0.0,29.4118,0.0,0.0328,0.3467,0.0,4.0,0.0,24.5714,3.0533,17.0,28.0,26.0,44.4276,11.3248,17.375,57.9375,47.0625,3.3271,0.7007,1.8,4.4,3.3,0.285,1.2521,0.0,13.6,0.0,11.0833,0,0.9972,0
2024-05-18,590.7525,629.3084,7.0855,5.9063,7.0898,5.908,6.3784,0.9981,0.0155,0.8601,1.0,1.0,52.4035,25.095,3.0883,87.4392,57.9064,7.974,4.398,0.0,13.225,9.025,0.1891,1.5462,0.0,13.9896,0.0,0.0144,0.1194,0.0,1.1472,0.0,24.6241,3.4872,16.0,28.0,26.0,44.602,11.6705,16.5,58.0625,47.5625,2.7782,0.6886,1.8,4.1,2.6,0.1135,0.9258,0.0,8.2,0.0,11.0833,0,0.9994,0
2024-05-19,492.41,586.2903,6.6145,5.5904,6.9733,5.8056,5.964,0.9107,0.1559,0.4543,1.0,1.0,54.2715,26.5157,5.4013,117.5906,52.89,7.639,4.4004,0.0,13.0875,8.7375,8.9268,15.5949,0.0,54.5692,0.0,2.0115,4.7203,0.0,21.5003,0.0,25.1729,3.6297,17.0,29.0,26.0,43.8228,11.5343,17.4375,57.7188,46.8438,2.3767,0.4957,1.5,3.2,2.3,5.988,9.7425,0.0,39.4,0.0,11.0833,1,0.9486,0
2024-05-20,452.5517,547.0036,6.0945,5.1787,6.7963,5.6581,5.5543,0.8809,0.146,0.1778,1.0,0.9072,58.1941,20.5452,22.5973,111.2902,58.7869,7.1999,3.725,0.0,12.3625,8.35,11.9148,14.5971,0.0,82.2222,9.2807,2.4903,6.4877,0.0,56.1578,0.7411,25.3893,2.8918,18.0,28.0,27.0,42.8354,9.6648,18.625,55.9062,45.875,3.4229,0.7727,1.7,4.5,3.5,8.8924,10.2299,0.0,68.3,8.0,10.9167,1,0.8967,3
2024-05-21,502.5458,562.0723,6.3144,5.3439,6.9336,5.7491,5.7232,0.8916,0.1325,0.4118,1.0,0.9434,56.1071,22.3146,12.9428,91.7279,59.7804,7.3572,4.0704,0.0,12.8625,8.2625,10.8385,13.2516,0.0,58.8235,5.6584,1.9565,3.1622,0.0,16.2941,0.2829,25.4361,2.7146,19.0,28.0,26.0,43.2399,10.4822,19.375,57.1562,45.6562,4.1361,0.7107,2.8,5.2,4.1,7.8158,8.7458,0.0,32.8,5.0,11.0833,3,0.9107,3
2024-05-22,562.3525,619.6369,6.9409,5.7534,7.0042,5.7966,6.281,0.9879,0.0435,0.6733,1.0,1.0,52.0004,25.1664,6.8733,92.3186,56.2952,7.5795,4.2358,0.0,12.95,8.525,1.2122,4.3542,0.0,32.6733,0.0,0.1076,0.5885,0.0,4.9663,0.0,24.1203,3.1576,17.0,27.0,25.0,43.6906,11.103,17.3438,57.375,46.3125,3.9421,0.6637,2.2,4.8,3.9,0.8083,2.3123,0.0,15.2,0.0,11.0833,0,0.991,0
2024-05-23,494.9917,538.1752,6.0328,5.1442,6.8645,5.6759,5.4931,0.8336,0.2086,0.2411,1.0,0.9428,59.5897,25.1937,7.7396,125.3464,61.7666,6.9271,3.9916,0.0,12.8625,7.6125,16.6392,20.8629,0.0,75.8865,5.7173,5.0285,9.0523,0.0,44.773,0.2859,24.7939,3.3483,17.0,28.0,26.0,42.0632,10.4815,17.4688,57.1562,44.0312,2.6672,0.6758,1.6,4.2,2.5,12.0893,14.9288,0.0,59.0,5.0,10.9167,4,0.8788,3
2024-05-24,508.8675,587.043,6.5544,5.4454,6.8731,5.6735,5.942,0.9517,0.0846,0.5385,1.0,0.9961,54.9641,19.3209,19.6305,92.1634,52.6903,7.6834,3.8862,0.0,12.875,8.9875,4.8269,8.4584,0.0,46.1538,0.3937,0.5504,1.5331,0.0,9.9692,0.0019,25.2672,3.0021,18.0,28.0,27.0,44.0298,10.1069,18.4375,57.1875,47.4688,1.9595,0.7853,0.1,2.9,2.1,3.516,4.8292,0.0,21.6,0.4,10.9167,1,0.9536,0
2024-05-25,537.1667,576.9277,6.4862,5.4355,6.8437,5.6495,5.8584,0.9043,0.1795,0.289,1.0,1.0,61.6052,28.4319,8.9861,134.6439,60.675,7.5807,4.2732,0.0,12.8875,8.825,9.5743,17.9548,0.0,71.0963,0.0,2.7001,6.9127,0.0,42.089,0.0,25.0153,3.1354,17.0,28.0,26.0,43.5828,11.3951,17.5938,57.2188,47.0625,2.5481,0.4859,1.5,3.2,2.6,6.4443,11.9573,0.0,59.2,0.0,10.9167,4,0.9478,0
2024-05-26,579.3183,611.2044,6.8631,5.6526,6.8635,5.6527,6.1947,0.9976,0.0272,0.6875,1.0,1.0,51.2829,24.6673,2.8604,86.1789,56.7719,7.822,4.2741,0.0,13.1375,8.7875,0.2367,2.72,0.0,31.25,0.0,0.0322,0.3699,0.0,4.25,0.0,24.7955,3.5052,17.0,28.0,26.0,44.2929,11.2163,17.7188,57.8438,46.9688,3.4295,0.8716,1.8,4.6,3.5,0.103,1.1837,0.0,13.6,0.0,11.0,0,0.9999,0
2024-05-27,477.895,600.4121,6.7257,5.557,6.8414,5.6213,6.0884,0.9606,0.1022,0.4301,1.0,1.0,52.3321,25.4794,3.0551,98.9044,54.783,7.5547,4.2429,0.0,12.85,8.3125,3.9363,10.2231,0.0,56.9892,0.0,0.6125,2.1577,0.0,14.9312,0.0,24.3664,3.5174,16.0,28.0,26.0,43.6193,11.1403,16.7188,57.125,45.7812,2.4947,0.8435,1.5,3.8,2.4,2.3435,5.213,0.0,26.2,0.0,10.9167,0,0.9831,0
2024-05-28,524.7408,572.1997,6.4108,5.3449,6.8177,5.6012,5.8137,0.9152,0.1422,0.3222,1.0,0.9986,56.5872,25.0111,7.4813,124.0647,57.2536,7.3552,4.1549,0.0,12.8375,8.325,8.4801,14.216,0.0,67.7778,0.1383,1.7304,4.6883,0.0,33.2111,0.0001,24.7481,3.4671,16.0,28.0,26.0,43.0995,10.963,16.6562,57.0938,45.8125,2.3489,0.3749,1.4,3.0,2.4,5.8382,9.0086,0.0,49.0,0.1,10.9167,1,0.9403,0
2024-05-29,527.455,577.4792,6.3925,5.3191,6.802,5.5848,5.8735,0.9217,0.1102,0.4375,1.0,0.9636,55.2739,23.6507,18.0678,97.4143,54.9314,6.3631,3.796,0.0,11.1,7.125,7.8344,11.0194,0.0,56.25,3.6359,1.129,2.4364,0.0,15.7231,0.1109,22.2955,3.4348,16.0,26.0,24.0,40.456,10.3589,16.3438,52.75,42.8125,2.6644,0.2662,2.0,3.1,2.6,5.4432,6.6746,0.0,29.2,3.05,11.0,1,0.9398,0
2024-05-30,557.4458,582.0294,6.4511,5.3275,6.7907,5.5678,5.902,0.9626,0.0577,0.7975,1.0,1.0,55.4015,18.7729,15.3258,85.3433,54.2896,6.8531,3.8847,0.0,11.925,7.95,3.7407,5.7724,0.0,20.2497,0.0,0.3844,0.7184,0.0,3.3209,0.0,23.4394,3.8369,16.0,27.0,25.0,41.7663,10.4424,16.5625,54.8125,44.875,2.2795,0.3834,1.5,2.7,2.4,3.0909,4.7218,0.0,16.4,0.0,11.0,0,0.95,0
2024-05-31,540.1525,592.8086,6.6001,5.4358,6.7991,5.5632,6.0147,0.9548,0.0969,0.4688,1.0,1.0,53.2075,26.1815,4.8641,103.8959,53.932,7.017,4.0084,0.0,12.3875,7.925,4.5183,9.6886,0.0,53.125,0.0,0.6068,1.7994,0.0,12.2719,0.0,23.3561,3.1602,16.0,26.0,25.0,42.1063,10.8854,16.375,55.9688,44.8125,3.2742,0.7544,1.7,4.4,3.4,2.8902,5.1672,0.0,23.1,0.0,11.0,0,0.9707,0
2024-06-01,490.0133,555.5706,6.1478,5.1234,6.8068,5.5618,5.6679,0.9124,0.1195,0.5469,1.0,0.978,57.9841,22.2887,14.7956,104.0848,63.2994,6.128,3.6492,0.0,11.575,6.4875,8.7569,11.9541,0.0,45.3094,2.1978,1.686,3.1673,0.0,15.224,0.0438,22.3817,2.9021,16.0,25.0,24.0,39.9802,9.7723,16.5,53.9375,41.2188,4.8435,0.7858,3.3,6.1,4.8,6.8832,9.2015,0.0,33.6,1.9,10.9167,3,0.9032,0
2024-06-02,442.4567,519.9252,5.7425,4.8729,6.7997,5.5443,5.3155,0.8117,0.1594,0.3072,1.0,0.8335,60.8784,31.4138,13.0555,149.7045,55.8705,5.6551,3.6026,0.0,11.075,5.6625,18.8323,15.9351,0.0,69.2771,16.6456,4.026,5.4547,0.0,33.1145,2.0565,22.1603,2.9634,16.0,25.0,23.0,38.5988,9.9695,16.4375,52.6875,39.1562,4.755,0.7748,3.4,5.8,4.8,13.4229,9.9176,0.0,47.8,13.0,10.9167,2,0.8445,3
2024-06-03,485.3133,560.2036,6.1998,5.1578,6.7747,5.5202,5.6895,0.8794,0.1538,0.3636,1.0,0.927,57.5935,22.0085,8.6217,101.572,59.8271,6.5329,3.7406,0.0,11.8,7.825,12.0644,15.3829,0.0,63.6364,7.303,2.267,4.0874,0.0,21.4118,0.3916,23.0769,3.3448,16.0,27.0,24.5,40.9608,10.0919,16.5,54.5,44.5625,2.9038,1.0814,1.7,5.0,2.65,8.0408,8.8867,0.0,36.4,5.35,10.8333,1,0.9151,3
2024-06-04,519.3175,561.7219,6.2448,5.1956,6.757,5.503,5.7106,0.8797,0.1727,0.2623,1.0,0.9541,59.1888,25.3872,10.9831,114.4786,59.225,6.6824,3.9546,0.0,12.05,7.6125,12.0329,17.2669,0.0,73.7705,4.594,2.8112,6.3303,0.0,41.0164,0.162,23.2093,3.0763,16.0,26.0,25.0,41.3626,10.5449,16.4688,55.125,44.0312,3.9457,0.6997,2.9,5.2,3.8,8.1411,10.9559,0.0,55.6,3.5,10.75,3,0.9242,3
2024-06-05,578.4733,601.6511,6.704,5.4788,6.8018,5.5273,6.1005,0.9593,0.1105,0.3833,1.0,1.0,52.469,26.3253,2.8959,98.5923,55.0528,7.1258,4.0796,0.0,12.2875,7.9875,4.0675,11.0501,0.0,61.6667,0.0,0.6987,2.5229,0.0,18.0067,0.0,23.2137,3.2297,16.0,27.0,25.0,42.4046,11.0082,16.5,55.7188,44.9688,4.0817,0.9288,2.5,5.5,4.1,2.2992,5.578,0.0,29.2,0.0,10.9167,0,0.9856,0
2024-06-06,350.0525,513.1399,5.6625,4.7522,6.7209,5.4595,5.246,0.8639,0.1067,0.6066,1.0,0.871,59.1652,20.9865,12.4569,102.7166,59.0755,5.802,3.5159,0.0,10.8125,6.5938,13.6087,10.6708,0.0,39.3443,12.9049,2.3058,2.6278,0.0,10.6248,1.3693,23.053,3.163,16.0,26.0,24.5,39.1397,9.4804,16.3438,52.0312,41.4844,4.1174,0.8006,2.6,5.3,4.2,10.6955,8.2085,0.0,29.2,10.4,11.0,2,0.8425,3
2024-06-07,455.0967,526.4706,5.8338,4.879,6.7168,5.4512,5.3738,0.8624,0.1344,0.5156,1.0,0.8715,56.1875,19.4032,15.2196,90.0984,59.2122,6.2392,3.5893,0.0,11.325,7.275,13.7639,13.4362,0.0,48.4375,12.848,2.5986,3.1336,0.0,13.2887,1.164,23.6489,3.1767,17.0,27.0,25.0,40.3485,9.4641,17.8438,53.3125,43.1875,3.7557,0.5387,2.7,4.6,3.9,10.1176,9.3795,0.0,30.5,10.0,10.9167,0,0.8685,3
2024-06-08,544.14,598.7668,6.6828,5.4403,6.7557,5.4764,6.0682,0.9674,0.0956,0.4127,1.0,1.0,51.5706,25.4843,4.5726,96.3989,54.9509,7.3868,4.0649,0.0,12.325,8.35,3.2589,9.5569,0.0,58.7302,0.0,0.5017,2.0708,0.0,15.3873,0.0,23.9385,3.0696,17.0,27.0,25.0,43.2159,10.6652,17.9062,55.8125,45.875,3.6992,0.7595,2.4,5.0,3.6,1.7969,4.7088,0.0,26.2,0.0,10.8333,0,0.9892,0
2024-06-09,556.2208,608.4505,6.7925,5.5122,6.8072,5.5185,6.1642,0.9858,0.0789,0.4595,1.0,1.0,51.7822,25.6366,2.9388,96.5952,56.6603,7.4399,4.1383,0.0,12.4375,8.4312,1.4232,7.8879,0.0,54.0541,0.0,0.2925,1.7771,0.0,14.1622,0.0,23.7231,3.3803,16.0,27.0,25.0,43.3168,10.914,16.7812,56.0938,46.0781,3.2977,0.6198,2.2,4.4,3.1,0.6692,3.6203,0.0,26.2,0.0,10.8333,0,0.9978,0
2024-06-10,550.0625,597.4544,6.672,5.4442,6.7742,5.4846,6.0606,0.9424,0.1374,0.4646,1.0,1.0,52.331,27.6754,2.8069,102.4677,53.585,7.1761,4.2639,0.0,12.35,8.1125,5.7601,13.737,0.0,53.5354,0.0,1.1438,3.0184,0.0,14.8333,0.0,23.4504,3.7708,15.0,27.0,25.0,42.5496,11.4165,15.4062,55.875,45.2812,3.1099,0.5067,2.0,3.8,3.1,3.1015,7.1811,0.0,28.5,0.0,10.9167,0,0.9849,0
2024-06-11,421.79,517.312,5.8055,4.8868,6.6505,5.3943,5.3032,0.824,0.2224,0.35,1.0,0.9536,57.1448,27.0061,10.6856,132.3023,57.5786,6.4828,4.0468,0.0,12.1875,6.9438,17.6047,22.24,0.0,65.0,4.6448,5.3482,8.1036,0.0,28.9228,0.1858,24.1769,3.1585,17.0,27.0,26.0,40.9236,10.6387,17.3438,55.4688,42.3594,3.4977,0.649,2.0,4.5,3.4,12.1946,14.8632,0.0,48.5,4.0,10.8333,2,0.8729,3
2024-06-12,568.5283,614.7618,6.8714,5.5496,6.8714,5.5496,6.2305,1.0,0.0,1.0,1.0,1.0,51.5823,25.3165,3.0151,90.5232,56.5267,7.4623,4.1974,0.0,12.5,8.425,0.0,0.0,0.0,0.0,0.0,0.0,0.0,0.0,0.0,0.0,23.7099,3.161,16.0,27.0,25.0,43.38,11.0408,16.7188,56.25,46.0625,3.8466,0.6696,2.2,4.7,4.0,0.0,0.0,0.0,0.0,0.0,10.9167,0,1.0,0
2024-06-13,506.5217,545.7062,6.0322,4.981,6.7147,5.4324,5.548,0.903,0.1203,0.5053,1.0,0.9502,61.2135,19.7906,17.4415,112.1188,63.6741,6.5093,3.5801,0.0,11.4375,7.6063,9.7035,12.0301,0.0,49.4737,4.9839,1.6651,2.8663,0.0,12.7664,0.2101,23.5,3.7172,15.0,27.0,25.0,40.9007,9.729,15.6562,53.5938,44.0156,4.1577,0.5773,2.5,4.7,4.4,7.2215,8.437,0.0,30.4,4.2,10.8333,2,0.8984,3
2024-06-14,492.5633,575.2587,6.3668,5.1818,6.7612,5.4616,5.8247,0.9589,0.0728,0.7059,1.0,1.0,54.1433,20.5598,18.6521,88.177,56.2952,6.9808,3.7228,0.0,11.3875,8.275,4.1085,7.2755,0.0,29.4118,0.0,0.5592,1.133,0.0,5.2995,0.0,23.9542,3.3669,17.0,27.0,25.0,42.1796,9.8776,17.625,53.4688,45.6875,3.987,0.577,2.6,4.8,3.9,3.3832,5.893,0.0,21.0,0.0,10.9167,0,0.9417,0
2024-06-15,525.15,590.4172,6.5527,5.3075,6.6512,5.3744,5.9925,0.9875,0.0297,0.8102,1.0,1.0,51.7689,23.5506,2.7743,86.7289,56.853,6.8165,3.9215,0.0,11.975,7.7125,1.2485,2.9662,0.0,18.9771,0.0,0.0849,0.3087,0.0,2.9225,0.0,22.9542,3.3256,16.0,26.0,25.0,41.7121,10.4525,16.5625,54.9375,44.2812,3.9176,0.65,2.3,5.1,3.9,1.0336,2.4458,0.0,15.4,0.0,10.9167,1,0.9852,0
2024-06-16,570.6758,615.1399,6.838,5.5115,6.838,5.5115,6.2369,1.0,0.0,1.0,1.0,1.0,51.2795,25.2269,2.9388,90.6811,56.4728,6.9982,4.0814,0.0,12.025,7.9625,0.0,0.0,0.0,0.0,0.0,0.0,0.0,0.0,0.0,0.0,22.5038,3.4627,15.0,26.0,24.0,42.0782,11.015,15.625,55.0625,44.9062,3.6603,0.6779,2.2,4.8,3.6,0.0,0.0,0.0,0.0,0.0,10.9167,0,1.0,0
2024-06-17,548.9392,615.7194,6.8522,5.5198,6.8522,5.5198,6.2413,1.0,0.0,1.0,1.0,1.0,51.418,25.2617,3.0401,90.868,56.151,7.0916,4.1916,0.0,12.375,8.15,0.0,0.0,0.0,0.0,0.0,0.0,0.0,0.0,0.0,0.0,22.5802,4.0723,13.0,27.0,24.0,42.1951,11.5218,13.5938,55.9375,45.375,2.2115,0.8043,1.1,3.7,2.0,0.0,0.0,0.0,0.0,0.0,10.9167,0,1.0,0
2024-06-18,562.8258,616.5322,6.892,5.5478,6.892,5.5478,6.2474,1.0,0.0,1.0,1.0,1.0,51.744,25.3745,2.9987,91.603,56.6105,7.491,4.2319,0.0,12.5375,8.45,0.0,0.0,0.0,0.0,0.0,0.0,0.0,0.0,0.0,0.0,23.6183,3.651,15.0,27.0,25.0,43.3473,11.3433,15.5625,56.3438,46.125,3.0847,0.8544,1.9,4.7,3.0,0.0,0.0,0.0,0.0,0.0,10.9167,0,1.0,0
2024-06-19,490.0992,549.8006,6.1133,5.0302,6.6754,5.3866,5.5977,0.9031,0.1325,0.3684,1.0,0.9656,58.4012,26.0538,8.3135,123.7704,60.4375,6.6586,3.8647,0.0,11.7875,7.6,9.6872,13.2462,0.0,63.1579,3.4444,1.7393,3.6295,0.0,21.2211,0.1033,23.6794,3.8834,14.0,27.0,26.0,41.1794,10.5975,14.5,54.4688,44.0,2.7351,0.5536,1.7,3.3,2.9,6.8405,8.4997,0.0,34.7,3.0,10.9167,1,0.9158,0
2024-06-20,486.3525,543.394,6.0307,4.9833,6.6488,5.3628,5.5303,0.8698,0.1648,0.3551,1.0,0.9408,60.5225,26.94,7.7146,121.6272,60.9865,6.5017,3.793,0.0,12.1375,7.2875,13.0187,16.4831,0.0,64.486,5.9195,2.6355,4.4259,0.0,21.2211,0.2823,23.5923,2.7778,17.0,26.0,25.0,40.9887,9.9953,17.5,55.3438,43.2188,3.6623,0.5087,2.1,4.1,3.85,8.6077,9.6904,0.0,33.6,4.75,10.8333,1,0.9071,3
2024-06-21,547.0908,590.3573,6.5667,5.3308,6.6876,5.3973,5.9892,0.962,0.099,0.5163,1.0,1.0,52.0985,25.124,8.1738,108.352,54.1317,6.9196,4.0751,0.0,11.8125,7.8375,3.7976,9.8989,0.0,48.366,0.0,0.5937,1.9645,0.0,11.9464,0.0,23.1298,3.1778,16.0,26.0,25.0,41.9275,10.8994,16.4375,54.5312,44.5938,3.7305,0.8175,2.1,5.1,3.7,2.2397,5.2601,0.0,24.7,0.0,10.9167,0,0.9819,0
2024-06-22,487.2933,546.0703,6.0073,4.9503,6.6965,5.4027,5.5311,0.8869,0.1507,0.3864,1.0,1.0,60.0634,22.3327,19.0953,109.1763,58.2424,6.49,3.424,0.0,10.275,7.975,11.3096,15.0682,0.0,61.3636,0.0,2.1938,3.4874,0.0,16.9977,0.0,23.5231,2.8644,17.0,26.0,25.0,40.8519,9.3511,17.5,50.6875,44.9375,3.2031,0.767,2.0,4.7,3.0,7.6869,9.407,0.0,27.7,0.0,10.8333,0,0.8971,3
2024-06-23,541.9408,603.5683,6.7375,5.4317,6.7502,5.4407,6.1176,0.9985,0.0061,0.9512,1.0,1.0,50.8738,24.6655,8.0038,88.9622,55.9123,7.3659,4.1493,0.0,12.3,8.3125,0.15,0.6099,0.0,4.878,0.0,0.003,0.0162,0.0,0.1463,0.0,23.7252,3.58,15.0,27.0,25.0,43.0119,11.1866,15.4062,55.75,45.7812,1.9878,0.7544,1.0,3.5,2.0,0.1229,0.4644,0.0,3.0,0.0,10.9167,0,0.9981,0
2024-06-24,437.3792,539.6366,6.0626,5.0463,6.722,5.4236,5.4999,0.8405,0.2177,0.3006,1.0,0.9441,54.3536,30.6168,12.1493,130.833,49.0049,6.9946,4.359,0.0,12.5,8.5188,15.9486,21.7678,0.0,69.9387,5.5926,4.7751,8.579,0.0,32.9411,0.2686,24.4769,3.3416,17.0,28.0,26.0,41.9651,11.8257,17.3438,56.25,46.2969,1.7454,0.3297,1.2,2.5,1.8,10.9538,14.1436,0.0,47.1,4.8,10.8333,0,0.9019,3
2024-06-25,539.5958,603.9399,6.7638,5.4515,6.7638,5.4515,6.1195,1.0,0.0,1.0,1.0,1.0,50.7835,24.9689,2.8959,88.6079,54.8195,7.6385,4.2299,0.0,12.7125,8.5875,0.0,0.0,0.0,0.0,0.0,0.0,0.0,0.0,0.0,0.0,24.4122,3.344,16.0,28.0,26.0,43.7741,11.2302,16.3438,56.7812,46.4688,2.8122,0.3633,1.8,3.4,3.0,0.0,0.0,0.0,0.0,0.0,10.9167,0,1.0,0
2024-06-26,539.8158,605.2591,6.7835,5.4732,6.7866,5.4742,6.1334,0.9985,0.0176,0.7989,1.0,1.0,51.1744,25.0453,2.958,88.6527,55.9123,7.6946,4.2383,0.0,12.7875,8.775,0.1535,1.7569,0.0,20.1087,0.0,0.0172,0.1968,0.0,2.2522,0.0,24.4046,3.7433,15.0,28.0,26.0,43.823,11.4482,15.3438,56.9688,46.9375,1.9191,0.9667,0.3,3.6,2.1,0.0855,0.9785,0.0,11.2,0.0,10.9167,0,0.9995,0
2024-06-27,529.1408,602.8121,6.7544,5.4578,6.7544,5.4578,6.1087,1.0,0.0,1.0,1.0,1.0,51.0754,24.8143,3.1042,87.5821,56.1683,7.7245,4.2149,0.0,12.7625,8.7688,0.0,0.0,0.0,0.0,0.0,0.0,0.0,0.0,0.0,0.0,24.5308,3.6667,16.0,28.0,26.0,44.0147,11.1445,16.875,56.9062,46.9219,0.9892,0.2276,0.5,1.5,0.9,0.0,0.0,0.0,0.0,0.0,10.8333,0,1.0,0
2024-06-28,540.2717,599.6999,6.7326,5.4462,6.7333,5.4464,6.0743,0.9974,0.0292,0.6667,1.0,1.0,50.8941,24.9253,3.0289,88.6397,55.5679,7.8775,4.3699,0.0,13.1125,8.8688,0.2564,2.9235,0.0,33.3333,0.0,0.0349,0.3976,0.0,4.5333,0.0,24.9154,4.0711,15.0,29.0,27.0,44.3363,11.6496,15.9062,57.7812,47.1719,2.3092,0.8167,0.7,3.3,2.5,0.1046,1.1928,0.0,13.6,0.0,10.8333,0,0.9999,0
2024-06-29,535.4367,603.2012,6.7679,5.4753,6.7707,5.4763,6.1129,0.9989,0.0098,0.8918,1.0,1.0,51.1634,24.968,2.8959,87.2223,56.7432,7.7679,4.2708,0.0,12.8125,8.75,0.1068,0.9831,0.0,10.8225,0.0,0.0059,0.0626,0.0,0.7143,0.0,24.8092,3.4219,17.0,28.0,26.0,44.183,11.1545,17.8125,57.0312,46.875,1.8817,0.4437,1.0,2.2,2.1,0.0656,0.6013,0.0,6.6,0.0,10.9167,0,0.9996,0
2024-06-30,532.6867,602.2338,6.7641,5.4774,6.7656,5.478,6.1023,0.9994,0.0068,0.9217,1.0,1.0,51.1578,24.9244,2.7414,86.9289,56.8,7.8385,4.3672,0.0,13.1625,8.7375,0.0597,0.6838,0.0,7.8261,0.0,0.0028,0.0321,0.0,0.3678,0.0,24.8397,4.0569,14.0,29.0,27.0,44.2025,11.7209,14.8125,57.9062,46.8438,2.1031,0.6005,1.1,3.1,1.9,0.0359,0.4106,0.0,4.7,0.0,10.9167,0,0.9998,0
2024-07-01,470.4325,571.0544,6.3938,5.2496,6.7077,5.4337,5.792,0.9116,0.1559,0.2826,1.0,1.0,57.6813,26.4841,5.0894,112.7807,57.385,7.4839,4.1691,0.0,13.0375,8.2375,8.8433,15.5893,0.0,71.7391,0.0,1.81,5.1488,0.0,38.1652,0.0,24.8308,3.8219,15.0,28.0,26.5,43.2743,11.3252,15.4062,57.5938,45.5938,2.2731,0.6483,1.4,3.5,2.15,5.4946,8.8503,0.0,53.2,0.0,10.8333,2,0.9532,0
2024-07-02,547.1733,606.0963,6.7664,5.4797,6.7664,5.4797,6.145,1.0,0.0,1.0,1.0,1.0,51.0149,24.8968,2.8604,87.7674,57.0366,7.317,4.204,0.0,12.525,8.3375,0.0,0.0,0.0,0.0,0.0,0.0,0.0,0.0,0.0,0.0,23.6107,3.5073,16.0,27.0,25.0,42.9802,11.1209,16.8125,56.3125,45.8438,3.8992,0.4497,2.7,4.6,3.9,0.0,0.0,0.0,0.0,0.0,10.9167,0,1.0,0
2024-07-03,533.74,563.5423,6.2591,5.1561,6.686,5.4228,5.7396,0.9206,0.1287,0.375,1.0,1.0,56.7607,23.832,2.8431,100.3646,60.0337,6.5096,3.8697,0.0,11.825,6.7625,7.9443,12.8717,0.0,62.5,0.0,1.4232,3.2381,0.0,19.1875,0.0,22.9,3.2633,16.0,26.0,24.0,40.955,10.2858,16.7812,54.5625,41.9062,3.4954,0.7205,2.6,4.7,3.3,5.4762,8.0974,0.0,30.7,0.0,10.8333,3,0.9361,0
2024-07-04,538.4067,608.8518,6.7838,5.4937,6.8005,5.5062,6.1723,0.9984,0.0067,0.9651,1.0,1.0,51.6387,23.815,6.125,88.8646,55.9123,7.2036,4.0972,0.0,12.3875,8.15,0.1638,0.6735,0.0,3.4934,0.0,0.0042,0.0196,0.0,0.1048,0.0,23.2214,3.3335,15.0,26.0,25.0,42.6405,10.9771,15.7812,55.9688,45.375,2.7466,0.3699,2.1,3.6,2.6,0.145,0.5964,0.0,3.0,0.0,10.9167,0,0.9975,0
2024-07-05,545.1508,606.8562,6.7668,5.4865,6.7668,5.4865,6.1525,1.0,0.0,1.0,1.0,1.0,50.8536,24.776,3.0289,87.8809,55.5818,7.2646,4.1297,0.0,12.3375,8.225,0.0,0.0,0.0,0.0,0.0,0.0,0.0,0.0,0.0,0.0,23.4427,3.6144,15.0,27.0,25.0,42.8135,11.0205,15.8125,55.8438,45.5625,3.1679,0.6115,2.2,4.2,2.9,0.0,0.0,0.0,0.0,0.0,10.9167,0,1.0,0
2024-07-06,541.4608,606.5282,6.7877,5.5106,6.7938,5.5137,6.148,0.9971,0.0295,0.6635,1.0,1.0,51.2452,24.9496,2.8604,89.3251,56.0819,7.5697,4.2106,0.0,12.7875,8.5,0.2901,2.9469,0.0,33.6538,0.0,0.0395,0.4469,0.0,5.1154,0.0,24.1374,3.7922,15.0,28.0,26.0,43.5677,11.2513,15.75,56.9688,46.25,2.7183,0.5614,1.9,3.9,2.5,0.145,1.3414,0.0,15.2,0.0,10.9167,0,0.9991,0
2024-07-07,548.6792,610.3627,6.8614,5.5698,6.8657,5.5708,6.1808,0.9926,0.0486,0.6346,1.0,1.0,51.6524,25.401,2.8959,93.8223,56.7602,8.0246,4.3309,0.0,13.2875,9.0,0.7372,4.8574,0.0,36.5385,0.0,0.1092,0.731,0.0,6.1385,0.0,25.1298,3.9407,16.0,29.0,27.0,44.7712,11.4314,16.5625,58.2188,47.5,2.2885,0.8154,1.0,3.7,2.4,0.3359,2.2143,0.0,16.8,0.0,10.9167,0,0.9994,0
2024-07-08,528.8367,602.2316,6.7747,5.5194,6.8004,5.5266,6.0905,0.9676,0.1297,0.3429,1.0,1.0,52.1408,26.6875,3.0151,101.1052,55.631,8.1758,4.3872,0.0,13.575,9.2062,3.2421,12.975,0.0,65.7143,0.0,0.944,4.0566,0.0,25.76,0.0,25.5077,4.1749,15.0,29.0,27.5,45.05,11.7923,15.375,58.9375,48.0156,1.1869,0.4428,0.3,1.9,1.2,1.7038,6.9462,0.0,39.2,0.0,10.8333,0,0.9962,0
2024-07-09,526.805,600.019,6.7597,5.5072,6.7652,5.5112,6.0788,0.9994,0.0038,0.9651,1.0,1.0,51.0735,24.4174,2.9949,86.4346,56.0819,8.1504,4.3487,0.0,13.5375,9.1,0.0583,0.3803,0.0,3.4884,0.0,0.0013,0.01,0.0,0.1047,0.0,25.6794,4.0729,15.0,29.0,28.0,45.0296,11.6018,15.75,58.8438,47.75,2.5702,0.4381,1.9,3.4,2.4,0.0511,0.3285,0.0,3.0,0.0,10.9167,0,0.9992,0
2024-07-10,519.3042,592.7732,6.6854,5.4627,6.6957,5.4682,6.003,0.9899,0.0629,0.5122,1.0,1.0,50.9274,24.4785,2.8069,89.493,55.9033,8.2606,4.3864,0.0,13.45,9.4,1.0116,6.2942,0.0,48.7805,0.0,0.1688,1.1309,0.0,9.7561,0.0,26.2137,4.1287,16.0,30.0,28.0,45.3514,11.5966,16.7188,58.625,48.5,1.7985,0.6103,1.1,3.0,1.8,0.4504,2.6366,0.0,20.0,0.0,10.9167,0,0.9985,0
2024-07-11,536.2,601.5013,6.7938,5.5436,6.7938,5.5436,6.0921,1.0,0.0,1.0,1.0,1.0,50.9596,24.7151,3.0401,86.9922,56.3856,8.4023,4.3775,0.0,13.5875,9.525,0.0,0.0,0.0,0.0,0.0,0.0,0.0,0.0,0.0,0.0,26.3282,3.8659,17.0,30.0,28.0,45.7762,11.4302,17.7188,58.9688,48.8125,3.4863,0.5823,2.1,4.3,3.7,0.0,0.0,0.0,0.0,0.0,10.9167,0,1.0,0
2024-07-12,552.5933,609.2218,6.8377,5.5842,6.8377,5.5842,6.1729,1.0,0.0,1.0,1.0,1.0,51.0675,24.9725,2.8231,87.4835,56.0819,7.8697,4.2328,0.0,13.1375,8.8,0.0,0.0,0.0,0.0,0.0,0.0,0.0,0.0,0.0,0.0,24.8473,3.5809,17.0,28.0,27.0,44.4208,11.1043,17.75,57.8438,47.0,3.8924,0.5359,2.3,4.4,4.1,0.0,0.0,0.0,0.0,0.0,10.9167,0,1.0,0
2024-07-13,571.7467,623.601,6.9322,5.6652,6.9322,5.6652,6.3241,1.0,0.0,1.0,1.0,1.0,51.6993,25.2428,3.2787,88.6264,56.8402,6.9792,4.0701,0.0,12.1625,7.7,0.0,0.0,0.0,0.0,0.0,0.0,0.0,0.0,0.0,0.0,22.2672,3.058,16.0,25.0,24.0,42.1112,10.8259,16.7812,55.4062,44.25,4.5947,0.6486,3.2,5.6,4.6,0.0,0.0,0.0,0.0,0.0,10.9167,0,1.0,0
2024-07-14,567.5308,623.3429,6.9171,5.6554,6.9171,5.6554,6.3224,1.0,0.0,1.0,1.0,1.0,51.5405,24.9645,3.0994,89.134,56.6659,6.7802,4.0988,0.0,11.9375,7.65,0.0,0.0,0.0,0.0,0.0,0.0,0.0,0.0,0.0,0.0,21.8106,3.5665,14.0,25.0,23.5,41.4614,11.1703,14.8438,54.8438,44.125,3.6689,0.8781,2.1,5.2,3.5,0.0,0.0,0.0,0.0,0.0,11.0,0,1.0,0
2024-07-15,561.2842,625.0391,6.9495,5.6902,6.9495,5.6902,6.3393,1.0,0.0,1.0,1.0,1.0,51.8683,25.0179,3.0401,88.7386,57.5073,6.934,4.1187,0.0,12.1375,7.9188,0.0,0.0,0.0,0.0,0.0,0.0,0.0,0.0,0.0,0.0,22.0909,3.4563,13.0,25.0,24.0,41.8338,11.2691,13.8125,55.3438,44.7969,3.1644,0.5749,2.0,4.2,3.0,0.0,0.0,0.0,0.0,0.0,11.0,0,1.0,0
2024-07-16,569.5583,623.3589,6.9512,5.7027,6.9512,5.7027,6.3208,1.0,0.0,1.0,1.0,1.0,51.8399,25.1212,3.1431,87.9755,57.6427,7.218,4.159,0.0,12.4125,8.1062,0.0,0.0,0.0,0.0,0.0,0.0,0.0,0.0,0.0,0.0,22.9091,3.597,15.0,26.0,25.0,42.6567,11.1617,15.7812,56.0312,45.2656,3.5515,0.8689,2.1,5.1,3.3,0.0,0.0,0.0,0.0,0.0,11.0,0,1.0,0
2024-07-17,557.8133,624.248,6.9564,5.7154,6.9564,5.7154,6.3297,1.0,0.0,1.0,1.0,1.0,51.769,25.1137,2.9064,88.3562,57.0898,7.1676,4.1385,0.0,12.2125,8.1062,0.0,0.0,0.0,0.0,0.0,0.0,0.0,0.0,0.0,0.0,22.7197,3.5604,14.0,26.0,25.0,42.4822,11.2074,14.8438,55.5312,45.2656,2.7091,0.6813,1.8,4.0,2.5,0.0,0.0,0.0,0.0,0.0,11.0,0,1.0,0
2024-07-18,553.2958,618.5576,6.9126,5.7123,6.9799,5.74,6.2684,0.9589,0.1426,0.2821,1.0,1.0,52.9497,27.7763,3.2983,108.3744,56.0716,7.3402,4.2776,0.0,12.65,8.3,4.1099,14.2605,0.0,71.7949,0.0,1.3087,5.4287,0.0,33.8154,0.0,23.1439,3.7764,14.0,27.0,25.0,42.782,11.8242,14.4375,56.625,45.75,3.3894,0.5887,1.9,4.3,3.5,2.4894,8.567,0.0,47.1,0.0,11.0,0,0.9904,0
2024-07-19,569.5533,629.1773,7.0332,5.7868,7.0332,5.7868,6.3774,1.0,0.0,1.0,1.0,1.0,52.1017,25.2497,3.0401,88.9099,57.825,7.4336,4.2782,0.0,12.725,8.3625,0.0,0.0,0.0,0.0,0.0,0.0,0.0,0.0,0.0,0.0,23.2197,3.6598,15.0,27.0,25.0,43.2005,11.4461,15.9062,56.8125,45.9062,3.6386,0.7524,2.2,4.9,3.5,0.0,0.0,0.0,0.0,0.0,11.0,0,1.0,0
2024-07-20,572.87,634.6333,7.0843,5.8409,7.0843,5.8409,6.435,1.0,0.0,1.0,1.0,1.0,52.4928,25.2465,3.1176,89.7422,57.8577,7.2251,4.3047,0.0,12.6125,8.2375,0.0,0.0,0.0,0.0,0.0,0.0,0.0,0.0,0.0,0.0,22.6165,3.7065,14.0,26.0,24.0,42.5912,11.6627,14.3438,56.5312,45.5938,3.7827,0.6972,2.4,5.0,3.6,0.0,0.0,0.0,0.0,0.0,11.0833,0,1.0,0
2024-07-21,581.7142,637.5624,7.1121,5.8693,7.1121,5.8693,6.4658,1.0,0.0,1.0,1.0,1.0,52.6709,25.293,3.2879,89.0989,58.1791,7.1404,4.294,0.0,12.475,8.275,0.0,0.0,0.0,0.0,0.0,0.0,0.0,0.0,0.0,0.0,22.2707,3.6205,14.0,26.0,24.0,42.3235,11.7421,14.3438,56.1875,45.6875,3.9684,0.7589,2.4,5.4,3.9,0.0,0.0,0.0,0.0,0.0,11.0833,0,1.0,0
2024-07-22,569.745,631.7344,7.0437,5.8276,7.0445,5.8283,6.4064,0.9999,0.001,0.9889,1.0,1.0,52.061,25.161,2.8749,88.1682,57.3289,7.1348,4.2283,0.0,12.3375,8.2,0.0084,0.0963,0.0,1.1111,0.0,0.0001,0.001,0.0,0.0111,0.0,22.4361,3.6335,13.0,26.0,24.0,42.2961,11.6221,13.3438,55.8438,45.5,3.8985,0.6969,2.2,5.0,3.9,0.0075,0.0867,0.0,1.0,0.0,11.0833,0,0.9999,0
2024-07-23,585.8358,637.6706,7.1386,5.913,7.1386,5.913,6.4645,1.0,0.0,1.0,1.0,1.0,52.6198,25.322,3.1176,89.0449,58.3803,7.5046,4.3144,0.0,12.875,8.5,0.0,0.0,0.0,0.0,0.0,0.0,0.0,0.0,0.0,0.0,23.1805,3.7373,14.0,27.0,25.0,43.308,11.6867,14.4062,57.1875,46.25,3.7316,0.7825,2.1,5.2,3.6,0.0,0.0,0.0,0.0,0.0,11.0833,0,1.0,0
2024-07-24,585.9792,643.8994,7.2095,5.9763,7.2095,5.9763,6.5271,1.0,0.0,1.0,1.0,1.0,53.048,25.451,3.1176,90.2221,58.4799,7.5143,4.4045,0.0,12.9875,8.575,0.0,0.0,0.0,0.0,0.0,0.0,0.0,0.0,0.0,0.0,22.9699,4.1248,14.0,27.0,25.0,43.2975,11.9613,14.4375,57.4688,46.4375,3.6835,0.7224,2.4,4.8,3.6,0.0,0.0,0.0,0.0,0.0,11.0833,0,1.0,0
2024-07-25,577.7967,645.4916,7.2169,5.9939,7.2169,5.9939,6.5445,1.0,0.0,1.0,1.0,1.0,53.0476,25.5421,3.1431,90.2708,58.4224,7.3813,4.3621,0.0,12.8875,8.175,0.0,0.0,0.0,0.0,0.0,0.0,0.0,0.0,0.0,0.0,22.5639,4.0813,13.0,27.0,25.0,42.9124,11.9597,13.4688,57.2188,45.4375,2.7594,0.5517,2.0,3.9,2.6,0.0,0.0,0.0,0.0,0.0,11.0833,0,1.0,0
2024-07-26,578.1067,640.9538,7.1908,5.9843,7.1908,5.9843,6.4956,1.0,0.0,1.0,1.0,1.0,52.8152,25.3896,3.0551,89.9823,58.1313,7.7002,4.47,0.0,13.3125,8.7,0.0,0.0,0.0,0.0,0.0,0.0,0.0,0.0,0.0,0.0,23.4286,4.5248,13.0,28.0,25.0,43.7035,12.2598,13.4688,58.2812,46.75,2.8008,0.5483,2.0,3.8,2.6,0.0,0.0,0.0,0.0,0.0,11.0833,0,1.0,0
2024-07-27,531.8367,582.4074,6.464,5.4672,6.988,5.8387,5.9055,0.9272,0.0962,0.4343,1.0,0.9633,56.8726,19.7379,19.1808,99.894,56.9648,6.991,3.8275,0.0,11.6375,7.9875,7.2792,9.617,0.0,56.5657,3.6697,0.9672,1.8436,0.0,14.8202,0.1101,23.8647,3.8667,15.0,28.0,26.0,42.0902,10.3764,15.4688,54.0938,44.9688,3.0323,0.5687,2.1,4.3,2.9,5.4797,6.301,0.0,26.2,2.8,11.0833,0,0.925,0
2024-07-28,559.0167,618.7962,6.9628,5.8512,7.0594,5.9056,6.2727,0.9637,0.0993,0.3636,1.0,1.0,53.2525,24.8757,8.4423,92.191,56.4245,7.86,4.4097,0.0,13.1875,9.0,3.6307,9.9327,0.0,63.6364,0.0,0.6022,2.3581,0.0,21.3818,0.0,24.6767,3.6774,16.0,28.0,26.0,44.3087,11.7072,16.4688,57.9688,47.5,2.8421,0.8262,1.6,4.4,2.5,2.1992,5.3551,0.0,33.6,0.0,11.0833,0,0.9863,0
2024-07-29,537.735,606.0593,6.835,5.7693,7.0433,5.9023,6.1453,0.9439,0.1343,0.2078,1.0,1.0,55.2737,26.3203,3.2983,100.5486,59.2353,8.0247,4.4177,0.0,13.5375,8.6875,5.6144,13.4308,0.0,79.2208,0.0,1.4285,5.8637,0.0,50.939,0.0,25.5263,3.7831,17.0,29.0,27.0,44.7979,11.5764,17.5312,58.8438,46.7188,2.0383,0.874,0.6,3.5,1.9,4.003,9.1766,0.0,64.3,0.0,11.0833,0,0.9704,0
2024-07-30,420.4525,504.0876,5.6077,4.8976,6.9819,5.8706,5.1451,0.7991,0.203,0.3404,1.0,0.8484,73.3023,32.1207,21.6506,157.6397,70.3299,6.7601,3.3278,0.0,12.1625,7.5062,20.0915,20.2954,0.0,65.9574,15.1617,6.1343,9.1662,0.0,34.9069,1.871,25.8182,2.6782,21.0,28.0,27.0,41.7491,8.6465,21.4062,55.4062,43.7656,2.4121,0.4044,1.5,3.2,2.4,15.5098,15.3657,0.0,56.0,11.8,11.0,4,0.8032,3
2024-07-31,553.5858,614.229,6.9199,5.8508,7.0321,5.9278,6.2315,0.9772,0.0631,0.6,1.0,1.0,53.7204,24.4688,3.0151,87.8547,60.8612,7.9558,4.2756,0.0,13.525,8.6375,2.2762,6.3063,0.0,40.0,0.0,0.2581,1.0109,0.0,8.0,0.0,25.2857,2.7152,20.0,28.0,26.0,44.7968,10.8765,20.5938,58.8125,46.5938,4.8662,0.7354,2.6,5.7,5.1,1.5827,3.7168,0.0,20.0,0.0,11.0833,0,0.984,0
2024-08-01,588.7208,622.3914,6.956,5.9032,7.098,5.9953,6.3165,0.963,0.0879,0.5446,1.0,1.0,54.2572,24.5332,14.0809,103.2744,58.8529,7.2086,4.2696,0.0,12.725,8.2375,3.6956,8.7913,0.0,45.5446,0.0,0.5005,1.6627,0.0,9.8376,0.0,23.0602,3.366,16.0,26.0,25.0,42.6729,11.3376,16.5938,56.8125,45.5938,4.6902,0.3291,3.8,5.1,4.7,2.3759,4.8351,0.0,23.0,0.0,11.0833,0,0.98,0
2024-08-02,378.7567,485.2996,5.4258,4.8839,7.0591,5.9713,5.0173,0.7124,0.1646,0.3497,0.9888,0.7234,59.513,26.5531,18.2175,126.1321,55.4422,5.2851,3.9497,0.0,11.9375,4.9312,28.7603,16.4572,1.1156,65.035,27.6624,7.9144,7.0823,0.0112,28.9406,6.041,22.2652,3.1182,16.0,25.0,24.0,37.6795,10.7206,16.5938,54.8438,37.3281,4.8947,0.5948,3.7,5.9,4.65,21.4545,11.1552,1.0,45.0,21.9,11.0,2,0.7686,3
2024-08-03,578.1142,635.9051,7.1121,6.0421,7.2283,6.1148,6.4536,0.9673,0.0712,0.6061,1.0,1.0,53.5203,26.1094,9.13,93.7388,57.3064,7.2776,4.3282,0.0,12.6375,8.2,3.2652,7.1229,0.0,39.3939,0.0,0.3479,1.1001,0.0,7.2485,0.0,22.7068,3.5925,15.0,26.0,25.0,42.7596,11.6403,15.7188,56.5938,45.5,4.4549,0.6459,3.1,5.4,4.4,2.1406,4.0083,0.0,18.4,0.0,11.0833,0,0.9839,0
2024-08-04,457.6442,581.7444,6.4641,5.5763,7.2057,6.1067,5.898,0.8862,0.1369,0.3193,1.0,0.9099,57.5303,22.3817,11.7741,101.9413,54.9727,7.1045,3.6656,0.0,12.275,8.625,11.3758,13.6854,0.0,68.0672,9.0141,2.1887,4.6845,0.0,30.2899,0.6851,24.406,2.2294,19.0,27.0,25.0,42.6318,9.4393,19.75,55.6875,46.5625,4.2662,0.5714,3.2,5.3,4.1,8.7444,8.9861,0.0,44.5,7.6,11.0833,2,0.8971,3
2024-08-05,543.8283,583.2082,6.4866,5.6275,7.2262,6.1409,5.9287,0.8714,0.1503,0.3587,1.0,0.8754,58.3212,18.6023,17.5834,91.8926,61.1315,6.7562,3.9265,0.0,11.9875,7.675,12.862,15.0266,0.0,64.1304,12.4626,2.6938,4.9559,0.0,25.92,1.3709,23.2632,3.2167,16.0,26.0,25.0,41.5524,10.4784,16.8125,54.9688,44.1875,4.3617,0.6031,3.1,5.2,4.3,9.6105,9.9973,0.0,43.2,10.5,11.0833,3,0.8976,3
2024-08-06,448.1708,544.7224,5.9973,5.2681,7.2088,6.1427,5.5414,0.8354,0.1712,0.2809,1.0,0.8556,66.3566,24.2297,24.8572,133.5293,66.37,6.1045,3.3397,0.0,10.7125,6.9375,16.4636,17.1217,0.0,71.9101,14.4436,4.3761,7.468,0.0,38.2562,1.7949,23.2687,2.4744,18.0,26.0,24.0,40.0522,8.7771,18.3438,51.7812,42.3438,4.4269,0.9397,2.7,6.2,4.2,13.1731,13.1397,0.0,53.2,12.35,11.1667,4,0.8319,3
2024-08-07,592.4667,623.7786,6.9544,5.9607,7.3017,6.2272,6.3166,0.9665,0.0596,0.7798,1.0,1.0,56.4298,20.9824,18.2699,86.5095,60.596,7.3531,4.1065,0.0,13.0,8.7375,3.3503,5.9552,0.0,22.0238,0.0,0.3965,0.9212,0.0,4.1845,0.0,23.6444,3.4887,15.0,27.0,25.0,42.9623,11.1227,15.4062,57.5,46.8438,3.0933,0.8334,1.9,4.9,2.8,2.8852,5.0956,0.0,19.0,0.0,11.25,1,0.9524,0
2024-08-08,557.2475,641.1975,7.2362,6.2001,7.2672,6.2155,6.4962,0.9754,0.0929,0.4386,1.0,1.0,53.5342,25.758,3.3166,97.0529,58.6155,8.155,4.4905,0.0,13.475,9.3375,2.4624,9.2863,0.0,56.1404,0.0,0.5287,2.5748,0.0,18.8632,0.0,24.7612,3.7118,15.0,28.0,26.0,45.0117,12.0032,15.4688,58.6875,48.3438,1.9612,0.6398,1.2,3.3,2.0,1.4463,5.3825,0.0,35.0,0.0,11.1667,0,0.9957,0
2024-08-09,569.87,642.3581,7.3121,6.2716,7.3153,6.2728,6.5051,0.9943,0.0453,0.5882,1.0,1.0,53.4027,25.2011,3.1861,88.7934,60.0643,8.9125,4.6583,0.0,14.375,10.0125,0.5715,4.5321,0.0,41.1765,0.0,0.1029,0.8526,0.0,8.2353,0.0,26.5746,3.8572,16.0,30.0,28.0,47.0375,12.1609,16.625,60.9375,50.0312,1.5799,0.5352,0.8,2.5,1.6,0.2896,2.2528,0.0,20.0,0.0,11.1667,0,0.9996,0
2024-08-10,393.1392,446.4579,5.0028,4.5618,6.9708,6.0321,4.6761,0.7439,0.2551,0.381,1.0,0.7615,51.1286,26.6843,14.2199,111.5107,45.9633,4.1731,3.9591,0.0,11.2,2.575,25.6129,25.5075,0.0,61.8994,23.8462,10.9017,12.6015,0.0,34.6637,4.2311,20.4963,3.5384,15.0,25.0,21.0,34.3931,11.1796,15.375,53.0,31.4375,3.7022,0.4341,3.0,4.6,3.5,21.117,21.9126,0.0,56.0,15.2,11.25,0,0.7177,1
2024-08-11,560.6875,636.6203,7.1748,6.2097,7.2277,6.2442,6.4553,0.9838,0.0617,0.5439,1.0,1.0,53.5489,24.8592,5.4516,96.5274,59.0046,7.94,4.7679,0.0,13.975,8.9812,1.6245,6.172,0.0,45.614,0.0,0.2415,1.3819,0.0,12.2206,0.0,24.097,5.9267,12.0,30.0,27.0,44.1758,13.2016,12.5312,59.9375,47.4531,1.756,0.9404,0.0,3.2,1.4,1.0963,3.7155,0.0,27.7,0.0,11.1667,0,0.9927,0
2024-08-12,601.7725,661.8471,7.479,6.4631,7.498,6.4721,6.7079,0.9816,0.0818,0.4853,1.0,1.0,54.6296,26.214,3.1861,97.4757,59.8549,8.1165,4.8178,0.0,14.2,8.95,1.8379,8.1807,0.0,51.4706,0.0,0.3927,2.0555,0.0,16.4415,0.0,24.0222,4.7371,14.0,29.0,26.0,44.7972,12.9888,14.625,60.5,47.375,2.8978,0.6324,1.9,3.8,2.8,1.0452,4.6201,0.0,32.1,0.0,11.25,0,0.9975,0
2024-08-13,553.1025,638.1929,7.2017,6.2898,7.389,6.4052,6.4789,0.9313,0.1552,0.3429,1.0,1.0,57.4608,29.968,3.9962,121.9941,57.8793,7.8015,4.7692,0.0,13.8125,8.9938,6.8741,15.5201,0.0,65.7143,0.0,1.95,5.6397,0.0,35.7486,0.0,23.7612,5.2846,13.0,29.0,26.0,43.9151,13.0312,13.4375,59.5312,47.4844,2.1806,0.78,0.9,3.3,2.3,4.7239,10.6987,0.0,54.4,0.0,11.1667,1,0.9746,0
2024-08-14,531.3383,599.822,6.7942,6.002,7.1356,6.2209,6.0982,0.8967,0.1503,0.4133,1.0,0.9888,56.9469,28.6201,3.2287,132.8386,56.8712,8.0052,4.6041,0.0,14.1125,9.025,10.331,15.0333,0.0,58.6667,1.1236,2.1886,4.4012,0.0,23.76,0.0112,25.4887,4.6817,16.0,30.0,28.0,44.6454,12.2214,16.5938,60.2812,47.5625,3.7098,0.8811,2.4,5.0,3.8,7.1323,9.8582,0.0,40.5,1.0,11.0833,1,0.9522,3
2024-08-15,482.81,561.8299,6.3632,5.6639,7.1738,6.2547,5.7378,0.8834,0.1599,0.4286,1.0,1.0,60.5937,28.1488,6.2589,132.7574,63.0987,7.7451,4.2546,0.0,14.0,8.075,11.6602,15.9931,0.0,57.1429,0.0,3.1117,5.6243,0.0,25.4286,0.0,26.3358,4.1093,18.0,30.0,28.5,44.1432,11.077,18.6562,60.0,45.1875,3.0022,0.8924,1.7,4.4,2.7,9.4388,12.755,0.0,44.5,0.0,11.1667,2,0.887,3
2024-08-16,571.7525,641.4215,7.3109,6.3837,7.3324,6.3948,6.5,0.9837,0.065,0.575,1.0,1.0,53.4688,25.0455,3.3439,93.1634,59.1675,8.9144,4.6655,0.0,14.7625,10.0,1.6295,6.4962,0.0,42.5,0.0,0.2514,1.2046,0.0,9.8175,0.0,26.8296,3.6046,19.0,30.0,29.0,47.1377,11.9689,19.8125,61.9062,50.0,3.463,0.3119,2.5,4.0,3.5,0.9607,3.6714,0.0,23.1,0.0,11.25,0,0.9971,0
2024-08-17,598.0075,656.3584,7.4951,6.5458,7.4972,6.5467,6.6488,0.9951,0.04,0.6333,1.0,1.0,54.0143,25.2533,3.2879,86.811,61.0774,9.1376,4.71,0.0,14.8875,10.225,0.4853,4.0007,0.0,36.6667,0.0,0.0868,0.7329,0.0,7.3333,0.0,26.8222,3.783,17.0,30.0,29.0,47.6419,12.2038,17.5938,62.2188,50.5625,3.543,0.5832,2.0,4.0,3.8,0.2607,2.1542,0.0,20.0,0.0,11.25,0,0.9997,0
2024-08-18,603.9492,661.6461,7.5557,6.6156,7.5582,6.6167,6.7037,0.9949,0.0424,0.6061,1.0,1.0,54.52,25.4733,3.1659,88.6908,61.3371,9.0881,4.7988,0.0,15.0,10.2375,0.5127,4.2373,0.0,39.3939,0.0,0.1001,0.8471,0.0,8.5091,0.0,26.4519,4.1962,16.0,30.0,28.0,47.4398,12.5859,16.625,62.5,50.5938,3.5607,0.657,1.9,4.4,3.7,0.2844,2.3466,0.0,21.6,0.0,11.25,0,0.9997,0
2024-08-19,611.7233,670.0446,7.6614,6.7191,7.6644,6.7203,6.7886,0.9942,0.0476,0.5556,1.0,1.0,55.0984,25.7491,3.2287,90.6818,61.6532,9.2036,4.8221,0.0,15.225,10.1,0.5761,4.7643,0.0,44.4444,0.0,0.1317,1.1292,0.0,11.6444,0.0,26.4815,4.0755,16.0,30.0,28.0,47.7632,12.5721,16.625,63.0625,50.25,3.4741,0.827,2.1,4.6,3.4,0.3304,2.7458,0.0,26.2,0.0,11.25,0,0.9996,0
2024-08-20,606.5883,670.3891,7.6689,6.7411,7.6721,6.7424,6.7924,0.9928,0.0484,0.6316,1.0,1.0,54.8939,25.5742,3.2146,89.8994,61.7182,9.184,4.8751,0.0,15.2625,10.325,0.7196,4.8419,0.0,36.8421,0.0,0.143,1.0014,0.0,9.1,0.0,26.5074,4.1917,16.0,30.0,28.0,47.6533,12.8296,16.375,63.1562,50.8125,3.2125,0.4435,2.2,4.1,3.2,0.4287,2.9246,0.0,24.7,0.0,11.3333,0,0.9996,0
2024-08-21,621.2358,671.9097,7.6914,6.7789,7.6933,6.7798,6.8089,0.9947,0.0432,0.619,1.0,1.0,54.9055,25.7411,3.0401,88.5929,61.8393,9.2438,4.8435,0.0,15.0875,10.3563,0.5252,4.3246,0.0,38.0952,0.0,0.1185,1.0012,0.0,9.981,0.0,26.6176,4.1007,16.0,31.0,28.5,47.8256,12.7077,16.4062,62.7188,50.8906,3.7132,0.8313,2.0,5.0,3.75,0.3279,2.7357,0.0,26.2,0.0,11.3333,0,0.9998,0
2024-08-22,602.14,667.802,7.6563,6.7667,7.6597,6.7683,6.7648,0.9913,0.0502,0.6667,1.0,1.0,54.7595,25.542,3.1176,88.0229,61.4447,9.4007,4.8915,0.0,15.2625,10.475,0.8679,5.0198,0.0,33.3333,0.0,0.1544,0.9122,0.0,7.2,0.0,27.1912,4.1678,18.0,31.0,29.0,48.3024,12.6454,18.5,63.1562,51.1875,3.0316,0.9575,2.0,4.7,2.8,0.5176,3.0131,0.0,21.6,0.0,11.3333,0,0.9996,0
2024-08-23,579.7017,659.4253,7.5779,6.7216,7.5827,6.7235,6.679,0.9897,0.053,0.6769,1.0,1.0,54.5562,25.2778,3.1659,85.3806,61.6348,9.5954,4.8862,0.0,15.575,10.775,1.0263,5.301,0.0,32.3077,0.0,0.1637,0.8538,0.0,5.4277,0.0,27.9485,4.0209,19.0,32.0,30.0,48.8435,12.5222,19.5625,63.9375,51.9375,2.4449,1.0796,1.2,4.2,2.2,0.5824,3.002,0.0,16.8,0.0,11.3333,0,0.9994,0
2024-08-24,504.8025,614.1499,7.0802,6.3729,7.4669,6.6492,6.2511,0.9121,0.1458,0.4762,1.0,1.0,58.1738,27.8853,3.6056,123.7538,60.609,9.1661,4.9069,0.0,15.425,10.1812,8.7917,14.5794,0.0,52.381,0.0,2.1796,4.7656,0.0,22.8905,0.0,28.2353,3.836,19.0,32.0,30.0,47.7578,12.5851,19.5,63.5625,50.4531,1.8191,1.1068,0.7,3.7,1.35,6.7235,11.0979,0.0,43.7,0.0,11.3333,4,0.9482,0
2024-08-25,406.6025,613.6274,6.9712,6.3038,7.177,6.4501,6.2351,0.9247,0.1254,0.4966,1.0,0.979,54.4595,26.4486,3.2322,111.4829,54.1027,8.1376,4.8126,0.0,14.5125,8.9312,7.532,12.5385,0.0,50.3401,2.0959,1.534,3.775,0.0,20.6395,0.0377,25.8162,4.4509,18.0,30.0,28.0,45.0384,12.5972,18.5,61.2812,47.3281,1.7353,0.6788,0.7,2.7,1.9,5.5434,9.0689,0.0,41.0,1.8,11.3333,0,0.9713,0
2024-08-26,507.3642,576.8882,6.5028,5.967,6.7671,6.1658,5.9024,0.9022,0.1831,0.4828,1.0,1.0,52.53,31.4763,3.2567,142.8066,48.5526,6.673,4.611,0.0,12.6875,7.3125,9.7757,18.3055,0.0,51.7241,0.0,3.6372,7.4157,0.0,24.3621,0.0,22.4593,5.2173,14.0,28.0,25.0,40.5225,13.4045,14.4375,56.7188,43.2812,3.0452,0.855,1.8,4.2,3.1,8.2622,15.5822,0.0,47.1,0.0,11.25,0,0.9609,0
2024-08-27,506.0175,602.3269,6.8528,6.2562,7.0241,6.376,6.1331,0.9425,0.094,0.618,1.0,1.0,53.5116,24.7204,3.1334,90.827,58.6088,8.0047,4.8089,0.0,14.175,8.6625,5.7457,9.4023,0.0,38.2022,0.0,0.8001,1.7995,0.0,9.436,0.0,25.7664,4.7002,16.0,30.0,28.0,44.5242,12.9293,16.3438,60.4375,46.6562,2.6438,0.3552,1.8,3.1,2.7,4.0336,6.1496,0.0,24.7,0.0,11.4167,0,0.9756,0
2024-08-28,560.595,633.601,7.1917,6.5182,7.4475,6.712,6.4393,0.9456,0.0877,0.619,1.0,1.0,56.2813,24.2857,3.3394,91.8081,63.3898,8.1818,4.5794,0.0,14.2375,9.0625,5.4366,8.7734,0.0,38.0952,0.0,0.7215,1.5893,0.0,9.825,0.0,25.5328,3.341,19.0,29.0,27.0,45.2181,11.908,19.4688,60.5938,47.6562,4.8255,0.2941,4.1,5.4,4.8,4.0204,5.938,0.0,26.2,0.0,11.4167,0,0.9656,0
2024-08-29,603.0967,670.5847,7.5872,6.83,7.6732,6.9018,6.8003,0.9876,0.0393,0.7308,1.0,1.0,54.8657,23.9961,10.3496,84.6596,61.0059,8.2631,4.5939,0.0,14.175,9.1875,1.237,3.9303,0.0,26.9231,0.0,0.1175,0.5898,0.0,4.9538,0.0,24.6131,3.7598,17.0,28.0,27.0,45.3812,12.0348,17.6562,60.4375,47.9688,4.3635,0.4377,3.2,5.1,4.3,0.9869,2.7401,0.0,18.4,0.0,11.4167,0,0.9888,0
2024-08-30,603.8442,683.627,7.7692,7.0048,7.7725,7.0077,6.9416,0.9997,0.0018,0.9893,1.0,1.0,54.8539,25.0095,3.3967,82.1975,61.155,8.408,4.7625,0.0,14.325,9.2875,0.0304,0.1765,0.0,1.0672,0.0,0.0003,0.0018,0.0,0.0107,0.0,24.6014,3.9422,16.0,29.0,27.0,45.7133,12.5042,16.75,60.8125,48.2188,3.7768,0.4682,2.5,4.5,3.7,0.029,0.1684,0.0,1.0,0.0,11.5,0,0.9996,0
2024-08-31,327.7183,688.0493,7.9074,7.146,7.9086,7.1468,6.9799,0.9972,0.0233,0.8043,1.0,1.0,55.7679,25.5065,3.3967,85.5341,61.9503,9.3776,5.0262,0.0,15.6125,10.4188,0.2811,2.3268,0.0,19.5652,0.0,0.0382,0.3164,0.0,2.6609,0.0,26.6812,4.4721,16.0,31.0,29.0,48.1687,13.1293,16.6562,64.0312,51.0469,3.3783,0.5308,2.4,4.5,3.2,0.1971,1.6313,0.0,13.6,0.0,11.5,0,0.9999,0
2024-09-01,597.0858,685.6661,7.8947,7.1565,7.9061,7.1657,6.9526,0.9949,0.0355,0.6897,1.0,1.0,55.7402,25.3768,3.1659,86.4829,62.6409,9.5762,5.0186,0.0,15.625,10.65,0.5139,3.5469,0.0,31.0345,0.0,0.0901,0.7488,0.0,7.169,0.0,27.2319,4.33,16.0,31.0,29.0,48.6848,13.0818,16.625,64.0625,51.625,3.029,0.6927,2.1,4.4,2.8,0.3804,2.5101,0.0,23.1,0.0,11.5,0,0.9986,0
2024-09-02,605.5017,680.0783,7.8628,7.1622,7.8708,7.1686,6.8957,0.9948,0.0384,0.6735,1.0,1.0,56.0264,25.5322,3.2322,85.3965,62.5363,9.9229,5.0752,0.0,16.05,11.0875,0.5197,3.8352,0.0,32.6531,0.0,0.1042,0.8572,0.0,7.6655,0.0,28.0438,4.4123,17.0,32.0,30.0,49.5661,13.2027,17.625,65.125,52.7188,2.8212,0.4302,2.0,3.8,2.7,0.3774,2.7083,0.0,24.7,0.0,11.4167,0,0.999,0
2024-09-03,595.4208,672.8193,7.8028,7.1301,7.8078,7.1337,6.8173,0.9949,0.04,0.6452,1.0,1.0,55.5305,25.3128,3.2427,84.8122,61.3937,10.2095,5.1606,0.0,16.3375,11.4125,0.5083,3.9984,0.0,35.4839,0.0,0.1172,1.0056,0.0,10.3613,0.0,28.9343,4.4987,17.0,33.0,31.0,50.2924,13.3991,17.625,65.8438,53.5312,2.6803,0.5683,1.6,3.6,2.5,0.3693,2.94,0.0,29.2,0.0,11.4167,0,0.9994,0
2024-09-04,593.8817,661.9082,7.6917,7.0555,7.6962,7.059,6.7053,0.9955,0.0364,0.6286,1.0,1.0,54.8872,25.1371,3.1659,84.57,61.2181,10.4,5.1135,0.0,16.575,11.475,0.4491,3.6369,0.0,37.1429,0.0,0.1003,0.9566,0.0,10.8457,0.0,29.7883,4.2434,18.0,33.0,32.0,50.8422,13.1295,18.6875,66.4375,53.6875,3.1693,0.7702,1.8,4.1,3.3,0.3343,2.7457,0.0,29.2,0.0,11.4167,0,0.9994,0
2024-09-05,552.4858,629.6871,7.2958,6.7596,7.3147,6.7712,6.3881,0.9798,0.0708,0.6456,1.0,1.0,53.6751,24.8397,3.2322,90.1051,60.1757,9.916,5.0351,0.0,16.1375,10.9625,2.0157,7.0827,0.0,35.443,0.0,0.3742,1.4789,0.0,8.9036,0.0,29.6569,3.9842,20.0,33.0,31.0,49.6271,12.9276,20.5938,65.3438,52.4062,2.6737,0.5418,2.1,3.9,2.5,1.4007,4.9501,0.0,27.7,0.0,11.4167,0,0.9974,0
2024-09-06,535.8317,618.9948,7.1536,6.6647,7.2116,6.7046,6.2847,0.9598,0.0953,0.5484,1.0,1.0,53.8214,25.7073,3.2753,101.37,58.9646,9.5748,4.9878,0.0,15.65,10.5125,4.0214,9.5265,0.0,45.1613,0.0,0.81,2.5402,0.0,18.2903,0.0,29.2263,3.6702,21.0,33.0,31.0,48.8073,12.7321,21.375,64.125,51.2812,3.838,0.5195,2.4,4.4,4.0,3.027,7.3341,0.0,40.5,0.0,11.4167,0,0.992,0
2024-09-07,552.2625,623.7571,7.1392,6.6709,7.3326,6.8198,6.3395,0.9439,0.1114,0.5455,1.0,1.0,54.7627,24.756,6.3437,122.9527,55.3618,8.7724,4.787,0.0,14.8625,10.0625,5.61,11.1358,0.0,45.4545,0.0,1.2486,3.4428,0.0,19.6364,0.0,27.2044,3.5171,20.0,31.0,29.0,46.7459,12.3275,20.5625,62.1562,50.1562,4.9978,1.0151,2.5,6.1,5.2,4.5752,9.0028,0.0,43.2,0.0,11.4167,0,0.9736,0
2024-09-08,590.4533,662.1771,7.5721,7.0416,7.61,7.0667,6.7245,0.9736,0.0888,0.5732,1.0,1.0,54.2478,26.0254,3.2322,101.64,59.1295,8.8117,4.8791,0.0,14.9125,9.6688,2.6359,8.8798,0.0,42.6829,0.0,0.6282,2.3715,0.0,13.7012,0.0,26.1087,4.1622,17.0,30.0,28.0,46.685,12.8799,17.5625,62.2812,49.1719,5.2739,0.8754,2.9,6.1,5.6,1.9616,6.5491,0.0,32.1,0.0,11.5,0,0.995,0
2024-09-09,627.2933,688.114,7.9117,7.3366,7.9126,7.3373,6.9889,0.9967,0.0281,0.7333,1.0,1.0,55.4839,25.2144,3.2983,83.7729,62.2388,9.169,5.0653,0.0,15.5875,10.1438,0.3333,2.8074,0.0,26.6667,0.0,0.0697,0.5907,0.0,5.76,0.0,26.4714,4.0098,17.0,30.0,28.0,47.6634,13.1789,17.375,63.9688,50.3594,4.3686,0.8164,2.6,5.7,4.2,0.2971,2.479,0.0,21.6,0.0,11.6667,0,0.9999,0
2024-09-10,616.5658,687.9974,7.9088,7.3428,7.9137,7.3463,6.9832,0.9912,0.042,0.75,1.0,1.0,55.2499,25.1199,3.2983,83.2819,62.3104,9.2855,4.9316,0.0,15.2625,10.3688,0.8822,4.2012,0.0,25.0,0.0,0.154,0.7896,0.0,5.775,0.0,26.7714,3.7056,17.0,30.0,28.0,47.9556,12.8644,17.4062,63.1562,50.9219,3.5243,0.6002,2.4,4.7,3.4,0.7371,3.5766,0.0,23.1,0.0,11.6667,0,0.9994,0
2024-09-11,605.5008,685.6448,7.8813,7.3384,7.8848,7.3409,6.9601,0.9932,0.0358,0.7636,1.0,1.0,55.0559,24.9328,3.3967,82.5878,61.7385,9.2859,4.8802,0.0,15.1875,10.325,0.6791,3.5759,0.0,23.6364,0.0,0.1057,0.5608,0.0,3.9709,0.0,26.9286,3.3299,18.0,30.0,28.0,48.0391,12.564,18.5,62.9688,50.8125,3.3443,0.6037,2.6,4.7,3.1,0.5543,2.8994,0.0,16.8,0.0,11.6667,0,0.9995,0
2024-09-12,602.0833,666.0547,7.6844,7.1911,7.8067,7.2911,6.766,0.966,0.0689,0.6508,1.0,1.0,55.8205,25.6729,3.4234,109.6692,60.147,9.4847,4.9585,0.0,15.825,10.6875,3.396,6.8916,0.0,34.9206,0.0,0.4843,1.3348,0.0,8.0667,0.0,27.8345,3.6764,19.0,31.0,30.0,48.5659,12.696,19.5312,64.5625,51.7188,2.8942,0.9855,1.8,4.7,2.6,2.8863,5.693,0.0,24.7,0.0,11.5833,0,0.9843,0
2024-09-13,541.7692,613.6704,7.0126,6.6324,7.7418,7.2526,6.2364,0.9058,0.1095,0.625,1.0,0.9784,61.5557,20.9068,10.7037,109.6077,64.548,8.8724,4.4575,0.0,15.525,9.9,9.4192,10.9457,0.0,37.5,2.1596,1.8287,2.6085,0.0,10.95,0.0432,28.1511,3.3899,20.0,31.0,30.0,47.0699,11.3808,20.5938,63.8125,49.75,3.7432,0.6445,3.0,5.0,3.5,8.3705,9.6149,0.0,30.0,2.0,11.5833,5,0.9058,0
2024-09-14,570.445,655.9953,7.5518,7.1107,7.8187,7.3406,6.6538,0.9549,0.0809,0.5417,1.0,1.0,56.7537,23.5492,4.2391,93.9418,58.8997,9.5439,4.8165,0.0,15.9,10.7125,4.509,8.0885,0.0,45.8333,0.0,0.7613,2.3466,0.0,21.5875,0.0,28.3885,3.556,20.0,32.0,30.0,48.7619,12.2482,20.625,64.75,51.7812,3.4978,0.5226,2.8,4.5,3.4,4.0619,7.262,0.0,47.1,0.0,11.5833,0,0.9659,0
2024-09-15,603.02,679.7148,7.8784,7.4237,7.8847,7.4287,6.8957,0.9895,0.0429,0.7759,1.0,1.0,55.1497,24.9775,3.2879,82.6761,62.0122,9.961,5.0964,0.0,16.275,11.1063,1.0466,4.2905,0.0,22.4138,0.0,0.1773,0.7649,0.0,5.2929,0.0,28.6429,3.7952,19.0,32.0,30.0,49.7458,13.0706,19.3438,65.6875,52.7656,3.6907,0.6023,2.5,4.8,3.5,0.9664,4.0198,0.0,24.7,0.0,11.6667,0,0.9992,0
2024-09-16,528.8733,591.9353,6.8616,6.5572,7.5803,7.1742,6.0363,0.8683,0.1611,0.3549,1.0,0.9247,58.0703,25.0885,11.7406,118.3381,58.6926,9.4055,4.8324,0.0,15.9875,10.5625,13.172,16.1122,0.0,64.5051,7.528,3.9003,7.7095,0.0,39.8267,0.527,29.8993,3.8075,20.0,34.0,32.0,48.4107,12.2946,20.6562,64.9688,51.4062,2.9144,0.5438,2.0,4.1,2.9,11.795,14.7117,0.0,61.8,7.0,11.5833,2,0.9052,3
2024-09-17,506.48,577.317,6.6704,6.4103,7.4662,7.0898,5.8986,0.8492,0.1447,0.5762,1.0,0.8572,57.148,26.3124,5.7912,109.5753,55.5123,8.8879,4.8347,0.0,15.8375,9.6063,15.0815,14.4701,0.0,42.381,14.2753,3.8708,4.6789,0.0,16.0587,1.816,29.1786,4.2549,20.0,33.0,31.0,47.0458,12.4277,20.375,64.5938,49.0156,2.2914,0.6862,1.1,3.3,2.3,13.4979,12.8262,0.0,38.1,12.7,11.6667,3,0.8934,3
2024-09-18,568.44,650.2297,7.5057,7.145,7.5939,7.2193,6.607,0.9571,0.0905,0.6084,1.0,1.0,54.0639,26.0636,6.1416,108.8461,58.2165,9.4546,4.8541,0.0,15.6375,10.5438,4.2947,9.0504,0.0,39.1608,0.0,0.9007,2.3923,0.0,13.7063,0.0,28.4643,3.1243,22.0,32.0,30.0,48.5688,12.2729,22.3438,64.0938,51.3594,4.4921,1.1508,3.2,6.4,4.3,3.8407,8.255,0.0,36.4,0.0,11.6667,0,0.9884,0
2024-09-19,596.125,659.4164,7.5951,7.2406,7.6082,7.2528,6.6979,0.9946,0.0305,0.75,1.0,1.0,53.6676,23.9092,6.0971,81.403,60.3532,9.3496,4.9432,0.0,15.675,10.275,0.5412,3.0452,0.0,25.0,0.0,0.0892,0.6263,0.0,5.775,0.0,27.9214,3.7724,20.0,32.0,29.5,48.2654,12.5776,20.625,64.1875,50.6875,4.3429,0.8183,2.9,5.7,4.05,0.5093,2.8655,0.0,23.1,0.0,11.6667,0,0.9983,0
2024-09-20,606.9633,672.1929,7.7513,7.4045,7.7707,7.4218,6.825,0.9902,0.0344,0.8036,1.0,1.0,54.2914,24.5197,6.228,85.1217,60.74,9.5079,4.9505,0.0,15.85,10.5438,0.9796,3.4445,0.0,19.6429,0.0,0.1197,0.4978,0.0,2.9857,0.0,27.8571,3.6983,19.0,32.0,30.0,48.6196,12.6845,19.625,64.625,51.3594,4.5657,0.4441,3.1,5.3,4.5,0.995,3.3684,0.0,15.2,0.0,11.6667,0,0.9975,0
2024-09-21,587.7042,645.922,7.4761,7.1802,7.5122,7.2123,6.5565,0.9863,0.0433,0.7714,1.0,1.0,53.2827,23.7942,6.0921,80.886,60.8343,9.8048,4.9759,0.0,15.925,10.7,1.3723,4.3258,0.0,22.8571,0.0,0.2021,0.8641,0.0,6.2955,0.0,29.3357,3.974,19.0,33.0,31.0,49.3609,12.7598,19.5312,64.8125,51.75,3.0257,0.2433,2.5,3.6,3.0,1.3157,4.3296,0.0,27.7,0.0,11.6667,0,0.9952,0
2024-09-22,506.5808,605.6214,7.033,6.801,7.4734,7.1914,6.1646,0.915,0.0963,0.6818,1.0,0.9583,57.0702,23.0105,3.528,110.1009,57.8705,9.7362,4.9229,0.0,16.375,10.75,8.4975,9.6253,0.0,31.8182,4.1667,1.5058,2.2344,0.0,9.7682,0.1625,30.259,3.7539,20.0,34.0,32.0,49.2329,12.5323,20.5,65.9375,51.875,2.7655,0.5636,2.2,4.0,2.6,7.7806,8.8532,0.0,30.7,3.9,11.5833,1,0.9411,0
2024-09-23,537.0733,615.9409,7.1372,6.9083,7.5968,7.3199,6.2627,0.9326,0.0842,0.6801,1.0,0.9887,57.956,22.1334,11.1912,104.2603,60.5617,9.7313,4.8652,0.0,16.4375,10.8375,6.741,8.4197,0.0,31.9899,1.1321,1.0869,1.8234,0.0,9.405,0.0113,30.2553,3.8292,21.0,34.0,32.0,49.2374,12.3539,21.3438,66.0938,52.0938,3.4319,0.3347,2.8,4.2,3.3,6.3518,7.9299,0.0,29.4,1.0,11.75,3,0.9395,0
2024-09-24,540.4558,596.7928,6.9156,6.725,7.5094,7.2577,6.0849,0.9228,0.1114,0.522,1.0,1.0,60.7825,24.3726,3.2427,115.9667,63.8186,9.5145,4.7083,0.0,16.325,10.125,7.725,11.1405,0.0,47.7995,0.0,1.7186,3.6016,0.0,21.5098,0.0,30.3475,3.4682,22.0,34.0,32.0,48.74,11.8688,22.4688,65.8125,50.3125,3.3709,0.4514,2.6,4.2,3.4,7.3475,10.4771,0.0,45.0,0.0,11.75,6,0.9209,0
2024-09-25,577.1583,657.8548,7.6676,7.422,7.7634,7.5098,6.679,0.9791,0.0431,0.8235,1.0,1.0,54.8425,25.4484,3.3166,100.3217,59.5393,10.3112,5.0786,0.0,16.65,11.3125,2.0881,4.313,0.0,17.6471,0.0,0.24,0.6186,0.0,2.9647,0.0,30.3475,3.6055,22.0,34.0,32.0,50.74,12.777,22.5,66.625,53.2812,4.061,0.5011,3.2,5.0,3.8,2.1674,4.7039,0.0,21.6,0.0,11.75,0,0.9877,0
2024-09-26,528.15,642.9892,7.4588,7.2478,7.7854,7.5471,6.5338,0.9523,0.0692,0.6818,1.0,1.0,57.0637,24.003,3.2983,97.182,63.3037,9.8957,4.9204,0.0,16.625,10.9375,4.7657,6.9165,0.0,31.8182,0.0,0.6924,1.4582,0.0,11.5818,0.0,29.8156,3.6715,21.0,33.0,31.0,49.6529,12.4841,21.5938,66.5625,52.3438,2.8043,0.8718,1.3,4.3,2.8,4.7319,6.9329,0.0,36.4,0.0,11.75,2,0.9581,0
2024-09-27,553.9783,639.0872,7.437,7.2439,7.7084,7.4952,6.4865,0.961,0.0531,0.7961,1.0,0.9897,55.6559,21.4964,9.5917,100.0459,60.3841,10.284,4.9409,0.0,16.6875,11.3,3.8957,5.3107,0.0,20.3883,1.0348,0.4499,0.9258,0.0,5.2762,0.0103,30.8865,3.6744,22.0,35.0,33.0,50.6658,12.4487,22.5312,66.7188,53.25,1.7986,0.7487,0.7,2.9,1.5,3.9504,5.7637,0.0,27.7,1.0,11.75,0,0.9648,0
2024-09-28,451.575,572.9671,6.6558,6.5313,7.3855,7.2088,5.8462,0.8562,0.186,0.3095,1.0,0.948,52.5188,18.8913,9.1552,78.932,57.8464,9.4514,4.9147,0.0,16.2125,10.025,14.382,18.5968,0.0,69.0476,5.1973,5.3619,10.1912,0.0,47.1595,0.2599,30.5971,4.0248,21.0,35.0,32.0,48.5533,12.4394,21.5312,65.5312,50.0625,1.5165,0.3994,0.8,2.1,1.7,13.9086,18.2262,0.0,68.3,5.0,11.5833,0,0.9012,3
2024-09-29,451.445,507.7824,5.795,5.7387,7.4101,7.2451,5.2287,0.7449,0.1629,0.437,1.0,0.7573,54.9039,26.8025,21.1723,129.1514,46.4366,7.1838,4.4515,0.0,13.725,7.55,25.5075,16.2915,0.0,56.3025,24.2669,8.8786,8.9766,0.0,31.5294,5.6151,27.3143,3.5117,21.0,31.0,29.0,42.8366,11.3396,21.5938,59.3125,43.875,4.5086,0.711,3.3,5.9,4.3,24.695,15.9842,0.0,56.0,23.0,11.6667,0,0.782,3
2024-09-30,592.62,663.3076,7.6382,7.4831,7.6418,7.4874,6.7416,0.9954,0.0266,0.7647,1.0,1.0,52.9086,23.3929,3.3166,79.5594,59.4388,9.2422,4.9451,0.0,15.5875,10.2125,0.4641,2.6585,0.0,23.5294,0.0,0.1008,0.6934,0.0,6.8706,0.0,27.7746,3.9165,20.0,32.0,30.0,47.9459,12.6808,20.4375,63.9688,50.5312,5.0472,0.6627,3.2,6.0,5.1,0.6606,3.7771,0.0,29.2,0.0,11.8333,0,0.9995,0
2024-10-01,615.76,691.3999,8.0228,7.8718,8.0266,7.8778,7.0232,0.9962,0.0187,0.875,1.0,1.0,54.6727,24.4084,3.2427,82.0962,62.0109,9.8753,5.12,0.0,16.2375,10.8375,0.3759,1.8661,0.0,12.5,0.0,0.0682,0.3699,0.0,3.2588,0.0,28.4895,3.8307,19.0,32.0,30.0,49.5284,13.1321,19.4688,65.5938,52.0938,3.5867,1.0348,2.1,5.5,3.3,0.9503,4.3,0.0,27.7,0.0,11.9167,0,0.9995,0
2024-10-02,608.8267,683.5754,7.9863,7.8575,7.9999,7.8718,6.9357,0.9954,0.0255,0.7391,1.0,1.0,54.6929,24.1292,3.2333,81.7307,59.757,10.5529,5.2394,0.0,16.9125,11.8875,0.459,2.5543,0.0,26.087,0.0,0.1071,0.9441,0.0,10.9304,0.0,30.162,4.0452,19.0,34.0,32.0,51.2526,13.3767,19.5625,67.2812,54.7188,2.8077,0.2671,2.2,3.6,2.7,0.6915,4.187,0.0,41.9,0.0,11.8333,0,0.9983,0
2024-10-03,488.9525,636.0857,7.4249,7.3379,7.7437,7.6419,6.4544,0.9583,0.0686,0.7257,1.0,1.0,62.4681,23.0041,11.2449,106.3727,68.261,10.5323,5.0434,0.0,17.1125,11.4438,4.1741,6.8616,0.0,27.4257,0.0,0.6681,1.4364,0.0,7.1307,0.0,31.6127,4.2189,20.0,35.0,33.0,51.2207,12.8526,20.5938,67.7812,53.6094,2.8775,0.7037,1.3,3.7,3.05,4.5148,7.3739,0.0,26.2,0.0,11.8333,2,0.9588,0
2024-10-04,528.4458,613.0822,7.1826,7.118,7.6532,7.5714,6.2336,0.9302,0.0804,0.7278,1.0,0.9689,55.6742,19.9907,8.0434,91.8391,57.5548,10.6067,4.9669,0.0,17.3,11.525,6.982,8.0366,0.0,27.216,3.1142,1.1719,1.7077,0.0,7.0762,0.1038,32.5141,3.7126,22.0,36.0,34.0,51.4822,12.4937,22.5938,68.25,53.8125,2.1282,0.9156,1.0,3.9,1.8,7.3331,8.4663,0.0,26.2,3.0,11.8333,0,0.9385,0
2024-10-05,553.3,618.1206,7.2342,7.1802,7.6613,7.5961,6.2743,0.9229,0.1101,0.5238,1.0,1.0,60.1966,24.0205,10.2765,105.1202,64.6316,10.7418,4.9735,0.0,17.325,11.7313,7.7062,11.0061,0.0,47.619,0.0,1.8957,3.9396,0.0,25.9048,0.0,32.4286,3.9496,22.0,36.0,34.0,51.806,12.5423,22.3438,68.3125,54.3281,1.8457,1.2946,0.3,3.9,1.85,8.0486,11.7447,0.0,54.4,0.0,11.6667,2,0.9443,0
2024-10-06,548.7475,606.1894,7.0892,7.0543,7.5791,7.5347,6.178,0.9153,0.1092,0.6,1.0,0.9892,55.9143,24.5262,3.1659,99.7717,60.9189,10.1692,4.9396,0.0,17.1,10.875,8.4716,10.9226,0.0,40.0,1.0763,1.9838,3.4049,0.0,17.4,0.0108,31.8252,3.837,24.0,36.0,33.0,50.4159,12.3641,24.375,67.75,52.1875,3.0958,1.1937,1.6,4.9,2.7,8.9937,11.4214,0.0,43.5,1.2,11.9167,0,0.9354,0
2024-10-07,443.6567,521.3087,6.0906,6.0983,7.6648,7.6348,5.3886,0.8085,0.2493,0.1078,1.0417,0.9434,69.0858,34.6384,8.4136,183.3504,69.079,8.6619,4.6376,0.0,16.9,8.2875,19.1799,24.9002,0.0,89.2199,5.6604,9.824,17.5516,0.0,79.4057,0.3623,30.6294,3.5735,22.0,35.0,32.0,46.6012,11.699,22.4375,67.25,45.7188,2.7678,0.6352,2.1,3.9,2.6,19.607,24.6442,0.0,89.0,7.0,11.9167,4,0.7946,3
2024-10-08,298.4567,297.2028,3.5248,3.5774,7.1173,7.1111,3.2841,0.5043,0.1544,0.185,0.8696,0.5339,61.6104,30.8987,5.7597,131.5508,58.2858,5.0378,2.9583,0.0,10.45,5.5938,49.5725,15.4369,13.0435,81.4961,46.6066,26.8575,15.5119,3.013,66.5823,21.6433,28.2535,2.3533,23.0,31.0,28.5,37.5621,7.4541,23.3438,51.125,38.9844,3.2176,0.7896,1.4,4.3,3.4,49.5028,15.206,19.9,81.7,46.55,11.8333,3,0.4952,2
2024-10-09,528.3775,482.9424,5.6534,5.6523,7.3343,7.3398,5.0134,0.693,0.3509,0.056,1.0,0.907,55.256,42.9348,9.7836,191.7458,40.8132,7.2737,5.3328,0.0,15.4625,6.2625,30.702,35.0876,0.0,94.3978,9.3023,21.7991,29.8017,0.0,89.0171,0.8452,28.0567,3.3696,22.0,33.0,28.0,43.0924,13.4634,22.5312,63.6562,40.6562,1.8539,0.6514,0.7,2.8,2.1,31.0241,35.252,0.0,94.3,9.0,11.75,3,0.7708,1
2024-10-10,328.7542,354.2521,4.0646,4.1141,7.1776,7.2023,3.83,0.5993,0.2433,0.1379,0.9833,0.5622,49.3725,27.465,9.0185,115.3504,41.5666,3.5502,3.361,0.0,10.7875,3.1875,40.0726,24.3291,1.6667,86.2069,43.7773,21.9717,20.5474,0.03,74.1379,20.5387,22.7535,2.0113,20.0,26.0,23.0,33.4875,8.8534,20.4688,51.9688,32.9688,2.3028,0.5219,0.7,3.0,2.4,40.3697,24.0427,1.8,86.0,46.15,11.8333,0,0.5663,2
2024-10-11,487.1275,457.0928,5.2886,5.3204,7.165,7.2029,4.7573,0.6801,0.3464,0.0575,1.0,0.8656,57.0148,35.5381,6.9865,167.0199,58.2942,6.4371,4.7983,0.0,14.025,5.8875,31.9885,34.6378,0.0,94.2466,13.4401,22.2158,29.1337,0.0,88.7803,2.18,26.9366,3.3267,20.0,31.0,27.0,40.9029,12.2712,20.5,60.0625,39.7188,2.8894,0.6884,1.8,3.9,3.0,32.4218,34.5025,0.0,94.2,16.8,11.8333,3,0.7381,1
2024-10-12,451.0783,442.5569,5.0372,5.0841,7.0372,7.0906,4.6263,0.6591,0.2125,0.1123,0.9688,0.6923,57.5663,34.7824,12.3886,133.8707,47.5862,5.5186,4.034,0.0,12.425,5.0125,34.087,21.2462,3.1217,88.7701,30.7692,16.2594,19.8903,0.0937,78.9166,9.3,25.1844,2.8626,19.0,29.0,26.0,38.5811,10.4121,19.5625,56.0625,37.5312,1.9227,0.8876,0.0,3.1,2.3,34.5106,21.3785,3.0,88.9,31.0,11.75,3,0.7158,3
2024-10-13,407.3767,500.1135,5.6785,5.7445,7.1577,7.2279,5.1537,0.7905,0.203,0.2264,1.0,0.8373,64.4378,29.0468,12.3104,142.9699,59.2791,7.2218,3.8096,0.0,13.175,7.925,20.9478,20.3043,0.0,77.3585,16.2689,8.6258,12.5443,0.0,60.9585,2.6699,27.6643,3.5005,19.0,31.0,29.0,42.8746,9.8928,19.5625,57.9375,44.8125,2.5379,0.617,1.5,3.5,2.5,21.755,20.3433,0.0,78.8,20.05,11.6667,2,0.7933,3
2024-10-14,584.1233,598.1731,6.8012,6.8786,7.3485,7.4399,6.0932,0.8947,0.1638,0.24,1.0,0.9588,57.2767,24.7615,12.4325,116.4047,60.6312,8.0577,4.4073,0.0,14.0875,8.5625,10.5251,16.3799,0.0,76.0,4.1156,3.9723,10.517,0.0,59.204,0.1646,27.0493,2.8167,20.0,30.0,28.0,45.0103,11.2809,20.5625,60.2188,46.4062,4.0627,1.0239,1.8,5.6,3.95,11.4162,17.2477,0.0,77.9,4.0,11.8333,0,0.9255,3
2024-10-15,190.5217,157.4818,2.0769,2.1124,7.2958,7.4061,2.0503,0.3313,0.1377,0.1571,1.0,0.3063,26.3448,13.1788,8.2696,60.8044,22.5232,0.89,0.8186,0.0,2.7875,0.8875,66.8675,13.7746,0.0,84.29,69.3723,47.0295,14.9881,0.0,70.8036,48.6485,21.021,0.7642,20.0,22.0,21.0,26.4674,3.0163,20.3438,31.9688,27.2188,1.8916,0.7813,0.4,3.0,2.0,67.9538,11.7356,15.2,84.0,70.1,11.9167,0,0.2847,2
2024-10-16,206.9508,227.919,2.7865,2.8318,7.1242,7.2285,2.6317,0.4455,0.3436,0.0394,0.9806,0.3032,53.3737,45.1693,6.3836,210.1534,46.9598,2.5069,3.0021,0.0,10.325,1.5125,55.4546,34.3628,1.9429,96.0606,69.6787,42.6403,35.8547,0.0389,92.2182,49.1629,23.4789,1.7774,19.0,26.0,24.0,30.8376,7.9259,19.4375,50.8125,28.7812,2.5162,0.92,0.7,4.2,2.45,56.0577,33.8812,2.0,96.0,70.5,11.8333,2,0.3911,2
2024-10-17,373.275,338.078,3.9516,4.0353,7.371,7.5154,3.6433,0.5575,0.4023,0.0298,1.0,0.5827,49.6358,36.8738,4.5151,142.1494,49.7907,3.7642,4.293,0.0,11.7,1.3875,44.2512,40.2251,0.0,97.0169,41.7323,35.8792,37.121,0.0,94.1064,17.1102,23.1818,2.1645,18.0,26.0,23.0,33.5444,11.5529,18.375,54.25,28.4688,1.3315,0.3531,0.6,1.9,1.3,44.7217,40.3192,0.0,97.0,41.0,11.9167,2,0.5361,2
2024-10-18,355.3342,374.8545,4.2421,4.3263,7.1786,7.3316,4.0088,0.63,0.1858,0.1894,0.9972,0.6261,61.9298,33.576,14.9322,185.929,52.7085,4.1634,2.6349,0.0,9.15,4.6312,37.0049,18.5834,0.2825,81.0596,37.3875,17.5443,14.7064,0.0011,65.6583,14.2738,23.8873,1.9355,19.0,26.0,24.0,35.09,7.1453,19.5312,47.875,36.5781,1.2254,0.5257,0.1,2.2,1.3,38.5394,18.0496,0.4,81.0,39.0,11.8333,3,0.5909,2
2024-10-19,307.0183,320.2983,3.6987,3.7652,7.5553,7.7502,3.5307,0.5555,0.2127,0.1389,1.0571,0.5875,58.1153,28.3431,23.4146,143.3898,50.4353,3.0761,2.4708,0.0,8.525,2.4375,44.4923,21.1805,0.0,86.1083,41.2541,24.9396,21.0389,0.0,74.0531,17.3757,22.6084,1.4777,19.0,24.0,23.0,32.3077,6.732,19.5312,46.3125,31.0938,2.8119,0.6082,1.3,3.9,3.0,47.1357,19.3597,13.0,86.0,43.0,11.9167,5,0.4895,2
2024-10-20,318.9017,342.993,3.9208,3.9887,7.3073,7.4987,3.723,0.5549,0.1694,0.2489,0.8974,0.5359,50.3425,27.7324,12.7671,131.4316,44.7711,3.465,2.7242,0.0,8.55,2.6375,44.5094,16.9366,10.2564,75.1087,46.4072,23.316,14.9775,1.9514,56.3315,22.3051,23.1748,1.6671,20.0,26.0,23.0,33.4565,7.1112,20.5312,46.375,31.5938,2.7336,0.831,0.3,3.9,3.0,46.4483,16.0508,14.0,75.0,48.5,11.9167,0,0.5366,2
2024-10-21,339.7325,323.4312,3.7863,3.8478,7.4787,7.6998,3.5498,0.4856,0.2484,0.1345,1.0,0.5037,52.9619,32.2203,7.7942,120.1647,46.7026,3.4814,3.4334,0.0,11.4125,2.5312,51.4428,24.8436,0.0,86.553,49.6335,33.3995,24.4403,0.0,75.3011,27.5801,23.3873,1.7579,19.0,26.0,24.0,33.3864,8.9509,19.4688,53.5312,31.3281,2.4697,0.4743,1.7,3.2,2.4,53.2796,24.5227,0.0,87.0,54.55,11.8333,0,0.5063,2
2024-10-22,422.9542,404.6526,4.7097,4.8142,7.5843,7.834,4.2782,0.5847,0.3881,0.0499,1.0,0.7348,53.6195,45.0119,2.9695,177.4129,47.2936,4.9181,4.7114,0.0,13.125,2.6813,41.5276,38.8103,0.0,95.0122,26.5201,32.7011,37.1916,0.0,90.2616,7.3172,24.5423,2.3509,19.0,27.0,25.0,36.9798,12.1444,19.5,57.8125,31.7031,3.2669,0.6085,2.1,4.5,3.0,43.3289,38.3939,0.0,95.0,29.0,11.8333,1,0.621,1
2024-10-23,394.7058,362.3089,4.2838,4.4179,7.6001,7.8698,3.8945,0.5792,0.4213,0.0599,1.1111,0.7349,64.0993,57.4204,6.4025,257.5982,55.1401,4.8952,4.4939,0.0,13.5625,2.7375,42.2377,41.953,0.0,94.0144,26.5135,35.5608,38.1209,0.0,88.3736,7.226,25.5857,2.1187,20.0,28.0,26.0,37.0603,11.4543,20.3438,58.9062,31.8438,2.3886,0.8924,0.1,3.5,2.5,43.9093,41.2269,0.0,94.0,36.7,11.6667,3,0.5637,2
2024-10-24,285.5742,309.5633,3.6467,3.754,7.5629,7.8478,3.4026,0.5769,0.3163,0.0396,1.0698,0.6389,56.2673,31.6383,1.6026,157.4138,51.8835,4.3448,3.1632,0.0,11.0875,3.7625,42.3721,31.5446,0.0,96.0446,36.1111,28.392,31.7985,0.0,92.2028,14.9861,26.2028,1.912,21.0,29.0,27.0,35.7657,8.0553,21.5625,52.7188,34.4062,1.8657,0.7605,0.6,2.7,2.0,45.2832,29.8688,0.5,96.0,43.0,11.9167,2,0.4822,2
2024-10-25,210.3967,234.9424,2.8734,2.9294,7.318,7.5993,2.7524,0.4956,0.2714,0.0499,1.0465,0.5612,43.8735,21.2688,5.3165,107.1663,38.5789,2.4586,2.5002,0.0,7.8375,1.6625,50.4674,27.076,0.0,95.0055,43.8819,33.6304,29.2992,0.0,90.2553,21.2233,23.4276,1.9887,19.0,26.0,24.0,30.8588,6.5909,19.4688,44.5938,29.1562,1.4628,0.347,0.8,2.1,1.4,54.0069,24.104,17.0,95.0,48.4,12.0833,0,0.3927,2
2024-10-26,374.2558,429.0686,4.8513,5.0088,7.61,7.9413,4.5084,0.7116,0.1928,0.4006,1.0811,0.7135,65.449,31.2385,14.1571,135.2872,62.6757,5.7147,2.9115,0.0,11.375,6.275,28.8936,19.1883,0.0,59.9421,28.6538,12.5252,11.0309,0.0,35.9653,8.8827,26.6207,2.1443,20.0,29.0,27.0,39.1672,7.5366,20.5625,53.4375,40.6875,1.5228,0.498,0.8,2.6,1.4,32.4586,18.1483,0.0,60.1,32.5,12.0833,2,0.6375,3
2024-10-27,131.6625,490.5454,5.5193,5.7068,7.5048,7.8392,5.0718,0.7731,0.1988,0.4721,1.04,0.7409,53.3964,23.842,18.2308,133.674,50.3061,6.1826,3.741,0.0,12.1375,6.9688,22.7492,19.8085,0.0,52.7859,25.9074,9.6111,9.733,0.0,27.9765,7.0629,25.9167,2.8641,20.0,30.0,27.0,40.2899,9.651,20.5938,55.3438,42.4219,2.7479,0.7291,0.8,3.5,2.95,25.8236,20.1976,0.0,54.0,29.5,12.0,0,0.7354,3
2024-10-28,432.595,473.077,5.3905,5.5758,7.6093,7.9763,4.9353,0.7133,0.2365,0.3092,1.0,0.7619,48.1917,19.0259,10.9139,83.9438,46.6067,5.7681,4.3258,0.0,12.8375,5.4125,28.6698,23.6456,0.0,69.0789,23.8095,14.6662,15.8536,0.0,49.0461,6.9394,25.0629,2.7635,20.0,28.0,26.0,39.1989,11.1385,20.5,57.0938,38.5312,3.1951,0.9393,1.8,4.8,3.2,31.6594,24.6435,0.0,71.0,30.0,11.9167,0,0.7084,3
2024-10-29,371.44,406.3408,4.576,4.7061,7.5657,7.9425,4.3037,0.6302,0.1771,0.2957,0.9683,0.5537,52.9453,26.0072,19.1572,148.0503,48.1198,4.3525,3.0821,0.0,10.7375,4.8875,36.9815,17.7065,3.1746,70.4348,44.6289,17.9491,12.2716,0.1175,54.0939,20.9825,23.5804,2.3659,19.0,26.0,24.0,35.5804,8.1758,19.6562,51.8438,37.2188,1.4245,0.4087,0.9,2.3,1.3,40.6231,17.7581,3.7,76.8,48.0,11.9167,1,0.6048,3
2024-10-30,77.5117,349.7536,4.0263,4.1166,7.6088,8.0112,3.7939,0.5173,0.2385,0.1023,1.087,0.4929,73.6668,61.5365,6.7195,303.497,45.03,3.2871,3.3173,0.0,10.95,2.125,48.3283,23.711,0.0,89.7727,50.7134,30.2626,22.6997,0.0,82.2318,26.948,22.2797,1.2859,20.0,24.0,22.0,32.8383,8.7098,20.7812,52.375,30.3125,2.2497,0.4745,1.4,3.2,2.1,51.7741,23.0185,3.0,91.6,53.0,11.9167,2,0.5292,2
2024-10-31,533.0983,493.8238,5.5507,5.7188,7.656,8.0889,5.1604,0.7409,0.18,0.47,1.4,0.7399,59.0099,37.1986,15.7487,170.5741,46.187,4.6817,3.8173,0.0,11.325,3.675,26.4957,16.673,0.0,53.0017,26.005,10.6513,9.4636,0.0,29.3099,7.5026,21.9241,1.3948,18.0,24.0,22.0,36.2793,10.1232,18.875,53.3125,34.1875,2.2662,0.6904,1.1,3.3,2.3,31.2166,16.4684,1.9,55.3,34.0,12.0833,1,0.725,3
2024-11-01,350.3808,364.7579,4.1498,4.26,7.5834,8.0069,3.9358,0.6082,0.2167,0.2031,1.1277,0.61,64.0202,32.3965,24.7955,171.0148,53.3701,3.7249,2.6335,0.0,10.675,4.0375,39.4287,21.1526,0.0,79.6923,38.9972,21.0368,18.1002,0.0,63.9006,16.5111,23.2276,2.1106,18.0,26.0,24.0,33.9597,7.1605,18.3438,51.6875,35.0938,3.3669,0.638,2.2,4.5,3.2,44.0076,18.4767,10.1,80.6,44.0,12.0833,2,0.5472,2
2024-11-02,359.0083,363.3425,4.2741,4.3794,7.5178,7.9468,3.9308,0.5112,0.2723,0.1002,0.9906,0.5035,56.9383,47.7893,6.3865,200.6277,41.337,4.1747,4.3182,0.0,12.6,2.6875,48.8838,27.2333,0.9395,89.98,49.649,32.666,26.0881,0.0094,81.6118,26.9238,24.137,2.2732,20.0,27.0,24.0,35.1149,11.1419,20.4062,56.5,31.7188,2.474,0.7264,0.7,3.5,2.5,51.9384,27.2747,1.0,90.7,54.35,12.1667,5,0.5685,2
2024-11-03,422.235,396.6738,4.5357,4.6354,7.4942,7.9476,4.2226,0.5729,0.2029,0.1151,1.1071,0.6,61.5958,41.2206,11.5716,184.5887,55.7746,4.2905,3.713,0.0,11.5875,3.375,42.783,20.1112,0.0,88.4921,40.0,23.8693,20.1671,0.0,79.7313,18.0495,23.7034,2.1703,19.0,26.0,24.0,35.4336,9.666,19.7812,53.9688,33.4375,3.1041,0.6863,2.0,4.3,3.2,47.111,19.6631,9.0,90.1,45.1,12.0833,3,0.6052,3
2024-11-04,399.0642,404.3019,4.6722,4.8587,7.5578,8.0322,4.2965,0.6099,0.3015,0.1631,1.0278,0.6993,53.5081,32.401,12.1269,157.7766,46.0299,5.1443,3.9421,0.0,11.9375,4.0188,39.0265,30.1223,0.0,83.6887,30.0739,25.3969,24.8094,0.0,70.2985,10.177,25.4861,2.1677,20.0,28.0,26.0,37.6532,10.1502,20.4375,54.8438,35.0469,3.5049,1.0696,1.2,5.2,3.5,42.3674,30.2359,0.0,84.0,41.0,12.0,1,0.6182,1
2024-11-05,316.0458,302.7306,3.4873,3.5461,7.5586,8.0658,3.3829,0.5063,0.1351,0.2979,0.8947,0.5047,28.5674,18.5587,3.4597,79.587,24.0542,2.0855,1.836,0.0,5.425,1.4,49.3664,13.512,10.5263,70.2104,49.5261,28.2153,11.6693,4.1263,49.8494,26.273,20.7172,0.8796,19.0,22.0,21.0,29.7362,5.2453,19.4375,38.5625,28.5,2.2379,0.379,1.6,2.9,2.3,54.9117,9.7609,37.4,77.2,53.0,12.0833,0,0.4614,2
2024-11-06,532.3017,510.2799,5.7663,5.9682,7.5863,8.1154,5.3085,0.7419,0.1828,0.2794,1.0,0.7538,62.3982,37.4158,17.8979,197.0589,48.8708,5.5451,3.9,0.0,12.8375,5.2125,25.8103,18.281,0.0,72.0588,24.6212,11.4425,11.8388,0.0,58.9441,8.0196,23.6042,2.3121,19.0,26.0,24.5,38.6207,10.1358,19.4375,57.0938,38.0312,2.7056,0.4592,1.5,3.4,2.7,31.275,20.2635,0.0,83.1,34.0,12.0,2,0.7601,3
2024-11-07,307.8367,318.5124,3.7118,3.8146,7.5132,8.0365,3.5016,0.5263,0.2663,0.0509,0.92,0.6424,63.4333,44.7778,7.1663,197.8496,53.3297,3.2022,3.1203,0.0,10.8625,2.5688,47.3701,26.6347,8.0,94.9079,35.7635,31.1682,29.7729,0.7842,90.1625,16.1313,22.9296,1.3243,20.0,25.0,24.0,32.7317,8.1249,20.4375,52.1562,31.4219,2.0232,0.4302,1.1,2.7,2.1,51.9514,25.541,9.0,95.0,43.8,11.8333,2,0.494,2
2024-11-08,359.1142,354.0581,4.0652,4.1991,7.5479,8.1082,3.8741,0.6311,0.2463,0.1637,1.2273,0.6223,62.2153,58.8226,8.2444,268.9937,42.7764,3.1496,2.5637,0.0,10.1875,2.9125,37.3172,23.8406,0.0,83.6275,37.7729,20.5809,18.3346,0.0,70.2471,16.8378,22.2245,1.3231,19.0,24.0,23.0,32.5948,6.8156,19.5312,50.4688,32.2812,3.3789,0.7539,2.2,4.8,3.7,44.2707,19.5368,2.6,84.0,44.6,12.25,6,0.5386,2
2024-11-09,246.2708,253.2128,3.0399,3.113,7.4886,8.0535,2.9517,0.5337,0.2599,0.215,1.36,0.4643,31.6392,18.3389,4.8116,77.3093,28.9967,2.3988,1.3703,0.0,4.8,2.6625,47.4145,24.1528,0.0,78.499,53.5682,29.5497,19.7759,0.0,62.0142,30.1638,22.9452,1.2472,20.0,25.0,23.0,30.7532,3.9164,20.4375,37.0,31.6562,3.1911,0.6771,1.6,3.9,3.4,54.1178,17.1457,13.4,79.0,56.15,12.1667,1,0.4059,2
2024-11-10,565.7575,599.9555,6.77,7.1817,7.6452,8.2555,6.1254,0.8976,0.1343,0.5946,1.5,0.9139,60.6072,22.1659,16.723,103.457,63.6961,7.3346,4.1087,0.0,13.075,7.7062,11.2686,10.7826,0.0,40.5405,8.6094,3.1671,4.6221,0.0,22.2162,1.1815,25.9189,3.0271,19.0,29.0,27.0,43.0726,10.7851,19.4375,57.6875,44.2656,1.2182,0.416,0.1,1.8,1.25,16.9905,16.3962,0.0,64.3,14.0,12.3333,2,0.8855,3
2024-11-11,389.6667,458.9621,5.2348,5.5199,7.626,8.2346,4.7795,0.6564,0.3549,0.0425,1.4706,0.8354,56.5649,49.1868,5.5487,245.5194,46.9125,5.2583,4.4963,0.0,12.2375,5.0125,35.2858,34.1327,0.0,95.7511,16.4576,24.6658,33.9469,0.0,91.9211,2.9763,24.2361,1.9575,19.0,27.0,24.0,37.8683,11.6055,19.375,55.5938,37.5312,1.3167,0.4533,0.1,2.4,1.4,38.3382,33.6048,0.1,96.0,19.0,12.0,3,0.6864,1
2024-11-12,420.735,496.7506,5.5338,5.7933,7.5573,8.1837,5.1242,0.738,0.2229,0.2125,1.5,0.7359,43.6921,25.8688,11.9655,135.9749,34.9941,5.5441,3.481,0.0,10.45,5.9438,27.6062,19.158,0.0,78.75,26.406,12.4065,16.3512,0.0,66.2288,7.4429,24.4315,2.3011,20.0,28.0,24.0,38.6451,9.0757,20.5312,51.125,39.8594,2.0829,0.4919,1.1,3.0,2.1,31.8199,19.8816,0.0,84.1,28.05,12.1667,1,0.7322,3
2024-11-13,389.6083,423.8843,4.8126,4.9741,7.534,8.166,4.4509,0.6111,0.2965,0.058,1.5,0.6837,62.8907,43.317,5.2129,178.2547,49.5947,4.6138,4.0454,0.0,12.575,4.775,39.9143,27.5408,0.0,94.1953,31.6327,24.6867,27.751,0.0,89.3913,11.2464,23.4483,2.0032,20.0,27.0,24.0,35.8946,10.8965,20.3438,56.4375,36.9375,1.6331,0.4333,0.7,2.5,1.6,45.0097,25.6614,2.0,94.9,36.3,12.0833,2,0.6388,1
2024-11-14,329.82,344.7862,3.9245,4.0321,7.5231,8.1754,3.7319,0.5267,0.2533,0.0829,1.5,0.5763,50.0733,32.1133,9.2343,161.2327,43.8903,3.0619,2.7082,0.0,8.9125,2.6375,47.9454,23.6643,0.0,91.7051,42.3705,30.3065,24.3852,0.0,85.7442,18.8589,21.9452,1.5122,19.0,24.0,22.0,32.0253,7.5677,19.625,47.2812,31.5938,2.887,0.2911,2.5,3.6,2.8,53.6568,21.0362,14.4,93.5,47.95,12.1667,0,0.5217,2
2024-11-15,80.525,213.886,2.6369,2.6809,7.481,8.1351,2.5799,0.4022,0.1576,0.1778,1.4545,0.3927,23.5147,7.9976,9.7464,43.0155,23.3269,1.4223,1.5004,0.0,4.5875,0.7,60.177,13.6187,0.0,82.2171,60.7288,40.5058,12.0506,0.0,68.2402,39.4201,21.226,1.179,19.0,23.0,21.0,27.9989,4.4232,19.4688,36.4688,26.75,3.7308,0.5496,2.8,4.6,3.75,66.0048,7.1069,39.2,83.0,64.9,12.1667,0,0.3525,2
2024-11-16,400.445,391.6668,4.4282,4.5299,7.4353,8.0814,4.1815,0.6238,0.1721,0.3129,1.5,0.6476,41.6989,19.4615,10.0465,100.7215,39.5025,3.9679,2.8225,0.0,8.5625,3.95,38.0389,15.6989,0.0,68.7075,35.2448,18.9399,12.6525,0.0,48.0952,13.7222,23.3129,2.1921,19.0,26.0,24.0,34.6093,7.5507,19.5312,46.4062,34.875,3.0361,0.5949,1.6,4.1,3.0,45.1735,13.3017,21.6,71.2,40.3,12.25,0,0.5956,2
2024-11-17,275.685,371.0562,4.159,4.2451,7.5003,8.1898,3.9921,0.5962,0.1758,0.2065,1.5,0.5622,35.4556,20.5679,2.0057,74.8697,31.5771,2.9562,2.1601,0.0,7.175,3.1625,41.1697,14.6638,0.0,79.3478,43.7824,21.2762,11.4701,0.0,68.8739,20.5777,21.1931,1.4639,18.0,23.0,21.0,31.9491,6.0999,18.4375,42.9375,32.9062,1.9076,0.5534,0.8,2.4,2.2,48.4738,11.2317,28.8,86.8,50.0,12.0833,0,0.5545,2
2024-11-18,443.5792,518.6958,5.886,6.2438,7.6358,8.3805,5.3805,0.8231,0.2507,0.3172,1.5,0.9027,55.7162,19.0878,11.897,110.859,55.6839,6.1979,3.9691,0.0,12.775,6.6,19.8694,21.5321,0.0,68.2759,9.7297,9.4661,12.5793,0.0,49.2269,2.2739,25.443,2.6159,19.0,28.0,26.0,40.2567,10.334,19.4062,56.9375,41.5,2.0879,0.5769,0.9,3.1,1.9,27.5275,22.5144,0.0,78.8,32.7,12.4167,0,0.7708,1
2024-11-19,684.1217,617.0208,7.0168,7.515,7.565,8.2944,6.308,0.9036,0.1531,0.2597,1.5,0.9434,53.4355,29.5974,14.0195,150.2082,44.4612,7.4891,4.7183,0.0,14.025,8.25,10.5619,13.2727,0.0,74.026,5.6609,3.8521,8.278,0.0,62.5519,0.345,25.1806,2.9152,19.0,28.0,26.0,43.4533,12.263,19.375,60.0625,45.625,0.7896,0.52,0.0,1.7,0.6,15.975,19.0619,0.0,84.5,8.0,12.0,0,0.9275,0
2024-11-20,581.9917,614.555,7.0315,7.58,7.6007,8.3611,6.3015,0.9453,0.159,0.6667,1.5,0.9738,49.8854,22.9037,10.3777,106.8268,46.0199,7.5683,4.806,0.0,13.825,8.1812,7.921,11.0056,0.0,33.3333,2.616,2.2824,4.209,0.0,13.898,0.0855,26.1667,2.7695,20.0,29.0,27.0,43.7454,12.3128,20.5,59.5625,45.4531,2.0353,0.496,0.4,2.7,2.2,12.2087,14.1538,0.0,42.2,5.0,12.5,0,0.9251,0
2024-11-21,581.11,605.5155,6.8004,7.3698,7.5667,8.3272,6.158,0.9095,0.1483,0.3375,1.5,0.92,48.8924,19.2683,12.6236,89.6388,46.8837,7.3123,4.1954,0.0,13.2375,8.2625,10.3615,11.9124,0.0,66.25,8.0,3.183,8.8248,0.0,52.47,0.775,25.7823,2.5334,20.0,29.0,26.0,43.1303,10.7714,20.5625,58.0938,45.6562,1.8007,0.5562,0.1,2.7,1.9,14.4456,16.4871,0.0,79.2,12.0,12.25,0,0.8987,3
2024-11-22,377.415,392.5776,4.5648,4.7922,7.4438,8.1854,4.223,0.6689,0.3349,0.063,1.5,0.7829,51.7153,34.2429,8.915,160.091,43.6734,4.3744,3.9041,0.0,11.475,2.2375,34.3022,31.5711,0.0,93.6959,21.7131,22.8801,29.9619,0.0,88.0742,6.0267,24.0612,1.8917,19.0,26.0,24.0,35.706,10.0556,19.375,53.6875,30.5938,1.1694,0.7624,0.1,2.5,0.9,41.981,28.9054,2.0,94.0,34.0,12.25,0,0.6132,1
2024-11-23,366.5867,378.5678,4.3397,4.5178,7.478,8.256,4.0653,0.617,0.2937,0.1166,1.5,0.6887,66.3508,45.8023,11.8731,211.5338,53.6715,3.8491,3.49,0.0,10.1125,3.15,39.5785,26.8124,0.0,88.3372,31.1265,24.3431,24.4778,0.0,78.6201,10.7842,23.1497,1.5675,20.0,25.0,23.0,34.2202,9.2129,20.5938,50.2812,32.875,2.4347,0.9222,0.9,3.9,2.4,47.3619,23.5429,8.0,89.1,40.9,12.25,5,0.5803,2
2024-11-24,355.1633,432.2434,4.8488,5.0716,7.5815,8.3891,4.537,0.6873,0.2514,0.1368,1.5,0.6908,58.4326,39.7017,9.3566,178.1942,46.0384,4.6182,3.1641,0.0,9.35,5.4875,32.6995,22.1383,0.0,86.3248,30.9202,17.0842,18.775,0.0,78.6419,10.7691,24.0134,2.2421,19.0,27.0,24.0,36.2169,8.4367,19.5312,48.375,38.7188,1.7342,0.2889,1.4,2.3,1.7,40.9463,20.1946,0.4,91.1,37.0,12.4167,2,0.6396,1
2024-11-25,532.2908,524.618,5.8085,6.357,7.6398,8.4869,5.4084,0.8681,0.236,0.4338,1.5,0.9509,53.3847,25.3074,6.5828,142.9018,51.6993,5.1982,3.3765,0.0,10.5125,4.775,16.1386,18.4018,0.0,56.6185,4.9126,6.3517,9.3478,0.0,33.4049,0.2914,23.3618,2.4483,19.0,26.0,24.0,37.692,8.9679,19.375,51.2812,36.9375,4.4237,0.6163,3.6,5.7,4.2,18.8743,18.6208,0.0,59.0,15.5,12.6667,0,0.7603,3
2024-11-26,512.2,418.3392,4.7356,5.0278,7.5794,8.4135,4.4361,0.6937,0.2751,0.2747,1.5,0.6226,55.3125,27.2154,14.1129,128.8688,52.6492,4.5828,2.9653,0.0,9.7375,4.675,32.8285,22.954,0.0,72.525,37.7397,17.6248,16.1571,0.0,53.6685,16.5187,24.3533,2.3117,19.0,27.0,25.0,36.1923,7.8817,19.375,49.3438,36.6875,3.3507,0.9998,1.7,5.1,3.3,38.5653,23.0441,0.0,75.1,42.5,12.5,0,0.6248,1
2024-11-27,436.5525,476.7175,5.3218,5.6913,7.5407,8.383,4.9521,0.8019,0.2103,0.4387,1.5,0.7868,57.1631,23.6919,16.303,127.6462,53.9468,5.5366,3.0013,0.0,10.725,6.4188,21.7851,16.6877,0.0,56.1335,21.3155,8.3694,8.6033,0.0,32.5574,5.6341,25.32,2.2445,20.0,28.0,26.0,38.6246,7.943,20.3438,51.8125,41.0469,2.914,0.6009,1.6,3.7,3.1,27.9507,16.7378,0.0,66.4,28.25,12.5,1,0.7058,3
2024-11-28,407.5342,400.4275,4.6398,5.0085,7.5111,8.338,4.2625,0.6665,0.3499,0.1119,1.5,0.7273,68.3561,52.3172,7.2671,257.1209,57.7272,5.3963,3.8354,0.0,12.025,5.4625,34.859,32.5184,0.0,88.8087,27.2727,23.8773,27.4515,0.0,79.9278,9.002,26.483,2.2125,20.0,29.0,27.0,38.3193,9.8568,20.5,55.0625,38.6562,2.5959,0.6658,1.5,3.6,2.3,38.8211,32.9043,0.0,90.0,33.0,12.25,3,0.6177,1
2024-11-29,477.9608,497.5381,5.6342,6.0043,7.4245,8.2459,5.1731,0.8076,0.233,0.1945,1.5,0.8452,56.3999,30.6655,18.9519,166.3651,47.259,5.8214,3.9928,0.0,12.275,5.8,21.345,19.3754,0.0,80.5517,15.4806,9.2823,14.8185,0.0,66.0524,2.8643,25.0676,2.3695,19.0,28.0,25.0,39.3435,10.3174,19.5312,55.6875,39.5,1.5608,0.5987,0.5,2.9,1.5,28.102,19.431,2.1,82.0,21.0,12.3333,1,0.7589,3
2024-11-30,592.2725,546.7488,6.1159,6.6589,7.4318,8.2897,5.613,0.8936,0.1808,0.5231,1.5,0.8897,48.1698,19.8597,14.6378,89.6659,46.9284,6.3019,3.7994,0.0,12.075,6.1,13.1213,13.0362,0.0,47.6886,11.0294,3.8463,5.7992,0.0,24.3212,1.4449,25.1812,2.3367,20.0,28.0,26.0,40.5736,9.8248,20.5,55.1875,40.25,1.5671,0.7796,0.2,2.8,1.4,18.4832,14.8366,0.0,65.4,16.3,12.4167,0,0.8229,3
2024-12-01,271.8925,320.2335,3.7308,3.8178,7.4248,8.2805,3.524,0.5119,0.229,0.1069,1.5,0.4812,50.7468,41.2729,4.4339,166.8647,35.889,3.5692,2.8897,0.0,11.1125,4.1188,49.6387,20.1767,0.0,89.3082,51.8838,31.3567,20.0761,0.0,81.0025,29.6985,24.1959,1.7599,21.0,26.0,25.0,33.6491,7.5912,21.5,52.7812,35.2969,1.3095,0.5637,0.6,2.7,1.2,57.5203,16.7146,11.0,90.7,56.35,12.3333,2,0.5025,2
2024-12-02,430.4458,397.1504,4.502,4.6525,7.4381,8.3098,4.2086,0.6241,0.2781,0.083,1.5,0.6054,52.3956,32.6148,5.6057,147.5832,45.7605,4.34,3.3296,0.0,10.4625,4.9625,39.6416,22.9439,0.0,91.7012,39.4619,22.9619,22.0563,0.0,85.9241,18.0593,24.3221,1.9252,20.0,27.0,25.0,35.6527,8.6099,20.4375,51.1562,37.4062,2.153,0.3392,1.6,2.7,2.2,48.4846,19.5205,3.0,93.7,47.0,12.4167,2,0.6053,1
2024-12-03,512.63,517.9203,5.7863,6.1823,7.3929,8.2521,5.3343,0.8166,0.1203,0.5177,1.12,0.814,48.7085,18.6067,14.6129,98.1713,51.7729,6.04,3.4492,0.0,11.5125,6.525,18.559,11.6049,0.0,48.2277,18.5951,6.0294,6.1367,0.0,24.5961,4.098,25.2432,1.8612,20.0,27.0,26.0,39.9046,8.9981,20.4062,53.7812,41.3125,1.6946,0.6383,0.5,2.8,1.7,26.948,15.5425,0.8,62.3,22.5,12.3333,0,0.7827,3
2024-12-04,531.1658,511.9979,5.783,6.1268,7.3842,8.2501,5.2846,0.7564,0.2646,0.0811,1.5,0.7593,47.2774,28.474,6.2298,137.816,40.8274,5.8306,4.365,0.0,12.5375,6.1625,26.0306,23.4413,0.0,91.8919,24.0702,13.768,21.7911,0.0,85.9189,7.2687,24.5374,1.9906,20.0,27.0,25.0,39.29,11.3201,20.6875,56.3438,40.4062,1.232,0.5773,0.3,2.0,1.4,32.7728,24.1337,2.0,93.5,30.0,12.25,0,0.7832,1
2024-12-05,434.8975,447.3349,5.0838,5.3637,7.5159,8.433,4.6736,0.6863,0.3183,0.0767,1.5,0.7296,53.4933,39.5201,5.5814,167.7956,44.7779,5.2721,4.0953,0.0,13.0,5.1125,33.918,27.091,0.0,92.3295,27.0364,20.2541,26.6978,0.0,86.4205,8.8139,25.1678,2.5266,19.0,28.0,26.0,37.9627,10.5536,19.5312,57.5,37.7812,1.9765,0.7509,0.1,3.0,2.2,40.9765,25.5704,7.0,93.6,35.0,12.4167,1,0.6764,1
2024-12-06,723.9467,678.2438,7.8002,8.7718,7.7973,8.7738,6.9027,1.0097,0.0683,1.0,1.5,1.0,49.8044,22.7636,3.0785,76.1583,55.6043,8.7709,4.955,0.0,15.0875,9.75,0.0,0.0,0.0,0.0,0.0,0.0,0.0,0.0,0.0,0.0,27.2715,3.2248,18.0,30.0,28.0,46.6428,12.9386,18.5,62.7188,49.375,2.6848,0.645,1.7,3.8,2.5,0.3338,2.4024,0.0,21.6,0.0,12.5833,0,1.0004,0
2024-12-07,584.0775,614.7735,7.0498,7.7502,7.7243,8.6942,6.2795,0.911,0.1498,0.3824,1.5,0.9709,52.4704,21.8412,12.6811,96.9142,54.7672,8.2217,4.6496,0.0,14.5125,9.2375,9.8853,12.8245,0.0,61.7647,2.9084,3.5739,7.3204,0.0,49.6588,0.0873,27.9145,3.3215,19.0,31.0,29.0,45.3072,12.1017,19.375,61.2812,48.0938,2.1388,0.9772,0.4,3.6,2.2,14.5461,19.2711,0.0,80.4,6.0,12.6667,1,0.9127,0
2024-12-08,496.185,586.5141,6.6912,7.3295,7.5809,8.526,6.0049,0.9107,0.1456,0.5484,1.5,0.9276,53.1145,25.1084,13.3243,134.464,50.8079,7.7783,4.3381,0.0,14.075,8.4625,10.2149,11.559,0.0,45.1613,7.2423,3.0185,5.0684,0.0,22.129,0.7625,27.7237,2.7554,19.0,30.0,29.0,44.2317,11.266,19.4688,60.1875,46.1562,1.6197,0.2563,1.1,2.0,1.6,15.8908,16.4926,0.0,65.0,10.5,12.6667,1,0.8826,3
2024-12-09,409.5133,486.5676,5.5437,6.0001,7.5029,8.4352,5.0539,0.7914,0.2927,0.2244,1.5,0.8477,58.2165,32.0044,14.2156,160.9955,55.193,6.5219,3.861,0.0,11.8,7.5375,23.814,24.5123,0.0,77.5578,15.231,12.7549,17.4104,0.0,61.9686,2.9874,27.1678,2.4835,20.0,30.0,28.0,41.12,9.9928,20.4688,54.5,43.8438,1.1503,0.2632,0.7,1.7,1.2,29.604,25.3118,0.0,79.9,27.7,12.4167,6,0.7389,1
2024-12-10,552.1058,533.8354,6.0115,6.5088,7.4436,8.3545,5.4921,0.8794,0.2062,0.4474,1.5,0.8979,53.2634,21.3451,12.8662,115.7179,52.4476,6.7022,3.7669,0.0,12.1625,7.8,14.7163,15.9236,0.0,55.2573,10.2105,5.3869,7.9314,0.0,32.0492,1.25,26.5101,2.3556,20.0,29.0,27.0,41.6397,9.6391,20.5938,55.4062,44.5,1.7067,0.5143,0.7,2.7,1.6,21.9289,17.1434,0.0,63.3,20.2,12.4167,4,0.8076,3
2024-12-11,516.9783,464.0367,5.317,5.5934,7.4284,8.3468,4.8363,0.6956,0.301,0.0428,1.5,0.7537,58.9219,43.1711,5.6481,226.9471,47.6598,5.6762,4.585,0.0,13.3625,5.775,32.3748,26.824,0.0,95.7219,24.6253,19.346,26.6749,0.0,92.1802,9.4009,25.6107,2.4209,20.0,29.0,26.0,38.9924,11.7328,20.3438,58.4062,39.4375,1.4369,0.6406,0.5,2.5,1.2,41.0168,25.563,3.0,96.4,40.5,12.4167,2,0.7158,1
2024-12-12,343.3592,304.6336,3.5726,3.6928,7.4367,8.3684,3.4011,0.5734,0.2893,0.1173,1.5,0.6122,59.0075,41.4875,10.2455,230.5597,50.2343,3.4007,2.349,0.0,8.275,3.3438,44.3517,24.8661,0.0,88.2682,38.7824,28.2456,23.0341,0.0,78.5587,21.7075,24.34,1.706,20.0,26.0,25.0,33.2715,6.2482,20.3438,45.6875,33.3594,1.7573,0.9618,0.5,3.9,1.6,53.6073,20.1585,21.6,89.0,52.4,12.5,2,0.4804,2
2024-12-13,578.8333,580.6989,6.6338,7.2269,7.4628,8.3891,5.9729,0.9,0.1771,0.5158,1.5,0.9249,56.383,25.3556,5.0871,114.4739,61.6737,7.2441,4.6162,0.0,14.2125,7.6,12.1131,13.9491,0.0,48.4211,7.5092,4.3531,7.227,0.0,28.52,0.6007,26.2733,3.1343,19.0,29.0,28.0,42.8579,11.968,19.75,60.5312,44.0,1.682,0.3983,0.9,2.6,1.6,18.2327,18.641,0.0,59.4,13.0,12.5,0,0.8889,3
2024-12-14,566.2958,534.6758,6.0199,6.4515,7.3744,8.2801,5.5088,0.8123,0.1906,0.3485,1.4828,0.8435,60.3279,31.0332,14.5727,164.7554,55.6468,6.1276,4.0046,0.0,12.3375,6.85,19.7713,17.261,0.0,65.1515,15.6464,8.451,12.0412,0.0,48.2121,3.252,24.9467,1.9205,20.0,27.0,26.0,39.9965,10.5396,20.4688,55.8438,42.125,2.994,0.4928,1.7,3.8,3.1,27.628,20.4428,0.0,75.2,23.8,12.5,4,0.8163,3
2024-12-15,347.075,343.1977,3.9268,4.0327,7.3385,8.2563,3.7128,0.5476,0.2481,0.0545,1.5,0.5723,54.4059,30.5908,8.0392,139.709,46.0142,3.4855,2.9673,0.0,10.4375,3.5875,46.0066,22.6736,0.0,94.5455,42.7671,28.7535,22.563,0.0,90.7636,21.3526,23.0,1.7577,20.0,25.0,23.0,33.0858,8.2355,20.3438,51.0938,33.9688,2.0795,0.5898,1.0,3.1,2.3,54.4,18.9382,17.0,96.0,51.0,12.1667,4,0.5351,2
2024-12-16,587.62,562.9403,6.2754,6.8158,7.4016,8.345,5.7646,0.9014,0.1503,0.6503,1.5,0.8843,48.049,20.0966,11.8052,95.4809,47.0772,6.2292,3.8197,0.0,11.9875,7.0875,12.3223,9.2892,0.0,34.9749,11.5702,2.905,3.0932,0.0,13.2905,1.9838,24.5235,3.0393,19.0,28.0,26.0,40.3173,10.0081,19.6562,54.9688,42.7188,1.8483,0.7519,0.7,2.8,2.0,19.8812,12.0486,0.3,62.3,20.2,12.4167,0,0.8478,3
2024-12-17,376.4033,367.8351,4.2102,4.4002,7.362,8.2874,3.9205,0.5778,0.3245,0.0432,1.5,0.6489,63.0469,41.3843,5.7122,168.653,49.0193,4.1218,3.6857,0.0,10.55,3.6125,43.7418,29.4353,0.0,95.6848,35.1066,29.552,29.7574,0.0,92.0488,14.1365,24.0068,2.0553,20.0,27.0,24.0,34.6746,9.9661,20.3438,51.375,34.0312,1.7966,0.4014,1.1,2.7,1.7,50.7486,26.4704,8.0,96.2,41.95,12.3333,5,0.5719,2
2024-12-18,471.4875,458.1949,5.1275,5.3949,7.423,8.3654,4.7957,0.7649,0.2081,0.4227,1.5,0.7807,55.3708,21.4704,19.247,107.8096,50.8252,4.927,3.0662,0.0,9.675,6.0375,25.4682,16.2143,0.0,57.7268,21.9251,10.7763,9.7351,0.0,34.6361,7.2613,24.24,2.3847,19.0,27.0,25.0,37.0588,8.1327,19.625,49.1875,40.0938,0.9173,0.4484,0.4,2.1,0.8,35.6747,14.9948,3.0,66.1,36.25,12.5,0,0.6908,3
2024-12-19,463.7608,468.216,5.3187,5.7904,7.4568,8.4152,4.8537,0.6968,0.3343,0.0618,1.5,0.7922,48.9312,26.7374,6.926,116.4845,48.5629,5.8003,4.2677,0.0,12.1125,6.3938,31.5225,31.3985,0.0,93.8166,20.7751,21.0326,29.0338,0.0,88.8443,4.6762,25.75,2.4575,19.0,29.0,26.0,39.2264,11.0808,19.5625,55.2812,40.9844,1.3135,0.5702,0.4,2.2,1.4,34.4264,32.9281,0.0,94.7,22.5,12.3333,0,0.7133,1
2024-12-20,558.1658,567.9922,6.4263,6.9988,7.4387,8.4043,5.8241,0.8644,0.1965,0.4008,1.5,0.8693,51.4376,19.489,16.0876,97.9791,49.9114,6.7763,4.5017,0.0,12.575,7.625,15.3906,16.1274,0.0,59.9206,13.0739,6.4368,10.132,0.0,41.525,1.8358,25.5436,2.611,19.0,29.0,26.0,41.7173,11.6237,19.5625,56.4375,44.0625,2.6242,0.8432,1.1,4.0,2.6,22.7181,22.0455,0.0,73.8,19.0,12.4167,1,0.8639,3
2024-12-21,403.0775,382.5186,4.4012,4.6061,7.4055,8.3567,4.1035,0.6088,0.2689,0.1942,1.5,0.6434,45.2624,37.6591,8.0918,149.5335,30.3992,4.0356,3.8172,0.0,10.5375,1.8875,40.414,23.7733,0.0,80.5755,35.6574,24.3818,21.7867,0.0,70.8241,16.4931,23.78,2.3513,20.0,27.0,24.0,34.7831,9.9008,20.4062,51.3438,29.7188,2.29,0.4379,1.1,2.8,2.4,49.0647,22.169,14.0,89.3,51.75,12.5,0,0.5943,2
2024-12-22,328.1775,282.2485,3.3406,3.4188,7.3913,8.3488,3.1768,0.5007,0.2924,0.0663,1.5,0.5299,61.593,49.2386,11.0193,210.5186,47.3907,2.8251,2.7039,0.0,10.0375,2.0375,51.3416,25.5989,0.0,93.3673,47.0149,35.2424,25.637,0.0,88.7923,24.5787,23.4503,1.4408,20.0,25.0,24.0,31.7465,7.1394,20.4688,50.0938,30.0938,1.4411,0.5481,0.5,2.2,1.5,60.6589,18.8085,21.0,95.3,55.5,12.5833,5,0.452,2
2024-12-23,407.9308,402.2867,4.6159,4.9578,7.3714,8.3272,4.2972,0.7021,0.3279,0.1166,1.5,0.8021,62.8748,45.759,13.4466,203.9754,54.4974,4.413,3.581,0.0,11.2125,3.7812,32.6981,27.6958,0.0,88.3422,19.7936,19.7539,24.8129,0.0,78.6246,5.0417,24.2667,1.5047,20.0,26.0,24.0,35.8065,9.2635,20.4375,53.0312,34.4531,1.4807,0.6747,0.1,2.5,1.7,39.6887,26.3634,4.3,89.0,28.1,12.5,2,0.6262,1
2024-12-24,387.2483,384.2725,4.4225,4.6047,7.3648,8.3018,4.1156,0.6019,0.2989,0.0762,1.5,0.6879,46.13,25.7253,4.2533,112.7967,43.1021,3.9873,3.7996,0.0,11.1375,3.25,41.2114,27.0406,0.0,92.3841,31.2121,26.3934,26.8962,0.0,86.102,12.5254,23.4027,1.4608,20.0,25.0,24.0,34.5331,10.0016,20.4062,52.8438,33.125,1.4624,0.7409,0.4,2.7,1.3,49.3134,24.5713,8.0,93.2,41.8,12.4167,0,0.6005,1
2024-12-25,362.8983,411.4876,4.6418,4.7699,7.3918,8.352,4.3731,0.6748,0.1946,0.4195,1.5,0.6503,47.8347,22.1177,13.3697,114.6516,43.7565,4.081,3.0225,0.0,9.7,4.0625,34.3668,13.2336,0.0,58.0494,34.9699,16.2254,8.5862,0.0,35.4101,15.2798,23.2349,1.5483,20.0,25.0,23.0,34.9174,7.9833,20.4062,49.25,35.1562,2.1698,0.4629,1.2,2.9,2.2,45.1242,10.7505,13.6,72.1,45.8,12.4167,0,0.628,3
2024-12-26,459.5075,441.5433,4.9407,5.214,7.4076,8.3542,4.653,0.729,0.2202,0.4418,1.5,0.6839,43.1055,19.1892,9.6433,91.3516,44.0874,4.1226,3.1577,0.0,10.475,3.5125,28.829,17.872,0.0,55.8195,31.6062,13.3534,10.8408,0.0,32.9335,11.9152,22.4362,2.061,19.0,25.0,23.0,34.871,8.5173,20.375,51.1875,33.7812,4.4181,1.0462,2.1,5.8,4.5,37.9235,17.7552,0.0,71.2,45.0,12.4167,0,0.667,3
2024-12-27,526.36,518.5568,5.7652,6.1688,7.4045,8.3568,5.3571,0.8501,0.1877,0.5037,1.5,0.8145,48.687,19.3118,14.7669,122.966,46.6289,5.2508,3.5197,0.0,11.0,5.5375,17.8412,12.451,0.0,49.6283,18.5541,5.6473,5.5686,0.0,27.5933,4.288,23.3867,2.145,19.0,27.0,23.0,37.7998,9.3345,19.4688,52.5,38.8438,2.4707,0.6575,0.8,3.4,2.5,27.0673,13.1266,0.0,63.3,27.2,12.5,0,0.7786,3
2024-12-28,259.3325,296.6834,3.4647,3.7374,7.3891,8.3293,3.2836,0.5382,0.3592,0.0617,1.5,0.4124,46.6987,22.7137,6.8374,91.9534,44.7714,3.616,2.5413,0.0,8.4,3.8812,47.812,32.691,0.0,93.8272,58.7551,34.9857,28.2274,0.0,89.1358,35.8407,24.8562,2.0778,20.0,27.0,25.0,33.7551,6.804,20.5,46.0,34.7031,1.6801,0.3926,0.9,2.4,1.6,52.1788,31.7052,0.0,95.0,62.5,12.1667,0,0.4689,2
2024-12-29,469.4558,464.7965,5.2633,5.5022,7.4244,8.3743,4.8752,0.7202,0.2267,0.1871,1.5,0.6708,56.8861,28.8393,14.4684,123.9928,49.9908,4.9798,3.8539,0.0,12.1375,5.1125,29.9074,18.0896,0.0,81.2865,32.9183,14.4148,13.8118,0.0,70.5567,14.1959,23.7905,2.5375,19.0,27.0,24.0,37.1267,10.1037,19.5625,55.3438,37.7812,2.973,0.6679,1.7,3.9,2.9,39.6831,18.5308,1.0,86.8,43.25,12.3333,1,0.7089,3
2024-12-30,436.005,442.316,5.0533,5.3193,7.4357,8.3787,4.6958,0.7313,0.2734,0.1044,1.5,0.7508,67.0534,47.6319,12.6954,249.8787,53.1432,4.3759,3.9671,0.0,11.6,2.9875,29.3932,22.4364,0.0,89.5575,24.9249,15.2586,16.7038,0.0,81.3182,7.7412,22.8926,2.0072,19.0,26.0,23.0,35.6107,10.325,19.375,54.0,32.4688,1.7289,0.5886,0.9,3.4,1.6,39.0718,20.6346,0.0,90.8,41.2,12.4167,2,0.6796,1
2024-12-31,464.2075,478.7584,5.3519,5.6209,7.4253,8.3571,4.9868,0.7597,0.2028,0.3775,1.5,0.7428,58.9532,31.6798,16.1489,155.4412,51.6326,4.8656,3.4042,0.0,10.5875,6.3,25.8288,15.8301,0.0,62.2517,25.7233,10.9836,9.815,0.0,42.0821,7.6886,23.4667,2.0747,19.0,26.0,24.0,36.8465,9.012,19.375,51.4688,40.75,2.016,0.5508,1.3,3.1,1.8,36.1467,15.8628,2.8,67.6,36.2,12.5,1,0.7208,3
2025-01-01,318.0542,335.2421,3.8533,4.0448,7.4276,8.357,3.6911,0.6606,0.2982,0.0527,1.5,0.6223,68.93,39.9821,21.1911,215.1486,54.7431,3.1453,2.158,0.0,7.2625,3.3375,35.8616,26.4706,0.0,94.7257,37.7665,21.1831,22.6659,0.0,89.9895,15.5266,22.8389,1.5026,19.0,25.0,23.0,32.5369,5.9357,19.4375,43.1562,33.3438,1.6537,0.5751,0.3,2.5,1.9,45.1987,21.2653,0.0,95.0,46.0,12.4167,10,0.5188,2
2025-01-02,486.9075,530.9036,5.9413,6.4536,7.432,8.3533,5.4827,0.868,0.2075,0.3522,1.5,0.8694,64.5567,36.839,14.482,179.9462,54.6082,5.6701,3.7841,0.0,11.8625,5.675,15.5925,16.5031,0.0,64.7841,13.0608,5.8289,10.2082,0.0,43.4053,2.032,23.9732,2.04,19.0,26.0,24.0,38.9262,9.8686,19.75,54.6562,39.1875,2.5557,0.463,1.7,3.3,2.6,22.1148,18.0011,0.0,67.0,19.0,12.4167,2,0.7994,3
2025-01-03,591.93,609.1389,6.8602,7.5282,7.4972,8.4457,6.2363,0.9431,0.158,0.6025,1.5,0.9623,56.8671,20.832,19.8744,111.5828,54.8259,6.7139,4.2174,0.0,12.9625,7.2875,8.5077,9.9691,0.0,39.749,3.7736,2.3525,4.3288,0.0,21.5837,0.1509,24.4901,2.2147,19.0,27.0,25.0,41.5269,10.9935,19.4062,57.4062,43.2188,2.9623,0.6885,1.2,4.1,3.3,15.0265,16.2798,0.0,56.5,10.0,12.5833,0,0.915,0
2025-01-04,475.9258,470.1229,5.4651,5.7914,7.4665,8.4002,4.9478,0.7083,0.3212,0.0607,1.5,0.7814,52.842,34.7245,3.2287,131.1179,44.6714,5.6333,4.901,0.0,13.6625,4.6625,31.1035,28.8902,0.0,93.9331,21.865,19.8035,25.757,0.0,88.9546,6.8503,25.094,2.2731,19.0,28.0,25.0,38.8484,12.5469,19.7812,59.1562,36.6562,1.6597,0.8333,0.5,3.5,1.5,39.8725,28.8745,0.0,94.7,41.9,12.4167,1,0.7319,1
2025-01-05,475.0792,493.3842,5.6138,5.9107,7.4411,8.359,5.1473,0.7748,0.2086,0.3185,1.5,0.7673,62.9795,37.8809,15.7198,206.6624,54.7421,5.6476,4.2947,0.0,13.275,5.2812,24.5714,15.7577,0.0,68.1522,23.2717,10.489,10.5512,0.0,47.7065,7.423,24.6081,2.5358,19.0,29.0,25.0,38.8323,11.1498,19.3438,58.1875,38.2031,2.0189,0.7328,0.8,2.9,2.3,33.6419,17.4853,4.0,79.5,32.5,12.3333,7,0.7544,3
2025-01-06,410.2242,393.81,4.4532,4.7072,7.4467,8.3623,4.2086,0.6687,0.2898,0.2807,1.5,0.5474,49.0986,24.6135,11.261,138.6057,46.8604,3.9551,2.6677,0.0,8.4875,4.575,35.5739,23.8359,0.0,71.9298,45.2589,20.1043,17.5038,0.0,55.2421,22.4289,23.5267,1.5181,20.0,25.0,24.0,34.6596,7.0447,20.5,46.2188,36.4375,2.8067,0.816,0.8,3.9,2.95,43.3527,22.1867,3.1,76.8,49.5,12.5,1,0.598,2
2025-01-07,556.72,566.1679,6.4546,6.9893,7.453,8.3532,5.834,0.859,0.1829,0.3401,1.5,0.907,53.2485,28.6474,11.4243,132.4971,50.9655,6.8221,4.6077,0.0,13.6625,6.525,15.4781,15.3768,0.0,65.9864,9.2997,6.0074,9.7725,0.0,50.2156,0.9727,25.6577,2.2862,20.0,28.0,26.0,41.9025,11.7625,20.6562,59.1562,41.3125,2.9141,0.5528,1.4,3.6,3.1,21.1946,20.0889,0.0,76.1,13.0,12.4167,1,0.866,3
2025-01-08,305.855,350.397,3.994,4.1938,7.4443,8.339,3.7889,0.5792,0.298,0.0708,1.5,0.5611,63.0229,47.6724,3.2322,205.0851,50.5229,3.2633,2.7972,0.0,9.45,3.125,43.2771,27.2385,0.0,92.9231,43.8935,27.9725,26.2375,0.0,87.6265,22.4997,22.5946,1.1537,20.0,25.0,22.0,32.7145,7.5609,20.5938,48.625,32.8125,3.0459,0.6344,1.8,4.0,3.2,49.2845,25.7936,0.4,94.3,50.0,12.3333,4,0.5365,2
2025-01-09,420.4842,431.7496,4.8135,5.0328,7.4798,8.3937,4.5665,0.7308,0.2546,0.3625,1.5,0.7132,38.7875,22.1446,11.1393,108.8773,32.5489,3.5294,2.8507,0.0,7.5625,2.8688,29.9342,18.9033,0.0,63.7514,28.6806,14.0705,12.6976,0.0,42.0759,11.3546,21.4,1.0491,19.0,23.0,22.0,33.4338,7.6637,19.5,43.9062,32.1719,4.1527,1.0739,2.2,5.6,4.3,40.4693,15.0926,10.0,66.0,38.25,12.5,0,0.6435,1
2025-01-10,562.2508,528.4988,5.9281,6.2771,7.5377,8.4521,5.4682,0.8052,0.1809,0.503,1.5,0.7978,54.1425,20.4702,14.7884,104.4397,53.5479,5.4714,3.8534,0.0,12.225,5.625,21.6088,12.5653,0.0,49.702,20.2211,8.0174,7.5875,0.0,28.7104,6.2373,23.6333,2.0081,20.0,26.0,24.0,38.4535,9.9842,20.5,55.5625,39.0625,2.3473,0.4558,1.3,3.0,2.4,31.65,16.5222,4.0,71.4,31.15,12.5,0,0.7865,3
2025-01-11,672.405,636.8557,7.2258,7.9887,7.6103,8.5213,6.4975,0.9914,0.1353,0.7857,1.5,0.962,49.8986,18.2099,11.1871,83.4736,50.4425,7.5767,4.6153,0.0,13.7875,8.3875,4.4382,4.2281,0.0,21.4286,3.8012,0.499,1.1783,0.0,13.1143,0.154,25.8013,3.0898,20.0,29.0,27.0,43.7461,11.8852,20.4688,59.4688,45.9688,2.155,0.2697,1.7,2.6,2.2,8.3225,8.7796,0.0,61.2,6.2,12.5833,0,0.9495,0
2025-01-12,495.345,492.458,5.5411,5.8359,7.4686,8.3118,5.0882,0.7075,0.2729,0.0909,1.5,0.786,50.4924,31.5535,2.5879,149.6364,44.1068,5.5438,4.0827,0.0,11.85,6.225,30.5746,24.8761,0.0,90.9091,21.3957,16.9879,24.7919,0.0,85.0909,5.4528,24.5405,2.1583,20.0,27.0,25.0,38.5804,10.6147,20.4062,54.625,40.5625,1.2277,0.5412,0.4,2.5,1.2,36.9095,24.4189,10.0,93.6,27.0,12.3333,1,0.7419,1
2025-01-13,355.5475,348.5173,4.0131,4.1672,7.4706,8.3388,3.7933,0.6001,0.292,0.054,1.5,0.683,52.2547,31.3037,9.0298,146.8264,43.526,3.1143,3.1248,0.0,9.2,1.6875,41.0091,27.1323,0.0,94.6012,31.7,26.1153,27.6564,0.0,89.8712,13.4925,22.2685,0.819,20.0,23.0,22.0,32.3685,8.2753,20.3438,48.0,29.2188,2.4443,0.3599,1.6,3.0,2.5,50.7369,22.849,16.8,95.0,45.0,12.4167,1,0.5372,2
2025-01-14,245.3992,311.8879,3.5957,3.6565,7.4722,8.3434,3.4868,0.5839,0.2378,0.2935,1.5,0.527,29.9177,10.5823,6.0578,54.1628,29.4472,2.3861,1.5135,0.0,4.65,2.8625,43.8145,16.9273,0.0,70.6533,47.3042,24.4983,11.1962,0.0,50.8704,24.9722,21.4459,0.7495,19.0,22.0,22.0,30.5566,4.4996,19.5312,36.625,32.1562,2.0824,0.6191,1.0,3.0,1.95,54.3432,6.3895,39.1,72.0,54.0,12.3333,0,0.4812,2
2025-01-15,528.5242,507.3741,5.619,5.9034,7.4957,8.3607,5.2572,0.8166,0.1933,0.6396,1.5,0.7565,40.7377,17.2284,11.6762,86.048,38.4376,4.7401,3.2661,0.0,9.125,4.9688,21.5366,10.4807,0.0,36.0417,24.3544,6.7871,4.243,0.0,15.8583,6.8056,22.3243,1.5874,20.0,25.0,22.0,36.5617,8.6198,20.5625,47.8125,37.4219,3.8797,0.5571,2.6,4.6,4.1,30.9568,7.8996,12.0,56.7,32.1,12.3333,0,0.7496,3
2025-01-16,360.7242,353.187,4.0145,4.109,7.4865,8.3348,3.8165,0.5482,0.2645,0.0909,1.5,0.5773,49.6052,33.7288,5.0174,152.8261,42.6606,3.0605,2.7777,0.0,8.7625,2.6875,46.7068,22.1757,0.0,90.9091,42.2671,28.9818,22.712,0.0,83.5455,19.9581,21.7603,0.9044,20.0,23.0,22.0,32.0715,7.6353,20.4375,46.9062,31.7188,4.4411,0.6176,3.2,5.5,4.3,54.5329,18.5111,21.0,91.9,48.4,12.1667,2,0.5362,2
2025-01-17,520.6558,513.9458,5.7141,6.1236,7.5211,8.3542,5.3111,0.842,0.1998,0.5256,1.5,0.787,49.7732,18.6377,13.784,94.7556,48.0312,5.4252,3.2629,0.0,10.7125,6.125,18.6143,13.4385,0.0,47.4399,21.3004,5.9778,5.628,0.0,23.72,5.3183,23.9933,1.7495,20.0,26.0,25.0,38.3744,8.4971,20.625,51.7812,40.3125,3.9779,0.6965,2.2,4.8,4.1,24.2356,14.0055,0.0,50.3,26.0,12.4167,1,0.7597,3
2025-01-18,600.4875,577.66,6.5132,7.0593,7.6379,8.4718,5.9239,0.9128,0.1952,0.429,1.5,0.9715,63.6101,24.3714,23.2905,123.2783,59.741,6.8341,4.0424,0.0,13.0625,7.3375,11.4277,14.8947,0.0,57.0997,2.8511,4.0122,7.0828,0.0,33.6888,0.0982,25.6755,2.7965,19.0,28.0,27.0,41.8508,10.5416,19.3438,57.6562,43.3438,2.3695,0.856,1.1,3.9,2.4,17.5914,17.8082,0.0,76.4,11.2,12.5833,4,0.8528,3
2025-01-19,469.795,447.5211,5.1789,5.4607,7.6113,8.416,4.7121,0.6278,0.3656,0.0511,1.5,0.702,63.9906,50.6219,3.2879,204.4257,46.6496,4.9044,4.911,0.0,12.675,2.775,39.0714,33.4188,0.0,94.8864,29.7991,27.707,31.0117,0.0,90.8062,10.1185,23.4028,2.1785,19.0,26.0,24.0,36.8895,12.6831,19.375,56.6875,31.9375,2.1465,0.4326,0.7,2.7,2.3,43.8375,32.8287,0.0,95.7,40.5,12.0,3,0.6804,1
2025-01-20,528.2517,442.6575,5.0709,5.4601,7.6332,8.4499,4.6747,0.727,0.3394,0.1501,1.5,0.6929,64.9722,44.4559,13.0972,184.7408,54.6291,5.1977,3.7975,0.0,12.5875,5.7,29.7566,30.0754,0.0,84.989,30.7061,19.101,23.2128,0.0,73.7704,10.9666,25.0728,2.5169,18.0,28.0,26.0,37.6662,10.0049,18.5,56.4688,39.25,0.8007,0.2041,0.1,1.1,0.8,34.6013,31.099,0.0,86.8,39.1,12.5833,5,0.6643,1
2025-01-21,395.55,383.8638,4.3998,4.697,7.5766,8.3634,4.0803,0.6088,0.3781,0.0759,1.5,0.6601,49.5304,30.6652,6.3455,114.5453,48.9965,4.357,3.7584,0.0,10.7625,3.5375,40.9862,34.6535,0.0,92.4051,33.9889,29.9115,31.9104,0.0,85.9367,12.2448,24.4189,1.9726,19.0,27.0,25.0,35.5671,9.8135,19.375,51.9062,33.8438,1.5068,0.5535,0.3,2.3,1.5,45.1845,33.8673,0.0,93.0,36.0,12.3333,1,0.5807,2
2025-01-22,608.6042,618.316,7.0222,7.5985,7.6457,8.4289,6.3015,0.9413,0.1628,0.4737,1.5,0.9518,52.4357,21.745,12.5587,119.7934,48.6938,7.8792,4.4576,0.0,13.75,9.3125,8.6487,10.254,0.0,52.6316,4.8211,2.4634,5.3471,0.0,36.9474,0.2411,26.7838,2.4062,20.0,30.0,27.0,44.5764,11.3745,20.6875,59.375,48.2812,1.9655,0.6226,0.5,2.8,2.1,13.3318,15.4418,0.0,70.2,9.0,12.3333,0,0.9185,0
2025-01-23,641.3008,651.9892,7.4416,8.135,7.6436,8.4166,6.6558,1.0068,0.127,0.8214,1.5,1.0,50.9384,21.7406,10.2967,94.2052,55.2869,8.0796,4.6347,0.0,14.3875,8.575,2.5056,4.222,0.0,17.8624,0.0,0.2685,0.6843,0.0,3.5725,0.0,26.3221,3.3111,19.0,30.0,28.0,45.051,11.8648,19.8438,60.9688,46.4375,1.5711,0.7712,0.0,2.8,1.7,5.0564,7.6728,0.0,35.0,1.0,12.4167,0,0.9736,0
2025-01-24,647.5775,656.3903,7.4804,8.1579,7.7818,8.5543,6.6824,1.0021,0.1249,0.8383,1.5,0.994,52.8802,20.4261,8.4369,94.2968,54.5786,8.2332,4.6668,0.0,14.5375,8.925,2.9166,4.2615,0.0,16.172,0.597,0.3036,0.6464,0.0,3.7083,0.0036,26.6174,3.2123,20.0,30.0,28.0,45.444,11.9295,20.6562,61.3438,47.3125,3.4812,0.5736,2.4,4.4,3.4,6.6591,10.1939,0.0,47.1,2.0,12.4167,0,0.9613,0
2025-01-25,591.2633,639.3829,7.2836,7.913,7.764,8.5221,6.5094,0.9858,0.1366,0.7998,1.5,0.971,50.3377,19.8441,12.0265,81.304,51.7062,8.2195,4.5348,0.0,13.8375,9.5375,4.7896,5.2128,0.0,20.0192,2.9042,0.5598,0.7836,0.0,4.204,0.1308,27.1933,2.6335,20.0,30.0,28.0,45.4023,11.6221,20.5938,59.5938,48.8438,2.31,0.794,1.3,3.6,2.2,8.6053,9.0332,0.0,53.2,7.0,12.5,0,0.9381,0
2025-01-26,521.2675,508.8338,5.7088,6.098,7.7447,8.4825,5.2423,0.8018,0.2529,0.3012,1.5,0.8345,62.7777,27.94,12.8779,134.9133,62.3669,6.3595,3.5072,0.0,11.225,7.675,22.1607,21.0791,0.0,69.8819,16.55,10.2276,13.5742,0.0,53.151,2.8978,26.277,2.1816,20.0,29.0,27.0,40.742,9.0782,20.5,53.0625,44.1875,1.8574,0.5281,1.1,2.7,1.8,27.0642,22.1939,0.0,76.6,22.0,12.3333,7,0.7371,1
2025-01-27,364.525,362.9253,4.1764,4.4208,7.6702,8.3759,3.9172,0.6407,0.3263,0.0513,1.5,0.559,66.7185,39.3145,11.976,171.6187,61.0189,4.2605,2.9891,0.0,9.3125,4.0688,37.6676,29.3916,0.0,94.8743,44.0954,24.2202,25.3324,0.0,90.1306,21.259,24.8986,1.5638,20.0,27.0,25.0,35.4808,7.7455,20.4375,48.2812,35.1719,1.752,0.7759,0.5,3.3,1.6,43.2358,28.5892,0.0,95.0,48.4,12.3333,2,0.5445,2
2025-01-28,490.41,491.6362,5.5142,5.802,7.6549,8.349,5.1068,0.7809,0.2322,0.357,1.5,0.788,61.5239,24.5474,20.3686,126.805,60.6052,5.4717,3.4172,0.0,11.0125,5.9375,23.8071,19.6594,0.0,64.3026,21.1957,10.3798,12.1786,0.0,44.0473,4.965,24.527,1.6759,20.0,26.0,25.0,38.4987,8.8615,20.4062,52.5312,39.8438,0.9284,0.4986,0.0,2.1,0.8,30.8014,18.76,2.0,68.5,30.5,12.3333,1,0.7203,3
2025-01-29,414.7275,399.872,4.6182,4.8508,7.6102,8.2781,4.2264,0.6063,0.363,0.0419,1.5,0.7947,46.5453,36.0337,3.371,157.2979,41.7479,4.7868,4.3502,0.0,11.9375,3.8188,40.7156,33.9982,0.0,95.8051,20.5343,29.2311,34.7768,0.0,92.1378,5.1967,24.9459,2.421,19.0,28.0,25.0,36.6474,11.263,19.3438,54.8438,34.5469,1.202,0.4392,0.5,2.3,1.2,45.727,32.5077,9.0,96.2,28.7,12.3333,0,0.6068,1
2025-01-30,510.8567,519.1426,5.8436,6.1255,7.5932,8.2472,5.3838,0.7759,0.2283,0.342,1.5,0.808,46.4274,23.071,13.4457,97.2975,40.0363,5.379,4.0381,0.0,11.225,5.4,23.9938,19.4911,0.0,65.8031,19.2029,10.9295,12.5175,0.0,48.1021,4.2449,23.2886,2.5556,19.0,27.0,24.0,37.9956,10.7647,19.375,53.0625,38.5,2.4396,0.4952,1.4,2.9,2.6,30.7255,21.2457,0.0,73.1,28.7,12.4167,0,0.7696,3
2025-01-31,374.5092,351.4769,4.0221,4.1656,7.5935,8.2367,3.8035,0.557,0.2749,0.103,1.5,0.5912,51.1509,29.7425,7.4691,132.1903,49.0119,3.2618,3.0585,0.0,9.75,2.5,45.1296,25.4945,0.0,89.7013,40.8845,28.6111,25.0394,0.0,80.7312,17.8175,22.5,1.0,20.0,24.0,22.0,32.6911,8.1966,20.3438,49.375,31.25,2.9041,0.4353,2.1,3.5,3.05,51.2797,23.6573,7.3,90.0,52.5,12.3333,1,0.5297,2
2025-02-01,496.5017,509.748,5.6633,5.9348,7.6506,8.2877,5.2684,0.7798,0.163,0.5158,1.5,0.8075,46.8352,14.7364,18.7477,78.214,44.7952,5.1187,3.4833,0.0,10.6,5.6375,22.7079,14.4795,0.0,48.4211,19.246,8.2927,7.7276,0.0,28.7,4.7571,23.068,1.7929,19.0,25.0,24.0,37.5153,9.1668,19.4062,51.5,39.0938,2.9762,0.6775,1.9,4.1,2.9,29.5571,15.9041,7.5,73.8,33.3,12.25,0,0.7402,3
2025-02-02,513.4267,496.7429,5.5926,5.8008,7.6654,8.2831,5.185,0.7644,0.1792,0.4274,1.5,0.7572,54.8205,29.2849,10.2466,139.2091,46.6825,5.0653,3.7698,0.0,11.65,4.4625,24.8888,14.5474,0.0,57.2639,24.2845,9.3023,8.3018,0.0,33.7857,6.6256,23.0479,1.7234,19.0,25.0,23.0,37.4125,9.7974,19.5625,54.125,36.1562,3.413,0.8229,2.1,4.5,3.2,31.9589,13.2142,7.0,59.0,32.25,12.1667,0,0.7296,3
2025-02-03,454.6425,507.0903,5.6411,5.8443,7.6651,8.2563,5.2296,0.7188,0.1752,0.1765,1.5,0.735,46.2956,25.4352,7.23,131.5712,39.9666,5.2585,3.631,0.0,10.4125,5.725,28.7266,15.8352,0.0,82.3529,26.5047,12.1358,13.5014,0.0,72.3059,8.2851,23.0,1.5345,20.0,25.0,24.0,37.8972,9.4717,20.5938,51.0312,39.3125,3.0239,0.6653,1.4,3.9,3.1,34.8528,17.049,8.0,87.8,34.8,11.8333,0,0.7359,3
2025-02-04,430.5408,470.8773,5.2472,5.4572,7.7074,8.2888,4.8919,0.7374,0.1724,0.3905,1.5,0.712,48.1609,22.048,11.1474,114.0641,48.2891,5.3221,3.0329,0.0,9.55,6.125,27.3173,14.2203,0.0,60.9455,28.802,10.6415,8.6556,0.0,37.7862,9.7182,24.6301,2.2129,19.0,27.0,25.0,38.1074,7.9617,19.6875,48.875,40.3125,2.0884,0.5712,0.9,2.7,2.4,33.4021,14.0661,0.0,63.3,33.0,12.1667,0,0.6808,3
2025-02-05,621.2475,619.0058,7.0365,7.4462,7.8752,8.4612,6.329,0.901,0.1672,0.3945,1.5,0.9407,65.4597,32.9844,14.3935,175.8597,60.4906,7.4584,4.6485,0.0,14.3,7.6375,11.1275,14.3746,0.0,60.5516,5.9266,3.9566,8.4905,0.0,42.16,0.4649,25.4762,2.68,19.0,29.0,26.0,43.4264,12.0069,19.375,60.75,44.0938,2.4367,0.9104,0.8,3.8,2.4,15.8,18.1921,0.0,72.1,8.8,12.25,2,0.8935,3
2025-02-06,700.5558,678.1957,7.7751,8.3208,7.9737,8.5542,6.907,0.9984,0.0963,0.8567,1.5,1.0,53.1173,20.8655,9.4336,79.1873,57.3796,8.5523,4.8754,0.0,15.0875,9.4062,2.0778,3.3897,0.0,14.3341,0.0,0.1667,0.3895,0.0,2.1501,0.0,26.4662,2.9356,19.0,29.0,28.0,46.1666,12.5962,19.4688,62.7188,48.5156,2.3662,0.4882,1.4,3.2,2.3,3.3736,6.022,0.0,39.2,1.0,12.3333,1,0.9751,0
2025-02-07,689.9467,667.1548,7.6201,8.1126,7.9622,8.5207,6.7876,0.983,0.1009,0.8262,1.5,0.9798,53.8872,21.1213,14.4608,93.1864,60.2497,8.5093,4.6348,0.0,14.5125,9.25,3.6299,4.1036,0.0,17.3777,2.0173,0.3275,0.5528,0.0,3.3362,0.0618,26.6871,2.6087,19.0,29.0,28.0,46.1261,11.8777,19.5938,61.2812,48.125,3.0578,0.5926,1.8,3.6,3.4,6.1918,8.6584,0.0,48.4,4.0,12.25,0,0.957,0
2025-02-08,631.2383,660.3475,7.5158,7.9964,7.9286,8.4694,6.7145,0.9757,0.0965,0.7848,1.5,1.0,55.8433,18.0366,16.3948,80.0146,58.7606,8.1955,4.7018,0.0,14.575,9.325,3.8913,5.0205,0.0,21.5154,0.0,0.4451,0.7863,0.0,4.7334,0.0,26.25,2.7177,19.0,29.0,27.0,45.2933,12.1254,19.4688,61.4375,48.3125,3.6514,0.6168,2.2,4.2,4.0,5.9561,8.2163,0.0,36.4,2.5,12.3333,1,0.9479,0
2025-02-09,498.5367,494.4467,5.5702,5.7372,7.7983,8.3059,5.1331,0.718,0.1753,0.4314,1.5,0.7012,57.1683,26.9071,22.8652,132.9722,48.5542,5.666,3.775,0.0,11.7625,6.5875,29.2427,14.5799,0.0,56.8627,29.8791,12.0267,9.3712,0.0,36.7886,9.974,24.5793,2.3174,20.0,27.0,25.0,38.9851,9.7346,20.3438,54.4062,41.4688,3.5372,0.5323,2.6,4.8,3.5,35.0269,15.3742,5.0,69.6,36.0,12.0833,0,0.7143,3
2025-02-10,609.2092,555.5934,6.2037,6.4535,7.7963,8.2802,5.6825,0.8046,0.1456,0.2705,1.5,0.8203,52.4786,21.2758,11.4928,114.377,52.1852,6.3322,3.9483,0.0,11.775,7.175,20.5036,11.8017,0.0,72.9508,17.9737,6.3581,8.8982,0.0,58.0689,3.7248,24.4722,2.2312,20.0,28.0,25.0,40.6276,10.2222,20.5,54.4375,42.9375,3.5826,0.952,1.6,5.1,3.5,25.1375,13.5517,7.0,80.6,20.0,12.0,0,0.7957,3
2025-02-11,307.86,304.1118,3.5962,3.7749,7.7074,8.1667,3.3702,0.5723,0.3793,0.0402,1.5,0.6089,52.1963,35.5881,3.4234,150.0906,48.0024,3.1654,3.519,0.0,10.25,1.175,43.4818,36.7486,0.0,95.9835,39.1118,33.1685,35.4058,0.0,92.1442,18.5882,23.3836,1.5189,20.0,26.0,24.0,32.6203,9.1048,20.4062,50.625,27.9375,1.9096,1.0552,0.1,3.4,2.2,47.4438,35.2793,0.0,96.0,49.55,12.1667,1,0.4666,2
2025-02-12,541.01,506.7889,5.8435,6.1017,7.7333,8.1739,5.2778,0.7274,0.3511,0.0557,1.5,0.9112,53.3737,48.9316,4.8827,247.2932,33.4632,5.9478,5.0026,0.0,13.0625,5.1125,28.0314,34.1019,0.0,94.4316,8.8825,20.1674,29.7951,0.0,89.6155,0.7994,24.469,2.489,18.0,28.0,25.0,39.5815,12.8912,18.5,57.6562,37.7812,2.3228,0.5413,1.2,3.0,2.6,30.5407,34.8773,0.0,94.9,11.0,12.0833,2,0.7556,1
2025-02-13,627.0917,647.9765,7.3829,7.6883,7.8717,8.3074,6.6061,0.9118,0.1078,0.56,1.3158,0.9415,56.506,23.2149,11.4521,118.9289,52.499,7.8504,4.8397,0.0,14.275,8.8125,9.1776,10.0951,0.0,44.0,5.8451,2.6607,5.2624,0.0,32.12,0.3507,25.4658,2.5547,19.0,29.0,26.0,44.4287,12.4465,19.4688,60.6875,47.0312,2.2123,0.6367,1.4,3.5,2.0,13.7575,16.3288,0.0,73.0,7.0,12.1667,0,0.9379,0
2025-02-14,556.79,649.7897,7.4067,7.7811,7.9197,8.3372,6.6102,0.9591,0.0873,0.6878,1.3889,0.991,54.6044,20.5301,15.3689,96.1679,59.4712,8.3332,4.6175,0.0,14.5875,9.2125,4.8107,7.0066,0.0,31.2158,0.9018,0.7417,1.6245,0.0,9.989,0.009,26.7755,2.7741,19.0,30.0,28.0,45.6701,11.8624,19.4375,61.4688,48.0312,1.7449,0.3342,1.1,2.3,1.7,6.0789,8.1587,0.0,32.0,3.0,12.25,1,0.9352,0
2025-02-15,565.6767,551.6791,6.2962,6.4828,7.8528,8.2452,5.6698,0.7606,0.1985,0.2245,1.2778,0.8152,58.876,27.2194,10.0646,131.1796,62.4065,7.1375,4.665,0.0,14.525,7.7125,24.1555,19.4489,0.0,77.551,18.4826,10.5133,15.6077,0.0,62.5061,3.9245,26.2708,2.8116,20.0,29.0,27.0,42.6673,11.9562,20.3438,61.3125,44.2812,2.0229,0.8869,0.5,2.8,2.55,28.2854,20.8108,3.0,80.6,22.0,12.0,2,0.8018,3
2025-02-16,488.7275,520.6668,5.9028,6.0554,7.8118,8.1875,5.3944,0.7422,0.2006,0.2343,1.5,0.7578,63.2023,37.7598,13.8529,184.7077,54.3847,5.8855,4.2992,0.0,13.2375,6.3563,26.6428,18.1163,0.0,76.57,24.2156,11.312,13.8845,0.0,59.8778,6.2896,24.3425,2.1122,20.0,27.0,25.0,39.5039,11.0609,20.4375,58.0938,40.8906,1.8171,0.8717,0.4,3.0,2.25,31.1,18.5128,3.0,78.2,29.0,12.1667,2,0.7556,3
2025-02-17,533.3242,595.2349,6.8061,7.0148,7.9058,8.2651,6.1007,0.8367,0.1627,0.4764,1.3333,0.8981,54.9644,29.2101,11.0162,148.247,49.4291,7.5914,4.8259,0.0,14.025,8.5812,16.7809,15.4844,0.0,52.356,10.1877,5.8904,9.0691,0.0,31.4136,1.1637,26.0486,2.9312,20.0,29.0,27.0,43.7728,12.4104,20.5625,60.0625,46.4531,2.5188,0.8691,0.8,3.8,2.55,20.4521,17.8645,0.0,60.0,12.0,12.0,0,0.8609,3
2025-02-18,713.3358,677.7637,7.8405,8.1358,8.0595,8.4109,6.9013,0.9672,0.1121,0.4483,1.5,0.9901,55.0541,24.9219,4.981,111.1372,56.357,9.2178,5.118,0.0,15.95,9.7688,4.466,8.4758,0.0,55.1724,0.9888,1.229,4.7768,0.0,36.9655,0.0099,27.7671,3.0829,20.0,31.0,29.0,47.9054,13.0618,20.5938,64.875,49.4219,2.1137,0.6659,0.7,2.9,2.3,6.9678,12.5956,0.0,72.1,1.0,12.1667,0,0.9728,0
2025-02-19,661.2242,664.226,7.6448,7.9352,7.9925,8.3222,6.7516,0.981,0.1054,0.7928,1.5,0.994,55.1394,20.5794,10.7545,83.6556,58.1994,9.1317,4.8521,0.0,15.35,10.1375,3.7326,4.811,0.0,20.7188,0.6024,0.4083,0.75,0.0,4.351,0.0036,28.2245,3.0018,20.0,31.0,29.0,47.7264,12.336,20.5312,63.375,50.3438,2.8116,0.9892,0.6,3.6,3.4,5.7531,7.234,0.0,29.2,4.0,12.25,2,0.9565,0
2025-02-20,686.0975,671.1356,7.7202,7.9935,8.1212,8.4363,6.8257,0.9745,0.0962,0.8343,1.5,0.961,54.9738,21.4805,13.4739,94.6427,60.6302,8.9937,4.8963,0.0,15.3875,9.6875,4.2371,4.0681,0.0,16.5657,3.9002,0.3734,0.5713,0.0,2.9653,0.1586,27.6259,2.9799,19.0,31.0,29.0,47.3204,12.5662,19.4062,63.4688,49.2188,3.2619,0.4176,2.4,4.0,3.3,6.5952,7.2519,0.0,43.2,4.3,12.25,0,0.9506,0
2025-02-21,695.7808,671.802,7.7397,8.0068,8.1086,8.4018,6.8259,0.9701,0.0797,0.7821,1.5,1.0,56.4483,19.9831,15.9507,90.3996,60.0903,9.2824,4.8615,0.0,15.65,10.4813,3.7703,5.1081,0.0,21.792,0.0,0.4227,0.7906,0.0,4.7942,0.0,28.1986,3.0346,20.0,31.0,29.0,48.0779,12.4157,20.3438,64.125,51.2031,3.4733,0.6281,2.2,4.0,3.8,4.8068,6.2991,0.0,24.7,1.0,12.1667,1,0.9545,0
2025-02-22,644.9575,669.9597,7.6873,7.9301,8.0277,8.2935,6.8045,0.9793,0.0805,0.8602,1.4375,0.977,53.111,21.7988,8.4473,82.7091,56.2728,9.0275,4.7932,0.0,15.1625,10.3063,3.3718,3.8404,0.0,13.9754,2.3008,0.2754,0.4377,0.0,2.0243,0.0604,27.6918,3.0412,20.0,31.0,29.0,47.4366,12.2495,20.4688,62.9062,50.7656,2.9678,0.666,2.2,4.2,2.7,4.6479,5.1233,0.0,23.1,3.35,12.1667,0,0.9576,0
2025-02-23,599.0142,645.7362,7.3509,7.5652,8.0022,8.2472,6.5587,0.9318,0.0802,0.7314,1.0909,0.9697,55.7447,18.2181,22.5998,87.5364,57.5585,8.4354,4.5476,0.0,14.95,9.3,6.8804,7.933,0.0,26.8585,3.0319,1.3068,2.1095,0.0,9.5463,0.0913,27.0411,2.744,19.0,30.0,28.0,45.9219,11.7033,19.3438,62.375,48.25,2.3836,0.9486,0.4,3.7,2.5,8.4541,11.0623,0.0,52.0,3.0,12.1667,0,0.9186,0
2025-02-24,448.1875,382.8616,4.3867,4.4965,7.7911,8.0008,4.063,0.5758,0.336,0.0709,1.2353,0.5761,53.2664,31.8535,9.4046,122.1761,47.3372,4.6999,3.7038,0.0,10.5875,5.3375,42.637,33.2652,0.0,92.9134,42.3935,29.4482,30.5182,0.0,86.4094,17.8053,24.965,2.1864,20.0,28.0,25.0,36.4685,9.6501,20.375,51.4688,38.3438,1.835,0.6329,0.4,2.7,1.7,44.279,32.4228,0.0,93.0,42.0,11.9167,2,0.563,2
2025-02-25,458.2875,469.5763,5.2874,5.3792,7.7625,7.9522,4.8755,0.654,0.2212,0.1554,0.9954,0.7112,53.0018,30.6582,14.1828,163.6664,45.6535,5.3786,3.9404,0.0,11.075,6.4625,34.5984,22.1196,0.4622,84.456,28.877,17.4984,17.9728,0.0023,72.7166,9.4463,24.3287,2.358,20.0,28.0,24.0,38.1943,10.2233,20.4375,52.6875,41.1562,2.6133,0.8164,0.9,4.1,2.6,36.842,22.355,0.5,86.1,34.7,11.9167,2,0.6811,3
2025-02-26,573.995,575.7033,6.4824,6.5796,7.8352,8.0092,5.8841,0.7912,0.1495,0.2947,1.0238,0.8291,56.1966,27.5541,15.9649,145.861,51.0149,6.8123,4.338,0.0,13.2125,7.7125,20.8971,14.9298,0.0,70.5263,17.0921,7.1685,10.9351,0.0,53.3884,2.9224,24.8671,2.1664,20.0,28.0,25.0,41.8665,11.1254,20.4062,58.0312,44.2812,2.858,0.7547,1.6,4.3,2.8,23.2133,16.7051,4.5,75.7,18.4,11.9167,1,0.8273,3
2025-02-27,649.1683,650.8522,7.3857,7.5242,7.9152,8.0691,6.6142,0.9495,0.074,0.7683,1.1333,0.9902,57.7745,20.131,14.5311,104.5476,56.8402,8.1804,4.4771,0.0,13.7625,9.2125,5.3858,6.8774,0.0,23.1651,0.9823,0.7973,1.294,0.0,6.01,0.0098,26.1586,2.9266,19.0,29.0,27.0,45.2595,11.5723,19.3438,59.4062,48.0312,3.1372,0.5287,1.9,4.0,3.2,6.9379,8.2398,0.0,33.6,3.0,12.0833,3,0.9331,0
2025-02-28,604.2708,634.8723,7.1833,7.3202,7.9505,8.0906,6.4527,0.9295,0.1083,0.5986,1.1786,0.9985,65.509,22.4425,12.3128,115.2186,71.1182,7.9844,4.4113,0.0,14.85,8.9188,7.2586,10.5348,0.0,40.1351,0.146,1.6284,3.252,0.0,16.0541,0.0003,26.1181,2.7898,20.0,29.0,27.0,44.8247,11.2946,20.4688,62.125,47.2969,3.8979,0.3071,2.6,4.3,4.0,8.0,10.8449,0.0,40.0,0.7,12.0,6,0.9035,0
2025-03-01,379.1233,458.9577,5.1274,5.2047,7.8395,7.9523,4.7729,0.686,0.128,0.4922,1.3125,0.6789,48.2412,19.8123,17.157,97.0215,47.5837,5.3026,3.199,0.0,10.55,6.05,31.9316,10.8249,0.0,50.7772,32.1127,11.7109,6.1414,0.0,27.9782,10.4542,24.731,2.416,19.0,27.0,26.0,37.9916,8.4814,19.375,51.375,40.125,4.6214,0.8978,3.1,6.2,4.4,34.0172,9.0703,11.6,55.1,34.3,12.0833,0,0.654,3
2025-03-02,438.1825,456.9647,5.0918,5.1789,7.9227,8.0184,4.7604,0.6785,0.1457,0.4661,1.12,0.6406,44.954,16.1516,13.8375,88.6178,39.8972,5.0034,3.0888,0.0,9.9,5.4625,32.2289,14.3518,0.0,53.3875,35.9404,12.6398,7.8419,0.0,29.3631,13.21,23.9231,2.3198,19.0,26.0,25.0,37.2756,8.1388,19.5938,49.75,38.6562,4.1664,0.8078,2.8,5.7,4.0,33.8273,13.3659,0.0,55.0,36.0,11.9167,0,0.6427,3
2025-03-03,594.2642,612.7352,6.967,7.032,7.953,8.0264,6.2609,0.8829,0.1308,0.6003,1.1538,0.9364,57.2485,27.1035,12.7882,144.0933,57.639,7.752,4.4567,0.0,14.7125,7.9312,11.859,12.8664,0.0,39.9707,6.3598,3.1915,4.504,0.0,17.5059,0.4175,26.0556,3.0262,19.0,29.0,27.0,44.1988,11.4837,19.5312,61.7812,44.8281,4.0354,0.5843,3.0,5.1,3.9,13.3118,13.5427,0.0,49.6,8.6,12.0,0,0.876,3
2025-03-04,641.9542,665.3469,7.6391,7.674,8.0331,8.0885,6.79,0.925,0.1235,0.5275,1.0667,0.9897,58.3178,28.4336,3.3121,132.224,58.6502,8.3722,4.9927,0.0,14.9,8.9938,7.5758,12.2908,0.0,47.2527,1.0326,2.2817,5.2036,0.0,25.4692,0.0103,25.8889,2.8582,20.0,29.0,27.0,45.7823,12.7488,20.5,62.25,47.4844,4.7396,0.374,3.6,5.1,4.85,8.5701,13.8905,0.0,56.7,1.0,12.0,2,0.951,0
2025-03-05,483.0525,520.3524,5.8053,5.8621,7.9497,7.9845,5.3366,0.739,0.1347,0.3684,1.25,0.7147,46.9565,22.349,13.081,113.5488,42.528,6.2955,3.5944,0.0,12.1,7.0375,26.3596,12.7532,0.0,63.1579,28.5256,8.7639,8.0115,0.0,46.1053,8.6179,25.3427,2.7453,19.0,28.0,26.0,40.5664,9.3189,19.625,55.25,42.5938,4.8406,0.6977,3.1,6.2,4.8,27.0483,13.3867,0.0,73.0,29.0,11.9167,1,0.7303,3
2025-03-06,600.9533,538.3734,6.0295,6.0668,7.9442,7.9548,5.5282,0.7739,0.1101,0.5259,0.9945,0.8017,59.9414,24.9102,15.1984,134.0688,58.9717,6.3529,3.8315,0.0,12.5,6.325,22.6138,11.0124,0.5495,47.4052,19.8276,6.4883,5.655,0.0038,21.8064,4.2254,24.8601,2.7311,19.0,28.0,26.0,40.6718,9.9591,19.4062,56.25,40.8125,4.8371,0.7475,3.3,6.3,4.8,23.7951,11.0923,0.7,47.1,22.5,11.9167,2,0.759,3
2025-03-07,715.6408,689.9634,7.9165,7.9047,8.0351,8.0285,7.019,0.9805,0.0396,0.7982,1.1,1.0,55.1854,23.0446,13.5881,85.7316,63.1538,8.8023,4.9293,0.0,15.2625,9.5625,2.0196,3.8297,0.0,20.1835,0.0,0.2218,0.6985,0.0,5.0862,0.0,26.2292,3.2273,19.0,30.0,28.0,46.8451,12.6308,19.5,63.1562,48.9062,4.8188,1.0433,3.0,6.7,4.7,2.8049,5.9473,0.0,30.7,0.0,12.0,0,0.9852,0
2025-03-08,572.4425,647.4929,7.3802,7.3659,8.02,7.9909,6.58,0.9302,0.0741,0.7423,1.05,0.9286,58.7357,18.9639,17.8332,99.5263,62.3134,8.5576,4.5372,0.0,14.375,9.5562,7.013,7.3623,0.0,25.7692,7.1363,1.0323,1.3935,0.0,6.5712,0.4995,27.0347,3.2223,20.0,30.0,28.0,46.2539,11.6268,20.4688,60.9375,48.8906,2.7188,1.2949,1.0,4.7,2.3,7.5583,7.6245,0.0,25.5,7.45,12.0,0,0.9202,0
2025-03-09,596.1183,626.658,7.2176,7.1775,8.0139,7.9628,6.3994,0.8802,0.1361,0.4126,1.125,0.9379,60.436,22.7234,18.6328,127.8468,57.3381,8.6921,4.8007,0.0,15.55,8.7125,12.123,13.4223,0.0,58.7413,6.2076,3.3757,5.7696,0.0,35.8909,0.3725,27.7063,2.8404,20.0,31.0,29.0,46.6335,12.189,20.5625,63.875,46.7812,2.035,1.004,0.9,3.9,1.7,12.8427,14.1167,0.0,61.1,7.0,11.9167,3,0.9006,3
2025-03-10,613.9492,652.1559,7.5259,7.4721,8.0532,7.981,6.6267,0.9427,0.0851,0.6678,1.0556,1.0,63.2682,24.6909,13.964,134.0258,66.1987,9.5193,4.7947,0.0,16.125,10.7,5.7877,8.4484,0.0,33.2162,0.0,1.0409,2.0187,0.0,10.762,0.0,28.951,3.3343,20.0,32.0,30.0,48.6868,12.2221,20.5,65.3125,51.75,2.1042,0.3462,1.3,2.5,2.2,6.1979,8.7756,0.0,32.4,0.0,11.9167,4,0.9345,0
2025-03-11,517.8092,554.5191,6.2795,6.2592,7.9259,7.8336,5.649,0.7934,0.2014,0.1443,1.0385,0.8285,66.5078,29.0104,12.8732,152.6644,64.5529,8.0079,4.0317,0.0,14.05,9.1125,20.6827,20.1067,0.0,85.567,17.1548,8.2564,13.1597,0.0,73.5876,2.8332,28.331,2.9215,20.0,31.0,29.0,44.9142,10.304,20.5,60.125,47.7812,1.4254,0.2696,0.9,2.0,1.4,20.8493,19.9893,0.0,86.0,17.35,11.8333,6,0.7923,3
2025-03-12,441.9867,458.2773,5.3079,5.2692,7.7422,7.631,4.7717,0.6127,0.3064,0.0595,1.0,0.6952,58.6282,33.7229,4.4313,137.165,58.5378,6.6774,4.6273,0.0,14.35,6.425,38.7268,30.6448,0.0,94.052,30.4817,24.252,29.31,0.0,88.3149,9.4059,27.1812,2.4886,21.0,30.0,28.0,41.6048,11.7055,21.5312,60.875,41.0625,1.3928,0.1951,0.9,1.8,1.4,38.587,30.6602,0.0,93.9,30.45,11.5,5,0.6856,1
2025-03-13,367.305,393.5483,4.5775,4.5601,7.7343,7.6042,4.1771,0.526,0.2609,0.0766,0.9279,0.548,51.3444,38.2433,7.9023,161.5215,37.5164,5.3378,4.2433,0.0,12.7125,3.8125,47.3987,26.0879,7.2072,92.3393,45.1996,29.0888,26.3915,0.5045,84.9521,19.6286,26.0071,2.2819,21.0,29.0,27.0,38.1813,10.8285,21.5938,56.7812,34.5312,1.3064,0.4741,0.7,2.3,1.1,47.1702,26.1,7.0,92.0,43.8,11.75,1,0.5918,2
2025-03-14,524.4775,552.4528,6.2805,6.2005,7.8147,7.6617,5.6391,0.7349,0.2395,0.1515,1.0,0.8272,67.5077,39.3986,10.3602,169.389,67.4069,7.6446,4.4686,0.0,14.55,8.775,26.5059,23.9479,0.0,84.8485,17.2767,12.6594,18.5739,0.0,71.7818,3.0353,27.1214,2.9999,21.0,31.0,28.0,43.9442,11.4751,21.5,61.375,46.9375,1.8636,0.6595,1.0,2.8,1.8,26.2429,24.0395,0.0,84.6,17.05,11.6667,5,0.8037,3
2025-03-15,568.1208,615.0279,7.0802,6.9496,7.78,7.6098,6.2877,0.8887,0.1107,0.52,1.0,0.9275,59.1238,27.9707,13.2399,126.4646,58.2934,8.5546,4.8212,0.0,15.1,8.9,11.1257,11.0696,0.0,48.0,7.2472,2.4438,3.9261,0.0,26.112,0.5103,27.5845,3.413,20.0,31.0,29.0,46.2821,12.2509,20.4062,62.75,47.25,2.2437,0.472,1.6,3.1,2.2,11.1641,11.1106,0.0,54.4,7.0,11.8333,1,0.91,3
2025-03-16,622.5767,651.3035,7.4692,7.2969,7.8243,7.6308,6.608,0.9457,0.0702,0.6571,1.0,0.9796,57.5665,21.0877,8.9222,92.3083,60.3301,9.2293,4.6796,0.0,15.4,10.6313,5.4307,7.0203,0.0,34.2857,2.0437,0.82,1.7916,0.0,14.8114,0.0409,28.0071,2.8449,22.0,31.0,29.0,48.0141,11.8204,22.625,63.5,51.5781,3.1743,0.9261,1.3,4.5,3.05,5.4964,7.579,0.0,43.2,2.0,11.6667,0,0.9546,0
2025-03-17,585.4375,640.8866,7.3408,7.1612,7.9803,7.7608,6.5103,0.897,0.0844,0.6015,1.0,0.9167,55.6598,21.899,16.0047,98.027,56.9497,8.9059,4.7732,0.0,15.3625,9.5125,10.2975,8.4426,0.0,39.8496,8.3333,1.8329,3.283,0.0,18.5059,0.6667,27.6454,3.2996,21.0,31.0,29.0,47.1689,12.1212,21.625,63.4062,48.7812,1.3248,0.5686,0.3,2.2,1.3,10.3546,9.3617,0.0,48.4,8.0,11.75,0,0.9199,3
2025-03-18,641.7292,655.002,7.5005,7.2914,7.8578,7.6228,6.6526,0.9512,0.0712,0.5789,1.0,1.0,58.3972,19.4076,14.3643,84.5636,63.5098,8.94,4.7053,0.0,15.45,9.4438,4.8799,7.1206,0.0,42.1053,0.0,0.7911,2.1778,0.0,20.8842,0.0,27.4437,3.0353,21.0,31.0,29.0,47.2513,11.9622,21.4062,63.625,48.6094,2.2711,0.9096,0.7,3.8,2.1,5.0965,7.9848,0.0,49.6,0.0,11.8333,2,0.9545,0
2025-03-19,528.0567,547.7382,6.1906,6.0796,7.8084,7.5565,5.6082,0.7974,0.1812,0.2391,1.0,0.8307,66.4015,24.0893,22.1339,134.1081,66.0832,7.4461,3.8662,0.0,13.675,8.0375,20.2566,18.1235,0.0,76.087,16.9317,7.0698,9.4772,0.0,58.1304,2.7091,27.0284,3.2092,20.0,30.0,28.0,43.4927,9.9189,20.5625,59.1875,45.0938,2.3121,0.903,0.7,4.0,2.1,19.456,17.47,0.0,76.4,16.0,11.75,2,0.7928,3
2025-03-20,490.3617,504.1055,5.6789,5.5748,7.6622,7.3949,5.1668,0.7274,0.2455,0.0909,1.0,0.7658,80.1214,34.6466,9.992,155.1606,76.55,6.8115,4.0427,0.0,12.6625,7.575,27.2614,24.5475,0.0,90.9091,23.4234,13.0237,18.6968,0.0,82.3636,5.1532,26.0741,2.9081,20.0,29.0,27.0,41.8488,10.4345,20.5312,56.6562,43.9375,1.8089,0.7053,0.3,2.7,1.9,26.2889,24.0851,0.0,90.6,22.0,11.25,7,0.7412,3
2025-03-21,448.3,438.6864,5.1003,5.026,7.6642,7.3771,4.6583,0.6232,0.2229,0.1802,1.0,0.5673,64.4454,44.4086,11.1464,185.2357,45.9277,5.2518,4.5687,0.0,13.6,3.2,37.685,22.2918,0.0,81.976,43.2709,18.3189,15.1287,0.0,66.4005,17.5568,24.0935,2.2711,19.0,27.0,25.0,37.8534,11.779,19.4062,59.0,33.0,1.8986,0.766,0.4,2.9,2.0,35.9612,21.5698,0.0,81.0,40.6,11.5833,2,0.6655,3
2025-03-22,459.83,475.9174,5.2803,5.2134,7.6149,7.3112,4.8976,0.6606,0.19,0.2642,1.0,0.656,57.3047,34.6128,16.159,163.679,46.9852,5.4336,3.5319,0.0,10.4875,5.8375,33.9404,19.0035,0.0,73.5751,34.3961,14.3494,13.3194,0.0,53.2684,11.0019,23.8905,2.5312,19.0,27.0,25.0,38.344,9.2402,19.9375,51.2188,39.5938,2.1131,0.6282,0.9,2.9,2.2,32.0453,18.4301,0.0,72.4,32.0,11.4167,0,0.6934,3
2025-03-23,310.4042,322.807,3.7082,3.6975,7.6206,7.2951,3.5148,0.5335,0.2454,0.1506,1.0,0.4994,72.8082,36.305,8.1403,154.0912,67.0311,3.8909,2.4777,0.0,9.7375,3.8625,46.6488,24.5357,0.0,84.938,50.0571,26.7055,21.5701,0.0,71.348,23.5269,24.2148,1.8543,20.0,26.0,25.0,34.5155,6.5652,20.8438,49.3438,34.6562,2.0837,0.4726,1.0,3.0,2.0,44.5985,24.2544,0.0,84.0,47.0,11.25,6,0.4866,2
2025-03-24,443.5958,444.4662,4.9651,4.8943,7.6268,7.2822,4.6059,0.5797,0.2252,0.0596,0.9792,0.5898,61.6032,41.0783,2.871,159.4205,56.4857,4.8567,3.681,0.0,10.6125,5.5375,42.0322,22.5226,2.0752,94.0426,41.0156,21.79,21.5027,0.0415,87.9298,16.423,23.3669,1.9116,19.0,26.0,24.0,36.7619,9.7418,19.3438,51.5312,38.8438,0.995,0.4145,0.3,1.8,0.9,40.005,22.2938,2.0,93.5,39.0,11.5833,1,0.651,3
2025-03-25,339.5183,367.6817,4.1907,4.1358,7.6185,7.2558,3.9271,0.5677,0.2557,0.1771,1.0,0.5065,71.5978,43.0865,13.6304,185.2281,59.3012,4.5763,2.9307,0.0,11.2875,4.575,43.2253,25.5683,0.0,82.2917,49.3467,24.1762,19.8555,0.0,66.3271,22.8217,24.9856,2.043,20.0,27.0,26.0,36.2914,7.587,20.4375,53.2188,36.4375,0.7734,0.4671,0.1,1.6,0.7,41.2647,25.007,0.0,80.6,48.0,11.5833,3,0.5501,2
2025-03-26,292.5542,285.5155,3.336,3.3278,7.5719,7.1928,3.1975,0.5136,0.2379,0.1681,1.0,0.5063,50.4073,34.1178,8.6164,145.56,38.0179,3.1426,1.9979,0.0,8.025,2.8375,48.6414,23.7906,0.0,83.1858,49.3713,28.068,21.563,0.0,68.2124,22.574,23.6377,1.0248,21.0,25.0,24.0,32.7029,5.2671,21.4062,45.0625,32.0938,0.9543,0.3274,0.4,1.7,0.9,46.2087,23.7147,0.0,82.0,45.5,11.5,0,0.4406,2
2025-03-27,357.83,402.5242,4.552,4.4558,7.6238,7.2232,4.2386,0.6167,0.2633,0.0776,1.0,0.696,63.1997,30.96,17.6421,142.1346,59.6901,4.9002,3.2972,0.0,11.5625,4.675,38.3294,26.3275,0.0,92.2388,30.3956,20.7351,24.5419,0.0,84.4907,8.7672,24.6449,2.1809,20.0,28.0,25.0,37.0145,8.6288,20.5312,53.9062,36.6875,1.7804,0.4323,0.7,2.4,1.8,36.3464,26.068,0.0,91.6,28.25,11.5,1,0.5971,2
2025-03-28,419.7292,484.6049,5.4572,5.3256,7.6998,7.2708,5.0184,0.6915,0.1438,0.2209,0.926,0.7179,69.821,39.085,13.6146,159.29,61.6237,5.9047,3.8365,0.0,12.6875,5.9,30.8484,14.3808,7.4002,77.907,28.2051,10.6364,10.1518,0.518,58.1965,7.3333,24.8489,2.5478,20.0,28.0,26.0,39.5715,9.9105,20.4688,56.7188,39.75,1.5683,0.439,0.8,2.2,1.6,28.2086,13.6098,7.0,74.7,26.0,11.5833,5,0.7087,3
2025-03-29,602.7092,617.3632,6.9966,6.6468,7.7215,7.2712,6.2689,0.8814,0.1022,0.5691,1.0,0.9043,59.9367,23.1713,26.2448,120.7833,57.272,8.1567,4.4722,0.0,13.7625,9.05,11.8628,10.2222,0.0,43.0851,9.5745,2.1512,3.1418,0.0,15.7261,0.8617,26.4029,2.4427,20.0,29.0,27.0,45.2786,11.4013,20.625,59.4062,47.625,2.3561,0.5926,1.5,3.5,2.2,10.5842,8.8853,0.0,36.5,9.0,11.5833,3,0.9061,3
2025-03-30,558.6825,646.7295,7.3299,6.9112,7.7845,7.31,6.5514,0.9513,0.0682,0.7155,1.0,1.0,57.3598,19.7289,16.5877,83.2559,59.5397,8.5524,4.3595,0.0,14.0,9.7,4.8735,6.8227,0.0,28.4454,0.0,0.655,1.2529,0.0,7.3958,0.0,26.6214,2.6238,20.0,29.0,27.5,46.2551,11.1652,20.3438,60.0,49.25,2.8707,0.7954,1.6,4.1,2.8,4.5829,6.4219,0.0,26.0,0.0,11.6667,2,0.9416,0
2025-03-31,557.6125,635.5713,7.1741,6.7627,7.7864,7.2919,6.4303,0.9134,0.1023,0.4737,1.0,0.9571,53.9547,26.1336,11.2044,92.1425,58.1701,8.4402,4.2279,0.0,13.1625,10.0563,8.6577,10.229,0.0,52.6316,4.2876,1.5542,3.3522,0.0,26.7368,0.1698,26.442,2.7393,19.0,29.0,27.0,45.9368,10.9205,19.5,57.9062,50.1406,1.9761,0.6021,0.8,3.0,2.0,7.6717,8.8612,0.0,50.8,4.0,11.5,0,0.9214,0
2025-04-01,662.1883,655.2189,7.499,7.0285,7.7598,7.2495,6.6502,0.9496,0.081,0.5424,1.0,1.0,57.082,23.8682,9.7184,95.9147,63.429,9.0025,4.6773,0.0,14.975,10.0875,5.0382,8.1013,0.0,45.7627,0.0,0.7715,2.0373,0.0,16.6576,0.0,27.1871,2.8196,20.0,30.0,28.0,47.4182,11.8735,20.6562,62.4375,50.2188,2.8748,0.5665,1.7,3.9,2.8,4.4237,6.8917,0.0,36.4,0.0,11.5833,0,0.9664,0
2025-04-02,624.9783,665.1441,7.6223,7.1128,7.7678,7.2362,6.7496,0.9696,0.0712,0.5588,1.0,1.0,55.9344,23.9031,4.156,99.2919,59.3337,9.0875,4.7625,0.0,15.3125,10.1562,3.0381,7.121,0.0,44.1176,0.0,0.5356,2.303,0.0,18.1895,0.0,27.1786,3.0114,20.0,30.0,28.0,47.5955,12.1589,20.3438,63.2812,50.3906,3.19,0.8004,1.5,4.6,3.15,2.7436,6.4685,0.0,43.2,0.0,11.6667,0,0.9813,0
2025-04-03,581.1917,606.0562,6.8848,6.4655,7.7392,7.1913,6.1635,0.9107,0.1206,0.5655,1.0,0.9951,62.362,21.3227,15.6154,119.3216,67.8364,8.3794,4.2746,0.0,14.3375,8.6562,8.9287,12.0593,0.0,43.4509,0.4883,2.0255,3.6034,0.0,16.9458,0.0049,27.3929,2.8631,20.0,30.0,28.0,45.8344,10.9275,20.4062,60.8438,46.6406,1.9871,0.3367,1.4,2.6,1.9,8.0986,10.8848,0.0,39.0,0.5,11.6667,1,0.8896,3
2025-04-04,475.9475,475.8523,5.3668,5.1782,7.5221,6.9772,4.9164,0.69,0.1681,0.1618,0.9961,0.7017,75.1415,29.5948,24.0851,153.3364,70.0868,6.286,3.8574,0.0,12.525,5.55,30.9983,16.8057,0.3922,83.8235,29.834,11.0883,11.944,0.0008,66.6397,7.9799,25.7868,2.2057,21.0,28.0,27.0,40.585,9.8727,21.375,56.3125,38.875,2.461,0.5442,1.0,3.3,2.5,27.5419,15.4012,0.2,80.7,26.5,11.3333,9,0.7135,1
2025-04-05,525.7517,536.8726,6.1286,5.8162,7.4689,6.9107,5.523,0.7327,0.2381,0.121,1.0,0.7921,61.0238,32.3672,5.2657,130.7061,52.5247,6.9007,4.875,0.0,13.75,7.0875,26.7275,23.8147,0.0,87.9032,20.7889,11.4403,14.823,0.0,74.8056,3.8479,24.8731,2.6653,20.0,28.0,26.0,42.024,12.5366,20.5,59.375,42.7188,2.9866,0.6398,1.6,3.8,3.0,23.8224,21.4903,0.0,85.1,18.45,11.1667,2,0.8205,3
2025-04-06,516.6133,573.0872,6.4697,6.0932,7.5938,7.0038,5.8652,0.8,0.1377,0.4353,0.9963,0.8331,55.7196,24.7894,11.112,122.8609,57.3518,6.8839,4.4155,0.0,12.75,7.3,19.9981,13.7733,0.3731,56.4706,16.6937,4.9114,5.8064,0.0015,25.8635,2.4666,24.3986,2.3816,20.0,27.0,25.0,41.9794,11.4261,20.5625,56.875,43.25,4.3014,1.1245,3.1,6.4,3.85,17.0268,11.0886,0.4,45.8,15.0,11.5,2,0.852,3
2025-04-07,372.8225,422.6262,4.6873,4.5675,7.5066,6.9064,4.4278,0.6621,0.1453,0.393,0.9173,0.6749,58.2849,24.8431,15.2283,118.6044,55.7884,4.4535,2.4861,0.0,9.2,4.9438,33.7921,14.5254,8.2734,60.697,32.5079,11.9541,9.4262,0.5626,34.5973,8.7881,23.1159,2.0649,19.0,25.0,24.0,35.853,6.7772,19.5312,48.0,37.3594,4.4101,0.9936,3.3,6.2,4.1,29.5986,13.7154,6.8,57.0,28.0,11.5,1,0.6244,3
2025-04-08,518.4108,530.854,5.9976,5.6604,7.4941,6.8801,5.457,0.7291,0.218,0.1538,0.9899,0.7872,56.8325,27.3297,11.126,127.3423,55.05,6.394,4.3883,0.0,13.0875,6.5938,27.0878,21.8045,1.0111,84.6154,21.281,10.8985,16.8336,0.0101,69.2154,4.0057,24.1691,2.9175,18.0,27.0,25.0,40.7066,11.4285,18.4375,57.7188,41.4844,3.3441,1.3105,1.6,5.6,3.35,24.0721,20.3303,1.0,81.8,19.0,11.3333,2,0.8003,3
2025-04-09,372.3383,337.3183,3.8735,3.7021,7.4089,6.7832,3.6199,0.5428,0.3444,0.0414,1.0,0.4459,69.5333,33.7899,7.2153,158.913,67.8503,4.3128,3.1632,0.0,10.6875,4.3125,45.7162,34.4389,0.0,95.8647,55.4121,31.3342,30.0168,0.0,91.359,28.2602,24.8741,1.9449,20.0,27.0,25.0,35.6338,8.1372,20.4375,51.7188,35.7812,1.6778,0.7791,0.1,2.7,1.6,43.3067,33.806,0.0,95.3,51.0,11.25,7,0.5228,2
2025-04-10,400.1158,430.8604,4.798,4.659,7.3555,6.7234,4.474,0.6253,0.1572,0.2105,0.8365,0.6484,36.392,18.2721,3.873,75.7332,36.4308,5.0429,3.3204,0.0,9.2625,5.5438,37.4729,15.7167,16.3462,78.9474,35.1588,14.5951,12.9372,2.2394,58.2632,10.7846,24.0441,2.5701,20.0,27.0,25.0,37.2739,8.8543,20.375,48.1562,38.8594,1.0316,0.445,0.2,1.6,1.15,32.8801,14.7199,13.7,73.8,30.0,11.3333,0,0.6523,3
2025-04-11,587.525,608.4323,6.8759,6.3205,7.5102,6.8341,6.1835,0.9136,0.0953,0.6034,1.0,0.9458,59.4865,22.9658,19.0565,130.5263,58.4224,8.0379,4.2337,0.0,13.8125,8.9125,8.6397,9.5347,0.0,39.6579,5.4223,1.3694,2.2247,0.0,13.6026,0.2711,26.1606,2.7526,20.0,29.0,27.0,44.9815,10.8161,20.625,59.5312,47.2812,1.9942,0.2935,1.5,2.6,2.1,7.3036,7.8963,0.0,34.3,5.0,11.4167,2,0.9155,0
2025-04-12,535.1233,586.8294,6.6582,6.1319,7.4866,6.798,5.976,0.8207,0.2543,0.1015,1.0,0.9347,58.1873,31.7466,11.2681,157.3098,57.9986,7.5997,4.6581,0.0,13.8375,8.725,17.9316,25.4307,0.0,89.8477,6.5302,8.7528,18.3888,0.0,78.7066,0.3918,25.6423,2.4726,20.0,28.0,27.0,43.8672,11.8798,20.375,59.5938,46.8125,2.3766,0.8713,0.7,3.7,2.4,16.0139,23.3862,0.0,87.6,6.0,11.4167,0,0.8893,1
2025-04-13,426.77,423.7454,4.7777,4.5418,7.289,6.6133,4.4323,0.6385,0.2446,0.0804,1.0,0.6835,72.8401,35.6805,22.4153,176.9696,62.3749,4.9994,3.6063,0.0,11.625,4.475,36.1546,24.4611,0.0,91.961,31.6495,17.1654,19.8322,0.0,83.6845,8.8619,24.037,1.5473,20.0,26.0,24.0,37.3083,9.3038,20.5312,54.0625,36.1875,1.2548,0.51,0.4,2.1,1.3,32.1274,23.0387,0.0,91.0,28.0,11.25,6,0.6555,3
2025-04-14,349.5217,326.2498,3.7108,3.6005,7.2792,6.5835,3.5168,0.533,0.2792,0.0805,1.0,0.5018,73.7058,31.639,8.4257,131.3476,75.5843,3.9383,2.3824,0.0,7.5625,4.5625,46.6959,27.9228,0.0,91.9463,49.8195,27.4673,24.364,0.0,83.4872,21.9206,24.3185,2.0394,19.0,26.0,25.0,34.6264,6.3719,19.4062,43.9062,36.4062,1.1459,0.5965,0.3,2.3,1.3,42.7163,27.2805,0.0,90.8,44.0,11.25,8,0.5098,2
2025-04-15,432.9892,454.1932,5.2693,4.9186,7.2439,6.5352,4.7702,0.6292,0.3096,0.171,1.0,0.5544,58.1901,55.7282,2.9064,257.4933,38.2752,5.4316,5.1689,0.0,13.0125,3.6875,37.0789,30.9564,0.0,82.9016,44.5556,21.1651,22.7149,0.0,66.8187,13.5065,23.6074,2.1858,20.0,26.0,24.0,38.2444,13.2996,20.5938,57.5312,34.2188,1.4926,0.3229,1.0,2.2,1.5,33.2933,28.8809,0.0,80.6,32.7,11.25,1,0.7274,1
2025-04-16,412.6467,437.3255,4.9837,4.7356,7.2881,6.5524,4.5899,0.6388,0.2051,0.2323,1.0,0.6258,74.2937,45.5646,18.2898,208.1507,63.2662,5.396,3.9049,0.0,12.9625,4.4875,36.1191,20.5118,0.0,76.7699,37.4224,14.7496,13.2578,0.0,56.8097,11.8046,24.4296,2.2412,20.0,27.0,25.0,38.2734,10.0926,20.5,57.4062,36.2188,2.2904,0.4909,0.8,2.8,2.4,30.8044,18.0264,0.0,74.0,31.9,11.25,1,0.6838,3
2025-04-17,477.3325,469.4365,5.3888,5.0344,7.2663,6.5174,4.8872,0.6666,0.2766,0.0399,1.0,0.6556,64.275,38.3071,13.3655,166.7516,53.6461,6.0836,4.5444,0.0,13.45,5.9625,33.337,27.6632,0.0,96.01,34.4418,16.7134,23.9185,0.0,91.4015,9.2199,25.0963,2.2423,20.0,28.0,26.0,40.0653,11.5705,20.4062,58.625,39.9062,0.6652,0.2414,0.2,1.0,0.7,28.8363,26.192,0.0,95.2,27.9,11.25,1,0.7416,1
2025-04-18,364.9433,323.0767,3.7179,3.5193,7.2413,6.4769,3.4884,0.5233,0.3129,0.0478,1.0,0.4386,69.6815,28.6836,10.2853,124.6314,75.8144,3.843,3.1848,0.0,9.5625,3.0875,47.6674,31.2924,0.0,95.2234,56.1368,30.2875,28.4959,0.0,89.9861,27.6954,24.0809,1.6824,20.0,26.0,25.0,34.3325,8.3361,20.4375,48.9062,32.7188,1.4125,0.5298,0.3,2.3,1.4,43.6912,30.6844,0.0,94.5,48.8,11.3333,4,0.5134,2
2025-04-19,593.4342,584.1526,6.5317,5.9232,7.2429,6.4667,5.9308,0.8852,0.1413,0.3421,1.0,0.9506,60.2494,22.4134,14.939,114.9814,58.6359,7.2331,4.123,0.0,13.0125,8.3375,11.4846,14.1344,0.0,65.7895,4.9436,2.5908,4.8682,0.0,35.0,0.2175,24.5896,2.6534,18.0,28.0,26.0,42.8685,10.7207,18.4375,57.5312,45.8438,1.2246,0.6188,0.2,2.4,1.2,9.2515,11.007,0.0,53.2,4.4,11.1667,3,0.9018,3
2025-04-20,576.9458,588.1155,6.5585,5.9107,7.3001,6.4929,5.9523,0.898,0.1228,0.4595,1.0,0.9446,61.9907,20.143,13.1322,97.6464,64.9524,7.5867,3.7742,0.0,12.3125,8.95,10.2047,12.2752,0.0,54.0541,5.5355,1.9821,3.8579,0.0,24.0541,0.2768,25.6296,2.4487,20.0,28.0,26.0,43.8477,9.6945,20.5312,55.7812,47.375,1.7074,0.3323,1.2,2.5,1.6,8.243,9.5612,0.0,44.5,5.0,11.25,1,0.8984,3
2025-04-21,496.9067,576.5789,6.4652,5.8277,7.3559,6.5246,5.8597,0.9032,0.1312,0.5871,1.0,1.0,64.9521,22.233,22.2704,128.5835,66.1943,7.6157,3.8054,0.0,13.35,8.6875,9.6831,13.1193,0.0,41.289,0.0,2.2377,3.645,0.0,14.864,0.0,26.1103,2.4576,20.0,29.0,27.0,43.937,9.7349,20.6562,58.375,46.7188,1.6419,0.3254,1.1,2.3,1.6,8.2382,11.128,0.0,36.0,0.0,11.3333,8,0.8789,1
2025-04-22,488.7633,511.3601,5.8341,5.3153,7.2967,6.4609,5.2664,0.7446,0.2884,0.1078,1.0,0.8773,57.8865,29.8361,8.5953,133.6781,63.9881,6.8782,4.5418,0.0,13.6375,7.2625,25.5364,28.8407,0.0,89.2157,12.267,13.1942,20.5572,0.0,77.1716,1.2384,25.7612,2.2181,20.0,28.0,26.0,42.0879,11.5319,20.375,59.0938,43.1562,2.7634,0.5012,1.8,4.0,2.6,22.3821,26.3468,0.0,86.5,10.5,11.1667,3,0.7996,1
2025-04-23,588.1267,560.657,6.347,5.7504,7.1429,6.3207,5.7223,0.8127,0.2039,0.3943,1.0,0.9,55.8833,33.3792,12.7244,161.6623,46.6203,7.3486,4.4343,0.0,13.3,8.625,18.7337,20.3871,0.0,60.5701,10.0,5.7575,8.6599,0.0,32.1021,0.86,25.5704,2.3197,20.0,28.0,26.0,43.2009,11.3873,20.5,58.25,46.5625,2.4881,0.8268,0.8,3.7,2.3,14.4659,15.2744,0.0,53.0,8.6,11.25,0,0.8886,3
2025-04-24,434.3083,413.114,4.7038,4.3317,7.1728,6.3268,4.3553,0.693,0.2877,0.1237,1.0,0.6975,62.9743,29.9361,10.1902,150.3026,60.1424,5.3792,3.3175,0.0,11.075,4.4563,30.7029,28.772,0.0,87.6333,30.2535,15.8238,21.2055,0.0,75.3646,6.9751,25.1791,2.1931,20.0,27.0,26.0,38.3428,8.4844,20.5,52.6875,36.1406,2.3903,0.5548,0.9,3.3,2.3,26.7425,26.9421,0.0,86.0,20.3,11.1667,1,0.6558,1
2025-04-25,430.0775,414.2897,4.6218,4.3413,7.0801,6.2327,4.3061,0.645,0.2639,0.0815,1.0,0.5954,61.9558,22.2989,10.1306,106.1047,55.2358,5.2671,3.0053,0.0,10.375,5.7125,35.5,26.3871,0.0,91.8478,40.4635,17.331,19.7749,0.0,81.6527,13.3939,24.8092,1.6034,20.0,26.0,25.0,38.0394,7.7642,20.4688,50.9375,39.2812,1.0977,0.7002,0.1,2.0,1.5,31.0603,24.2318,0.0,89.1,33.3,10.9167,3,0.6528,1
2025-04-26,447.0225,478.5544,5.3697,4.9265,7.0656,6.2052,4.9172,0.7185,0.24,0.0637,1.0,0.7831,70.3312,27.998,11.7199,125.3133,71.6292,6.4008,3.6871,0.0,12.0875,6.6875,28.1463,24.0017,0.0,93.6275,21.6904,11.7065,16.1513,0.0,85.5755,4.1212,25.5909,2.5109,20.0,28.0,27.0,40.8456,9.5133,20.5,55.2188,41.7188,0.5394,0.2421,0.1,1.0,0.5,23.8545,21.1504,0.0,91.4,18.25,11.0,5,0.76,3
2025-04-27,437.6408,395.3217,4.496,4.149,7.0268,6.1554,4.1451,0.5783,0.3274,0.045,1.0,0.6639,58.4081,30.1391,5.9001,143.6902,48.2194,4.8659,3.9607,0.0,11.4125,3.7625,42.1682,32.7439,0.0,95.5017,33.6074,26.2174,28.6328,0.0,90.1536,9.0772,24.1374,1.3403,21.0,26.0,24.0,37.0076,10.1091,21.5625,53.5312,34.4062,1.2863,0.3727,0.6,1.8,1.4,38.0664,31.5202,0.0,94.4,28.0,10.9167,1,0.6398,1
2025-04-28,327.6992,344.2023,3.9197,3.6438,7.0236,6.1307,3.6963,0.5979,0.2844,0.0438,1.0,0.5909,81.2437,54.2291,21.6053,269.6558,67.7252,3.9023,2.8656,0.0,9.825,3.3625,40.2118,28.4416,0.0,95.6212,40.9091,21.7369,25.0777,0.0,90.8401,11.7619,23.5489,1.1772,21.0,25.0,24.0,34.6006,7.397,21.375,49.5625,33.4062,1.4586,0.642,0.5,2.5,1.6,35.1113,27.355,0.0,95.0,31.0,11.0833,5,0.5581,2
2025-04-29,494.5475,559.8969,6.2337,5.5438,7.0938,6.1712,5.6898,0.8511,0.152,0.408,1.0,0.8761,57.1938,25.3753,19.0333,135.1911,55.0226,6.879,3.8858,0.0,12.075,8.7438,14.8919,15.2019,0.0,59.2,12.3862,3.2585,5.1042,0.0,24.2096,1.3564,24.4776,2.7385,19.0,27.0,26.0,41.9226,10.2485,19.4688,55.1875,46.8594,1.5455,0.5188,0.8,2.6,1.45,11.4821,10.4708,0.0,41.1,10.65,11.1667,0,0.8787,3
2025-04-30,453.5392,455.3908,5.1062,4.6975,7.1061,6.1681,4.7193,0.69,0.1933,0.2065,0.9667,0.7241,57.3017,22.34,17.0478,120.6234,58.6543,5.6742,3.4878,0.0,10.9625,5.4688,30.9961,19.3273,3.3251,79.3478,27.5882,10.905,12.6043,0.0998,56.6543,5.3199,24.7164,2.5269,19.0,28.0,25.0,39.0063,9.0411,19.6875,52.4062,38.6719,1.606,0.7036,0.3,2.7,1.5,25.2224,16.4236,3.0,71.4,20.0,11.1667,1,0.7186,3
2025-05-01,428.9317,366.8041,4.1304,3.9402,7.0816,6.1436,3.9079,0.6155,0.1844,0.3061,1.0,0.5438,55.3848,25.5967,22.0019,126.5439,45.2888,4.1373,2.6709,0.0,9.625,4.55,38.4459,18.4425,0.0,69.3939,45.624,14.9855,11.061,0.0,45.1061,16.1585,23.5522,2.0208,20.0,26.0,24.0,35.1112,7.075,20.5,49.0625,36.375,3.35,0.5188,2.5,4.3,3.2,31.3269,16.5212,0.0,65.0,36.25,11.1667,3,0.5833,2
2025-05-02,562.4742,571.9411,6.3026,5.5504,7.1549,6.1804,5.7932,0.8686,0.1856,0.1939,1.0,0.9672,61.8831,26.7741,11.3013,133.3338,62.423,6.5643,3.4193,0.0,11.075,7.575,13.1415,18.5611,0.0,80.6122,3.277,3.9714,8.3916,0.0,55.8643,0.0983,23.406,1.875,19.0,25.0,24.0,41.1765,9.0358,19.4062,52.6875,43.9375,4.1669,0.8095,3.1,5.8,4.0,10.3684,14.3531,0.0,69.3,3.0,11.0833,2,0.8809,3
2025-05-03,519.1283,594.6015,6.5924,5.7499,7.2199,6.217,6.0299,0.912,0.1103,0.5,1.0,0.9777,63.6379,18.2191,12.2796,93.4615,65.5982,6.8854,3.7183,0.0,11.5625,8.0875,8.7999,11.0281,0.0,50.0,2.2274,1.4456,2.3508,0.0,14.6,0.0445,23.5224,2.6235,18.0,26.0,24.5,41.9713,9.7904,18.6562,53.9062,45.2188,3.3493,0.8243,2.1,5.2,3.2,6.797,8.0206,0.0,29.2,2.0,11.1667,4,0.9131,0
2025-05-04,595.6242,650.9809,7.2972,6.2784,7.3206,6.29,6.6067,0.9832,0.0681,0.5581,1.0,1.0,53.5325,25.4255,3.0401,92.1095,57.7424,7.4049,4.3261,0.0,12.7625,8.3625,1.6808,6.8083,0.0,44.186,0.0,0.2633,1.3134,0.0,10.207,0.0,22.9037,2.5359,17.0,25.0,24.0,43.1738,11.4562,17.4062,56.9062,45.9062,2.7104,0.474,2.0,3.7,2.6,0.9622,3.6718,0.0,23.1,0.0,11.25,0,0.9968,0
2025-05-05,542.3933,597.2122,6.7167,5.8697,7.2681,6.2323,6.0991,0.8725,0.2124,0.3254,1.0,1.0,57.5151,31.2047,12.6371,148.426,47.8859,6.7668,4.4718,0.0,12.6625,7.525,12.7496,21.2447,0.0,67.4576,0.0,4.4895,9.1314,0.0,38.2485,0.0,22.8667,3.1783,16.0,26.0,24.0,41.5241,11.8538,16.375,56.6562,43.8125,2.3385,1.0514,0.5,3.9,2.4,9.5696,15.709,0.0,56.7,0.0,11.25,2,0.9241,3
2025-05-06,543.0733,524.3818,5.8548,5.1896,7.1225,6.0966,5.3791,0.8198,0.1889,0.4104,1.0,0.8811,55.9854,19.5343,12.0893,94.0416,56.0008,6.383,3.5942,0.0,11.575,6.2438,18.0222,18.8934,0.0,58.9636,11.8913,5.2651,7.3104,0.0,30.3073,1.2513,24.1212,3.1454,17.0,27.0,25.5,40.754,9.3925,17.75,53.9375,40.6094,2.5053,0.9145,1.2,3.8,2.5,14.0485,14.9023,0.0,51.4,10.5,11.0,0,0.822,3
2025-05-07,568.635,582.8167,6.4953,5.6249,7.075,6.0403,5.9069,0.895,0.1764,0.113,1.0,0.9674,59.6169,23.2888,15.4829,118.6416,60.309,7.1993,3.9766,0.0,12.35,8.475,10.499,17.6416,0.0,88.6957,3.262,3.3903,10.8151,0.0,71.8435,0.0979,24.5113,2.6618,18.0,27.0,26.0,42.825,10.2839,18.8125,55.875,46.1875,2.703,0.811,1.5,3.8,2.8,8.5827,14.3578,0.0,81.0,3.0,11.0833,3,0.9181,3
2025-05-08,548.2833,625.329,7.0287,6.0049,7.1308,6.0707,6.3392,0.9682,0.0931,0.413,1.0,1.0,54.0231,24.8503,4.5817,92.9706,59.7304,7.8557,4.2448,0.0,13.2625,8.6875,3.1844,9.3147,0.0,58.6957,0.0,0.5318,2.2267,0.0,17.1391,0.0,24.6767,2.729,19.0,28.0,26.0,44.4944,10.9026,19.875,58.1562,46.7188,3.4459,0.5259,2.5,4.3,3.4,2.0233,5.1208,0.0,29.2,0.0,11.0833,0,0.9857,0
2025-05-09,574.035,557.3141,6.2537,5.457,7.1447,6.0695,5.6877,0.8506,0.1811,0.3613,1.0,0.9218,59.7162,26.4506,14.0777,133.5709,56.2952,7.0618,3.9832,0.0,12.55,7.85,14.9375,18.1133,0.0,63.871,7.8235,4.0261,6.7094,0.0,32.9574,0.5476,24.8571,2.9902,18.0,28.0,26.0,42.4897,10.2815,18.8125,56.375,44.625,2.9098,1.0231,1.5,4.7,2.7,11.3699,13.1808,0.0,51.6,7.0,11.0833,3,0.8753,3
2025-05-10,489.08,542.7761,6.1131,5.3334,7.0986,6.0178,5.5535,0.8511,0.1715,0.4135,1.0,0.9207,61.9453,26.0492,20.7385,150.8379,60.3927,7.1566,3.973,0.0,12.8125,7.4625,14.8872,17.1474,0.0,58.6466,7.9268,3.8678,6.0557,0.0,25.3782,0.5549,25.4887,2.8647,18.0,28.0,27.0,42.7249,10.2648,18.7812,57.0312,43.6562,1.6579,0.3864,1.1,2.5,1.5,11.4737,12.9374,0.0,45.5,7.0,11.0833,3,0.8612,3
2025-05-11,450.2675,570.1999,6.3775,5.4934,7.0004,5.9267,5.7875,0.8818,0.1501,0.1974,1.0,0.931,59.3383,22.416,15.3761,106.1778,56.1448,7.4175,3.9191,0.0,12.375,8.3875,11.8196,15.0114,0.0,80.2632,6.8966,2.5459,6.363,0.0,54.8197,0.412,25.3534,2.8636,18.0,28.0,26.0,43.3351,10.2367,18.5625,55.9375,45.9688,2.9353,0.8474,1.3,4.0,3.1,8.7827,10.3858,0.0,68.3,6.0,11.0833,3,0.911,3
2025-05-12,595.1067,621.713,6.9878,5.9122,7.032,5.9379,6.303,0.9787,0.0835,0.3889,1.0,1.0,52.2496,24.8976,2.9388,91.8876,58.151,7.8595,4.189,0.0,13.1,8.6625,2.1306,8.3524,0.0,61.1111,0.0,0.4544,2.77,0.0,23.1,0.0,24.8195,2.3704,19.0,27.0,26.0,44.5221,10.7306,19.6875,57.75,46.6562,3.9549,0.7238,2.5,5.0,4.0,1.3624,5.1632,0.0,37.8,0.0,11.0833,0,0.9937,0
2025-05-13,564.8883,589.5647,6.5253,5.5832,7.0219,5.9194,5.9918,0.9034,0.1357,0.4103,1.0,0.9411,53.7637,22.24,16.5767,99.4853,54.383,6.343,3.8697,0.0,11.2625,7.4125,9.6579,13.5683,0.0,58.9744,5.8935,1.773,3.8344,0.0,21.0526,0.2809,22.1053,2.6579,17.0,25.0,23.0,40.5038,10.3165,17.6562,53.1562,43.5312,4.6985,0.7904,3.3,6.0,4.5,6.9496,8.3583,0.0,36.0,5.0,11.0833,0,0.9293,0
2025-05-14,344.2392,380.5922,4.2581,3.9398,6.9521,5.8543,4.022,0.5838,0.2222,0.2842,0.9936,0.5356,47.801,22.6034,17.9619,95.2284,39.0425,3.6101,3.2728,0.0,9.25,3.0375,41.6207,22.2212,0.6435,71.5847,46.4377,18.2029,14.9456,0.0039,41.0896,17.3741,20.8939,2.6738,16.0,24.0,22.0,32.9908,9.5045,16.6562,48.125,32.5938,4.4545,0.8927,2.9,5.8,4.4,33.9545,18.898,0.6,58.8,37.0,11.0,1,0.6125,3
2025-05-15,529.1592,581.9174,6.4436,5.5024,7.0426,5.9111,5.932,0.9027,0.1353,0.4853,1.0,0.9773,63.174,31.1203,9.5199,146.7136,61.3223,6.1194,3.7807,0.0,11.5125,6.2125,9.7311,13.5285,0.0,51.4749,2.2704,2.0055,4.2459,0.0,21.3621,0.0454,21.6241,2.8381,16.0,25.0,23.0,39.7921,10.371,16.625,53.7812,40.5312,4.791,1.0603,2.8,6.6,4.7,7.1684,9.9787,0.0,41.5,2.0,11.0833,1,0.9149,0
2025-05-16,338.2792,359.2012,4.0268,3.7971,6.98,5.851,3.8241,0.5619,0.1758,0.3194,1.0,0.4803,47.0007,23.9412,14.9047,108.7031,37.1783,3.4433,2.9688,0.0,8.4375,3.1312,43.8088,17.5752,0.0,68.0556,51.9659,17.4489,11.0448,0.0,35.3323,19.2721,21.303,2.7682,16.0,24.0,22.0,32.7427,8.6183,16.4375,46.0938,32.8281,5.1235,0.6214,3.9,6.2,5.1,34.4818,14.2233,0.0,55.9,35.05,11.0,0,0.5769,2
2025-05-17,226.1458,183.4695,2.278,2.3165,6.9719,5.8287,2.2384,0.3263,0.0543,0.1792,0.5128,0.3309,26.709,9.8612,9.4432,55.5665,23.3932,1.2893,1.1637,0.0,3.4875,1.2875,67.3726,5.4337,48.7179,82.0755,66.9133,39.6492,8.1092,11.2538,59.3033,39.6141,20.7252,2.0608,17.0,23.0,22.0,27.2462,4.2778,17.625,33.7188,28.2188,5.3954,0.9805,3.4,6.8,5.4,58.3084,8.269,23.1,73.4,60.0,10.9167,0,0.3267,2
2025-05-18,584.0825,617.8123,6.8672,5.7692,7.0409,5.8767,6.2847,0.9636,0.0615,0.72,1.0,1.0,52.6048,24.6701,6.5151,95.7258,59.1062,6.4945,4.1928,0.0,11.8875,7.1875,3.6378,6.1533,0.0,28.0,0.0,0.3488,0.7335,0.0,4.256,0.0,21.4135,3.0948,15.0,25.0,23.0,40.7761,11.2868,15.5,54.7188,42.9688,4.8474,1.0261,2.7,6.4,4.7,2.6414,4.2126,0.0,15.2,0.0,11.0833,0,0.9753,0
2025-05-19,595.035,632.8166,7.0457,5.8752,7.0577,5.8794,6.4188,0.9876,0.0593,0.6364,1.0,1.0,52.3293,25.4494,3.0401,90.4549,57.751,7.0005,4.1528,0.0,12.325,7.8,1.2372,5.9326,0.0,36.3636,0.0,0.174,0.9194,0.0,6.1091,0.0,22.2556,3.0042,16.0,25.0,24.0,42.1212,11.1001,16.5,55.8125,44.5,3.8534,0.617,2.2,4.5,4.0,0.6128,2.8356,0.0,16.8,0.0,11.0833,0,0.9983,0
2025-05-20,570.2292,631.3132,7.0312,5.8677,7.087,5.8895,6.4043,0.9675,0.1095,0.4651,1.0,1.0,53.0918,26.8982,3.1659,108.1689,56.1573,6.9884,4.2056,0.0,12.3875,7.8375,3.2521,10.9507,0.0,53.4884,0.0,0.6893,2.5014,0.0,14.014,0.0,22.0606,3.2474,15.0,25.0,23.5,42.0357,11.333,15.5,55.9688,44.5938,2.7242,0.735,1.9,3.9,2.6,1.7977,5.8469,0.0,26.2,0.0,11.0,0,0.9921,0
2025-05-21,538.5158,565.0991,6.2768,5.3396,6.9738,5.7941,5.7582,0.8705,0.1618,0.4103,1.0,0.9332,61.7813,24.423,11.9418,114.7536,61.0774,6.4081,3.8807,0.0,11.9625,7.1875,12.9542,16.175,0.0,58.9744,6.6849,2.8843,5.09,0.0,24.889,0.3744,22.687,3.3261,15.0,26.0,24.0,40.6551,10.396,15.5312,54.9062,42.9688,2.3382,0.8745,1.1,3.6,2.2,9.2298,10.8839,0.0,43.3,5.6,10.9167,13,0.9001,1
2025-05-22,481.7983,528.536,5.9058,5.0808,6.8602,5.6998,5.4153,0.8272,0.19,0.3387,1.0,0.882,64.7397,27.2602,11.9807,130.1492,63.896,6.3533,3.7901,0.0,12.0875,6.625,17.2826,18.9994,0.0,66.129,11.7984,4.7609,7.5441,0.0,35.4625,1.1798,23.6565,3.0779,17.0,27.0,25.0,40.5625,10.0876,17.5938,55.2188,41.5625,2.1313,1.0982,0.5,3.9,2.0,12.5924,14.0355,0.0,53.8,10.0,10.9167,6,0.8609,3
2025-05-23,336.2508,411.0447,4.6069,4.1372,6.7595,5.6064,4.3175,0.6888,0.1834,0.302,1.0,0.713,65.3005,41.9954,7.1964,186.0247,56.4637,4.7387,3.0333,0.0,10.3875,4.125,31.1189,18.3394,0.0,69.8048,28.6988,10.0108,10.2854,0.0,44.6751,5.9237,23.374,2.4848,18.0,26.0,25.0,36.5618,8.1077,18.4688,50.9688,35.3125,2.2267,0.5665,1.4,3.2,2.1,23.7573,15.1419,0.0,64.0,20.0,10.9167,2,0.6815,3
2025-05-24,422.0883,527.9178,5.9421,5.0861,6.8227,5.6462,5.4243,0.8335,0.2299,0.2759,1.0,0.9888,56.6458,28.0143,3.1861,131.6742,55.216,6.3837,4.1672,0.0,12.45,6.35,16.6547,22.993,0.0,72.4138,1.1173,5.9869,9.959,0.0,38.1638,0.0112,23.7481,2.5909,18.0,26.0,25.0,40.7579,10.7635,18.8438,56.125,40.875,3.029,0.7542,1.9,4.2,2.9,12.5092,17.2701,0.0,57.6,1.0,10.9167,4,0.8709,3
2025-05-25,518.48,565.3964,6.3012,5.3084,6.9121,5.7013,5.7651,0.8923,0.1457,0.3548,1.0,1.0,59.4565,23.8247,3.2051,102.9007,64.3345,6.6002,3.9586,0.0,12.4375,6.875,10.7736,14.567,0.0,64.5161,0.0,2.2268,3.7575,0.0,22.5806,0.0,23.2061,2.9345,17.0,26.0,24.0,41.2438,10.3765,17.875,56.0938,42.1875,3.5771,0.4602,3.0,4.3,3.3,7.7771,9.9134,0.0,35.0,0.0,10.9167,4,0.9116,3
2025-05-26,480.4833,579.4399,6.3991,5.3467,6.9112,5.6933,5.8842,0.9171,0.1201,0.3367,1.0,1.0,56.9617,18.9626,16.5756,103.8783,58.0454,6.4082,3.6966,0.0,11.7,7.05,8.2859,12.0072,0.0,66.3265,0.0,1.3518,3.1393,0.0,24.1429,0.0,22.3588,2.8637,16.0,25.0,24.0,40.6768,9.9115,16.5625,54.25,42.625,3.5214,0.5881,2.5,4.5,3.6,6.0382,7.4722,0.0,36.4,0.0,10.9167,2,0.9259,0
2025-05-27,528.3067,576.6582,6.3662,5.3144,6.9151,5.6815,5.8435,0.9093,0.1529,0.2424,1.0,0.9902,69.6393,23.2184,20.4693,117.0932,71.0931,6.6285,3.7307,0.0,11.6625,7.775,9.0689,15.2942,0.0,75.7576,0.9781,2.1558,5.7157,0.0,43.8636,0.0085,22.8769,3.2779,16.0,26.0,24.0,41.2411,9.9891,16.8125,54.1562,44.4375,3.47,0.7902,1.9,4.6,3.5,6.6746,10.4444,0.0,57.9,0.85,10.8333,6,0.9206,0
2025-05-28,378.4683,427.0643,4.7761,4.2326,6.8306,5.6137,4.4445,0.6906,0.2185,0.1682,1.0,0.709,77.7513,42.6698,14.467,207.7303,75.0716,5.2478,3.2932,0.0,10.1125,6.0688,30.9352,21.85,0.0,83.1776,29.0987,11.0108,11.8752,0.0,56.0617,5.9178,23.8846,2.9666,17.0,27.0,25.0,37.6618,9.0576,17.5625,50.2812,40.1719,1.8523,0.751,0.6,3.0,1.95,23.7969,17.3134,0.0,67.4,21.0,10.8333,9,0.6992,1
2025-05-29,404.9667,413.4816,4.6967,4.0921,6.6258,5.4493,4.3567,0.6724,0.2917,0.1457,1.0,0.6859,65.8294,46.3452,13.3425,211.6874,52.9313,4.6282,3.808,0.0,11.575,3.275,32.7585,29.169,0.0,85.4296,31.4136,15.5578,18.9525,0.0,70.394,6.827,22.5573,2.9277,16.0,25.0,24.0,36.0019,10.3357,16.375,53.9375,33.1875,1.3924,0.5756,0.5,2.7,1.4,25.8275,25.2132,0.0,82.4,21.7,10.9167,3,0.7089,1
2025-05-30,414.24,467.2788,5.2318,4.5853,6.6022,5.423,4.8342,0.6908,0.2573,0.1791,1.0,0.7162,71.1565,37.3517,14.4757,173.3367,62.5307,5.1142,4.0327,0.0,11.65,5.0062,30.9184,25.7315,0.0,82.0896,28.3754,11.9781,13.6931,0.0,56.8881,6.4196,21.6154,4.2415,14.0,26.0,24.0,36.7072,11.6825,14.3438,54.125,37.5156,1.8646,0.5129,1.1,2.8,1.85,23.1762,19.0361,0.0,69.3,21.9,10.8333,5,0.7924,1
2025-05-31,401.5292,452.992,5.0668,4.4244,6.5208,5.361,4.6825,0.7032,0.2696,0.1311,1.0,0.7452,58.305,30.0462,13.3788,132.6564,48.6805,5.3901,3.6902,0.0,11.55,5.775,29.6822,26.9581,0.0,86.8852,25.4835,12.5324,15.5815,0.0,68.4656,5.324,23.4186,2.7033,18.0,26.0,25.0,38.1478,9.7711,18.6562,53.875,39.4375,1.7612,0.6993,0.8,2.9,1.5,23.1326,21.4891,0.0,78.8,20.8,10.75,3,0.777,1
2025-06-01,406.0683,497.1055,5.5052,4.7008,6.561,5.3832,5.0788,0.8054,0.1981,0.1579,1.0,0.8568,68.3839,33.9407,13.8531,149.4311,63.3015,6.0139,3.6303,0.0,11.3375,6.6125,19.462,19.811,0.0,84.2105,14.3223,5.513,9.8849,0.0,60.7158,1.706,23.6094,2.624,18.0,26.0,25.0,39.738,9.6369,18.4375,53.3438,41.5312,3.1211,0.7197,1.6,4.0,3.3,14.3977,14.1802,0.0,72.1,11.75,10.6667,1,0.8391,3
2025-06-02,410.11,448.4145,4.9967,4.3936,6.5147,5.3356,4.6373,0.6929,0.2121,0.131,0.9881,0.7447,69.1138,27.1279,18.1782,138.6191,64.6157,5.1706,3.5753,0.0,11.4125,5.425,30.7069,21.2116,1.1905,86.9048,25.5337,10.0187,11.7001,0.0119,65.6131,5.1426,22.8828,2.393,18.0,25.0,24.0,37.5215,9.597,18.625,53.5312,38.5625,4.0594,0.6853,2.8,5.1,4.2,22.6695,14.9097,1.0,75.5,20.0,10.6667,7,0.767,3
2025-06-03,523.7967,574.404,6.4012,5.2838,6.5759,5.3709,5.8378,0.9257,0.1494,0.3235,1.0,1.0,52.2294,29.3007,6.3102,121.1993,49.5677,6.8578,4.0794,0.0,12.0375,7.725,7.4295,14.9397,0.0,67.6471,0.0,1.6174,4.7335,0.0,34.3647,0.0,23.4,2.9323,17.0,26.0,25.0,41.8651,10.7277,17.3438,55.0938,44.3125,3.6154,0.8755,2.1,5.3,3.65,4.5077,8.8498,0.0,50.8,0.0,10.8333,0,0.9734,0
2025-06-04,529.6767,587.4911,6.5559,5.3884,6.6902,5.4459,5.959,0.9306,0.1537,0.3264,1.0,1.0,52.6602,28.0055,4.5419,112.6064,54.9028,7.1879,4.1232,0.0,12.2125,8.2688,6.9357,15.3676,0.0,67.3611,0.0,1.5205,4.402,0.0,27.2812,0.0,23.7308,3.2464,17.0,27.0,25.0,42.6421,10.9397,17.5625,55.5312,45.6719,3.54,0.544,2.4,4.2,3.7,3.9346,8.2611,0.0,40.5,0.0,10.8333,0,0.9799,0
2025-06-05,501.7817,567.1087,6.339,5.267,6.7092,5.4592,5.7639,0.8735,0.1959,0.1864,1.0,0.9714,54.8228,28.5953,7.317,120.3868,48.8241,7.0176,4.19,0.0,12.1125,8.175,12.6503,19.5921,0.0,81.3559,2.8571,3.2856,7.5534,0.0,54.8339,0.0686,23.7984,3.1927,17.0,27.0,25.0,42.2258,11.0635,17.3438,55.2812,45.4375,2.7349,0.6258,1.5,3.5,2.8,8.0411,11.9596,0.0,67.4,2.4,10.75,1,0.9448,3
2025-06-06,527.0325,597.0724,6.6844,5.457,6.7483,5.487,6.0425,0.9612,0.1222,0.3091,1.0,1.0,52.6555,25.7314,11.0851,101.7979,55.216,7.7981,4.1359,0.0,12.725,8.8,3.881,12.219,0.0,69.0909,0.0,0.8545,3.6976,0.0,32.5418,0.0,24.8062,3.3729,16.0,28.0,26.0,44.2376,10.8869,16.5312,56.8125,47.0,1.845,0.3271,1.3,2.5,1.8,2.0915,6.4941,0.0,47.1,0.0,10.75,0,0.9905,0
2025-06-07,521.01,595.5264,6.6667,5.4361,6.7866,5.5074,6.0304,0.9638,0.1043,0.3906,1.0,1.0,52.0514,25.0631,5.2628,104.4147,54.2475,7.6516,4.2225,0.0,12.7375,8.7625,3.6154,10.4278,0.0,60.9375,0.0,0.6308,2.5184,0.0,17.7938,0.0,24.6412,3.75,15.0,28.0,26.0,43.7252,11.3866,15.3438,56.8438,46.9062,2.3817,0.5309,1.5,3.3,2.3,2.1763,5.3992,0.0,29.2,0.0,10.9167,0,0.9823,0
2025-06-08,469.6808,551.9357,6.1368,5.0523,6.7438,5.4714,5.6005,0.9283,0.1209,0.5111,1.0,1.0,65.6384,25.0189,18.4889,131.5864,68.6339,7.1684,3.7224,0.0,12.6,8.1625,7.169,12.0904,0.0,48.8936,0.0,1.4947,3.3337,0.0,19.5574,0.0,25.0763,3.5183,16.0,28.0,27.0,42.6434,9.9081,16.5938,56.5,45.4062,2.3985,0.4496,1.6,3.2,2.4,5.5771,9.3464,0.0,40.0,0.0,10.9167,10,0.91,0
2025-06-09,516.1083,582.2036,6.5173,5.3186,6.6221,5.3794,5.8941,0.9557,0.1232,0.4386,1.0,1.0,52.3053,24.1506,10.9914,98.4758,54.8729,7.7023,4.1933,0.0,12.775,8.7563,4.429,12.3248,0.0,56.1404,0.0,0.8304,2.9263,0.0,16.7455,0.0,25.1308,3.6945,16.0,29.0,27.0,43.9305,11.1601,16.4062,56.9375,46.8906,2.2462,0.7321,1.0,3.2,2.5,2.4138,5.9835,0.0,30.7,0.0,10.8333,0,0.9842,0
2025-06-10,450.4308,493.552,5.5117,4.7112,6.4768,5.2762,5.0738,0.7652,0.2372,0.22,1.0,0.8766,57.5551,36.4111,11.4928,160.8378,47.8261,5.6757,3.9678,0.0,11.275,6.2625,23.479,23.719,0.0,78.0,12.3418,7.7112,11.3078,0.0,50.154,1.2217,22.3876,3.1974,16.0,26.0,24.0,38.4099,11.1622,16.375,53.1875,40.6562,1.9016,0.4935,1.2,2.8,1.7,16.6891,16.3877,0.0,64.3,9.9,10.75,2,0.851,3
2025-06-11,521.4067,590.2466,6.5702,5.3463,6.6398,5.3813,5.981,0.9621,0.1127,0.4722,1.0,1.0,51.8223,25.0567,3.8485,100.7502,56.2287,7.1568,4.1061,0.0,12.5,7.95,3.7943,11.2685,0.0,52.7778,0.0,0.6445,2.2814,0.0,12.1917,0.0,23.5923,3.7098,16.0,27.0,25.0,42.545,10.9496,16.4375,56.25,44.875,2.3585,0.9029,1.4,3.9,1.8,1.92,5.153,0.0,23.1,0.0,10.8333,0,0.9895,0
2025-06-12,474.1225,539.5066,6.0028,5.0132,6.5602,5.3267,5.5146,0.8562,0.211,0.2321,1.0,1.0,54.1976,28.1404,2.8959,115.5407,53.5866,6.036,4.0328,0.0,11.65,6.6875,14.3828,21.098,0.0,76.7857,0.0,4.3782,8.5891,0.0,44.4589,0.0,22.2615,3.6335,15.0,26.0,24.0,39.5774,10.9729,15.6562,54.125,41.7188,1.9062,0.6163,0.9,2.7,2.1,9.8792,14.2844,0.0,57.9,0.0,10.8333,2,0.915,3
2025-06-13,503.5517,535.8338,5.9607,4.9991,6.5557,5.3239,5.4759,0.8226,0.2296,0.2676,1.0,0.9354,55.6229,30.3231,3.2322,118.531,53.2982,5.9074,4.1248,0.0,11.2875,7.025,17.7448,22.9635,0.0,73.2394,6.4599,5.6199,9.8986,0.0,39.3092,0.2972,21.6124,3.4171,16.0,25.0,23.0,38.9399,11.6468,16.5,53.2188,42.5625,4.4062,0.7286,3.0,5.6,4.2,12.1465,15.3649,0.0,54.3,4.6,10.75,1,0.9092,3
2025-06-14,567.6292,605.1852,6.6739,5.4052,6.6808,5.4099,6.1442,0.9988,0.0061,0.9367,1.0,1.0,50.6868,24.4229,3.0289,85.0203,55.6974,6.1971,3.9128,0.0,11.3,6.8,0.1155,0.6106,0.0,6.3291,0.0,0.0026,0.0222,0.0,0.2532,0.0,20.8168,3.4235,14.0,24.0,22.0,39.9215,10.8205,14.5625,53.25,42.0,4.7565,0.8451,3.0,6.1,4.8,0.0885,0.4154,0.0,4.0,0.0,10.9167,0,0.999,0
2025-06-15,550.0925,596.9419,6.5814,5.3491,6.6368,5.3704,6.0541,0.9601,0.1288,0.3611,1.0,1.0,51.5068,26.9744,2.8749,113.8451,53.7663,6.2707,3.941,0.0,11.3125,7.1812,3.9886,12.8838,0.0,63.8889,0.0,0.8676,3.2337,0.0,22.3611,0.0,21.0923,3.7674,14.0,25.0,23.0,40.0772,10.9537,14.375,53.2812,42.9531,3.0885,0.6653,2.2,4.1,3.1,1.9469,6.2387,0.0,35.0,0.0,10.8333,0,0.9917,0
2025-06-16,523.22,575.8174,6.3431,5.1863,6.6974,5.4081,5.8413,0.9191,0.1509,0.2583,1.0,1.0,62.2854,26.0738,18.7293,118.6705,62.2553,6.2885,3.7246,0.0,11.4375,6.975,8.0901,15.0942,0.0,74.1722,0.0,1.7472,4.905,0.0,39.4596,0.0,21.7132,3.4578,14.0,25.0,23.0,40.1524,10.4295,14.5312,53.5938,42.4375,3.6318,0.5417,2.0,4.2,3.7,5.2651,9.1425,0.0,53.2,0.0,10.75,2,0.9471,0
2025-06-17,561.0808,594.4267,6.5887,5.362,6.7581,5.4497,6.0428,0.9499,0.1066,0.5806,1.0,1.0,52.3561,26.0927,3.9274,109.5249,54.375,6.402,4.0525,0.0,11.75,7.0625,5.0149,10.6632,0.0,41.9355,0.0,0.8133,2.0236,0.0,9.0581,0.0,21.6183,3.7364,14.0,25.0,23.0,40.479,11.0905,14.5625,54.375,42.6562,3.4084,0.6615,2.1,4.4,3.3,3.1519,6.3047,0.0,21.6,0.0,10.9167,1,0.9749,0
2025-06-18,524.5625,559.5126,6.1907,5.101,6.6734,5.3883,5.6925,0.8888,0.1703,0.2576,1.0,0.9894,56.3577,26.3723,5.7498,118.9549,59.9416,6.2375,3.8521,0.0,11.825,6.9625,11.1215,17.027,0.0,74.2424,1.0604,2.6427,6.0152,0.0,40.3879,0.0106,22.2248,3.2983,15.0,25.0,24.0,40.2212,10.3244,15.5625,54.5625,42.4062,3.4946,0.7935,1.9,4.6,3.4,7.6171,10.8331,0.0,54.4,1.0,10.75,3,0.9277,3
2025-06-19,430.0175,506.5426,5.6462,4.7859,6.5892,5.326,5.191,0.7726,0.2298,0.1818,1.0,0.886,54.1218,30.0586,10.4534,122.8072,49.0313,5.788,4.1409,0.0,11.1625,6.4625,22.7446,22.9765,0.0,81.8182,11.3963,7.0279,10.3453,0.0,52.6091,1.0773,22.3047,2.9525,16.0,25.0,24.0,38.8462,11.3362,16.4375,52.9062,41.1562,3.8695,0.6142,2.6,4.8,3.75,15.9164,15.1547,0.0,64.3,9.45,10.6667,2,0.8569,3
2025-06-20,429.8308,557.2142,6.1777,5.0885,6.7093,5.4086,5.6731,0.8851,0.1835,0.2639,1.0,1.0,56.6033,25.438,5.3279,111.184,61.9116,6.2816,3.9397,0.0,11.85,6.6312,11.4901,18.3488,0.0,73.6111,0.0,3.193,7.8191,0.0,38.6909,0.0,22.5077,3.2428,16.0,26.0,24.0,40.3279,10.5321,16.5,54.625,41.5781,2.8515,1.0162,1.2,4.3,2.8,8.2954,12.3931,0.0,53.2,0.0,10.8333,1,0.9208,3
2025-06-21,523.1767,594.4212,6.6293,5.3518,6.7322,5.4267,6.0221,0.9897,0.0228,0.8945,1.0,1.0,53.2898,20.8932,21.5327,87.6751,55.1776,7.3821,4.087,0.0,12.55,8.325,1.0258,2.2843,0.0,10.5485,0.0,0.0537,0.1664,0.0,0.9494,0.0,24.1679,3.4976,16.0,28.0,26.0,43.145,10.8477,16.4688,56.375,45.8125,1.9305,0.2064,1.6,2.5,1.9,0.8863,1.9681,0.0,9.0,0.0,10.9167,0,0.9847,0
2025-06-22,545.8925,603.092,6.771,5.4543,6.7712,5.4544,6.1093,0.9999,0.0006,0.9926,1.0,1.0,50.9487,24.9001,3.1176,88.6484,55.4493,7.8661,4.3139,0.0,13.15,8.9625,0.0057,0.065,0.0,0.7435,0.0,0.0,0.0003,0.0,0.003,0.0,24.8931,3.9404,15.0,28.0,27.0,44.2758,11.588,15.4688,57.875,47.4062,1.6702,0.2674,1.1,2.1,1.6,0.0031,0.0349,0.0,0.4,0.0,10.9167,0,1.0,0
2025-06-23,528.55,579.5736,6.4947,5.2552,6.6376,5.3525,5.8699,0.9726,0.0769,0.5455,1.0,1.0,53.3243,22.1362,5.6802,91.8945,57.3289,7.8073,4.1552,0.0,13.0375,8.9625,2.741,7.6863,0.0,45.4545,0.0,0.3432,1.3227,0.0,9.0909,0.0,25.6031,4.0319,16.0,29.0,28.0,44.1947,11.0711,16.4375,57.5938,47.4062,1.7359,0.3744,0.9,2.4,1.8,1.7916,4.077,0.0,20.0,0.0,10.9167,0,0.9785,0
2025-06-24,271.6833,272.6066,3.1782,2.9977,6.3669,5.1603,3.0182,0.435,0.2195,0.1406,0.9768,0.3661,64.4623,42.2728,12.3165,181.2552,59.0433,2.6794,3.0584,0.0,10.275,1.8125,56.5019,21.9506,2.3153,85.9375,63.389,31.0217,18.4662,0.0463,66.6016,30.9804,21.246,2.5288,17.0,24.0,22.0,30.7051,8.71,17.5312,50.6875,29.5312,2.6222,1.2304,1.4,4.6,2.0,47.4333,19.7712,2.0,77.5,49.75,10.5,6,0.4992,2
2025-06-25,488.7817,518.6338,5.8292,4.8802,6.5381,5.2851,5.3244,0.8209,0.2661,0.2595,1.0,1.0,51.1417,36.0129,3.0289,166.2525,41.2105,6.1162,4.481,0.0,11.9,7.3125,17.9074,26.613,0.0,74.0506,0.0,7.2613,11.8981,0.0,40.2835,0.0,22.4538,4.3422,15.0,27.0,25.0,39.269,12.7522,15.4375,54.75,43.2812,3.3315,0.3337,2.2,3.7,3.4,12.6877,19.1502,0.0,54.4,0.0,10.8333,0,0.8916,1
2025-06-26,525.015,586.3843,6.5186,5.282,6.619,5.3477,5.9565,0.9854,0.0369,0.7923,1.0,1.0,51.3739,24.5656,2.871,86.7822,56.8711,6.8612,3.9626,0.0,12.0875,7.625,1.4619,3.6851,0.0,20.7721,0.0,0.1237,0.4193,0.0,3.3028,0.0,23.0615,3.2224,17.0,26.0,25.0,41.8651,10.4641,17.75,55.2188,44.0625,4.1492,0.5576,2.6,4.9,4.25,1.18,2.9127,0.0,15.9,0.0,10.8333,0,0.9848,0
2025-06-27,545.44,603.8848,6.7331,5.4269,6.7355,5.4287,6.1217,0.9997,0.0016,0.9885,1.0,1.0,50.5969,24.7205,2.871,88.1728,54.8195,7.2696,4.134,0.0,12.3125,8.1375,0.0255,0.158,0.0,1.1494,0.0,0.0002,0.0015,0.0,0.0115,0.0,23.5038,3.7424,15.0,27.0,25.0,42.7779,11.13,15.3438,55.7812,45.3438,2.9573,0.4006,1.8,3.5,3.0,0.0221,0.1377,0.0,1.0,0.0,10.9167,0,0.9996,0
2025-06-28,563.7683,609.5886,6.7985,5.4788,6.7992,5.4794,6.1792,0.9999,0.0007,0.9919,1.0,1.0,51.0531,24.9435,2.958,89.1422,55.1979,7.2931,4.1582,0.0,12.3875,8.175,0.0079,0.0733,0.0,0.8074,0.0,0.0,0.0005,0.0,0.0057,0.0,23.4198,3.7251,16.0,27.0,25.0,42.8812,11.0932,16.375,55.9688,45.4375,3.9771,0.6371,2.5,4.9,4.0,0.0069,0.0635,0.0,0.7,0.0,10.9167,0,0.9999,0
2025-06-29,532.7342,576.6553,6.4443,5.2806,6.7652,5.4556,5.8651,0.9137,0.1604,0.4011,1.0,1.0,52.9637,27.3251,6.9429,117.507,52.0299,6.9934,4.2065,0.0,12.3375,7.8312,8.6311,16.0404,0.0,59.893,0.0,1.9879,4.6318,0.0,21.6136,0.0,23.4923,3.9399,14.0,27.0,25.0,42.0817,11.2828,14.9375,55.8438,44.5781,1.7108,0.8546,0.0,3.0,2.0,5.5692,9.6308,0.0,37.6,0.0,10.8333,0,0.9526,0
2025-06-30,540.1442,601.0113,6.6995,5.4075,6.7169,5.4203,6.0931,0.9982,0.006,0.9647,1.0,1.0,50.8051,23.9538,5.0655,88.0334,55.6352,7.2654,4.0562,0.0,12.25,8.225,0.1772,0.599,0.0,3.5267,0.0,0.0034,0.0132,0.0,0.1058,0.0,23.7557,3.1891,17.0,27.0,25.0,42.9337,10.5995,17.875,55.625,45.5625,3.2275,0.6793,2.1,4.4,3.1,0.1542,0.5195,0.0,3.0,0.0,10.9167,0,0.9974,0
2025-07-01,559.1858,610.2751,6.8087,5.4942,6.8173,5.5004,6.1856,0.999,0.0037,0.9725,1.0,1.0,51.2607,24.7651,5.4188,89.2855,56.6271,7.324,4.1805,0.0,12.4125,8.2,0.1011,0.3681,0.0,2.7451,0.0,0.0012,0.0053,0.0,0.0522,0.0,23.458,3.7709,15.0,27.0,25.0,42.9485,11.169,15.9375,56.0312,45.5,3.0038,0.6843,1.9,4.2,2.8,0.0855,0.299,0.0,1.9,0.0,10.9167,0,0.9987,0
2025-07-02,560.965,604.17,6.71,5.425,6.7155,5.4292,6.1277,0.9994,0.0024,0.988,1.0,1.0,50.6326,24.439,4.3927,87.2518,55.9375,6.8991,4.0684,0.0,12.1625,7.625,0.0552,0.2396,0.0,1.2035,0.0,0.0005,0.0023,0.0,0.012,0.0,22.6412,3.688,15.0,26.0,24.0,41.8492,10.9348,15.8438,55.4062,44.0625,3.5702,0.6406,2.2,4.5,3.5,0.0489,0.2103,0.0,1.0,0.0,10.9167,0,0.9992,0
2025-07-03,567.435,612.1434,6.7792,5.4802,6.7912,5.4878,6.2068,0.9927,0.0514,0.5714,1.0,1.0,51.1934,24.848,4.0899,92.6227,56.3503,6.6906,3.9964,0.0,11.7,7.4375,0.7288,5.1439,0.0,42.8571,0.0,0.1183,0.9468,0.0,7.8857,0.0,21.9008,3.3738,15.0,25.0,24.0,41.3068,10.7921,15.5,54.25,43.5938,3.9931,0.6153,2.7,4.9,3.9,0.3611,2.2707,0.0,18.4,0.0,10.9167,0,0.9982,0
2025-07-04,568.3908,616.5696,6.8172,5.5117,6.8312,5.522,6.2546,0.9985,0.0039,0.9808,1.0,1.0,51.1903,24.8216,5.7122,89.2311,56.4062,6.5062,3.9833,0.0,11.6375,7.1875,0.1481,0.3909,0.0,1.9157,0.0,0.0015,0.0041,0.0,0.0249,0.0,21.2748,3.2583,14.0,25.0,23.0,40.7898,10.8422,14.875,54.0938,42.9688,3.8779,0.5095,2.6,4.6,3.9,0.1298,0.338,0.0,1.3,0.0,10.9167,0,0.998,0
2025-07-05,533.2117,593.838,6.5406,5.3467,6.8288,5.5229,6.0298,0.9355,0.1188,0.3896,1.0,0.9841,54.0085,24.7023,4.7863,105.3285,55.2854,6.1062,3.8294,0.0,11.075,7.0062,6.4477,11.8836,0.0,61.039,1.5948,1.0401,2.914,0.0,19.5935,0.0229,20.8,3.5381,13.0,24.0,23.0,39.6671,10.6797,13.8125,52.6875,42.5156,3.05,0.5441,2.1,3.9,2.9,4.2977,6.6176,0.0,32.1,1.35,10.8333,1,0.9578,0
2025-07-06,503.2642,600.8491,6.6358,5.401,6.8358,5.5333,6.092,0.9667,0.0735,0.6474,1.0,1.0,55.0104,22.7376,9.4868,101.3693,57.4501,6.5136,3.8792,0.0,11.275,7.5625,3.3283,7.3505,0.0,35.2564,0.0,0.3959,1.1825,0.0,6.4872,0.0,21.7557,3.552,13.0,25.0,23.0,40.7514,10.7325,13.8438,53.1875,43.9062,2.3771,0.3276,1.8,3.2,2.3,2.3328,4.5093,0.0,18.4,0.0,10.9167,0,0.9708,0
2025-07-07,558.0508,617.6096,6.8732,5.5679,6.8732,5.5679,6.261,1.0,0.0,1.0,1.0,1.0,51.3713,25.1573,2.9025,89.569,56.4062,7.1014,4.1408,0.0,12.1375,8.025,0.0,0.0,0.0,0.0,0.0,0.0,0.0,0.0,0.0,0.0,22.626,3.7217,14.0,26.0,24.0,42.3013,11.2396,14.8438,55.3438,45.0625,2.7198,0.5066,2.0,3.7,2.5,0.0,0.0,0.0,0.0,0.0,10.9167,0,1.0,0
2025-07-08,563.6392,594.582,6.6093,5.4186,6.8322,5.5433,6.0421,0.9373,0.1122,0.5763,1.0,1.0,54.165,26.2092,6.9298,98.8804,57.5854,6.6954,4.0894,0.0,12.0375,7.75,6.2688,11.2164,0.0,42.3729,0.0,0.9266,2.1018,0.0,8.9766,0.0,22.3664,3.7111,15.0,26.0,24.0,41.2863,11.076,15.8125,55.0938,44.375,2.3198,1.1344,0.8,4.0,2.3,3.9305,6.2587,0.0,22.5,0.0,10.9167,0,0.9674,0
2025-07-09,523.6358,558.4981,6.2291,5.1864,6.7938,5.5222,5.707,0.8802,0.165,0.3905,1.0,0.9662,56.0064,28.1155,5.3788,119.5279,51.7588,6.317,4.0764,0.0,11.9875,6.5875,11.9779,16.4962,0.0,60.9524,3.3827,2.6874,4.987,0.0,22.6371,0.1015,22.5191,3.2988,15.0,26.0,24.0,40.3504,10.9751,15.7812,54.9688,41.4688,2.7611,0.8419,1.5,4.0,2.9,8.0924,10.8575,0.0,41.4,2.7,10.9167,1,0.9169,3
2025-07-10,480.8225,570.8503,6.3219,5.2474,6.8292,5.5545,5.8227,0.8959,0.1635,0.3191,1.0,1.0,57.5738,27.2011,3.3121,110.2893,63.1239,5.9961,3.9357,0.0,11.65,6.125,10.4132,16.3477,0.0,68.0851,0.0,2.4772,5.2332,0.0,31.183,0.0,21.3462,2.9379,16.0,24.0,23.0,39.5825,10.5384,16.7812,54.125,40.3125,4.1915,0.6483,3.2,5.1,4.2,7.3138,10.7764,0.0,45.8,0.0,10.8333,2,0.9257,3
2025-07-11,324.43,390.7586,4.3342,3.9321,6.7872,5.5293,4.118,0.6239,0.1864,0.2982,1.0,0.617,68.1562,37.6622,21.4241,212.1892,57.2053,3.6427,2.637,0.0,8.9375,3.8,37.6122,18.6375,0.0,70.1754,38.2979,13.2001,10.0399,0.0,34.3103,11.7931,20.6667,2.578,16.0,23.0,22.0,33.266,7.9518,16.5312,47.3438,34.5,4.4403,0.5915,3.0,5.3,4.5,28.4705,13.9843,0.0,55.0,31.0,10.75,4,0.6386,3
2025-07-12,558.315,569.8638,6.2884,5.2454,6.7767,5.5273,5.8096,0.8732,0.1657,0.2909,1.0,0.942,54.6444,25.4572,7.3957,105.6422,57.1972,5.6992,3.8607,0.0,10.8,6.275,12.6752,16.569,0.0,70.9091,5.7971,2.5722,5.4826,0.0,31.5545,0.2814,20.4962,3.2778,14.0,24.0,22.0,38.4974,10.9312,14.7812,52.0,40.6875,4.4817,0.9175,3.0,6.2,4.3,8.3695,9.3577,0.0,44.5,4.9,10.9167,3,0.928,3
2025-07-13,319.8892,316.1629,3.6224,3.4214,6.7723,5.5376,3.4508,0.4897,0.1918,0.2407,0.9882,0.4154,60.7263,44.9525,14.0483,181.8008,42.4854,2.6573,2.9341,0.0,9.9125,2.1375,51.0272,19.1845,1.1803,75.9259,58.4627,23.4787,12.7267,0.0118,46.1387,25.4914,19.8231,2.6661,14.0,22.0,21.0,30.2724,8.8991,14.5312,49.7812,30.3438,3.8992,0.841,2.9,5.5,3.5,40.3631,15.8725,1.0,65.0,43.1,10.8333,4,0.5349,2
2025-07-14,375.1233,446.5506,4.9013,4.3367,6.8358,5.5873,4.6084,0.6809,0.1895,0.2655,0.9968,0.698,62.8131,26.7736,18.8782,147.549,60.4396,4.5178,3.0092,0.0,8.675,5.3,31.9114,18.9493,0.3205,73.4513,30.2045,10.1939,10.4888,0.0013,37.6134,6.9768,21.3615,3.1154,16.0,25.0,23.0,35.5,8.8715,16.4688,46.6875,38.25,2.5362,0.6412,1.9,3.8,2.2,24.0746,13.7371,0.3,52.9,23.5,10.8333,2,0.717,3
2025-07-15,513.4783,583.5151,6.4467,5.3522,6.9077,5.6469,5.9238,0.9019,0.1302,0.3372,1.0,0.9357,55.2317,23.2823,11.2583,101.4579,54.7066,6.3853,3.7802,0.0,11.1625,7.25,9.8147,13.0239,0.0,66.2791,6.4257,1.5323,3.4441,0.0,25.0535,0.2922,22.0916,2.8675,16.0,25.0,23.0,40.5458,10.2391,16.8125,52.9062,43.125,2.9924,0.5917,2.0,4.1,2.8,6.5565,7.1182,0.0,37.8,5.0,10.9167,0,0.9333,0
2025-07-16,561.0567,625.817,6.9813,5.7127,6.9832,5.714,6.3448,0.9997,0.0023,0.9766,1.0,1.0,52.019,25.1163,3.0785,88.868,57.6427,7.2473,4.2344,0.0,12.55,8.3062,0.0325,0.2336,0.0,2.3438,0.0,0.0004,0.0034,0.0,0.0375,0.0,22.8333,3.8782,14.0,27.0,25.0,42.6667,11.4662,14.8438,56.375,45.7656,2.4591,0.731,1.6,3.8,2.3,0.0258,0.1741,0.0,1.6,0.0,11.0,0,0.9997,0
2025-07-17,557.3933,626.3726,6.9784,5.7212,6.981,5.723,6.3519,0.9997,0.0016,0.9886,1.0,1.0,52.058,24.9648,2.9797,88.2923,58.1054,7.12,4.2006,0.0,12.275,7.8938,0.0267,0.1615,0.0,1.139,0.0,0.0002,0.0015,0.0,0.0114,0.0,22.5606,3.7176,15.0,26.0,24.0,42.3857,11.2939,15.8438,55.6875,44.7344,2.4811,0.9587,1.3,4.0,2.4,0.0227,0.1412,0.0,1.0,0.0,11.0,0,0.9996,0
2025-07-18,526.2075,602.9902,6.7563,5.6106,6.9569,5.7142,6.1228,0.9351,0.1537,0.3085,1.0,1.0,54.4396,28.8959,5.2136,120.9496,55.6897,7.3518,4.3338,0.0,12.6375,8.225,6.4927,15.3731,0.0,69.1489,0.0,1.7516,5.4239,0.0,31.5344,0.0,23.5077,3.7339,15.0,27.0,25.0,42.9971,11.5716,15.8438,56.5938,45.5625,1.4931,0.4636,0.9,2.3,1.35,4.2754,9.732,0.0,45.8,0.0,10.8333,1,0.9712,0
2025-07-19,562.7475,616.5129,6.8812,5.6637,6.9529,5.7168,6.2472,0.993,0.0246,0.7987,1.0,1.0,55.7652,21.9732,3.0151,87.9631,61.4583,7.379,4.2099,0.0,12.6125,8.4125,0.704,2.4594,0.0,20.1258,0.0,0.0557,0.3332,0.0,3.4214,0.0,23.4773,3.9798,14.0,27.0,25.0,43.026,11.3668,14.875,56.5312,46.0312,1.8402,0.3514,1.1,2.5,1.9,0.6121,2.1073,0.0,17.0,0.0,11.0,0,0.9897,0
2025-07-20,539.765,617.3245,6.9247,5.7046,6.9339,5.7113,6.2555,0.999,0.0038,0.9684,1.0,1.0,51.562,24.6191,3.1431,87.9188,57.181,7.7497,4.3327,0.0,12.975,8.8688,0.0961,0.379,0.0,3.1553,0.0,0.0013,0.0078,0.0,0.0852,0.0,24.3485,3.9014,15.0,28.0,26.0,44.0208,11.5447,15.9062,57.4375,47.1719,1.5962,0.336,1.0,2.3,1.5,0.0856,0.3348,0.0,2.7,0.0,11.0,0,0.9987,0
2025-07-21,560.5283,610.3933,6.8378,5.6597,6.8957,5.6957,6.1905,0.983,0.0575,0.5902,1.0,1.0,51.9035,24.4275,3.0151,89.8502,60.0955,7.53,4.2982,0.0,12.9375,8.1875,1.6954,5.749,0.0,40.9836,0.0,0.17,0.9246,0.0,7.541,0.0,24.1364,3.6419,16.0,28.0,26.0,43.562,11.26,16.875,57.3438,45.4688,2.6788,0.8991,1.6,4.2,2.5,1.0439,2.7355,0.0,18.4,0.0,11.0,0,0.9916,0
2025-07-22,545.8858,601.9713,6.7714,5.6475,6.8771,5.6942,6.0996,0.9384,0.1492,0.3544,1.0,1.0,52.7519,28.131,5.0091,113.2323,54.1317,7.9297,4.2897,0.0,13.2625,8.95,6.1575,14.9186,0.0,64.557,0.0,1.4398,4.453,0.0,24.4025,0.0,25.0916,3.5636,17.0,29.0,27.0,44.4754,11.4379,17.375,58.1562,47.375,1.726,1.2013,0.2,3.6,1.4,3.5076,8.3525,0.0,37.8,0.0,10.9167,0,0.9846,0
2025-07-23,542.6958,610.6753,6.8715,5.6979,6.9427,5.745,6.1885,0.9855,0.0454,0.6765,1.0,1.0,51.6456,24.7206,6.0672,92.9501,56.2952,8.0008,4.292,0.0,13.3,9.0125,1.4509,4.542,0.0,32.3529,0.0,0.1258,0.6086,0.0,4.9176,0.0,25.3684,3.6442,17.0,29.0,27.0,44.743,11.2663,17.375,58.25,47.5312,2.0782,0.3797,1.7,3.0,2.0,0.9805,2.5231,0.0,15.2,0.0,11.0833,0,0.9897,0
2025-07-24,555.0192,618.5059,6.9717,5.7799,6.9805,5.7868,6.2659,0.9991,0.003,0.988,1.0,1.0,51.7567,24.6256,3.0151,87.0135,57.7632,8.198,4.3707,0.0,13.45,9.1,0.0895,0.3016,0.0,1.2035,0.0,0.0009,0.003,0.0,0.012,0.0,25.4697,3.769,17.0,29.0,27.0,45.2756,11.3806,18.0,58.625,47.75,2.3083,0.7943,1.4,3.9,2.1,0.0795,0.2681,0.0,1.0,0.0,11.0,0,0.9987,0
2025-07-25,520.2475,579.8187,6.5537,5.5468,6.9498,5.7812,5.9062,0.9031,0.1609,0.4228,1.0,1.0,54.9927,26.5595,3.3121,105.0881,58.3334,7.6029,4.479,0.0,13.4375,8.1125,9.6936,16.0888,0.0,57.7206,0.0,2.2396,4.586,0.0,23.3191,0.0,25.2857,3.6692,17.0,29.0,27.0,43.7641,11.6565,17.4062,58.5938,45.2812,2.4226,0.9669,1.3,4.0,2.3,6.5331,10.2565,0.0,40.4,0.0,11.0833,1,0.943,0
2025-07-26,539.5158,594.6104,6.683,5.6072,6.9632,5.8012,6.0251,0.9493,0.0951,0.3881,1.0,1.0,55.3506,21.6047,15.8714,93.2557,57.7494,7.9356,4.1641,0.0,13.2625,9.1,5.0702,9.5107,0.0,61.194,0.0,0.7327,2.5626,0.0,22.2746,0.0,25.812,3.2196,18.0,29.0,27.0,44.6551,10.7976,18.4062,58.1562,47.75,2.8617,0.4041,2.4,3.7,2.7,3.6677,5.9172,0.0,36.4,0.0,11.0833,1,0.9598,0
2025-07-27,557.0775,623.204,7.0362,5.8659,7.0362,5.8659,6.3149,1.0,0.0,1.0,1.0,1.0,52.0356,24.7281,3.0401,85.669,57.7693,8.2228,4.4774,0.0,13.55,9.2,0.0,0.0,0.0,0.0,0.0,0.0,0.0,0.0,0.0,0.0,25.4511,3.706,17.0,29.0,27.0,45.2902,11.7364,17.4375,58.875,48.0,3.0805,0.7041,1.9,4.3,2.9,0.0,0.0,0.0,0.0,0.0,11.0833,0,1.0,0
2025-07-28,536.2217,607.6646,6.8766,5.7879,6.9864,5.8428,6.1581,0.9487,0.1313,0.368,1.0,1.0,53.4068,27.4317,3.0151,107.3551,55.0178,8.3241,4.5422,0.0,13.875,9.3312,5.1349,13.1277,0.0,63.2,0.0,1.1153,3.5625,0.0,23.8896,0.0,26.0379,3.775,17.0,30.0,28.0,45.5736,11.8348,17.75,59.6875,48.3281,2.8492,0.2995,2.0,3.4,2.9,3.0242,7.4631,0.0,37.8,0.0,11.0,0,0.9843,0
2025-07-29,537.2133,582.1055,6.5427,5.5617,6.9337,5.8135,5.9181,0.9107,0.1645,0.1912,1.0,1.0,57.7652,29.0389,3.0151,111.3059,59.2504,7.4164,4.3046,0.0,13.3375,8.3375,8.9326,16.4474,0.0,80.8824,0.0,2.4371,7.2276,0.0,56.0515,0.0,24.8496,3.32,17.0,28.0,26.0,43.297,11.2288,17.4688,58.3438,45.8438,2.7113,1.0683,1.0,4.5,2.5,6.4647,11.6482,0.0,69.3,0.0,11.0833,3,0.9436,0
2025-07-30,561.4192,628.8529,7.0455,5.9134,7.0608,5.9189,6.3713,0.9793,0.088,0.4375,1.0,1.0,52.7134,25.3414,3.0289,92.8252,57.9781,7.5959,4.4764,0.0,13.2,8.5,2.0673,8.7961,0.0,56.25,0.0,0.4107,2.0252,0.0,15.5812,0.0,23.6241,4.8141,14.0,28.0,26.0,43.4892,12.1612,14.3438,58.0,46.25,1.8248,0.4384,1.2,2.4,1.9,1.0541,4.4679,0.0,27.7,0.0,11.0833,0,0.9978,0
2025-07-31,526.2467,592.9359,6.6406,5.677,7.0862,5.9542,6.0182,0.8808,0.1772,0.2879,1.0,0.9561,63.0899,28.6682,14.2244,133.6075,62.3207,7.3433,4.2597,0.0,13.225,8.5875,11.9249,17.7201,0.0,71.2121,4.3863,3.0029,7.0601,0.0,40.1887,0.169,23.9697,4.2784,15.0,28.0,26.0,42.835,11.6644,15.5,58.0625,46.4688,3.0159,0.7706,1.9,4.1,2.95,8.2295,11.7191,0.0,56.8,3.7,11.0,5,0.9371,3
2025-08-01,514.0275,606.517,6.7969,5.7627,6.9814,5.8937,6.1579,0.9768,0.0454,0.7818,1.0,1.0,53.9945,23.1274,3.2287,81.5937,60.5172,7.4876,4.2123,0.0,13.1,8.275,2.3215,4.5369,0.0,21.8232,0.0,0.2133,0.5484,0.0,3.8845,0.0,24.2857,3.6256,17.0,28.0,26.0,43.45,11.0632,17.5312,57.75,45.6875,3.7188,0.6693,2.8,4.9,3.5,1.915,3.7564,0.0,17.8,0.0,11.0833,0,0.9736,0
2025-08-02,586.3933,639.9862,7.1898,6.0808,7.2504,6.1113,6.4932,0.9747,0.0908,0.3968,1.0,1.0,54.2403,27.7196,3.0151,124.1658,57.5247,7.5695,4.5105,0.0,13.075,8.5125,2.5277,9.081,0.0,60.3175,0.0,0.554,2.7011,0.0,26.2381,0.0,23.4701,3.5997,16.0,27.0,25.0,43.5907,11.9038,16.625,57.6875,46.2812,4.0142,0.4737,2.9,4.9,3.8,1.5784,5.7594,0.0,43.5,0.0,11.1667,1,0.9916,0
2025-08-03,595.13,648.4574,7.247,6.1271,7.2635,6.1386,6.5799,0.9968,0.0166,0.838,1.0,1.0,53.3568,24.9752,3.0785,87.1388,58.7472,7.2197,4.3791,0.0,12.7125,8.1375,0.3153,1.658,0.0,16.2011,0.0,0.0173,0.1421,0.0,1.5229,0.0,22.2836,3.9291,14.0,26.0,24.0,42.5644,11.8588,14.7188,56.7812,45.3438,3.506,0.57,2.2,4.5,3.3,0.2269,1.0141,0.0,9.4,0.0,11.1667,0,0.9977,0
2025-08-04,547.1133,600.9462,6.7192,5.7674,7.0937,6.0175,6.1072,0.9189,0.1171,0.3958,1.0,0.9662,57.4965,22.4955,9.6338,98.5019,58.7931,7.2011,4.1858,0.0,12.825,7.725,8.1062,11.7119,0.0,60.4167,3.3769,1.2927,3.106,0.0,25.3146,0.1013,23.3817,3.9252,15.0,27.0,26.0,42.6162,11.2208,15.6875,57.0625,44.3125,2.3939,1.3572,0.4,4.2,2.6,5.7107,7.3609,0.0,41.9,3.0,10.9167,1,0.9472,0
2025-08-05,327.1908,339.8325,3.8804,3.7169,6.8905,5.8708,3.6552,0.5241,0.1764,0.1833,0.9423,0.4896,68.8635,34.7723,18.7687,159.5632,58.1261,3.798,3.184,0.0,10.1625,3.275,47.5881,17.6448,5.7671,81.6667,51.0351,21.286,14.2888,0.2884,58.8817,19.8533,22.9091,3.1343,16.0,26.0,24.0,33.933,8.7851,16.3438,50.4062,33.1875,1.522,1.053,0.2,3.1,1.55,39.0174,16.0952,5.0,72.1,39.4,11.0,4,0.5632,2
2025-08-06,509.7942,560.7169,6.2849,5.4893,7.0681,6.024,5.73,0.8636,0.1814,0.3735,1.0,0.9889,63.6583,26.5639,7.7401,131.9604,69.2341,6.7502,4.1376,0.0,13.1,6.875,13.6443,18.1431,0.0,62.6506,1.1055,3.8215,6.6445,0.0,30.1143,0.0111,23.8346,3.6828,16.0,27.0,26.0,41.5552,10.937,16.75,57.75,42.1875,2.2639,1.3266,0.3,4.1,2.6,10.4128,13.4819,0.0,49.6,1.0,11.0833,4,0.8892,3
2025-08-07,492.6867,549.0233,6.1481,5.3849,7.1174,6.0769,5.6003,0.8764,0.1415,0.5183,1.0,0.9679,63.9172,19.203,19.6253,93.6847,70.0413,7.1972,3.7971,0.0,13.175,7.9625,12.3577,14.1489,0.0,48.1717,3.2143,2.773,3.882,0.0,18.5461,0.0739,25.3759,3.9955,16.0,29.0,28.0,42.7108,10.0956,16.5,57.9375,44.9062,2.0955,0.8839,1.0,3.6,1.9,9.7977,11.2913,0.0,38.5,2.3,11.0833,6,0.8638,3
2025-08-08,415.5617,484.5603,5.5017,4.9701,7.0784,6.0646,4.9954,0.7143,0.2363,0.3348,1.0,0.7253,75.3621,42.4795,19.0667,179.4646,60.7179,6.8229,4.1135,0.0,13.5375,7.2438,28.5678,23.6335,0.0,66.5198,27.4685,10.6344,11.63,0.0,38.1652,6.258,26.0379,3.4891,18.0,29.0,28.0,41.6679,10.9872,18.4688,58.8438,43.1094,2.1121,0.7349,1.1,3.1,2.0,22.2561,18.559,0.0,59.0,21.0,11.0,11,0.7773,1
2025-08-09,549.8658,622.8729,6.9862,6.0309,7.1687,6.141,6.3209,0.9313,0.1363,0.4,1.0,1.0,54.7918,26.1929,6.184,100.8339,58.8596,7.4793,4.3899,0.0,12.9625,8.5625,6.8652,13.6261,0.0,60.0,0.0,1.3661,4.0193,0.0,26.7,0.0,23.6241,4.0725,16.0,28.0,25.0,43.3221,11.7038,16.375,57.4062,46.4062,3.1722,0.4284,2.5,3.8,3.2,4.3707,8.0289,0.0,44.5,0.0,11.0833,0,0.9746,0
2025-08-10,565.64,644.2762,7.2464,6.2268,7.3056,6.2628,6.5322,0.9775,0.0695,0.5934,1.0,1.0,53.7059,25.2187,3.2983,93.4466,58.7905,7.8234,4.5847,0.0,13.55,8.8312,2.2511,6.9501,0.0,40.6593,0.0,0.2938,1.1778,0.0,8.1319,0.0,23.7313,5.031,14.0,29.0,26.0,44.0105,12.5218,14.6562,58.875,47.0781,2.559,0.9071,1.6,3.9,2.15,1.3888,3.8439,0.0,20.0,0.0,11.1667,0,0.9919,0
2025-08-11,586.3033,655.6049,7.3673,6.3291,7.3834,6.3388,6.6456,0.9856,0.0693,0.6111,1.0,1.0,53.8957,25.1202,3.1659,89.7545,60.1186,7.7143,4.6154,0.0,13.6125,8.5375,1.4417,6.931,0.0,38.8889,0.0,0.265,1.3732,0.0,8.4,0.0,23.2667,4.686,13.0,28.0,25.0,43.7315,12.6013,13.3438,59.0312,46.3438,2.5889,0.9663,1.5,4.0,2.4,0.7985,3.69,0.0,21.6,0.0,11.25,0,0.9978,0
2025-08-12,582.0858,666.1731,7.4875,6.4567,7.4946,6.4607,6.7585,0.9908,0.0595,0.55,1.0,1.0,54.7659,25.533,3.2753,94.0204,61.0774,7.6676,4.6623,0.0,13.575,8.4125,0.9239,5.9512,0.0,45.0,0.0,0.2068,1.4744,0.0,13.14,0.0,22.7111,5.3586,12.0,28.0,25.0,43.5097,12.9112,12.3438,58.9375,46.0312,1.383,0.4481,0.5,2.2,1.5,0.5363,3.4383,0.0,29.2,0.0,11.25,0,0.9991,0
2025-08-13,580.94,616.6181,6.9927,6.1076,7.2683,6.2904,6.2631,0.9289,0.1184,0.5041,1.0,1.0,55.5837,24.405,3.0401,92.2919,58.568,8.2361,4.659,0.0,14.3125,8.8938,7.1118,11.8374,0.0,49.5868,0.0,1.1995,2.6968,0.0,13.815,0.0,25.6343,4.8998,15.0,30.0,28.0,45.2034,12.4204,15.3438,60.7812,47.2344,2.2567,1.119,0.3,3.8,2.3,4.8933,7.4229,0.0,30.7,0.0,11.1667,0,0.9621,0
2025-08-14,541.3258,577.3366,6.5333,5.7742,7.2397,6.2791,5.8748,0.8758,0.1452,0.377,1.0,0.9222,57.9789,24.0081,13.4536,123.45,54.9845,7.9735,4.2663,0.0,13.9625,8.8,12.4173,14.5233,0.0,62.2951,7.7833,2.6453,4.352,0.0,28.5311,0.5448,26.6,3.6573,19.0,30.0,28.0,44.7481,11.0456,19.3438,59.9062,47.0,1.7067,0.6927,0.6,2.8,1.8,9.4889,10.3865,0.0,45.8,7.0,11.25,2,0.9024,3
2025-08-15,562.4342,635.2697,7.204,6.2748,7.2808,6.3255,6.4361,0.9655,0.0977,0.4615,1.0,1.0,54.0014,24.9096,3.0785,94.1541,54.255,8.5381,4.4744,0.0,14.2375,9.5375,3.4537,9.7734,0.0,53.8462,0.0,0.6299,2.496,0.0,17.2846,0.0,26.1852,3.0669,19.0,29.0,28.0,46.1963,11.4933,19.4688,60.5938,48.8438,3.8119,0.5798,2.7,4.9,3.6,2.1578,5.7962,0.0,32.1,0.0,11.25,0,0.9894,0
2025-08-16,581.8367,638.7614,7.2155,6.3071,7.3491,6.3982,6.482,0.9639,0.0832,0.6455,1.0,1.0,55.0907,25.8405,8.1501,105.0854,58.5281,8.0346,4.525,0.0,13.65,8.8375,3.6142,8.3166,0.0,35.4497,0.0,0.4933,1.5266,0.0,9.5005,0.0,24.7333,3.7421,17.0,29.0,27.0,44.7764,11.9222,17.75,59.125,47.0938,3.9341,0.8356,2.6,5.1,4.0,2.4244,5.0115,0.0,26.8,0.0,11.25,0,0.9818,0
2025-08-17,581.8858,652.4656,7.3781,6.4309,7.4128,6.4572,6.6145,0.9912,0.0391,0.7143,1.0,1.0,53.6014,24.2754,3.1042,85.9261,60.3269,8.285,4.5573,0.0,14.05,9.475,0.8791,3.9108,0.0,28.5714,0.0,0.0882,0.5536,0.0,4.3429,0.0,24.9704,3.8458,17.0,29.0,27.0,45.465,11.891,17.6875,60.125,48.6875,3.5704,0.5445,2.5,4.5,3.4,0.5837,2.1564,0.0,15.2,0.0,11.25,0,0.9953,0
2025-08-18,596.3608,654.425,7.4396,6.5043,7.4782,6.5341,6.6317,0.9911,0.0454,0.6,1.0,1.0,54.2357,24.4166,3.2287,87.925,59.3824,8.7345,4.6317,0.0,14.6375,9.7125,0.8898,4.5439,0.0,40.0,0.0,0.1275,1.0021,0.0,9.88,0.0,25.9185,3.7457,16.0,29.0,28.0,46.584,12.1061,16.5625,61.5938,49.2812,3.3119,0.5292,1.9,3.7,3.6,0.6267,2.7221,0.0,24.7,0.0,11.25,0,0.9948,0
2025-08-19,592.2233,657.3107,7.4592,6.5343,7.5003,6.5668,6.6615,0.99,0.0439,0.625,1.0,1.0,54.2389,24.4236,5.119,87.2077,60.2879,8.5976,4.6018,0.0,14.25,9.525,0.9955,4.3864,0.0,37.5,0.0,0.1168,0.8006,0.0,8.1,0.0,25.5778,3.6333,17.0,29.0,27.0,46.2977,11.9077,17.625,60.625,48.8125,3.9259,0.5609,2.6,4.8,3.8,0.6844,2.5431,0.0,21.6,0.0,11.25,0,0.9945,0
2025-08-20,573.6392,642.8205,7.3057,6.4455,7.4387,6.5399,6.5204,0.9622,0.0835,0.5897,1.0,1.0,55.0749,24.8291,3.2287,94.792,59.0071,8.561,4.6936,0.0,14.5875,9.3125,3.7759,8.3541,0.0,41.0256,0.0,0.5234,1.6943,0.0,10.7487,0.0,25.8889,4.0989,17.0,30.0,28.0,46.1824,12.1775,17.6875,61.4688,48.2812,2.7089,0.7849,1.5,4.0,2.7,2.6104,5.2208,0.0,27.7,0.0,11.25,0,0.9821,0
2025-08-21,583.5358,659.9961,7.5508,6.6513,7.5858,6.6712,6.6846,0.9787,0.0898,0.4455,1.0,1.0,54.9219,26.0754,3.1176,101.4607,60.6397,9.2396,4.839,0.0,15.1625,10.2875,2.1311,8.98,0.0,55.4545,0.0,0.5118,2.608,0.0,19.4091,0.0,26.9556,3.783,19.0,31.0,28.0,47.9299,12.4478,19.5938,62.9062,50.7188,4.3126,0.5865,3.0,5.0,4.4,1.3341,5.4621,0.0,35.0,0.0,11.25,0,0.9954,0
2025-08-22,616.3858,673.3076,7.6993,6.7978,7.7464,6.8268,6.8272,0.9776,0.0731,0.5857,1.0,1.0,55.7322,26.2535,3.1659,98.9581,60.6923,9.0654,4.8546,0.0,15.0125,10.1875,2.2394,7.3101,0.0,41.4286,0.0,0.3689,1.6147,0.0,12.5591,0.0,26.1618,4.0665,17.0,30.0,28.0,47.3915,12.697,17.4062,62.5312,50.4688,3.7154,0.8556,2.0,5.0,3.6,1.4956,4.6696,0.0,30.7,0.0,11.3333,0,0.9939,0
2025-08-23,547.3192,634.1135,7.2073,6.441,7.4559,6.6164,6.4332,0.9307,0.1189,0.425,1.0,0.978,55.0643,26.6729,4.2738,97.1143,56.2793,8.5096,4.6727,0.0,14.375,9.7,6.9317,11.8857,0.0,57.5,2.201,1.2868,3.8109,0.0,27.0825,0.044,25.9778,4.1004,17.0,30.0,28.0,45.9981,12.2347,17.5312,60.9375,49.25,2.6385,0.8129,1.6,4.1,2.3,5.0459,8.0675,0.0,47.1,2.0,11.25,0,0.9667,0
2025-08-24,590.0433,658.3097,7.5137,6.6654,7.5304,6.6781,6.672,0.9905,0.0482,0.6522,1.0,1.0,54.1583,24.6966,3.0748,83.4282,59.835,8.9889,4.7638,0.0,14.9375,9.9312,0.954,4.8227,0.0,34.7826,0.0,0.1519,0.9431,0.0,8.5913,0.0,26.5368,3.8928,17.0,30.0,28.0,47.2546,12.3601,17.4688,62.3438,49.8281,2.7228,0.3391,2.3,3.4,2.7,0.6346,3.0666,0.0,24.7,0.0,11.3333,0,0.9978,0
2025-08-25,602.1817,664.6423,7.6022,6.7542,7.6169,6.7636,6.7324,0.9842,0.0777,0.5185,1.0,1.0,54.7424,25.3797,3.1659,88.0593,59.5684,9.2165,4.7992,0.0,15.1875,10.2438,1.584,7.7745,0.0,48.1481,0.0,0.3991,2.161,0.0,17.5259,0.0,26.9265,3.6931,18.0,31.0,29.0,47.8886,12.3175,18.4375,62.9688,50.6094,3.3853,0.494,2.6,4.4,3.2,1.0206,5.0036,0.0,36.4,0.0,11.3333,0,0.9981,0
2025-08-26,585.7592,657.5358,7.5027,6.6882,7.5658,6.7389,6.6603,0.9846,0.0541,0.6,1.0,1.0,54.9816,23.3062,5.7049,85.2678,60.7022,9.0926,4.6488,0.0,15.1,10.175,1.5355,5.406,0.0,40.0,0.0,0.1955,1.0298,0.0,9.88,0.0,26.9118,3.5662,19.0,30.0,29.0,47.5993,11.9016,19.5625,62.75,50.4375,3.5478,0.6679,2.4,4.6,3.5,1.0904,3.3625,0.0,24.7,0.0,11.3333,0,0.9917,0
2025-08-27,489.86,596.8897,6.7501,6.1098,7.4328,6.6457,6.0588,0.9113,0.1256,0.5,1.0,1.0,63.8974,24.4747,10.6781,137.2708,65.08,8.2851,4.206,0.0,14.75,8.9875,8.8697,12.5646,0.0,50.0,0.0,1.9353,3.6772,0.0,22.25,0.0,26.9779,3.4694,19.0,30.0,29.0,45.5903,10.7768,19.625,61.875,47.4688,3.2875,0.8822,1.7,4.7,3.2,7.3838,10.3969,0.0,44.5,0.0,11.3333,5,0.9082,0
2025-08-28,546.4592,628.1117,7.1888,6.4856,7.5115,6.7265,6.3839,0.9309,0.1261,0.375,1.0,1.0,56.6952,26.1358,3.1189,101.4648,62.8126,8.9089,4.6633,0.0,15.05,9.7375,6.9058,12.6112,0.0,62.5,0.0,1.6613,4.847,0.0,34.0,0.0,27.2148,3.2562,20.0,31.0,29.0,47.1838,11.8407,20.375,62.625,49.3438,3.2059,0.5217,2.5,4.0,3.2,5.6304,10.221,0.0,54.4,0.0,11.25,0,0.957,0
2025-08-29,521.8442,558.4476,6.4068,5.8839,7.4599,6.7017,5.7565,0.8194,0.235,0.2986,1.0,1.0,61.759,44.3591,3.2983,231.0041,54.4718,7.3045,4.6924,0.0,14.1625,6.25,18.0624,23.5,0.0,70.1416,0.0,7.3459,10.9782,0.0,46.574,0.0,25.5912,2.7374,20.0,29.0,27.0,43.128,11.9577,20.3438,60.4062,40.625,3.0869,0.3976,2.2,3.6,3.2,15.0117,20.0335,0.0,66.4,0.0,11.4167,5,0.8588,3
2025-08-30,531.8608,555.7944,6.3353,5.8364,7.4648,6.7234,5.7237,0.8058,0.2417,0.2239,1.0,1.0,61.3917,37.087,4.4543,175.4997,58.0665,7.0077,4.5487,0.0,13.775,5.975,19.4187,24.1698,0.0,77.6119,0.0,8.2019,12.5508,0.0,55.0269,0.0,24.6074,3.5767,17.0,28.0,26.0,42.2056,11.9193,17.375,59.4375,39.9375,3.5867,0.8957,2.3,4.9,3.6,16.4415,20.9979,0.0,70.9,0.0,11.25,2,0.8487,3
2025-08-31,603.2733,640.8144,7.2831,6.6052,7.5858,6.845,6.5106,0.9563,0.0867,0.6364,1.0,1.0,59.676,29.2241,3.3121,138.4807,63.1095,8.4599,4.5063,0.0,14.625,9.075,4.3687,8.6668,0.0,36.3636,0.0,0.7539,1.8938,0.0,10.2212,0.0,26.0365,3.689,18.0,30.0,28.0,45.9719,11.6307,18.6875,61.5625,47.6875,3.6058,1.0898,2.2,5.4,3.7,3.5971,7.0209,0.0,30.0,0.0,11.4167,4,0.9601,0
2025-09-01,626.1508,592.8593,6.7398,6.2001,7.5263,6.8122,6.0629,0.8729,0.1733,0.4373,1.0,1.0,61.2301,31.4649,3.2322,164.6039,59.9097,7.6228,4.5241,0.0,14.2625,8.3875,12.7072,17.327,0.0,56.2701,0.0,3.8555,6.9023,0.0,27.0096,0.0,25.4015,3.5963,18.0,29.0,27.0,43.8497,11.6947,18.5625,60.6562,45.9688,4.3664,0.8311,3.1,5.5,4.3,10.6511,14.6048,0.0,48.1,0.0,11.4167,1,0.8955,3
2025-09-02,628.52,661.4388,7.4605,6.7842,7.6055,6.8958,6.7112,0.9585,0.0888,0.4714,1.0,1.0,55.3554,24.2803,8.2255,96.6916,55.9418,7.961,4.4448,0.0,13.55,9.0063,4.1466,8.8812,0.0,52.8571,0.0,0.683,2.4781,0.0,19.24,0.0,24.0882,3.0707,18.0,27.0,26.0,44.6595,11.5895,18.75,58.875,47.5156,5.5471,0.2956,4.4,5.9,5.7,3.1331,6.3188,0.0,36.4,0.0,11.3333,0,0.9809,0
2025-09-03,528.7992,589.8887,6.5796,6.1008,7.6192,6.9285,6.0116,0.8415,0.1242,0.4894,1.0,0.8849,57.604,26.0994,17.3406,141.9847,51.7959,6.5059,4.2676,0.0,12.4625,6.7,15.8476,12.4167,0.0,51.0638,11.5118,3.2352,3.797,0.0,18.5872,1.1857,22.781,3.3469,16.0,26.0,24.0,40.7908,11.4906,16.6562,56.1562,41.75,5.3504,0.8326,4.3,6.9,4.9,13.1117,9.5565,0.0,36.4,10.0,11.4167,1,0.8635,3
2025-09-04,572.8792,531.4507,6.0105,5.6397,7.5546,6.8975,5.4898,0.773,0.2559,0.3103,1.0,1.0,66.3621,41.8467,12.7953,233.9811,63.6165,6.2327,4.1492,0.0,13.5625,5.975,22.6997,25.5916,0.0,68.9655,0.0,10.3813,13.2323,0.0,43.3103,0.0,23.7445,3.6823,16.0,27.0,26.0,40.1966,11.0418,16.4688,58.9062,39.9375,3.0241,1.5685,0.9,4.7,3.8,20.1679,22.86,0.0,62.8,0.0,11.4167,3,0.7956,1
2025-09-05,484.1892,499.731,5.714,5.3634,7.5703,6.9298,5.1853,0.7313,0.291,0.1534,1.0,0.8238,61.1766,30.3566,14.6318,161.1055,62.8452,6.4879,4.3,0.0,13.75,5.9625,26.8693,29.1039,0.0,84.6608,17.619,14.4608,20.3708,0.0,70.1838,2.819,25.3942,3.223,18.0,29.0,27.0,41.0347,11.062,18.5625,59.375,39.9062,2.473,1.5633,0.4,4.4,2.4,24.4438,27.4164,0.0,82.9,15.0,11.4167,4,0.7548,1
2025-09-06,526.6275,631.4447,7.2112,6.665,7.6597,7.0232,6.4127,0.9121,0.1037,0.5769,1.0,0.9465,59.9175,26.1139,15.2402,121.8651,57.0752,8.7187,4.7113,0.0,14.8125,10.1313,8.7935,10.3717,0.0,42.3077,5.3507,1.4782,2.5423,0.0,15.9923,0.2596,27.0,3.4788,19.0,30.0,29.0,46.5958,12.1799,19.375,62.0312,50.3281,2.6181,0.782,1.7,4.1,2.35,7.2109,8.2949,0.0,37.8,4.85,11.5,2,0.9415,0
2025-09-07,639.2633,680.5012,7.8422,7.1987,7.8598,7.2138,6.8998,0.9947,0.0327,0.7143,1.0,1.0,55.0634,24.4332,3.7979,82.5922,61.6532,9.6461,4.9439,0.0,15.6125,10.7125,0.5306,3.275,0.0,28.5714,0.0,0.089,0.7277,0.0,6.4435,0.0,27.8201,3.5677,19.0,31.0,29.0,48.9773,12.6499,19.5312,64.0312,51.7812,3.7388,0.8251,2.6,5.1,3.5,0.4511,2.6943,0.0,24.7,0.0,11.5833,0,0.9978,0
2025-09-08,656.9925,680.6305,7.8175,7.2023,7.8442,7.2249,6.9031,0.9905,0.0452,0.6538,1.0,1.0,54.6454,25.5842,2.3868,83.4805,62.0559,9.3525,4.9384,0.0,15.3875,10.325,0.9467,4.5167,0.0,34.6154,0.0,0.1641,1.0914,0.0,10.6269,0.0,27.1439,4.0799,19.0,31.0,29.0,48.2343,12.6467,19.5312,63.4688,50.8125,3.8813,1.1925,2.1,5.4,4.4,0.7518,3.536,0.0,30.7,0.0,11.5833,0,0.9966,0
2025-09-09,620.5142,659.1278,7.6044,7.0447,7.7166,7.1358,6.6852,0.9717,0.0704,0.6625,1.0,1.0,56.648,24.8766,9.4912,119.5163,61.3002,9.6462,5.0814,0.0,15.8625,10.8125,2.8251,7.0373,0.0,33.75,0.0,0.4457,1.4603,0.0,7.6,0.0,28.3957,4.7344,18.0,33.0,31.0,48.9112,13.1254,18.3438,64.6562,52.0312,2.8547,0.8912,0.7,3.9,3.2,2.3079,5.52,0.0,25.1,0.0,11.5833,0,0.9855,0
2025-09-10,546.1458,627.1324,7.2153,6.737,7.6179,7.0695,6.3603,0.9301,0.0907,0.641,1.0,0.9819,57.3769,20.7115,10.9665,102.5166,59.4543,9.497,4.7804,0.0,15.85,10.8875,6.9909,9.0671,0.0,35.8974,1.8051,1.0901,1.973,0.0,11.1652,0.0307,29.1655,3.8704,20.0,33.0,31.0,48.6313,12.1873,20.3438,64.625,52.2188,1.8381,0.8817,0.1,3.2,1.8,5.9662,7.5564,0.0,32.1,1.7,11.5833,0,0.9472,0
2025-09-11,616.7375,668.3391,7.7623,7.2202,7.7844,7.2376,6.7711,0.9853,0.0567,0.6207,1.0,1.0,55.0422,25.0022,4.2068,87.4482,61.0217,10.3682,5.0275,0.0,16.625,11.45,1.4724,5.6702,0.0,37.931,0.0,0.2786,1.4739,0.0,13.8069,0.0,29.7174,3.8531,20.0,33.0,31.5,50.8105,12.8094,20.5625,66.5625,53.625,3.0703,0.8121,2.3,4.5,2.6,1.1848,4.6857,0.0,36.4,0.0,11.5,0,0.9972,0
2025-09-12,572.715,634.9097,7.348,6.8945,7.6105,7.1097,6.4429,0.9428,0.0905,0.5714,1.0,1.0,58.4642,28.5701,6.2231,121.4169,62.2329,9.8274,4.9885,0.0,16.2625,10.9625,5.7222,9.0486,0.0,42.8571,0.0,0.9629,2.2345,0.0,17.9571,0.0,29.5971,4.2998,19.0,34.0,32.0,49.4209,12.7832,19.4062,65.6562,52.4062,2.3734,0.6037,1.4,3.1,2.6,4.8144,7.7142,0.0,41.9,0.0,11.5833,2,0.9655,0
2025-09-13,515.8917,536.2002,6.1728,5.8932,7.5789,7.0996,5.5008,0.7974,0.2131,0.2911,1.0,0.8444,82.4362,41.0701,19.5975,195.9207,72.046,8.4375,4.3588,0.0,15.3375,8.8625,20.264,21.3062,0.0,70.8861,15.5556,7.8547,12.1864,0.0,48.557,1.9756,29.3669,3.4032,21.0,33.0,31.0,46.0202,11.0473,21.4375,63.3438,47.1562,2.446,1.1963,0.3,4.2,2.2,18.1957,19.7629,0.0,68.5,13.0,11.5833,9,0.8145,1
2025-09-14,513.0975,519.5898,6.0419,5.7888,7.4861,7.0382,5.378,0.7734,0.2356,0.1392,1.0,0.8394,65.0296,35.472,12.4545,184.4731,61.666,7.9142,4.7972,0.0,15.5625,7.85,22.656,23.5585,0.0,86.0806,16.0643,9.8421,15.2179,0.0,73.0824,2.1422,28.3741,3.4689,21.0,32.0,30.0,44.6742,12.1893,21.375,63.9062,44.625,2.5655,1.3594,0.2,4.4,2.2,20.4892,22.3188,0.0,84.9,14.0,11.5833,2,0.8071,3
2025-09-15,438.6133,481.2779,5.6038,5.3644,7.6032,7.1511,5.0093,0.7259,0.3189,0.0824,1.0,0.9415,71.9884,41.7421,12.6954,196.8377,63.721,7.4466,4.5909,0.0,15.2125,6.8062,27.4134,31.8889,0.0,91.7609,5.8546,16.8841,24.481,0.0,83.6859,0.3248,28.3043,3.0842,21.0,31.0,30.0,43.5319,11.6255,21.3438,63.0312,42.0156,2.3377,1.2425,0.9,4.2,1.85,25.992,30.8544,0.0,91.2,5.5,11.5,6,0.737,1
2025-09-16,440.3542,503.9375,5.8293,5.5922,7.5018,7.0798,5.2162,0.7592,0.2784,0.0798,1.0,0.8613,69.1283,27.3606,18.0779,137.7139,71.2082,7.6329,4.5119,0.0,15.2125,7.275,24.0842,27.8358,0.0,92.0174,13.8713,12.8442,21.045,0.0,84.1039,1.6055,28.1522,3.0348,21.0,31.0,29.0,43.9928,11.4421,21.5625,63.0312,43.1875,2.1435,1.4853,0.5,4.3,1.1,22.5232,26.8875,0.0,91.4,11.55,11.5,5,0.7771,1
2025-09-17,252.9075,249.5393,3.033,3.0202,7.2032,6.8373,2.8,0.3893,0.2571,0.0361,0.9891,0.4038,54.5899,50.8882,4.167,202.3608,39.2533,4.1239,3.6147,0.0,14.0375,2.5438,61.0691,25.7063,1.0934,96.391,59.6199,42.7387,30.7611,0.0109,92.6317,33.5553,26.8913,3.2028,21.0,30.0,29.0,35.1332,9.2604,21.375,60.0938,31.3594,1.2478,0.4311,0.1,1.9,1.3,58.9326,26.4713,1.0,96.1,56.25,11.5,3,0.4211,2
2025-09-18,357.015,384.3879,4.5028,4.4496,7.4035,7.0261,4.0874,0.5528,0.2174,0.0982,1.0,0.542,63.6695,36.52,14.9694,159.7935,52.8654,6.1263,4.1878,0.0,13.7125,6.1125,44.7202,21.7398,0.0,90.183,45.7962,23.424,18.8053,0.0,80.6236,19.2239,28.0432,2.7316,21.0,31.0,29.0,40.1911,10.6678,21.375,59.2812,40.2812,1.8871,0.7455,0.9,3.2,1.6,42.1158,21.3077,0.0,89.4,42.0,11.5833,2,0.6082,3
2025-09-19,313.8625,351.4535,4.2029,4.1247,7.3094,6.9605,3.8181,0.5283,0.2576,0.1412,0.9786,0.4508,60.6816,49.251,8.2884,213.6843,40.786,5.0727,4.6619,0.0,13.8,2.9563,47.1664,25.7566,2.1359,85.8757,54.9182,27.7788,22.1948,0.0427,72.9085,28.5301,26.1739,2.6907,21.0,29.0,27.0,37.5949,11.7582,21.8125,59.5,32.3906,2.5312,1.138,0.5,4.2,2.55,45.0812,25.5099,2.0,84.9,51.95,11.5,2,0.575,2
2025-09-20,555.6167,569.02,6.5031,6.2732,7.5248,7.1654,5.859,0.7965,0.1802,0.4214,1.0,0.8298,57.5428,32.5959,6.2061,165.3423,53.7106,7.0636,4.8056,0.0,13.8375,7.7312,20.3479,18.016,0.0,57.8635,17.0184,6.7685,8.8066,0.0,31.6513,2.6551,24.5725,4.0271,18.0,29.0,26.0,42.2439,12.682,18.8438,59.5938,44.3281,1.9957,0.4014,0.9,2.5,2.1,18.6652,16.6276,0.0,54.7,15.6,11.5,0,0.8642,3
2025-09-21,624.9475,595.2744,6.8021,6.5437,7.688,7.3324,6.0612,0.8949,0.1473,0.347,1.0,0.9805,81.4335,41.73,16.5438,208.4797,74.5895,8.6605,4.4306,0.0,14.9375,9.45,10.5105,14.7328,0.0,65.3017,1.946,3.0531,6.6188,0.0,41.1401,0.0362,28.2786,3.3759,19.0,31.0,30.0,46.4984,11.4007,19.5312,62.3438,48.625,2.8364,0.722,1.4,3.6,3.1,9.845,13.8417,0.0,63.0,1.85,11.6667,16,0.8848,1
2025-09-22,431.8558,453.1229,5.0353,4.9731,7.2868,6.9889,4.6542,0.6732,0.2475,0.0789,1.0,0.7009,63.9642,30.8798,7.6792,137.9099,67.4214,5.7212,3.4431,0.0,10.8,6.8688,32.6824,24.7538,0.0,92.1053,29.9121,16.1376,22.1054,0.0,84.5526,8.2282,25.3162,1.5856,22.0,28.0,25.0,39.2004,8.7863,22.5,52.0,42.1719,4.8809,0.8659,2.7,5.7,5.4,30.9912,24.4911,0.0,91.8,27.8,11.3333,1,0.691,3
2025-09-23,462.3042,500.1362,5.749,5.6233,7.4732,7.1732,5.1752,0.705,0.2004,0.2344,1.0,0.7402,75.5076,39.5022,12.6954,178.7248,68.6067,6.9973,4.7971,0.0,14.925,6.1625,29.5046,20.0427,0.0,76.5625,25.9829,12.0327,13.0621,0.0,57.8047,6.2359,26.4779,3.2454,20.0,30.0,27.0,42.33,12.2518,20.5625,62.3125,40.4062,2.364,0.3972,1.6,3.0,2.4,27.7713,19.313,0.0,75.5,24.0,11.3333,9,0.7693,1
2025-09-24,288.9508,263.6805,3.1882,3.1716,7.4264,7.1453,2.9806,0.4002,0.2647,0.038,0.9464,0.4,64.8214,76.4379,8.655,349.1169,30.7018,2.923,3.5671,0.0,12.0625,1.0562,59.9771,26.4677,5.3554,96.2042,60.0,42.1198,30.3976,0.2678,92.356,34.95,23.2132,2.0273,20.0,25.0,24.0,32.0044,9.2139,20.5938,55.1562,27.6406,2.5713,0.4412,1.7,3.4,2.5,58.4279,26.9476,5.0,96.0,58.35,11.3333,4,0.4293,2
2025-09-25,567.6883,588.5343,6.585,6.4118,7.7475,7.4658,5.9899,0.8362,0.1295,0.4889,1.0,0.8502,64.7553,25.3149,19.7689,134.0609,60.0327,7.1521,3.8809,0.0,13.0,8.1188,16.3778,12.9549,0.0,51.1111,14.9799,4.1531,5.5136,0.0,27.2,2.1123,25.0071,2.988,19.0,28.0,26.0,42.6455,10.1725,19.4375,57.5,45.2969,4.6636,0.6622,3.4,6.0,4.6,15.6057,12.5139,0.0,54.4,14.1,11.6667,9,0.85,1
2025-09-26,628.2875,610.1884,6.9749,6.7838,7.9122,7.6423,6.2699,0.8398,0.1617,0.4799,1.0,0.907,59.089,28.4375,10.6952,118.6748,58.1865,7.1989,4.941,0.0,13.95,7.9438,16.0169,16.1727,0.0,52.008,9.3029,4.9042,7.0256,0.0,25.848,0.8493,24.1338,3.6285,17.0,28.0,26.0,42.5535,13.072,17.5312,59.875,44.8594,4.9535,1.2106,3.1,7.4,4.75,15.5725,15.1841,0.0,49.7,10.25,11.8333,1,0.8815,3
2025-09-27,664.9558,672.6067,7.62,7.3976,7.9974,7.7448,6.8357,0.9624,0.0712,0.6484,1.0,1.0,61.5451,24.4272,9.1187,127.8951,65.7356,8.0802,4.5946,0.0,14.4875,9.3625,3.7573,7.1168,0.0,35.1648,0.0,0.6167,1.5991,0.0,11.6044,0.0,24.7183,4.2466,16.0,29.0,27.0,44.8415,12.1903,16.6562,61.2188,48.4062,3.4211,1.0695,1.9,5.0,3.1,3.881,7.0293,0.0,33.0,0.0,11.8333,3,0.9528,0
2025-09-28,699.2292,699.2051,8.0497,7.8145,8.0727,7.8375,7.1038,0.9973,0.0109,0.9024,1.0,1.0,54.8776,24.256,3.2983,82.0962,60.7456,9.1587,5.1576,0.0,15.3375,10.3875,0.2748,1.0867,0.0,9.7561,0.0,0.016,0.128,0.0,1.4829,0.0,26.5035,3.8049,17.0,30.0,28.0,47.6128,13.4454,17.375,63.3438,50.9688,3.086,0.5254,2.3,4.3,3.0,0.6091,2.8947,0.0,23.1,0.0,11.9167,0,0.9972,0
2025-09-29,699.435,704.2117,8.1868,7.9688,8.1916,7.9753,7.1508,0.9958,0.022,0.8765,1.0769,1.0,55.4514,25.198,3.2983,85.1481,62.323,9.9568,5.3679,0.0,16.3375,11.275,0.4754,2.0901,0.0,12.3457,0.0,0.0524,0.2463,0.0,1.5556,0.0,28.2308,3.9942,19.0,32.0,30.0,49.6995,13.8038,19.4375,65.8438,53.1875,3.2315,0.5827,2.5,4.2,3.2,0.9301,3.2436,0.0,15.2,0.0,11.9167,0,0.9994,0
2025-09-30,704.4792,696.2281,8.1323,7.937,8.1422,7.9492,7.0655,0.9905,0.0297,0.8667,1.0,1.0,55.275,25.1518,3.2427,84.9989,60.965,10.3601,5.4567,0.0,16.85,11.5875,0.9487,2.9683,0.0,13.3333,0.0,0.1101,0.3734,0.0,1.88,0.0,29.4196,4.0981,20.0,33.0,31.0,50.7456,13.9532,20.4688,67.125,53.9688,4.1308,1.0155,3.0,5.9,3.6,1.3748,3.8307,0.0,14.2,0.0,11.9167,0,0.9988,0
2025-10-01,643.2433,682.3394,7.9188,7.7522,8.0598,7.89,6.9203,0.9766,0.0344,0.8293,1.0,0.9797,53.6764,24.7793,3.1659,86.3202,57.3149,9.9642,5.3045,0.0,16.2875,11.1875,2.3355,3.439,0.0,17.0732,2.0295,0.1938,0.5512,0.0,3.0049,0.0406,29.014,4.2143,20.0,33.0,31.0,49.7802,13.5216,20.5,65.7188,52.9688,4.7476,1.1142,3.3,6.6,4.6,2.8881,4.5376,0.0,17.6,2.0,11.9167,0,0.9825,0
2025-10-02,713.1125,694.7644,8.0913,7.939,8.1771,8.0246,7.0513,0.9837,0.0294,0.8588,1.0,0.99,55.0335,24.8195,3.3439,85.4033,58.2359,10.1371,5.4084,0.0,16.6375,11.3,1.6281,2.9403,0.0,14.1176,0.9955,0.1341,0.4248,0.0,2.1459,0.01,28.979,4.1647,20.0,33.0,31.0,50.1976,13.8101,20.5312,66.5938,53.25,5.2566,0.8243,3.5,6.7,5.4,2.1972,4.1776,0.0,15.2,1.0,11.9167,0,0.9895,0
2025-10-03,703.8908,685.4568,7.9223,7.7955,7.9813,7.8557,6.9595,0.9867,0.0299,0.8588,1.0556,1.0,53.7513,24.6761,2.3868,83.47,55.8778,9.542,5.2547,0.0,15.9875,10.7,1.3733,2.9312,0.0,14.1176,0.0,0.1262,0.4146,0.0,2.1459,0.0,27.8601,4.5216,19.0,32.0,30.0,48.6355,13.5639,19.5938,64.9688,51.75,4.793,1.2301,3.0,6.6,4.7,1.9727,4.2334,0.0,15.2,0.0,11.9167,0,0.9926,0
2025-10-04,712.8308,675.5741,7.797,7.693,7.8863,7.7835,6.8582,0.9829,0.0323,0.8571,1.0526,0.9898,53.1836,23.8469,3.3121,82.8779,56.7239,9.456,5.1652,0.0,15.775,10.5875,1.7741,3.1402,0.0,14.2857,1.0185,0.1585,0.4962,0.0,2.4,0.0102,28.007,4.2385,19.0,33.0,30.0,48.4537,13.2798,19.625,64.4375,51.4688,5.0028,1.2987,3.4,6.8,4.9,2.4049,4.5447,0.0,16.8,1.0,11.9167,0,0.9887,0
2025-10-05,709.7917,660.0361,7.6184,7.5375,7.7452,7.6633,6.7027,0.9801,0.0268,0.8734,1.0,0.9799,51.9351,23.6537,3.0896,80.2054,57.0163,9.3578,5.168,0.0,15.8375,10.3625,1.9866,2.6776,0.0,12.6582,2.0087,0.1406,0.3889,0.0,1.8734,0.0402,28.3542,4.2153,19.0,33.0,30.0,48.1938,13.3104,19.3438,64.5938,50.9062,4.8694,1.1348,3.2,6.6,4.7,2.6285,4.1449,0.0,15.2,2.0,12.0,0,0.9836,0
2025-10-06,0.0,663.7026,7.7052,7.64,7.9358,7.8703,6.7342,0.9649,0.0355,0.8235,1.0476,0.9735,52.6761,22.9181,4.0555,82.6642,56.6241,9.8757,5.3652,0.0,16.7875,10.8188,3.5459,3.4915,0.0,17.6471,2.6477,0.3014,0.6711,0.0,3.9176,0.0688,29.4167,4.7135,19.0,34.0,31.0,49.4822,13.8218,19.4062,66.9688,52.0469,2.6562,1.248,1.1,5.0,2.5,4.3618,5.1937,0.0,22.2,2.7,12.0,0,0.9709,0
2025-10-07,0.0,586.3736,6.8018,6.7763,7.8733,7.8278,5.962,0.8589,0.11,0.6471,1.0,0.8683,47.1186,21.854,2.7136,81.5882,50.9364,9.9412,4.6915,0.0,15.775,10.775,14.1115,10.9965,0.0,35.2941,13.1725,3.3048,3.5646,0.0,14.4353,1.8045,31.972,3.7265,22.0,35.0,34.0,49.8088,11.8262,22.4375,64.4375,51.9375,2.472,0.7625,1.3,3.8,2.3,14.7629,11.5519,0.0,40.9,15.2,11.9167,0,0.8639,3
2025-10-08,0.0,549.5228,6.3438,6.343,7.8121,7.7839,5.6004,0.8139,0.1073,0.6375,1.0417,0.8156,43.6485,20.4106,3.1079,80.0062,48.5058,9.3669,4.5583,0.0,14.9875,10.425,18.6398,10.6683,0.0,36.25,18.4358,4.724,4.1383,0.0,15.2975,3.3,31.7692,3.3936,23.0,35.0,33.0,48.4049,11.4219,23.4688,62.4688,51.0625,3.3476,1.585,0.0,5.4,4.0,19.365,10.9865,1.9,42.4,19.0,11.9167,0,0.812,3
2025-10-09,0.0,623.1602,7.1963,7.1867,7.7217,7.7138,6.3326,0.9193,0.0709,0.6984,1.04,0.9375,50.1409,21.3062,4.101,79.6692,55.0528,9.4592,4.8727,0.0,15.5125,10.2,8.1024,7.05,0.0,30.1587,6.25,1.2912,2.1703,0.0,11.1286,0.4133,29.7483,3.1877,23.0,33.0,31.0,48.6195,12.2385,23.5,63.7812,50.5,5.2364,0.921,3.7,6.6,5.0,9.0056,8.5191,0.0,36.9,6.9,11.9167,0,0.932,0
2025-10-10,0.0,542.6494,6.1923,6.209,6.5144,6.5289,5.5606,0.9188,0.105,0.5278,1.0,0.9584,46.608,17.7169,5.1544,70.3974,50.8601,7.6127,4.6036,0.0,13.6875,8.2062,8.1151,10.5023,0.0,47.2222,4.1624,1.8059,4.3244,0.0,22.2889,0.1666,27.5282,3.5424,20.0,32.0,29.0,43.8812,11.7748,20.4375,59.2188,45.5156,5.0577,1.4687,1.4,6.8,5.4,8.3683,10.8521,0.0,47.6,4.15,11.8333,0,0.9506,0
2025-10-11,0.0,497.5548,5.6299,5.6649,6.8876,6.9119,5.1125,0.7813,0.095,0.4902,0.881,0.8079,41.0217,18.3519,3.1909,70.0616,45.3268,7.0068,4.1239,0.0,12.575,7.55,21.8678,9.5,11.8959,50.9804,19.2097,5.8033,5.8228,1.4037,26.9176,3.675,27.3262,3.8591,20.0,31.0,29.0,42.2994,10.711,20.4375,56.4375,43.875,3.8454,1.6439,1.6,6.1,3.9,22.0979,10.3139,11.8,53.0,18.9,11.75,0,0.8174,3
2025-10-12,0.0,422.0887,4.8265,4.8805,6.8248,6.8642,4.4003,0.6781,0.0973,0.4,0.7985,0.6956,35.9019,15.0877,2.7414,62.192,38.3911,6.7695,3.7416,0.0,11.7125,7.375,32.1854,9.7333,20.1479,60.0,30.4394,11.4068,7.2983,4.0671,36.18,9.152,29.0142,2.9203,22.0,32.0,30.0,41.8506,9.4942,22.4375,54.2812,43.4375,3.6007,1.0504,1.9,4.9,4.2,32.3383,10.384,20.1,60.5,30.4,11.75,0,0.7072,3
2025-10-13,0.0,471.6151,5.3693,5.4171,7.6338,7.6969,4.8574,0.6719,0.0872,0.4127,0.7776,0.6959,37.8964,18.3003,2.4293,65.6951,38.3393,7.6496,3.6591,0.1875,12.2125,8.375,32.8074,8.7207,22.2378,58.7302,30.4129,11.8929,7.5139,4.9145,37.7048,9.2687,29.844,2.8742,25.0,34.0,31.0,44.1241,9.1478,25.4688,55.5312,45.9375,3.0837,0.8671,1.0,4.2,3.5,33.5305,10.362,22.1,64.7,30.5,11.75,0,0.7034,3
2025-10-14,0.0,405.5705,4.6018,4.6539,7.7016,7.7885,4.2547,0.5658,0.0668,0.3607,0.6253,0.5965,32.529,15.3831,0.7177,49.8987,36.1391,5.9093,3.1428,0.0,9.75,6.4,43.4159,6.6767,37.4725,63.9344,40.3484,19.8267,7.5915,13.8648,43.923,16.1797,27.5704,2.8444,23.0,32.0,28.0,39.7232,7.9551,23.4062,49.375,41.0,1.3148,0.7142,0.2,3.0,1.1,44.3246,8.8589,37.0,69.1,40.1,11.8333,0,0.5975,2
2025-10-15,0.0,561.5787,6.3794,6.4422,7.6992,7.8069,5.7306,0.7828,0.1095,0.4844,0.9298,0.8268,43.8562,23.8453,2.6912,84.3009,49.063,7.6327,4.7256,0.0,13.4,8.45,21.7166,10.9529,7.0225,51.5625,17.3206,6.5274,7.4115,0.4986,31.8343,2.9445,27.0629,4.0476,19.0,31.0,28.0,43.7922,12.3242,19.4062,58.5,46.125,2.2427,1.3,0.0,3.9,2.9,23.2028,13.7983,7.1,62.9,17.0,11.9167,0,0.8286,3
2025-10-16,0.0,332.525,3.8712,3.9272,7.6925,7.8152,3.5935,0.4796,0.0653,0.2292,0.5401,0.4965,27.349,13.2727,1.6214,50.1549,28.9308,5.4079,3.4248,0.0,10.4,5.4875,52.041,6.5254,45.9945,77.0833,50.3497,28.0669,8.579,21.1575,62.3604,25.5591,28.0355,3.8848,21.0,34.0,29.0,38.3313,8.886,21.3438,51.0,38.7188,2.444,0.6342,1.1,4.2,2.3,52.9667,7.9901,46.0,80.9,50.4,11.75,0,0.5032,2
2025-10-17,0.0,553.3082,6.2865,6.3847,7.6661,7.8055,5.6575,0.7973,0.2009,0.2708,1.1333,0.8462,45.3437,20.8132,2.9388,77.6084,48.0676,7.538,4.5481,0.0,13.525,8.4,20.4268,19.8862,0.0,72.9167,15.3772,8.3788,12.8536,0.0,56.2917,2.3377,27.0704,3.5782,20.0,31.0,28.0,43.6721,11.6806,20.5312,58.8125,46.0,2.5563,0.7984,1.4,3.7,2.9,21.3303,20.5081,0.0,77.2,15.2,11.8333,0,0.82,3
2025-10-18,0.0,582.8609,6.5922,6.7023,7.591,7.7484,5.9622,0.8456,0.1537,0.4677,1.125,0.92,47.5138,18.8092,5.0894,76.9149,52.2723,6.9519,4.682,0.0,13.6125,7.3562,15.5871,15.1697,0.0,53.2258,7.9981,5.1101,7.7307,0.0,32.521,0.8659,24.9236,3.0453,20.0,29.0,25.0,42.0907,12.1625,20.375,59.0312,43.3906,2.4382,0.5418,1.2,4.0,2.5,16.9312,16.6469,0.0,61.9,11.35,12.0,0,0.8684,3
2025-10-19,0.0,624.3713,7.1764,7.3168,7.6158,7.7878,6.3396,0.9207,0.099,0.5323,1.0,0.9369,47.7709,25.4822,0.8876,89.582,50.2177,9.0538,4.9678,0.0,14.875,10.1875,7.929,9.8997,0.0,46.7742,6.3111,1.921,5.2345,0.0,26.7667,0.4101,28.8403,3.3085,21.0,32.0,30.0,47.5289,12.6231,21.5312,62.1875,50.4688,1.5792,0.8002,0.4,2.6,1.6,9.5174,12.3833,0.0,58.4,6.5,12.0,0,0.9423,0
